Booking_Reference,Session,Visit_Date,Email,Postcode,Adults,Children,Total_Attendees,Booking_Date
MUS-Museum-139971,Artist Talk,2026-03-26,alice.turner96@outlook.com,TQ4 6 CD,1,0,1,2025-12-26 10:00:00.000003
MUS-Museum-214171,Artist Talk,2026-03-26,daniel.cook84@gmail.com,PL21 8 ZQ,3,2,4,2026-01-08 15:00
MUS-Museum-282986,Artist Talk,2026-03-26,oliver.bennett26@gmail.com,PL9 2 FR,3,2,4,2026-02-21 16:00:00.000003
MUS-Museum-314998,Creative Drop-in,2026-04-14,ruby.ward66@outlook.com,TQ12 8 KW,1,0,1,2026-03-17 09:00
MUS-Museum-161755,Creative Drop-in,2026-04-14,amelia.white75@gmail.com,PL6 7 UQ,5,4,6,2026-01-17 18:00
MUS-Museum-239964,Creative Drop-in,2026-04-14,samuel.williams30@hotmail.co.uk,PL21 2 LN,3,2,4,2026-04-03 16:59:59.999997
MUS-Museum-109680,Creative Drop-in,2026-04-14,sophie.moore24@hotmail.co.uk,PL7 7 FG,4,3,5,2026-03-17 16:59:59.999997
MUS-Museum-760162,Creative Drop-in,2026-04-14,amelia.singh20@outlook.com,PL9 1 JL,3,2,4,2026-04-09 19:59:59.999997
MUS-Museum-766751,Creative Drop-in,2026-04-14,evie.roberts64@yahoo.co.uk,TR7 8 YK,3,2,4,2026-01-17 15:00
MUS-Museum-844010,Creative Drop-in,2026-04-14,joshua.evans43@gmail.com,TQ2 9 TZ,4,3,5,2026-03-28 12:00
MUS-Museum-137661,Creative Drop-in,2026-04-14,james.cooper98@hotmail.co.uk,PL19 4 GM,4,3,5,2026-01-23 12:00
MUS-Museum-321421,Creative Drop-in,2026-04-14,lucas.cooper21@gmail.com,TQ4 2 YU,2,1,3,2026-01-14 07:59:59.999997
MUS-Museum-289231,Creative Drop-in,2026-04-14,samuel.taylor25@gmail.com,EX2 3 HL,1,0,1,2026-03-12 15:00
MUS-Museum-534330,Creative Drop-in,2026-04-14,thomas.ahmed80@hotmail.co.uk,PL9 6 BX,5,4,6,2026-03-14 19:59:59.999997
MUS-Museum-738643,Creative Drop-in,2026-04-14,oscar.collins97@gmail.com,TQ12 3 SC,1,0,1,2026-04-07 19:59:59.999997
MUS-Museum-135293,Creative Drop-in,2026-04-14,william.perry20@icloud.com,PL7 8 IV,3,2,4,2026-03-29 18:00
MUS-Museum-960114,Creative Drop-in,2026-04-14,joshua.king29@outlook.com,PL4 8 XI,2,1,3,2026-02-07 10:00:00.000003
MUS-Museum-765382,Creative Drop-in,2026-04-14,charlotte.singh74@gmail.com,TR1 8 KQ,1,0,1,2026-02-16 18:00
MUS-Museum-632614,Open Studio Day,2026-05-28,freya.green91@hotmail.co.uk,PL1 6 YC,2,1,3,2026-03-23 16:00:00.000003
MUS-Museum-962256,Open Studio Day,2026-05-28,evie.jones24@icloud.com,EX2 2 XX,1,0,2,2026-03-26 13:00:00.000003
MUS-Museum-544008,Open Studio Day,2026-05-28,lucas.ward62@icloud.com,PL1 3 QW,1,0,1,2026-03-11 07:59:59.999997
MUS-Museum-181200,Open Studio Day,2026-05-28,jessica.king76@outlook.com,PL2 4 QP,1,0,2,2026-03-11 12:00
MUS-Museum-191456,Community Exhibition,2026-10-04,olivia.roberts2@hotmail.co.uk,PL2 3 WW,1,0,2,2026-07-12 13:00:00.000003
MUS-Museum-645853,Neighbourhood Arts Session,2026-11-05,olivia.singh79@icloud.com,PL3 4 CP,1,0,1,2026-10-31 18:00
MUS-Museum-616669,Neighbourhood Arts Session,2026-11-05,freya.baker37@outlook.com,PL1 9 TU,2,1,3,2026-08-31 16:00:00.000003
MUS-Museum-585655,Neighbourhood Arts Session,2026-11-05,chloe.harris19@hotmail.co.uk,PL3 4 XZ,1,0,1,2026-10-12 15:00
MUS-Museum-137271,Museum Discovery Session,2026-02-11,olivia.singh79@icloud.com,PL3 4 CP,2,1,3,2025-12-25 13:00:00.000003
MUS-Museum-215825,Museum Discovery Session,2026-02-11,jacob.roberts24@gmail.com,EX2 6 KU,1,0,1,2026-01-24 09:00
MUS-Museum-187302,Museum Discovery Session,2026-02-11,megan.collins14@icloud.com,PL9 3 NQ,2,1,3,2025-12-30 18:00
MUS-Museum-232709,Museum Discovery Session,2026-02-11,emily.cook57@gmail.com,EX3 1 JJ,1,0,1,2025-12-22 09:00
MUS-Museum-833369,Museum Discovery Session,2026-02-11,emily.green32@gmail.com,EX2 2 KN,2,1,3,2025-12-24 18:00
MUS-Museum-912777,Museum Discovery Session,2026-02-11,oliver.young30@outlook.com,PL9 1 TP,3,2,4,2025-12-20 12:00
MUS-Museum-695075,Museum Discovery Session,2026-02-11,lucas.perry91@gmail.com,PL9 6 NO,2,1,3,2026-01-07 10:00:00.000003
MUS-Museum-105712,Family Gallery Trail,2026-03-03,alfie.harris43@yahoo.co.uk,PL6 3 DT,1,0,1,2025-12-17 16:59:59.999997
MUS-Museum-513848,Family Gallery Trail,2026-03-03,thomas.ahmed80@hotmail.co.uk,PL9 6 BX,1,0,2,2026-02-03 10:59:59.999997
MUS-Museum-252742,Family Gallery Trail,2026-03-03,lucas.ahmed94@gmail.com,TA1 3 UZ,1,0,1,2026-01-17 12:00
MUS-Museum-664304,Family Gallery Trail,2026-03-03,joshua.bell40@gmail.com,PL5 7 KA,1,0,2,2026-02-18 07:59:59.999997
MUS-Museum-408451,Family Gallery Trail,2026-03-03,alice.clarke55@hotmail.co.uk,PL19 3 TU,1,0,2,2026-02-08 19:00:00.000003
MUS-Museum-502573,Family Gallery Trail,2026-03-03,ella.jones20@hotmail.co.uk,PL5 8 OE,1,0,2,2026-01-17 19:00:00.000003
MUS-Museum-633621,Family Gallery Trail,2026-03-03,megan.collins41@hotmail.co.uk,PL1 3 CT,1,0,2,2025-12-26 18:00
MUS-Museum-941425,Family Gallery Trail,2026-03-03,noah.johnson42@gmail.com,PL21 5 DX,1,0,1,2026-02-26 09:00
MUS-Museum-749527,Family Gallery Trail,2026-03-03,ella.walker48@yahoo.co.uk,EX3 6 HL,4,3,5,2026-01-20 12:00
MUS-Museum-173463,Family Gallery Trail,2026-03-03,daniel.taylor50@outlook.com,EX2 4 QV,1,0,2,2026-02-09 16:00:00.000003
MUS-Museum-552538,Family Gallery Trail,2026-03-03,ethan.young95@icloud.com,PL1 4 VI,2,1,3,2026-01-30 12:00
MUS-Museum-362340,Family Gallery Trail,2026-03-03,oliver.bennett26@gmail.com,PL9 2 FR,2,1,3,2026-01-27 16:00:00.000003
MUS-Museum-396870,Family Gallery Trail,2026-03-03,phoebe.wilson1@hotmail.co.uk,EX4 4 OE,1,0,2,2026-02-16 12:00
MUS-Museum-752975,Family Gallery Trail,2026-03-03,ella.thomas66@outlook.com,TQ12 9 GV,1,0,2,2026-03-01 09:00
MUS-Museum-908226,Object Handling Session,2026-05-24,lucy.turner21@gmail.com,PL9 7 IF,1,0,1,2026-03-28 13:00:00.000003
MUS-Museum-692676,Object Handling Session,2026-05-24,olivia.allen64@icloud.com,PL7 3 KN,3,2,4,2026-03-24 07:59:59.999997
MUS-Museum-819012,Object Handling Session,2026-05-24,lily.bennett65@outlook.com,PL7 2 YO,3,2,4,2026-05-04 16:00:00.000003
MUS-Museum-946069,Object Handling Session,2026-05-24,emma.evans38@hotmail.co.uk,PL7 7 WZ,1,0,1,2026-03-28 10:00:00.000003
MUS-Museum-982497,Object Handling Session,2026-05-24,henry.harris34@hotmail.co.uk,PL2 5 SS,5,4,6,2026-05-07 10:00:00.000003
MUS-Museum-538104,Object Handling Session,2026-05-24,jack.smith74@hotmail.co.uk,PL19 3 OB,2,1,3,2026-04-16 13:00:00.000003
MUS-Museum-676782,Object Handling Session,2026-05-24,poppy.patel95@icloud.com,TQ12 9 JZ,4,3,5,2026-03-23 13:00:00.000003
MUS-Museum-681815,Object Handling Session,2026-05-24,jacob.smith93@outlook.com,TR7 5 AZ,1,0,2,2026-03-29 16:59:59.999997
MUS-Museum-360347,Object Handling Session,2026-05-24,oscar.roberts76@icloud.com,PL2 6 WT,3,2,4,2026-04-17 10:00:00.000003
MUS-Museum-545707,Object Handling Session,2026-05-24,lucy.king67@icloud.com,PL12 7 WW,1,0,2,2026-03-26 13:00:00.000003
MUS-Museum-341368,Object Handling Session,2026-05-24,grace.smith12@yahoo.co.uk,PL7 9 CF,1,0,2,2026-04-05 18:00
MUS-Museum-205380,Object Handling Session,2026-05-24,amelia.morgan30@outlook.com,PL3 6 XV,2,1,3,2026-05-07 16:00:00.000003
MUS-Museum-138896,Object Handling Session,2026-05-24,james.ahmed30@icloud.com,PL7 6 LZ,5,4,6,2026-03-19 07:59:59.999997
MUS-Museum-482578,Archive Visit,2026-07-19,oliver.young75@hotmail.co.uk,PL3 3 XZ,1,0,1,2026-05-11 12:00
MUS-Museum-407735,Archive Visit,2026-07-19,emma.bell1@gmail.com,TR7 4 TZ,3,2,4,2026-07-05 16:59:59.999997
MUS-Museum-683130,Archive Visit,2026-07-19,george.white29@hotmail.co.uk,PL6 8 NR,1,0,1,2026-05-30 19:00:00.000003
MUS-Museum-516942,Archive Visit,2026-07-19,lily.patel75@gmail.com,PL1 9 ZG,1,0,2,2026-05-08 07:59:59.999997
MUS-Museum-866855,Archive Visit,2026-07-19,freya.collins84@hotmail.co.uk,TR1 6 UM,3,2,4,2026-05-14 10:59:59.999997
MUS-Museum-161345,Archive Visit,2026-07-19,alfie.martin44@hotmail.co.uk,PL4 2 FY,4,3,5,2026-04-21 18:00
MUS-Museum-750678,Archive Visit,2026-07-19,ella.wood24@outlook.com,PL3 1 NL,2,1,3,2026-06-16 16:59:59.999997
MUS-Museum-111929,Archive Visit,2026-07-19,joshua.hall88@yahoo.co.uk,PL9 9 GX,2,1,3,2026-06-29 18:00
MUS-Museum-283653,Archive Visit,2026-07-19,poppy.morgan31@icloud.com,PL19 9 TL,1,0,1,2026-05-18 07:59:59.999997
MUS-Museum-779270,Archive Visit,2026-07-19,daniel.allen22@yahoo.co.uk,PL4 2 YR,3,2,4,2026-06-27 19:00:00.000003
MUS-Museum-993274,Archive Visit,2026-07-19,jack.roberts62@yahoo.co.uk,PL7 5 WO,1,0,2,2026-05-16 16:00:00.000003
MUS-Museum-351905,Archive Visit,2026-07-19,alice.collins49@hotmail.co.uk,PL2 6 SP,3,2,4,2026-05-24 18:00
MUS-Museum-412526,Archive Visit,2026-07-19,lily.green25@yahoo.co.uk,TQ2 1 XE,1,0,1,2026-05-20 16:59:59.999997
MUS-Museum-915394,Archive Visit,2026-07-19,mia.harris28@icloud.com,TA6 3 SB,1,0,2,2026-05-21 15:00
MUS-Museum-767489,Archive Visit,2026-07-19,emma.williams7@gmail.com,PL9 9 CY,1,0,1,2026-06-24 10:00:00.000003
MUS-Museum-547719,Local History Talk,2026-07-26,amelia.evans35@outlook.com,TQ12 1 QW,2,1,3,2026-05-12 07:59:59.999997
MUS-Museum-183776,Local History Talk,2026-07-26,joshua.murphy55@hotmail.co.uk,PL2 1 EL,1,0,2,2026-07-22 07:59:59.999997
MUS-Museum-742462,Local History Talk,2026-07-26,olivia.walker16@gmail.com,TA1 7 RD,1,0,2,2026-05-29 10:00:00.000003
MUS-Museum-665004,Behind the Scenes Tour,2026-09-21,george.hall15@gmail.com,PL4 8 BW,1,0,2,2026-06-29 13:59:59.999997
MUS-Museum-364493,Behind the Scenes Tour,2026-09-21,jacob.jones77@hotmail.co.uk,TQ2 4 VJ,1,0,1,2026-09-02 10:00:00.000003
MUS-Museum-763357,Behind the Scenes Tour,2026-09-21,chloe.ward84@yahoo.co.uk,PL2 1 FX,1,0,2,2026-07-30 16:00:00.000003
MUS-Museum-271973,Behind the Scenes Tour,2026-09-21,olivia.allen64@icloud.com,PL7 3 KN,1,0,2,2026-09-04 15:00
MUS-Museum-432267,Behind the Scenes Tour,2026-09-21,samuel.thomas16@outlook.com,TR1 1 QG,1,0,2,2026-09-18 13:00:00.000003
MUS-Museum-742835,Behind the Scenes Tour,2026-09-21,grace.hall33@hotmail.co.uk,PL6 3 LC,1,0,2,2026-09-19 15:00
MUS-Museum-682939,Behind the Scenes Tour,2026-09-21,evie.jones24@icloud.com,EX2 2 XX,3,2,4,2026-08-05 19:59:59.999997
MUS-Museum-923798,Community Collection Day,2026-10-07,emily.turner48@hotmail.co.uk,PL5 5 YD,1,0,1,2026-08-18 16:59:59.999997
MUS-Museum-765179,Community Collection Day,2026-10-07,ethan.walker70@yahoo.co.uk,PL19 8 LW,5,4,6,2026-08-26 19:59:59.999997
MUS-Museum-552020,Community Collection Day,2026-10-07,jessica.young6@icloud.com,TA6 7 AO,5,4,6,2026-08-03 15:00
MUS-Museum-958459,Community Collection Day,2026-10-07,lily.scott56@yahoo.co.uk,EX4 3 PL,1,0,2,2026-07-23 15:00
MUS-Museum-899923,Community Collection Day,2026-10-07,leo.ahmed80@yahoo.co.uk,PL4 3 GI,1,0,1,2026-09-30 16:00:00.000003
MUS-Museum-643714,School Holiday Activity,2026-10-11,phoebe.jackson75@outlook.com,PL4 7 GG,1,0,1,2026-07-18 10:59:59.999997
MUS-Museum-392700,Exhibition Tour,2026-12-01,jacob.moore35@yahoo.co.uk,PL7 8 XA,1,0,1,2026-09-17 15:00
MUS-Museum-979297,Exhibition Tour,2026-12-01,alice.collins49@hotmail.co.uk,PL2 6 SP,1,0,1,2026-09-02 10:00:00.000003
MUS-Museum-721676,Exhibition Tour,2026-12-01,ella.wood24@outlook.com,PL3 1 NL,1,0,1,2026-11-28 09:00
MUS-Museum-269296,Exhibition Tour,2026-12-01,harry.turner83@gmail.com,PL5 1 KG,1,0,1,2026-11-05 19:59:59.999997
MUS-Museum-817597,Exhibition Tour,2026-12-01,leo.moore72@yahoo.co.uk,TR1 3 MT,3,2,4,2026-10-10 18:00
MUS-Museum-172267,Exhibition Tour,2026-12-01,william.perry20@icloud.com,PL7 8 IV,1,0,2,2026-11-15 10:59:59.999997
MUS-Museum-965027,Exhibition Tour,2026-12-01,lucas.baker94@icloud.com,PL4 4 FD,2,1,3,2026-11-30 19:59:59.999997
MUS-Museum-302755,History Workshop,2026-12-28,poppy.singh13@gmail.com,PL6 2 QI,5,4,6,2026-11-26 16:59:59.999997
MUS-Museum-315757,History Workshop,2026-12-28,charlie.roberts9@yahoo.co.uk,EX3 1 QV,1,0,1,2026-10-24 10:59:59.999997
MUS-Museum-240303,History Workshop,2026-12-28,sophie.brown67@gmail.com,TQ3 4 YF,5,4,6,2026-11-11 16:59:59.999997
MUS-Museum-643847,History Workshop,2026-12-28,lily.scott52@icloud.com,PL21 6 HP,3,2,4,2026-09-29 10:59:59.999997
MUS-Museum-719888,History Workshop,2026-12-28,ruby.perry42@yahoo.co.uk,TQ4 2 CG,5,4,6,2026-12-18 13:59:59.999997
MUS-Museum-275207,History Workshop,2026-12-28,jack.cooper33@yahoo.co.uk,TQ12 8 BP,1,0,2,2026-09-30 18:00
MUS-Museum-550793,History Workshop,2026-12-28,megan.hall79@icloud.com,PL4 6 QU,2,1,3,2026-12-11 16:59:59.999997
MUS-Museum-789240,History Workshop,2026-12-28,thomas.martin63@yahoo.co.uk,PL5 6 CD,1,0,1,2026-10-19 09:00
MUS-Museum-987293,History Workshop,2026-12-28,oliver.walker41@hotmail.co.uk,EX3 1 ZS,1,0,2,2026-12-05 16:59:59.999997
MUS-Museum-365906,History Workshop,2026-12-28,oliver.bennett26@gmail.com,PL9 2 FR,2,1,3,2026-10-23 07:59:59.999997
MUS-Museum-887529,History Workshop,2026-12-28,megan.king68@hotmail.co.uk,PL3 9 BX,1,0,1,2026-11-06 09:00
MUS-Museum-227401,Live Performance,2026-01-09,charlotte.collins58@gmail.com,TA6 6 GJ,1,0,1,2025-11-13 16:00:00.000003
MUS-Museum-143368,Live Performance,2026-01-09,ruby.ward66@outlook.com,TQ12 8 KW,2,1,3,2025-12-10 13:59:59.999997
MUS-Museum-667068,Live Performance,2026-01-09,ethan.hall80@hotmail.co.uk,PL2 4 SW,1,0,2,2026-01-07 15:00
MUS-Museum-338899,Live Performance,2026-01-09,lucy.king66@icloud.com,PL2 1 CA,5,4,6,2025-11-06 15:00
MUS-Museum-563712,Live Performance,2026-01-09,megan.hill11@gmail.com,PL2 8 HJ,1,0,2,2025-12-21 19:00:00.000003
MUS-Museum-813724,Live Performance,2026-01-09,ethan.wood62@outlook.com,PL12 8 RI,1,0,2,2025-12-12 19:00:00.000003
MUS-Museum-629733,Live Performance,2026-01-09,lucas.jackson68@hotmail.co.uk,PL12 2 QE,1,0,1,2025-10-31 19:59:59.999997
MUS-Museum-797305,Live Performance,2026-01-09,joshua.patel9@yahoo.co.uk,TA6 8 MH,1,0,1,2025-12-09 10:59:59.999997
MUS-Museum-233779,Live Performance,2026-01-09,lucy.walker80@icloud.com,PL5 4 VY,3,2,4,2025-10-27 09:00
MUS-Museum-748170,Live Performance,2026-01-09,olivia.singh46@icloud.com,TQ3 7 CQ,1,0,2,2025-12-23 16:59:59.999997
MUS-Museum-645337,Live Performance,2026-01-09,charlie.scott24@hotmail.co.uk,TA1 3 KS,5,4,6,2025-10-25 10:00:00.000003
MUS-Museum-136183,Live Performance,2026-01-09,emily.walker82@gmail.com,PL1 6 MJ,3,2,4,2025-11-26 16:59:59.999997
MUS-Museum-891745,Live Performance,2026-01-09,evie.morgan72@hotmail.co.uk,TQ4 8 LU,2,1,3,2025-11-17 16:59:59.999997
MUS-Museum-419350,Live Performance,2026-01-09,george.davies81@icloud.com,PL2 8 WC,1,0,1,2025-11-09 19:59:59.999997
MUS-Museum-145336,Live Performance,2026-01-09,ethan.bell72@yahoo.co.uk,TR7 4 XB,1,0,2,2025-10-14 18:00
MUS-Museum-874339,Live Performance,2026-01-09,jack.roberts62@yahoo.co.uk,PL7 5 WO,3,2,4,2025-10-19 18:00
MUS-Museum-173213,Live Performance,2026-01-09,grace.thomas90@gmail.com,TR7 2 AV,3,2,4,2025-11-19 19:59:59.999997
MUS-Museum-358678,Live Performance,2026-01-09,charlotte.davies2@outlook.com,PL4 1 VF,1,0,1,2025-10-11 19:00:00.000003
MUS-Museum-562239,Live Performance,2026-01-09,sophie.brown67@gmail.com,TQ3 4 YF,1,0,2,2026-01-03 16:00:00.000003
MUS-Museum-230963,Live Performance,2026-01-09,george.harris44@gmail.com,TA1 4 HV,1,0,1,2025-11-08 18:00
MUS-Museum-977417,Live Performance,2026-01-09,ruby.morgan75@icloud.com,PL6 4 AR,1,0,1,2026-01-04 16:59:59.999997
MUS-Museum-435299,Live Performance,2026-01-09,grace.davies25@gmail.com,PL7 7 LV,1,0,1,2025-11-26 13:00:00.000003
MUS-Museum-349390,Live Performance,2026-01-09,lucas.morgan77@yahoo.co.uk,PL5 9 HI,4,3,5,2025-12-02 13:00:00.000003
MUS-Museum-831903,Live Performance,2026-01-09,oscar.collins97@gmail.com,TQ12 3 SC,3,2,4,2025-11-03 12:00
MUS-Museum-135192,Live Performance,2026-01-09,ruby.cook97@yahoo.co.uk,PL7 7 JX,1,0,2,2025-11-06 19:59:59.999997
MUS-Museum-394329,Annual Celebration,2026-02-20,charlotte.collins58@gmail.com,TA6 6 GJ,3,2,4,2025-12-04 10:59:59.999997
MUS-Museum-766208,Annual Celebration,2026-02-20,lily.scott1@hotmail.co.uk,PL1 9 CW,3,2,4,2026-01-23 19:59:59.999997
MUS-Museum-966510,Annual Celebration,2026-02-20,daniel.morgan12@icloud.com,PL9 8 RT,2,1,3,2025-12-12 12:00
MUS-Museum-115403,Annual Celebration,2026-02-20,poppy.green64@icloud.com,TA6 8 AI,4,3,5,2025-12-26 09:00
MUS-Museum-350935,Annual Celebration,2026-02-20,megan.collins14@icloud.com,PL9 3 NQ,2,1,3,2026-01-31 19:59:59.999997
MUS-Museum-811857,Annual Celebration,2026-02-20,samuel.murphy43@yahoo.co.uk,EX3 2 TO,5,4,6,2025-12-01 13:00:00.000003
MUS-Museum-842186,Annual Celebration,2026-02-20,phoebe.perry74@gmail.com,PL6 2 DD,5,4,6,2025-11-28 13:59:59.999997
MUS-Museum-487639,Annual Celebration,2026-02-20,jessica.perry36@outlook.com,PL3 9 OA,5,4,6,2026-01-28 07:59:59.999997
MUS-Museum-383030,Annual Celebration,2026-02-20,samuel.hill47@gmail.com,TQ1 4 KH,1,0,1,2025-12-17 09:00
MUS-Museum-518179,Annual Celebration,2026-02-20,thomas.martin63@yahoo.co.uk,PL5 6 CD,2,1,3,2025-11-29 16:00:00.000003
MUS-Museum-744080,Annual Celebration,2026-02-20,emma.hall37@outlook.com,PL5 9 JX,1,0,1,2026-01-02 13:00:00.000003
MUS-Museum-969071,Annual Celebration,2026-02-20,james.ahmed57@yahoo.co.uk,PL5 1 FZ,1,0,2,2025-12-24 16:59:59.999997
MUS-Museum-375031,Annual Celebration,2026-02-20,emily.baker59@gmail.com,PL14 7 WQ,1,0,2,2025-12-07 19:00:00.000003
MUS-Museum-266617,Annual Celebration,2026-02-20,george.wilson35@gmail.com,PL7 7 YL,4,3,5,2025-12-17 16:59:59.999997
MUS-Museum-944195,Annual Celebration,2026-02-20,charlie.king53@yahoo.co.uk,PL5 8 PS,1,0,1,2026-02-10 15:00
MUS-Museum-845496,Annual Celebration,2026-02-20,lucas.ward62@icloud.com,PL1 3 QW,2,1,3,2026-02-05 07:59:59.999997
MUS-Museum-986353,Annual Celebration,2026-02-20,lily.collins8@hotmail.co.uk,EX3 9 VA,3,2,4,2026-01-07 13:59:59.999997
MUS-Museum-249253,Annual Celebration,2026-02-20,joshua.evans43@gmail.com,TQ2 9 TZ,1,0,1,2025-11-28 18:00
MUS-Museum-260287,Annual Celebration,2026-02-20,lucas.roberts80@hotmail.co.uk,PL2 5 DM,2,1,3,2025-12-17 13:00:00.000003
MUS-Museum-141834,Annual Celebration,2026-02-20,joshua.murphy55@hotmail.co.uk,PL2 1 EL,3,2,4,2026-02-07 19:59:59.999997
MUS-Museum-707401,Annual Celebration,2026-02-20,lily.morgan59@yahoo.co.uk,PL9 7 MY,2,1,3,2026-01-04 10:00:00.000003
MUS-Museum-399554,Annual Celebration,2026-02-20,alice.turner96@outlook.com,TQ4 6 CD,2,1,3,2025-12-02 10:59:59.999997
MUS-Museum-165277,Annual Celebration,2026-02-20,phoebe.green95@gmail.com,PL6 6 YA,1,0,1,2026-01-14 09:00
MUS-Museum-511668,Annual Celebration,2026-02-20,jessica.wilson89@hotmail.co.uk,PL2 5 MW,1,0,1,2026-02-10 16:00:00.000003
MUS-Museum-270803,Annual Celebration,2026-02-20,jacob.jones44@gmail.com,PL5 7 DL,1,0,1,2025-12-26 16:59:59.999997
MUS-Museum-569232,Annual Celebration,2026-02-20,emily.turner48@hotmail.co.uk,PL5 5 YD,3,2,4,2026-02-14 10:00:00.000003
MUS-Museum-355634,Annual Celebration,2026-02-20,freya.moore10@yahoo.co.uk,TQ12 2 HS,1,0,2,2026-01-04 16:00:00.000003
MUS-Museum-485555,Annual Celebration,2026-02-20,henry.brown55@outlook.com,PL7 8 UZ,3,2,4,2025-12-26 16:59:59.999997
MUS-Museum-926338,Annual Celebration,2026-02-20,william.baker96@yahoo.co.uk,PL5 6 TA,4,3,5,2025-12-09 16:00:00.000003
MUS-Museum-475407,Annual Celebration,2026-02-20,lucas.ward61@gmail.com,TQ1 8 BB,2,1,3,2026-02-03 13:59:59.999997
MUS-Museum-995277,Annual Celebration,2026-02-20,lucy.allen2@icloud.com,PL1 9 XI,2,1,3,2025-12-19 19:59:59.999997
MUS-Museum-424695,Annual Celebration,2026-02-20,ruby.roberts90@outlook.com,PL3 9 RT,1,0,1,2025-12-29 12:00
MUS-Museum-436532,Annual Celebration,2026-02-20,olivia.cook97@icloud.com,PL1 7 KB,4,3,5,2026-01-29 18:00
MUS-Museum-727707,Annual Celebration,2026-02-20,thomas.clarke50@yahoo.co.uk,PL4 6 CT,1,0,1,2026-02-09 19:59:59.999997
MUS-Museum-961981,Annual Celebration,2026-02-20,mia.davies59@outlook.com,PL2 8 FB,2,1,3,2025-12-31 12:00
MUS-Museum-902667,Annual Celebration,2026-02-20,grace.thomas90@gmail.com,TR7 2 AV,1,0,2,2025-12-24 19:00:00.000003
MUS-Museum-287821,Annual Celebration,2026-02-20,noah.king86@yahoo.co.uk,PL6 4 BM,1,0,1,2025-11-30 16:59:59.999997
MUS-Museum-742841,Annual Celebration,2026-02-20,thomas.cooper42@outlook.com,PL1 5 NW,1,0,2,2025-12-26 19:59:59.999997
MUS-Museum-354487,Theatre Night,2026-03-03,mia.jones53@gmail.com,PL1 4 PG,3,2,4,2025-12-26 10:00:00.000003
MUS-Museum-134580,Theatre Night,2026-03-03,olivia.cook97@icloud.com,PL1 7 KB,1,0,1,2025-12-11 07:59:59.999997
MUS-Museum-559164,Theatre Night,2026-03-03,amelia.ahmed31@hotmail.co.uk,PL1 5 US,1,0,2,2025-12-29 15:00
MUS-Museum-493059,Theatre Night,2026-03-03,olivia.johnson78@hotmail.co.uk,PL7 7 DA,2,1,3,2026-01-14 19:00:00.000003
MUS-Museum-581382,Theatre Night,2026-03-03,ella.hill4@icloud.com,PL1 5 JF,1,0,1,2026-01-08 07:59:59.999997
MUS-Museum-734149,Theatre Night,2026-03-03,freya.allen45@icloud.com,TQ3 2 GU,3,2,4,2026-02-28 16:59:59.999997
MUS-Museum-976385,Theatre Night,2026-03-03,poppy.singh55@outlook.com,PL4 2 FN,1,0,2,2026-02-02 16:00:00.000003
MUS-Museum-389886,Theatre Night,2026-03-03,freya.patel73@yahoo.co.uk,PL9 3 RS,4,3,5,2026-01-13 13:59:59.999997
MUS-Museum-874699,Theatre Night,2026-03-03,sophie.bell90@icloud.com,TQ4 2 QO,1,0,2,2026-02-14 13:00:00.000003
MUS-Museum-312926,Theatre Night,2026-03-03,jacob.roberts24@gmail.com,EX2 6 KU,2,1,3,2026-01-10 16:59:59.999997
MUS-Museum-660377,Theatre Night,2026-03-03,noah.king86@yahoo.co.uk,PL6 4 BM,4,3,5,2025-12-19 10:59:59.999997
MUS-Museum-174902,Theatre Night,2026-03-03,daniel.hill74@hotmail.co.uk,PL12 9 CR,4,3,5,2026-02-22 10:00:00.000003
MUS-Museum-158768,Theatre Night,2026-03-03,george.johnson56@outlook.com,PL4 3 FK,1,0,2,2025-12-23 16:00:00.000003
MUS-Museum-487511,Theatre Night,2026-03-03,jessica.ward38@gmail.com,PL1 2 HP,3,2,4,2025-12-13 13:59:59.999997
MUS-Museum-286823,Theatre Night,2026-03-03,phoebe.johnson80@icloud.com,PL4 8 QQ,1,0,2,2026-02-02 10:59:59.999997
MUS-Museum-589629,Theatre Night,2026-03-03,sophie.wilson44@gmail.com,PL6 7 GQ,3,2,4,2026-01-08 10:00:00.000003
MUS-Museum-329007,Theatre Night,2026-03-03,lucas.evans88@gmail.com,PL9 2 TU,2,1,3,2026-01-12 13:59:59.999997
MUS-Museum-371216,Theatre Night,2026-03-03,ruby.patel87@outlook.com,PL2 5 HT,1,0,2,2026-01-16 07:59:59.999997
MUS-Museum-437622,Theatre Night,2026-03-03,jack.king12@hotmail.co.uk,TQ1 1 HU,1,0,1,2026-01-18 19:59:59.999997
MUS-Museum-939181,Theatre Night,2026-03-03,james.scott57@yahoo.co.uk,PL14 6 HW,4,3,5,2025-12-11 19:59:59.999997
MUS-Museum-624322,Theatre Night,2026-03-03,amelia.bennett79@hotmail.co.uk,PL3 3 UK,3,2,4,2025-12-15 19:00:00.000003
MUS-Museum-117153,Theatre Night,2026-03-03,alfie.cooper2@gmail.com,PL9 6 AT,3,2,4,2025-12-12 13:59:59.999997
MUS-Museum-155889,Theatre Night,2026-03-03,megan.scott60@hotmail.co.uk,EX4 6 QR,4,3,5,2026-02-11 18:00
MUS-Museum-294099,Theatre Night,2026-03-03,lucy.moore17@gmail.com,PL7 6 IC,2,1,3,2026-01-28 10:59:59.999997
MUS-Museum-430714,Theatre Night,2026-03-03,evie.morgan72@hotmail.co.uk,TQ4 8 LU,1,0,2,2025-12-09 16:59:59.999997
MUS-Museum-914172,Theatre Night,2026-03-03,alice.collins49@hotmail.co.uk,PL2 6 SP,1,0,2,2025-12-24 15:00
MUS-Museum-404359,Theatre Night,2026-03-03,lucy.allen2@icloud.com,PL1 9 XI,2,1,3,2025-12-30 16:59:59.999997
MUS-Museum-340872,Theatre Night,2026-03-03,thomas.davies23@icloud.com,TA1 6 PV,2,1,3,2026-01-13 16:59:59.999997
MUS-Museum-923768,Theatre Night,2026-03-03,phoebe.murphy1@hotmail.co.uk,PL1 5 CP,2,1,3,2025-12-22 10:00:00.000003
MUS-Museum-207649,Theatre Night,2026-03-03,ethan.perry38@icloud.com,PL5 8 AC,1,0,1,2026-01-27 07:59:59.999997
MUS-Museum-815295,Theatre Night,2026-03-03,emma.cooper7@yahoo.co.uk,PL3 4 HC,2,1,3,2026-02-16 16:59:59.999997
MUS-Museum-303290,Theatre Night,2026-03-03,megan.turner27@yahoo.co.uk,PL3 2 VM,1,0,1,2026-01-22 13:59:59.999997
MUS-Museum-719939,Theatre Night,2026-03-03,noah.murphy6@icloud.com,TA6 2 YQ,4,3,5,2026-01-03 09:00
MUS-Museum-817158,Theatre Night,2026-03-03,thomas.clarke50@yahoo.co.uk,PL4 6 CT,2,1,3,2025-12-15 16:00:00.000003
MUS-Museum-668611,Theatre Night,2026-03-03,lucy.jackson9@yahoo.co.uk,PL3 5 OK,1,0,2,2025-12-11 13:00:00.000003
MUS-Museum-864174,Music Showcase,2026-05-24,henry.evans29@icloud.com,PL4 7 LP,1,0,2,2026-05-15 09:00
MUS-Museum-217523,Music Showcase,2026-05-24,phoebe.murphy1@hotmail.co.uk,PL1 5 CP,1,0,1,2026-05-20 12:00
MUS-Museum-240139,Music Showcase,2026-05-24,lucas.wood46@yahoo.co.uk,EX3 3 VR,1,0,1,2026-05-12 09:00
MUS-Museum-102796,Music Showcase,2026-05-24,ethan.hall80@hotmail.co.uk,PL2 4 SW,1,0,1,2026-03-09 13:00:00.000003
MUS-Museum-572668,Music Showcase,2026-05-24,oscar.white5@icloud.com,PL9 4 HL,3,2,4,2026-05-09 18:00
MUS-Museum-614934,Music Showcase,2026-05-24,noah.king14@outlook.com,PL3 6 MC,3,2,4,2026-02-23 07:59:59.999997
MUS-Museum-886868,Music Showcase,2026-05-24,megan.turner27@yahoo.co.uk,PL3 2 VM,1,0,1,2026-05-07 16:59:59.999997
MUS-Museum-109178,Music Showcase,2026-05-24,noah.johnson42@gmail.com,PL21 5 DX,2,1,3,2026-04-07 16:00:00.000003
MUS-Museum-270234,Music Showcase,2026-05-24,charlotte.walker22@icloud.com,PL5 6 ZU,4,3,5,2026-02-28 10:00:00.000003
MUS-Museum-427263,Music Showcase,2026-05-24,henry.collins97@gmail.com,PL9 2 JO,1,0,2,2026-05-09 18:00
MUS-Museum-620131,Music Showcase,2026-05-24,ethan.taylor59@yahoo.co.uk,PL21 2 TO,1,0,1,2026-05-13 12:00
MUS-Museum-124109,Music Showcase,2026-05-24,oscar.roberts76@icloud.com,PL2 6 WT,1,0,1,2026-03-08 19:00:00.000003
MUS-Museum-317845,Music Showcase,2026-05-24,oliver.jackson39@outlook.com,TA6 1 IE,1,0,2,2026-03-20 16:00:00.000003
MUS-Museum-831184,Music Showcase,2026-05-24,emma.collins17@hotmail.co.uk,PL3 9 PK,3,2,4,2026-03-16 10:00:00.000003
MUS-Museum-213657,Music Showcase,2026-05-24,george.baker40@icloud.com,PL7 4 EF,1,0,1,2026-05-12 07:59:59.999997
MUS-Museum-105912,Music Showcase,2026-05-24,oliver.thomas60@outlook.com,EX2 2 SH,3,2,4,2026-03-22 16:59:59.999997
MUS-Museum-436109,Music Showcase,2026-05-24,evie.wood4@yahoo.co.uk,PL7 5 RX,1,0,1,2026-02-24 19:59:59.999997
MUS-Museum-929241,Guest Speaker,2026-05-26,jacob.roberts24@gmail.com,EX2 6 KU,4,3,5,2026-03-16 19:59:59.999997
MUS-Museum-380977,Guest Speaker,2026-05-26,leo.young1@yahoo.co.uk,PL12 1 FT,3,2,4,2026-05-20 16:00:00.000003
MUS-Museum-504615,Guest Speaker,2026-05-26,lucas.jackson68@hotmail.co.uk,PL12 2 QE,3,2,4,2026-05-01 10:00:00.000003
MUS-Museum-554296,Guest Speaker,2026-05-26,emma.ward76@hotmail.co.uk,PL5 1 FT,1,0,2,2026-04-21 13:59:59.999997
MUS-Museum-903379,Guest Speaker,2026-05-26,oliver.young65@outlook.com,PL3 9 AR,5,4,6,2026-05-15 13:59:59.999997
MUS-Museum-926444,Cultural Evening,2026-05-27,noah.king86@yahoo.co.uk,PL6 4 BM,1,0,1,2026-03-06 18:00
MUS-Museum-170941,Cultural Evening,2026-05-27,charlie.scott65@gmail.com,PL1 8 ZG,5,4,6,2026-03-13 10:59:59.999997
MUS-Museum-772377,Cultural Evening,2026-05-27,charlotte.baker11@outlook.com,TQ3 8 LL,2,1,3,2026-04-17 10:59:59.999997
MUS-Museum-559463,Cultural Evening,2026-05-27,ruby.jones77@outlook.com,TR1 4 CZ,1,0,2,2026-03-31 19:00:00.000003
MUS-Museum-205855,Cultural Evening,2026-05-27,ethan.williams43@hotmail.co.uk,PL1 2 EB,1,0,1,2026-03-05 10:00:00.000003
MUS-Museum-479063,Cultural Evening,2026-05-27,ella.baker73@yahoo.co.uk,PL4 4 SU,4,3,5,2026-05-21 16:59:59.999997
MUS-Museum-954793,Cultural Evening,2026-05-27,jessica.williams83@gmail.com,PL6 6 QE,1,0,1,2026-04-03 07:59:59.999997
MUS-Museum-445085,Cultural Evening,2026-05-27,joshua.ward9@hotmail.co.uk,PL5 9 WH,1,0,1,2026-05-13 16:59:59.999997
MUS-Museum-357623,Artist Residency Event,2026-06-12,ethan.young95@icloud.com,PL1 4 VI,2,1,3,2026-06-01 18:00
MUS-Museum-654167,Artist Residency Event,2026-06-12,lily.bennett65@outlook.com,PL7 2 YO,4,3,5,2026-05-09 15:00
MUS-Museum-783281,Artist Residency Event,2026-06-12,lucas.ward61@gmail.com,TQ1 8 BB,1,0,1,2026-04-02 19:00:00.000003
MUS-Museum-193178,Artist Residency Event,2026-06-12,phoebe.green95@gmail.com,PL6 6 YA,2,1,3,2026-03-26 09:00
MUS-Museum-282746,Artist Residency Event,2026-06-12,lucas.young25@icloud.com,PL7 7 TI,1,0,1,2026-03-17 18:00
MUS-Museum-757859,Artist Residency Event,2026-06-12,emily.cook57@gmail.com,EX3 1 JJ,1,0,2,2026-03-19 10:59:59.999997
MUS-Museum-857461,Artist Residency Event,2026-06-12,samuel.taylor25@gmail.com,EX2 3 HL,3,2,4,2026-05-18 10:00:00.000003
MUS-Museum-228678,Artist Residency Event,2026-06-12,jessica.williams83@gmail.com,PL6 6 QE,1,0,2,2026-05-04 16:59:59.999997
MUS-Museum-954231,Artist Residency Event,2026-06-12,freya.baker37@outlook.com,PL1 9 TU,1,0,2,2026-05-30 19:00:00.000003
MUS-Museum-181993,Artist Residency Event,2026-06-12,lily.smith7@gmail.com,PL4 3 JK,1,0,2,2026-04-18 13:59:59.999997
MUS-Museum-518007,Artist Residency Event,2026-06-12,amelia.bennett79@hotmail.co.uk,PL3 3 UK,3,2,4,2026-03-20 10:59:59.999997
MUS-Museum-665600,Artist Residency Event,2026-06-12,harry.hill21@outlook.com,PL21 6 IT,3,2,4,2026-06-01 10:59:59.999997
MUS-Museum-168671,Artist Residency Event,2026-06-12,joshua.king29@outlook.com,PL4 8 XI,4,3,5,2026-05-02 12:00
MUS-Museum-929046,Artist Residency Event,2026-06-12,lucy.turner21@gmail.com,PL9 7 IF,1,0,1,2026-05-23 19:00:00.000003
MUS-Museum-511277,Artist Residency Event,2026-06-12,james.baker62@yahoo.co.uk,TA6 4 VZ,1,0,2,2026-05-31 13:59:59.999997
MUS-Museum-235401,Artist Residency Event,2026-06-12,ethan.bell72@yahoo.co.uk,TR7 4 XB,1,0,2,2026-06-05 19:00:00.000003
MUS-Museum-468755,Community Performance,2026-08-23,alice.clarke55@hotmail.co.uk,PL19 3 TU,5,4,6,2026-07-18 16:59:59.999997
MUS-Museum-797264,Community Performance,2026-08-23,oscar.brown56@yahoo.co.uk,PL9 7 DC,1,0,2,2026-08-16 10:00:00.000003
MUS-Museum-765229,Community Performance,2026-08-23,amelia.cooper78@icloud.com,PL3 7 RO,1,0,2,2026-08-11 15:00
MUS-Museum-946937,Community Performance,2026-08-23,jack.king88@icloud.com,TQ2 3 TV,2,1,3,2026-07-10 19:00:00.000003
MUS-Museum-143705,Community Performance,2026-08-23,samuel.evans7@outlook.com,PL7 4 CB,4,3,5,2026-07-01 15:00
MUS-Museum-749886,Community Performance,2026-08-23,oscar.bennett37@outlook.com,TA6 3 HA,2,1,3,2026-07-31 13:00:00.000003
MUS-Museum-389057,Community Performance,2026-08-23,oliver.jackson39@outlook.com,TA6 1 IE,3,2,4,2026-06-29 13:59:59.999997
MUS-Museum-458739,Community Performance,2026-08-23,chloe.collins66@hotmail.co.uk,PL5 6 DR,1,0,2,2026-08-03 07:59:59.999997
MUS-Museum-259171,Community Performance,2026-08-23,joshua.hill96@gmail.com,PL1 1 SF,1,0,2,2026-06-13 10:00:00.000003
MUS-Museum-871249,Community Performance,2026-08-23,jessica.smith26@outlook.com,PL6 4 QO,2,1,3,2026-06-11 09:00
MUS-Museum-155916,Community Performance,2026-08-23,henry.brown55@outlook.com,PL7 8 UZ,2,1,3,2026-06-15 16:59:59.999997
MUS-Museum-697516,Community Performance,2026-08-23,samuel.murphy43@yahoo.co.uk,EX3 2 TO,1,0,1,2026-08-22 16:59:59.999997
MUS-Museum-265081,Community Performance,2026-08-23,oliver.young65@outlook.com,PL3 9 AR,1,0,2,2026-06-11 12:00
MUS-Museum-588798,Community Performance,2026-08-23,oliver.scott83@gmail.com,PL3 3 BU,1,0,1,2026-06-27 19:00:00.000003
MUS-Museum-983843,Community Performance,2026-08-23,oliver.harris77@icloud.com,PL3 3 JA,1,0,1,2026-06-21 09:00
MUS-Museum-669591,Community Performance,2026-08-23,samuel.thomas16@outlook.com,TR1 1 QG,2,1,3,2026-07-22 19:59:59.999997
MUS-Museum-787584,Community Performance,2026-08-23,oliver.king19@hotmail.co.uk,PL7 1 BS,1,0,2,2026-07-19 15:00
MUS-Museum-344614,Community Performance,2026-08-23,jessica.ward69@gmail.com,PL3 5 HR,1,0,1,2026-07-17 19:00:00.000003
MUS-Museum-524105,Community Performance,2026-08-23,ethan.roberts36@yahoo.co.uk,TQ1 7 FH,3,2,4,2026-07-03 07:59:59.999997
MUS-Museum-855408,Community Performance,2026-08-23,oliver.young30@outlook.com,PL9 1 TP,1,0,1,2026-07-20 16:59:59.999997
MUS-Museum-450859,Community Performance,2026-08-23,sophie.taylor5@icloud.com,PL2 2 VH,1,0,1,2026-07-09 19:00:00.000003
MUS-Museum-997955,Community Performance,2026-08-23,jessica.young6@icloud.com,TA6 7 AO,1,0,1,2026-06-09 13:00:00.000003
MUS-Museum-906060,Community Performance,2026-08-23,henry.clarke59@hotmail.co.uk,PL2 9 MZ,1,0,1,2026-08-09 18:00
MUS-Museum-299303,Community Performance,2026-08-23,jacob.turner44@yahoo.co.uk,PL14 6 GU,1,0,1,2026-08-13 16:59:59.999997
MUS-Museum-202081,Community Performance,2026-08-23,daniel.morgan28@icloud.com,PL3 5 JC,1,0,2,2026-08-19 19:00:00.000003
MUS-Museum-480886,Community Performance,2026-08-23,ella.turner25@icloud.com,PL5 1 JS,4,3,5,2026-05-25 19:59:59.999997
MUS-Museum-433821,Community Performance,2026-08-23,lucy.king67@icloud.com,PL12 7 WW,1,0,2,2026-06-18 12:00
MUS-Museum-996001,Community Performance,2026-08-23,jack.cook62@hotmail.co.uk,TQ12 1 ZZ,2,1,3,2026-06-18 18:00
MUS-Museum-760537,Community Performance,2026-08-23,ella.jones20@hotmail.co.uk,PL5 8 OE,1,0,2,2026-07-24 10:59:59.999997
MUS-Museum-723755,Community Performance,2026-08-23,harry.hill30@gmail.com,PL4 5 JF,1,0,1,2026-05-31 15:00
MUS-Museum-720850,Season Launch,2026-10-22,olivia.walker16@gmail.com,TA1 7 RD,4,3,5,2026-09-30 13:00:00.000003
MUS-Museum-138995,Season Launch,2026-10-22,lucy.taylor82@yahoo.co.uk,TQ4 5 LQ,2,1,3,2026-07-25 13:00:00.000003
MUS-Museum-413149,Season Launch,2026-10-22,lucas.perry91@gmail.com,PL9 6 NO,1,0,2,2026-09-16 09:00
MUS-Museum-696349,Season Launch,2026-10-22,sophie.cook60@outlook.com,PL2 5 AS,3,2,4,2026-08-20 12:00
MUS-Museum-216399,Season Launch,2026-10-22,george.moore76@hotmail.co.uk,PL6 2 DB,1,0,1,2026-10-07 13:00:00.000003
MUS-Museum-309614,Season Launch,2026-10-22,ella.turner52@icloud.com,EX2 1 UT,3,2,4,2026-08-23 15:00
MUS-Museum-443722,Season Launch,2026-10-22,thomas.johnson45@icloud.com,PL3 1 AF,1,0,2,2026-07-27 19:59:59.999997
MUS-Museum-637081,Season Launch,2026-10-22,samuel.evans74@gmail.com,PL5 2 BU,2,1,3,2026-08-23 15:00
MUS-Museum-429475,Season Launch,2026-10-22,oliver.taylor31@gmail.com,PL9 8 TN,4,3,5,2026-08-03 10:59:59.999997
MUS-Museum-518372,Comedy Performance,2026-12-07,jack.clarke4@gmail.com,PL7 8 WD,1,0,2,2026-11-04 19:00:00.000003
MUS-Museum-402989,Comedy Performance,2026-12-07,oliver.young75@hotmail.co.uk,PL3 3 XZ,2,1,3,2026-09-27 13:59:59.999997
MUS-Museum-851937,Comedy Performance,2026-12-07,lucas.bennett59@hotmail.co.uk,PL6 4 NQ,3,2,4,2026-12-03 16:00:00.000003
MUS-Museum-101128,Comedy Performance,2026-12-07,ruby.ward66@outlook.com,TQ12 8 KW,3,2,4,2026-11-11 18:00
MUS-Museum-773059,Comedy Performance,2026-12-07,lily.cook47@hotmail.co.uk,PL4 6 DR,2,1,3,2026-09-13 19:00:00.000003
MUS-Museum-377931,Comedy Performance,2026-12-07,william.brown80@hotmail.co.uk,PL2 6 PP,5,4,6,2026-11-12 13:00:00.000003
MUS-Museum-497589,Comedy Performance,2026-12-07,samuel.evans7@outlook.com,PL7 4 CB,2,1,3,2026-09-29 19:00:00.000003
MUS-Museum-135515,Comedy Performance,2026-12-07,ella.hill4@icloud.com,PL1 5 JF,1,0,2,2026-11-26 19:59:59.999997
MUS-Museum-334859,Comedy Performance,2026-12-07,poppy.singh13@gmail.com,PL6 2 QI,4,3,5,2026-09-26 10:59:59.999997
MUS-Museum-280443,Comedy Performance,2026-12-07,olivia.allen64@icloud.com,PL7 3 KN,1,0,2,2026-09-25 16:00:00.000003
MUS-Museum-830966,Comedy Performance,2026-12-07,thomas.hill54@icloud.com,PL5 3 DZ,3,2,4,2026-10-17 09:00
MUS-Museum-271900,Comedy Performance,2026-12-07,lucas.ward62@icloud.com,PL1 3 QW,2,1,3,2026-09-12 13:59:59.999997
MUS-Museum-482749,Comedy Performance,2026-12-07,oscar.collins97@gmail.com,TQ12 3 SC,2,1,3,2026-10-23 13:59:59.999997
MUS-Museum-557103,Comedy Performance,2026-12-07,olivia.moore94@icloud.com,PL7 7 GS,1,0,2,2026-09-25 18:00
MUS-Museum-614276,Comedy Performance,2026-12-07,max.jackson38@icloud.com,EX2 8 TP,1,0,2,2026-11-04 12:00
MUS-Museum-376517,Comedy Performance,2026-12-07,samuel.cooper28@outlook.com,PL4 2 MZ,1,0,2,2026-10-20 16:59:59.999997
MUS-Museum-580799,Comedy Performance,2026-12-07,alfie.harris43@yahoo.co.uk,PL6 3 DT,1,0,1,2026-10-16 16:59:59.999997
MUS-Museum-640439,Comedy Performance,2026-12-07,ruby.harris22@icloud.com,PL3 7 WY,1,0,2,2026-11-20 16:59:59.999997
MUS-Museum-894437,Comedy Performance,2026-12-07,chloe.hall78@outlook.com,EX4 6 QN,1,0,2,2026-09-29 07:59:59.999997
MUS-Museum-834363,Comedy Performance,2026-12-07,lucas.hall42@icloud.com,PL14 8 WU,5,4,6,2026-09-11 10:59:59.999997
MUS-Museum-479796,Comedy Performance,2026-12-07,henry.wood88@outlook.com,PL4 5 UD,1,0,2,2026-10-16 18:00
MUS-Museum-706489,Comedy Performance,2026-12-07,oscar.bennett37@outlook.com,TA6 3 HA,3,2,4,2026-11-26 19:59:59.999997
MUS-Museum-420534,Comedy Performance,2026-12-07,ruby.cook46@hotmail.co.uk,PL21 2 UW,1,0,1,2026-10-27 16:59:59.999997
MUS-Museum-778689,Comedy Performance,2026-12-07,william.ward74@yahoo.co.uk,PL4 3 HH,3,2,4,2026-12-04 13:00:00.000003
MUS-Museum-639266,Comedy Performance,2026-12-07,charlie.murphy57@icloud.com,PL2 3 LD,1,0,1,2026-09-25 18:00
MUS-Museum-501504,Comedy Performance,2026-12-07,george.hall15@gmail.com,PL4 8 BW,1,0,1,2026-11-17 18:00
MUS-Museum-472441,Comedy Performance,2026-12-07,evie.clarke99@yahoo.co.uk,TA6 4 GQ,4,3,5,2026-09-17 10:00:00.000003
MUS-Museum-489806,Comedy Performance,2026-12-07,ella.jones20@hotmail.co.uk,PL5 8 OE,4,3,5,2026-12-03 18:00
MUS-Museum-665650,Comedy Performance,2026-12-07,olivia.green29@gmail.com,PL4 2 GX,2,1,3,2026-11-23 10:59:59.999997
MUS-Museum-381294,Comedy Performance,2026-12-07,charlotte.white53@hotmail.co.uk,PL1 1 XX,1,0,2,2026-09-18 10:59:59.999997
MUS-Museum-400529,Comedy Performance,2026-12-07,daniel.morgan12@icloud.com,PL9 8 RT,1,0,1,2026-09-24 10:00:00.000003
MUS-Museum-634295,Comedy Performance,2026-12-07,lily.scott1@hotmail.co.uk,PL1 9 CW,1,0,2,2026-11-23 19:59:59.999997
MUS-Museum-143262,Comedy Performance,2026-12-07,samuel.evans74@gmail.com,PL5 2 BU,4,3,5,2026-11-27 13:59:59.999997
MUS-Museum-106457,Comedy Performance,2026-12-07,oliver.young65@outlook.com,PL3 9 AR,1,0,1,2026-10-02 19:59:59.999997
MUS-Museum-607915,Comedy Performance,2026-12-07,emily.cook57@gmail.com,EX3 1 JJ,3,2,4,2026-09-16 13:00:00.000003
MUS-Museum-824819,Comedy Performance,2026-12-07,george.white29@hotmail.co.uk,PL6 8 NR,1,0,1,2026-10-04 10:59:59.999997
MUS-Museum-849557,Comedy Performance,2026-12-07,jack.ward23@gmail.com,PL6 5 KZ,2,1,3,2026-10-15 12:00
MUS-Museum-473875,Comedy Performance,2026-12-07,chloe.johnson53@hotmail.co.uk,PL6 7 SR,4,3,5,2026-10-12 19:00:00.000003
MUS-Museum-780972,Comedy Performance,2026-12-07,ella.singh19@outlook.com,PL14 1 PS,1,0,1,2026-10-21 13:59:59.999997
MUS-Museum-289764,Comedy Performance,2026-12-07,daniel.taylor50@outlook.com,EX2 4 QV,1,0,2,2026-10-02 16:00:00.000003
MUS-Museum-530682,Comedy Performance,2026-12-07,charlie.ward21@gmail.com,PL21 5 KU,2,1,3,2026-11-15 13:59:59.999997
MUS-Museum-766807,Comedy Performance,2026-12-07,lucy.young92@outlook.com,PL2 9 YS,2,1,3,2026-10-28 18:00
MUS-Museum-333158,Comedy Performance,2026-12-07,charlotte.williams94@icloud.com,PL1 8 IG,1,0,1,2026-11-19 10:59:59.999997
MUS-Museum-340818,Comedy Performance,2026-12-07,poppy.singh85@outlook.com,TQ1 4 XE,2,1,3,2026-12-06 09:00
MUS-Museum-536883,Comedy Performance,2026-12-07,henry.jackson64@outlook.com,PL2 5 YP,1,0,1,2026-10-11 15:00
MUS-Museum-936500,Comedy Performance,2026-12-07,charlie.allen68@outlook.com,PL19 9 OV,1,0,2,2026-09-21 18:00
MUS-Museum-920955,Comedy Performance,2026-12-07,lucy.perry93@yahoo.co.uk,PL3 9 XF,4,3,5,2026-10-11 16:59:59.999997
MUS-Museum-282797,Comedy Performance,2026-12-07,emma.bell1@gmail.com,TR7 4 TZ,2,1,3,2026-12-06 13:59:59.999997
MUS-Museum-970632,Comedy Performance,2026-12-07,william.allen2@icloud.com,TA6 3 KJ,1,0,2,2026-11-04 18:00
MUS-Museum-929339,Digital Arts Exhibition,2026-01-31,james.scott57@yahoo.co.uk,PL14 6 HW,1,0,1,2025-12-18 15:00
MUS-Museum-105016,Creative Workshop,2026-03-20,joshua.ward63@hotmail.co.uk,PL5 2 NG,1,0,2,2026-02-21 10:00:00.000003
MUS-Museum-696975,Community Arts Festival,2026-04-12,jack.singh49@icloud.com,PL2 8 BB,1,0,2,2026-03-18 18:00
MUS-Museum-722755,Community Arts Festival,2026-04-12,henry.clarke59@hotmail.co.uk,PL2 9 MZ,2,1,3,2026-03-09 13:59:59.999997
MUS-Museum-192677,Contemporary Art Evening,2026-04-15,olivia.johnson78@hotmail.co.uk,PL7 7 DA,3,2,4,2026-04-02 19:59:59.999997
MUS-Museum-567321,Contemporary Art Evening,2026-04-15,poppy.moore61@icloud.com,PL7 3 QD,1,0,2,2026-02-09 09:00
MUS-Museum-339694,Contemporary Art Evening,2026-04-15,leo.bell73@icloud.com,PL9 6 ZZ,2,1,3,2026-01-31 18:00
MUS-Museum-858941,Local Artists Showcase,2026-06-29,jacob.moore35@yahoo.co.uk,PL7 8 XA,2,1,3,2026-05-25 16:59:59.999997
MUS-Museum-350398,Family Activity Day,2026-01-15,evie.bennett24@hotmail.co.uk,PL9 2 EF,1,0,2,2025-11-25 19:00:00.000003
MUS-Museum-650085,Family Activity Day,2026-01-15,lily.williams30@yahoo.co.uk,EX4 7 OA,5,4,6,2025-11-05 18:00
MUS-Museum-956505,Community Showcase,2026-02-24,alfie.harris43@yahoo.co.uk,PL6 3 DT,2,1,3,2026-02-12 19:59:59.999997
MUS-Museum-830206,Community Showcase,2026-02-24,jacob.allen6@gmail.com,TQ3 1 GD,3,2,4,2026-01-04 13:59:59.999997
MUS-Museum-556161,Community Showcase,2026-02-24,alfie.king30@outlook.com,TQ12 3 BY,1,0,2,2025-12-04 13:59:59.999997
MUS-Museum-739007,Community Showcase,2026-02-24,lucas.thomas89@icloud.com,PL5 5 SL,1,0,2,2026-01-04 12:00
MUS-Museum-564786,Community Showcase,2026-02-24,jack.cook62@hotmail.co.uk,TQ12 1 ZZ,1,0,1,2026-01-06 16:00:00.000003
MUS-Museum-549685,Community Showcase,2026-02-24,ella.patel28@yahoo.co.uk,PL3 9 FN,3,2,4,2026-01-23 10:59:59.999997
MUS-Museum-656080,Community Showcase,2026-02-24,henry.harris34@hotmail.co.uk,PL2 5 SS,4,3,5,2025-11-30 12:00
MUS-Museum-581842,Community Showcase,2026-02-24,emily.scott91@gmail.com,PL12 7 QI,1,0,1,2025-12-20 09:00
MUS-Museum-872876,Community Showcase,2026-02-24,oscar.collins97@gmail.com,TQ12 3 SC,3,2,4,2025-12-23 19:00:00.000003
MUS-Museum-525332,Community Showcase,2026-02-24,poppy.martin53@hotmail.co.uk,PL12 8 ZS,2,1,3,2026-01-31 07:59:59.999997
MUS-Museum-787738,Community Showcase,2026-02-24,ethan.hall80@hotmail.co.uk,PL2 4 SW,1,0,1,2026-02-20 19:59:59.999997
MUS-Museum-364117,Community Showcase,2026-02-24,oscar.perry84@outlook.com,PL5 9 JB,1,0,1,2026-01-13 12:00
MUS-Museum-784320,Community Showcase,2026-02-24,phoebe.murphy1@hotmail.co.uk,PL1 5 CP,3,2,4,2026-01-13 12:00
MUS-Museum-703613,Public Forum,2026-03-11,daniel.morgan28@icloud.com,PL3 5 JC,1,0,1,2025-12-26 16:59:59.999997
MUS-Museum-274223,Public Forum,2026-03-11,charlotte.jones84@outlook.com,PL6 5 UJ,2,1,3,2026-01-26 15:00
MUS-Museum-417299,Public Forum,2026-03-11,thomas.bell46@gmail.com,PL2 1 ZK,2,1,3,2026-01-09 15:00
MUS-Museum-481421,Public Forum,2026-03-11,jessica.ward38@gmail.com,PL1 2 HP,1,0,1,2025-12-16 09:00
MUS-Museum-673528,Public Forum,2026-03-11,poppy.williams38@icloud.com,TR7 1 VX,4,3,5,2026-01-13 18:00
MUS-Museum-587717,Neighbourhood Project,2026-07-30,ruby.ward66@outlook.com,TQ12 8 KW,1,0,1,2026-07-29 15:00
MUS-Museum-688368,Neighbourhood Project,2026-07-30,evie.roberts71@yahoo.co.uk,PL5 4 UT,1,0,2,2026-05-20 13:59:59.999997
MUS-Museum-590064,Neighbourhood Project,2026-07-30,lucas.baker94@icloud.com,PL4 4 FD,5,4,6,2026-06-23 19:59:59.999997
MUS-Museum-120997,Neighbourhood Project,2026-07-30,charlotte.singh74@gmail.com,TR1 8 KQ,1,0,2,2026-07-14 19:59:59.999997
MUS-Museum-593432,Neighbourhood Project,2026-07-30,lucas.cooper21@gmail.com,TQ4 2 YU,5,4,6,2026-07-08 15:00
MUS-Museum-920820,Neighbourhood Project,2026-07-30,lucas.evans88@gmail.com,PL9 2 TU,3,2,4,2026-07-08 07:59:59.999997
MUS-Museum-973513,Local Voices,2026-09-10,jessica.ward38@gmail.com,PL1 2 HP,4,3,5,2026-06-15 18:00
MUS-Museum-701901,Local Voices,2026-09-10,harry.baker44@outlook.com,TR7 5 OC,3,2,4,2026-08-17 16:00:00.000003
MUS-Museum-746930,Local Voices,2026-09-10,lucy.turner11@icloud.com,PL5 1 WC,1,0,2,2026-08-30 10:59:59.999997
MUS-Museum-144532,Local Voices,2026-09-10,emma.cooper52@icloud.com,PL3 5 LH,1,0,2,2026-07-27 12:00
MUS-Museum-589729,Skills Workshop,2026-10-01,emily.scott91@gmail.com,PL12 7 QI,2,1,3,2026-07-18 19:59:59.999997
MUS-Museum-188778,Community Conversation,2026-10-15,jacob.allen6@gmail.com,TQ3 1 GD,3,2,4,2026-10-01 07:59:59.999997
MUS-Museum-601563,Community Conversation,2026-10-15,harry.baker44@outlook.com,TR7 5 OC,1,0,2,2026-09-23 15:00
MUS-Museum-645128,Community Conversation,2026-10-15,samuel.hill47@gmail.com,TQ1 4 KH,2,1,3,2026-08-28 16:00:00.000003
MUS-Museum-387830,Community Conversation,2026-10-15,charlotte.singh74@gmail.com,TR1 8 KQ,1,0,1,2026-07-25 10:59:59.999997
MUS-Museum-529953,Community Conversation,2026-10-15,lucas.morgan77@yahoo.co.uk,PL5 9 HI,4,3,5,2026-07-19 16:59:59.999997
MUS-Museum-547720,Community Conversation,2026-10-15,james.collins27@hotmail.co.uk,PL1 4 EO,1,0,1,2026-08-19 19:00:00.000003
MUS-Museum-939838,Community Conversation,2026-10-15,lily.cook47@hotmail.co.uk,PL4 6 DR,1,0,1,2026-10-13 07:59:59.999997
MUS-Museum-165150,Creative Wellbeing,2026-10-26,ruby.harris22@icloud.com,PL3 7 WY,2,1,3,2026-08-12 19:00:00.000003
MUS-Museum-852706,Creative Wellbeing,2026-10-26,phoebe.jackson75@outlook.com,PL4 7 GG,1,0,2,2026-07-28 09:00
MUS-Museum-350704,Creative Wellbeing,2026-10-26,harry.smith41@outlook.com,PL6 2 ET,5,4,6,2026-08-19 12:00
MUS-Museum-614194,Creative Wellbeing,2026-10-26,joshua.ward9@hotmail.co.uk,PL5 9 WH,1,0,1,2026-09-22 19:59:59.999997
MUS-Museum-535645,Creative Wellbeing,2026-10-26,ella.patel28@yahoo.co.uk,PL3 9 FN,1,0,1,2026-08-24 10:00:00.000003
MUS-Museum-288260,Local Stories,2026-04-03,william.ward74@yahoo.co.uk,PL4 3 HH,1,0,1,2026-01-14 07:59:59.999997
MUS-Museum-647198,Local Stories,2026-04-03,charlotte.walker22@icloud.com,PL5 6 ZU,1,0,2,2026-02-04 19:00:00.000003
MUS-Museum-566891,Local Stories,2026-04-03,lily.williams30@yahoo.co.uk,EX4 7 OA,1,0,2,2026-02-16 16:59:59.999997
MUS-Museum-111127,Local Stories,2026-04-03,jacob.jones77@hotmail.co.uk,TQ2 4 VJ,2,1,3,2026-01-12 09:00
MUS-Museum-839854,Local Stories,2026-04-03,amelia.white75@gmail.com,PL6 7 UQ,1,0,1,2026-01-22 19:00:00.000003
MUS-Museum-600131,Local Stories,2026-04-03,amelia.evans35@outlook.com,TQ12 1 QW,4,3,5,2026-02-12 19:00:00.000003
MUS-Museum-733383,Local Stories,2026-04-03,sophie.bell90@icloud.com,TQ4 2 QO,1,0,2,2026-03-15 15:00
MUS-Museum-904667,Local Stories,2026-04-03,ella.thomas66@outlook.com,TQ12 9 GV,1,0,1,2026-03-09 15:00
MUS-Museum-468053,Local Stories,2026-04-03,olivia.taylor9@gmail.com,PL3 8 SS,1,0,1,2026-03-16 13:00:00.000003
MUS-Museum-385437,Local Stories,2026-04-03,freya.bell46@yahoo.co.uk,PL6 6 KT,1,0,2,2026-02-01 18:00
MUS-Museum-166836,Local Stories,2026-04-03,phoebe.johnson80@icloud.com,PL4 8 QQ,1,0,2,2026-03-31 09:00
MUS-Museum-543675,Local Stories,2026-04-03,jacob.bell84@outlook.com,PL7 3 YY,4,3,5,2026-03-27 19:59:59.999997
MUS-Museum-372461,Local Stories,2026-04-03,noah.singh15@gmail.com,PL4 3 HJ,4,3,5,2026-03-28 16:00:00.000003
MUS-Museum-163820,Local Stories,2026-04-03,evie.jones24@icloud.com,EX2 2 XX,1,0,1,2026-01-10 16:59:59.999997
MUS-Museum-570685,Local Stories,2026-04-03,alice.murphy15@icloud.com,EX2 9 HO,2,1,3,2026-02-18 13:00:00.000003
MUS-Museum-988836,Local Stories,2026-04-03,olivia.moore94@icloud.com,PL7 7 GS,1,0,1,2026-01-14 09:00
MUS-Museum-875990,Local Stories,2026-04-03,amelia.king67@icloud.com,PL4 5 DO,3,2,4,2026-03-10 16:00:00.000003
MUS-Museum-189434,Local Stories,2026-04-03,daniel.morgan45@icloud.com,PL4 2 XA,1,0,1,2026-01-20 10:00:00.000003
MUS-Museum-516215,Local Stories,2026-04-03,poppy.walker96@hotmail.co.uk,PL6 5 GB,1,0,2,2026-01-05 12:00
MUS-Museum-851969,Local Stories,2026-04-03,jacob.williams11@hotmail.co.uk,PL1 3 ON,1,0,2,2026-02-07 19:59:59.999997
MUS-Museum-145544,Local Stories,2026-04-03,harry.white37@gmail.com,TA1 2 HE,1,0,1,2026-03-11 10:00:00.000003
MUS-Museum-331917,Local Stories,2026-04-03,jacob.wilson25@gmail.com,EX3 4 AA,1,0,1,2026-01-16 19:59:59.999997
MUS-Museum-595509,Local Stories,2026-04-03,lily.collins8@hotmail.co.uk,EX3 9 VA,3,2,4,2026-01-08 07:59:59.999997
MUS-Museum-419194,Local Stories,2026-04-03,george.davies81@icloud.com,PL2 8 WC,1,0,1,2026-03-30 16:59:59.999997
MUS-Museum-945522,Local Stories,2026-04-03,sophie.moore28@hotmail.co.uk,TA6 2 UI,3,2,4,2026-01-27 15:00
MUS-Museum-410180,Local Stories,2026-04-03,lucy.evans98@yahoo.co.uk,PL7 8 WL,3,2,4,2026-02-23 19:59:59.999997
MUS-Museum-450762,Local Stories,2026-04-03,poppy.patel79@outlook.com,PL9 1 MQ,1,0,2,2026-03-19 12:00
MUS-Museum-559587,Local Stories,2026-04-03,alice.turner96@outlook.com,TQ4 6 CD,1,0,1,2026-01-05 10:00:00.000003
MUS-Museum-624056,Local Stories,2026-04-03,evie.hall25@icloud.com,TQ12 4 XV,2,1,3,2026-03-20 18:00
MUS-Museum-761638,Local Stories,2026-04-03,megan.taylor21@outlook.com,PL9 6 NN,1,0,1,2026-03-21 10:00:00.000003
MUS-Museum-303968,Local Stories,2026-04-03,samuel.evans74@gmail.com,PL5 2 BU,1,0,1,2026-01-21 13:00:00.000003
MUS-Museum-462487,Local Stories,2026-04-03,oliver.harris77@icloud.com,PL3 3 JA,2,1,3,2026-02-24 19:59:59.999997
MUS-Museum-697498,Local Stories,2026-04-03,jessica.williams83@gmail.com,PL6 6 QE,1,0,2,2026-02-10 12:00
MUS-Museum-318579,Local Stories,2026-04-03,ruby.harris22@icloud.com,PL3 7 WY,5,4,6,2026-03-29 12:00
MUS-Museum-518356,Local Stories,2026-04-03,evie.roberts58@gmail.com,PL7 1 DV,2,1,3,2026-03-29 09:00
MUS-Museum-759681,Local Stories,2026-04-03,lily.bennett65@outlook.com,PL7 2 YO,3,2,4,2026-03-22 18:00
MUS-Museum-684075,Local Stories,2026-04-03,jacob.allen6@gmail.com,TQ3 1 GD,2,1,3,2026-01-13 19:00:00.000003
MUS-Museum-647958,Local Stories,2026-04-03,megan.jackson24@gmail.com,PL6 6 SC,1,0,1,2026-03-03 19:00:00.000003
MUS-Museum-465474,Local Stories,2026-04-03,charlie.hill76@outlook.com,TQ12 2 UC,2,1,3,2026-03-03 10:00:00.000003
MUS-Museum-229869,Local Stories,2026-04-03,mia.allen6@yahoo.co.uk,PL7 7 QW,1,0,2,2026-01-18 13:59:59.999997
MUS-Museum-730030,Local Stories,2026-04-03,jacob.moore35@yahoo.co.uk,PL7 8 XA,2,1,3,2026-03-31 12:00
MUS-Museum-452913,Local Stories,2026-04-03,william.baker96@yahoo.co.uk,PL5 6 TA,4,3,5,2026-02-20 19:00:00.000003
MUS-Museum-927388,Local Stories,2026-04-03,grace.scott4@yahoo.co.uk,PL9 8 PR,1,0,1,2026-02-13 15:00
MUS-Museum-849959,Local Stories,2026-04-03,george.wilson95@gmail.com,TR7 3 QO,1,0,1,2026-03-01 18:00
MUS-Museum-139600,Local Stories,2026-04-03,ella.white20@gmail.com,PL6 8 QL,4,3,5,2026-02-22 19:00:00.000003
MUS-Museum-233259,Local Stories,2026-04-03,charlotte.ahmed59@gmail.com,PL4 9 TX,1,0,2,2026-03-14 16:59:59.999997
MUS-Museum-788160,Local Stories,2026-04-03,daniel.walker18@icloud.com,PL2 4 HD,4,3,5,2026-01-23 16:00:00.000003
MUS-Museum-292044,Local Stories,2026-04-03,phoebe.king3@outlook.com,PL6 5 BL,3,2,4,2026-02-13 19:59:59.999997
MUS-Museum-156759,Local Stories,2026-04-03,ethan.roberts36@yahoo.co.uk,TQ1 7 FH,1,0,1,2026-02-06 09:00
MUS-Museum-121952,Local Stories,2026-04-03,daniel.allen22@yahoo.co.uk,PL4 2 YR,1,0,1,2026-03-29 13:59:59.999997
MUS-Museum-300776,Local Stories,2026-04-03,joshua.hall88@yahoo.co.uk,PL9 9 GX,2,1,3,2026-01-03 13:00:00.000003
MUS-Museum-368610,Local Stories,2026-04-03,freya.brown19@outlook.com,PL4 1 AD,3,2,4,2026-02-13 09:00
MUS-Museum-198780,Local Stories,2026-04-03,william.cooper97@gmail.com,TQ1 2 VR,4,3,5,2026-03-11 13:59:59.999997
MUS-Museum-581203,Local Stories,2026-04-03,ella.patel1@icloud.com,TA6 4 GS,2,1,3,2026-02-27 12:00
MUS-Museum-588184,Local Stories,2026-04-03,harry.martin2@icloud.com,PL1 5 RP,1,0,2,2026-02-19 16:59:59.999997
MUS-Museum-530513,Local Stories,2026-04-03,phoebe.ahmed81@outlook.com,PL19 6 FE,1,0,1,2026-03-18 16:00:00.000003
MUS-Museum-193173,Local Stories,2026-04-03,lucas.green61@gmail.com,PL6 4 PG,2,1,3,2026-03-15 18:00
MUS-Museum-884336,Local Stories,2026-04-03,lucas.cooper21@gmail.com,TQ4 2 YU,3,2,4,2026-03-04 19:59:59.999997
MUS-Museum-134973,Local Stories,2026-04-03,ruby.bell77@hotmail.co.uk,PL5 7 IQ,2,1,3,2026-03-17 13:00:00.000003
MUS-Museum-773666,Local Stories,2026-04-03,lucas.ahmed94@gmail.com,TA1 3 UZ,3,2,4,2026-03-08 10:59:59.999997
MUS-Museum-700221,Local Stories,2026-04-03,evie.scott17@icloud.com,PL4 8 PS,4,3,5,2026-01-20 07:59:59.999997
MUS-Museum-146473,Local Stories,2026-04-03,oliver.taylor31@gmail.com,PL9 8 TN,1,0,1,2026-02-25 19:00:00.000003
MUS-Museum-803455,Local Stories,2026-04-03,jacob.roberts24@gmail.com,EX2 6 KU,2,1,3,2026-03-07 09:00
MUS-Museum-994864,Local Stories,2026-04-03,charlie.king53@yahoo.co.uk,PL5 8 PS,2,1,3,2026-01-30 12:00
MUS-Museum-939902,Local Stories,2026-04-03,grace.davies25@gmail.com,PL7 7 LV,1,0,1,2026-02-15 18:00
MUS-Museum-312461,Local Stories,2026-04-03,samuel.white46@icloud.com,PL6 7 KB,1,0,2,2026-01-16 19:00:00.000003
MUS-Museum-965255,Local Stories,2026-04-03,ella.hill91@gmail.com,PL6 3 XJ,2,1,3,2026-02-22 16:00:00.000003
MUS-Museum-224883,Local Stories,2026-04-03,oliver.harris42@yahoo.co.uk,PL7 6 ZM,1,0,1,2026-01-31 16:59:59.999997
MUS-Museum-731120,Local Stories,2026-04-03,phoebe.johnson55@outlook.com,PL9 7 BG,2,1,3,2026-01-09 15:00
MUS-Museum-962178,Local Stories,2026-04-03,emily.evans16@hotmail.co.uk,PL6 6 HY,4,3,5,2026-02-25 19:00:00.000003
MUS-Museum-335448,Local Stories,2026-04-03,emily.clarke16@gmail.com,PL3 6 OZ,1,0,2,2026-03-04 13:59:59.999997
MUS-Museum-644130,Local Stories,2026-04-03,lily.scott1@hotmail.co.uk,PL1 9 CW,1,0,2,2026-02-24 16:00:00.000003
MUS-Museum-423453,Local Stories,2026-04-03,samuel.thomas16@outlook.com,TR1 1 QG,1,0,2,2026-01-15 15:00
MUS-Museum-809846,Musical Celebration,2026-04-30,thomas.williams19@outlook.com,TR1 6 HW,4,3,5,2026-03-22 19:00:00.000003
MUS-Museum-118176,Musical Celebration,2026-04-30,daniel.walker18@icloud.com,PL2 4 HD,2,1,3,2026-03-24 12:00
MUS-Museum-290427,Musical Celebration,2026-04-30,daniel.allen22@yahoo.co.uk,PL4 2 YR,4,3,5,2026-04-07 13:00:00.000003
MUS-Museum-393336,Musical Celebration,2026-04-30,evie.scott49@gmail.com,TQ2 7 PZ,1,0,1,2026-03-08 19:59:59.999997
MUS-Museum-930975,Musical Celebration,2026-04-30,phoebe.king3@outlook.com,PL6 5 BL,3,2,4,2026-04-17 07:59:59.999997
MUS-Museum-804385,Musical Celebration,2026-04-30,ella.turner25@icloud.com,PL5 1 JS,2,1,3,2026-02-05 18:00
MUS-Museum-282779,Musical Celebration,2026-04-30,joshua.moore53@yahoo.co.uk,PL2 3 XX,1,0,2,2026-04-04 10:59:59.999997
MUS-Museum-590754,Musical Celebration,2026-04-30,harry.hill30@gmail.com,PL4 5 JF,2,1,3,2026-04-19 09:00
MUS-Museum-270557,Musical Celebration,2026-04-30,olivia.roberts2@hotmail.co.uk,PL2 3 WW,1,0,2,2026-04-14 19:59:59.999997
MUS-Museum-815023,Musical Celebration,2026-04-30,thomas.young1@hotmail.co.uk,PL7 6 HK,1,0,2,2026-03-25 13:00:00.000003
MUS-Museum-580518,Musical Celebration,2026-04-30,charlie.hill76@outlook.com,TQ12 2 UC,3,2,4,2026-03-24 10:00:00.000003
MUS-Museum-835143,Musical Celebration,2026-04-30,ruby.cook79@outlook.com,PL6 1 GD,2,1,3,2026-03-17 13:00:00.000003
MUS-Museum-849919,Musical Celebration,2026-04-30,evie.hall25@icloud.com,TQ12 4 XV,1,0,1,2026-03-01 13:00:00.000003
MUS-Museum-512350,Musical Celebration,2026-04-30,daniel.morgan28@icloud.com,PL3 5 JC,3,2,4,2026-03-07 10:59:59.999997
MUS-Museum-604609,Musical Celebration,2026-04-30,charlotte.jones80@icloud.com,PL5 1 GZ,1,0,1,2026-03-30 19:59:59.999997
MUS-Museum-617210,Musical Celebration,2026-04-30,noah.harris36@gmail.com,PL9 8 WN,1,0,1,2026-04-10 10:00:00.000003
MUS-Museum-797584,Musical Celebration,2026-04-30,olivia.singh79@icloud.com,PL3 4 CP,1,0,2,2026-04-06 16:00:00.000003
MUS-Museum-426490,Musical Celebration,2026-04-30,poppy.perry45@icloud.com,EX1 2 IC,2,1,3,2026-02-07 18:00
MUS-Museum-798183,Musical Celebration,2026-04-30,phoebe.ahmed63@icloud.com,PL9 3 NM,2,1,3,2026-02-16 16:00:00.000003
MUS-Museum-405032,Musical Celebration,2026-04-30,henry.harris34@hotmail.co.uk,PL2 5 SS,1,0,2,2026-04-25 16:00:00.000003
MUS-Museum-110993,Musical Celebration,2026-04-30,evie.roberts64@yahoo.co.uk,TR7 8 YK,1,0,1,2026-02-18 19:59:59.999997
MUS-Museum-386807,Musical Celebration,2026-04-30,lily.collins8@hotmail.co.uk,EX3 9 VA,3,2,4,2026-02-12 16:00:00.000003
MUS-Museum-376487,Musical Celebration,2026-04-30,emily.smith4@outlook.com,PL7 2 RL,1,0,1,2026-01-30 13:59:59.999997
MUS-Museum-803164,Musical Celebration,2026-04-30,grace.thomas90@gmail.com,TR7 2 AV,1,0,1,2026-03-25 09:00
MUS-Museum-349559,Musical Celebration,2026-04-30,lucas.jackson68@hotmail.co.uk,PL12 2 QE,2,1,3,2026-04-11 16:59:59.999997
MUS-Museum-545683,Musical Celebration,2026-04-30,alfie.cooper2@gmail.com,PL9 6 AT,3,2,4,2026-04-04 10:00:00.000003
MUS-Museum-877535,Musical Celebration,2026-04-30,lily.morgan59@yahoo.co.uk,PL9 7 MY,2,1,3,2026-02-25 10:00:00.000003
MUS-Museum-499622,Musical Celebration,2026-04-30,leo.young97@hotmail.co.uk,PL12 7 XQ,1,0,2,2026-02-21 13:59:59.999997
MUS-Museum-699568,Musical Celebration,2026-04-30,oscar.bennett32@hotmail.co.uk,PL2 1 XJ,4,3,5,2026-03-01 07:59:59.999997
MUS-Museum-205666,Musical Celebration,2026-04-30,harry.martin2@icloud.com,PL1 5 RP,4,3,5,2026-04-04 13:59:59.999997
MUS-Museum-290948,Musical Celebration,2026-04-30,jacob.jones44@gmail.com,PL5 7 DL,1,0,1,2026-01-31 13:00:00.000003
MUS-Museum-194586,Musical Celebration,2026-04-30,jessica.johnson73@outlook.com,TQ2 6 JJ,1,0,1,2026-02-05 12:00
MUS-Museum-313170,Musical Celebration,2026-04-30,evie.jackson3@yahoo.co.uk,PL1 7 YF,2,1,3,2026-03-07 10:59:59.999997
MUS-Museum-657203,Musical Celebration,2026-04-30,william.allen2@icloud.com,TA6 3 KJ,1,0,2,2026-04-11 16:00:00.000003
MUS-Museum-415040,Musical Celebration,2026-04-30,lucas.ahmed94@gmail.com,TA1 3 UZ,2,1,3,2026-02-25 15:00
MUS-Museum-620292,Musical Celebration,2026-04-30,amelia.singh20@outlook.com,PL9 1 JL,2,1,3,2026-04-07 15:00
MUS-Museum-784102,Musical Celebration,2026-04-30,james.baker62@yahoo.co.uk,TA6 4 VZ,3,2,4,2026-03-08 16:59:59.999997
MUS-Museum-204396,Musical Celebration,2026-04-30,emily.walker82@gmail.com,PL1 6 MJ,4,3,5,2026-03-07 12:00
MUS-Museum-329765,Musical Celebration,2026-04-30,jessica.wilson89@hotmail.co.uk,PL2 5 MW,2,1,3,2026-02-19 13:59:59.999997
MUS-Museum-651921,Musical Celebration,2026-04-30,leo.moore72@yahoo.co.uk,TR1 3 MT,2,1,3,2026-03-19 18:00
MUS-Museum-946275,Musical Celebration,2026-04-30,chloe.ward84@yahoo.co.uk,PL2 1 FX,3,2,4,2026-02-06 13:00:00.000003
MUS-Museum-139692,Musical Celebration,2026-04-30,charlotte.hall7@icloud.com,PL6 3 TP,1,0,2,2026-04-16 12:00
MUS-Museum-868250,Musical Celebration,2026-04-30,megan.scott60@hotmail.co.uk,EX4 6 QR,1,0,1,2026-04-12 13:00:00.000003
MUS-Museum-881871,Musical Celebration,2026-04-30,oliver.jackson39@outlook.com,TA6 1 IE,1,0,1,2026-02-02 13:00:00.000003
MUS-Museum-339785,Musical Celebration,2026-04-30,george.harris44@gmail.com,TA1 4 HV,3,2,4,2026-04-07 13:59:59.999997
MUS-Museum-258788,Musical Celebration,2026-04-30,phoebe.harris61@gmail.com,PL4 6 YB,5,4,6,2026-02-02 16:00:00.000003
MUS-Museum-939157,Musical Celebration,2026-04-30,ruby.jones94@gmail.com,EX2 9 KK,1,0,2,2026-04-09 15:00
MUS-Museum-172315,Musical Celebration,2026-04-30,emily.scott91@gmail.com,PL12 7 QI,4,3,5,2026-04-05 16:00:00.000003
MUS-Museum-348711,Musical Celebration,2026-04-30,phoebe.allen54@outlook.com,EX4 5 XN,2,1,3,2026-03-23 10:59:59.999997
MUS-Museum-129616,Musical Celebration,2026-04-30,ruby.patel87@outlook.com,PL2 5 HT,3,2,4,2026-03-05 13:00:00.000003
MUS-Museum-241791,Musical Celebration,2026-04-30,oscar.bennett37@outlook.com,TA6 3 HA,3,2,4,2026-04-14 16:59:59.999997
MUS-Museum-703671,Musical Celebration,2026-04-30,joshua.walker25@yahoo.co.uk,TQ1 6 OW,4,3,5,2026-03-24 18:00
MUS-Museum-455352,Musical Celebration,2026-04-30,charlotte.davies2@outlook.com,PL4 1 VF,1,0,2,2026-02-13 18:00
MUS-Museum-888576,Musical Celebration,2026-04-30,alice.scott26@yahoo.co.uk,PL4 3 UA,2,1,3,2026-04-19 19:59:59.999997
MUS-Museum-279736,Musical Celebration,2026-04-30,daniel.roberts14@gmail.com,PL4 5 MM,1,0,2,2026-04-20 18:00
MUS-Museum-591392,Musical Celebration,2026-04-30,amelia.singh75@icloud.com,TQ4 1 TX,1,0,1,2026-01-30 16:59:59.999997
MUS-Museum-138830,Musical Celebration,2026-04-30,ella.jones20@hotmail.co.uk,PL5 8 OE,1,0,2,2026-01-31 16:59:59.999997
MUS-Museum-791606,Musical Celebration,2026-04-30,poppy.patel95@icloud.com,TQ12 9 JZ,2,1,3,2026-03-22 10:00:00.000003
MUS-Museum-506619,Musical Celebration,2026-04-30,thomas.collins74@hotmail.co.uk,PL1 1 WD,3,2,4,2026-03-28 18:00
MUS-Museum-956961,Musical Celebration,2026-04-30,freya.moore10@yahoo.co.uk,TQ12 2 HS,1,0,1,2026-02-12 09:00
MUS-Museum-565002,Musical Celebration,2026-04-30,lucy.taylor82@yahoo.co.uk,TQ4 5 LQ,2,1,3,2026-02-21 19:59:59.999997
MUS-Museum-255764,Musical Celebration,2026-04-30,joshua.hill96@gmail.com,PL1 1 SF,1,0,2,2026-04-15 18:00
MUS-Museum-981764,Musical Celebration,2026-04-30,olivia.taylor9@gmail.com,PL3 8 SS,3,2,4,2026-03-15 19:00:00.000003
MUS-Museum-339181,Musical Celebration,2026-04-30,ethan.walker70@yahoo.co.uk,PL19 8 LW,1,0,1,2026-03-12 09:00
MUS-Museum-127452,Musical Celebration,2026-04-30,amelia.brown48@hotmail.co.uk,PL5 1 UD,1,0,2,2026-03-27 13:00:00.000003
MUS-Museum-736698,Musical Celebration,2026-04-30,alice.allen50@outlook.com,PL6 5 EX,1,0,1,2026-03-10 13:00:00.000003
MUS-Museum-425541,Musical Celebration,2026-04-30,max.baker81@hotmail.co.uk,TQ2 3 NN,1,0,1,2026-02-15 10:00:00.000003
MUS-Museum-800623,The Comedy Hour,2026-06-18,james.ahmed57@yahoo.co.uk,PL5 1 FZ,2,1,3,2026-04-24 18:00
MUS-Museum-533558,The Comedy Hour,2026-06-18,alice.turner96@outlook.com,TQ4 6 CD,2,1,3,2026-04-04 18:00
MUS-Museum-320028,The Comedy Hour,2026-06-18,william.ward74@yahoo.co.uk,PL4 3 HH,1,0,2,2026-04-26 10:00:00.000003
MUS-Museum-488097,The Comedy Hour,2026-06-18,daniel.hill74@hotmail.co.uk,PL12 9 CR,1,0,2,2026-05-30 10:59:59.999997
MUS-Museum-322343,The Comedy Hour,2026-06-18,freya.moore74@gmail.com,PL6 7 MV,4,3,5,2026-06-07 07:59:59.999997
MUS-Museum-659451,The Comedy Hour,2026-06-18,sophie.moore24@hotmail.co.uk,PL7 7 FG,1,0,2,2026-04-03 07:59:59.999997
MUS-Museum-546362,The Comedy Hour,2026-06-18,henry.brown55@outlook.com,PL7 8 UZ,2,1,3,2026-05-18 10:00:00.000003
MUS-Museum-279446,The Comedy Hour,2026-06-18,phoebe.allen54@outlook.com,EX4 5 XN,1,0,1,2026-05-15 18:00
MUS-Museum-316889,The Comedy Hour,2026-06-18,ethan.taylor43@icloud.com,PL3 3 LI,3,2,4,2026-05-06 12:00
MUS-Museum-740837,The Comedy Hour,2026-06-18,alice.young22@hotmail.co.uk,PL3 8 GK,2,1,3,2026-05-13 16:00:00.000003
MUS-Museum-988052,The Comedy Hour,2026-06-18,oliver.thomas60@outlook.com,EX2 2 SH,4,3,5,2026-03-31 19:00:00.000003
MUS-Museum-427044,The Comedy Hour,2026-06-18,ella.hill91@gmail.com,PL6 3 XJ,4,3,5,2026-05-01 13:00:00.000003
MUS-Museum-402388,The Comedy Hour,2026-06-18,jacob.moore75@hotmail.co.uk,PL2 6 ZK,2,1,3,2026-04-13 16:00:00.000003
MUS-Museum-474082,The Comedy Hour,2026-06-18,thomas.white96@icloud.com,PL6 3 EC,1,0,1,2026-04-20 07:59:59.999997
MUS-Museum-437506,The Comedy Hour,2026-06-18,evie.clarke99@yahoo.co.uk,TA6 4 GQ,4,3,5,2026-03-29 16:00:00.000003
MUS-Museum-709871,The Comedy Hour,2026-06-18,samuel.bennett63@hotmail.co.uk,PL6 2 VU,3,2,4,2026-05-19 10:00:00.000003
MUS-Museum-361250,The Comedy Hour,2026-06-18,lucas.ward62@icloud.com,PL1 3 QW,1,0,1,2026-03-27 19:00:00.000003
MUS-Museum-220906,The Comedy Hour,2026-06-18,ruby.ward66@outlook.com,TQ12 8 KW,5,4,6,2026-04-27 10:59:59.999997
MUS-Museum-914700,The Comedy Hour,2026-06-18,charlie.ward21@gmail.com,PL21 5 KU,4,3,5,2026-06-05 19:00:00.000003
MUS-Museum-593709,The Comedy Hour,2026-06-18,oliver.patel18@icloud.com,PL6 3 AO,4,3,5,2026-04-17 12:00
MUS-Museum-655111,The Comedy Hour,2026-06-18,evie.hall25@icloud.com,TQ12 4 XV,1,0,2,2026-06-06 16:59:59.999997
MUS-Museum-922613,The Comedy Hour,2026-06-18,phoebe.perry74@gmail.com,PL6 2 DD,2,1,3,2026-03-25 12:00
MUS-Museum-934048,The Comedy Hour,2026-06-18,george.wilson35@gmail.com,PL7 7 YL,1,0,1,2026-04-12 13:00:00.000003
MUS-Museum-357931,The Comedy Hour,2026-06-18,lily.morgan59@yahoo.co.uk,PL9 7 MY,1,0,1,2026-05-29 07:59:59.999997
MUS-Museum-610587,The Comedy Hour,2026-06-18,lily.scott56@yahoo.co.uk,EX4 3 PL,1,0,2,2026-04-19 19:00:00.000003
MUS-Museum-475007,The Comedy Hour,2026-06-18,thomas.wilson79@icloud.com,EX3 8 PY,2,1,3,2026-05-11 10:59:59.999997
MUS-Museum-514867,The Comedy Hour,2026-06-18,thomas.hill54@icloud.com,PL5 3 DZ,2,1,3,2026-06-04 09:00
MUS-Museum-467601,The Comedy Hour,2026-06-18,leo.bell73@icloud.com,PL9 6 ZZ,1,0,1,2026-05-03 07:59:59.999997
MUS-Museum-778859,The Comedy Hour,2026-06-18,ruby.white53@gmail.com,PL6 7 HP,1,0,2,2026-04-04 16:00:00.000003
MUS-Museum-571216,The Comedy Hour,2026-06-18,amelia.bennett79@hotmail.co.uk,PL3 3 UK,5,4,6,2026-04-21 16:00:00.000003
MUS-Museum-204480,The Comedy Hour,2026-06-18,harry.king36@hotmail.co.uk,PL1 4 SW,2,1,3,2026-04-12 13:59:59.999997
MUS-Museum-553485,The Comedy Hour,2026-06-18,phoebe.white76@hotmail.co.uk,PL14 4 PM,4,3,5,2026-03-23 10:00:00.000003
MUS-Museum-288859,The Comedy Hour,2026-06-18,charlie.scott65@gmail.com,PL1 8 ZG,1,0,1,2026-06-10 16:00:00.000003
MUS-Museum-860224,Winter Performance,2026-07-21,ethan.harris3@icloud.com,PL1 5 PH,4,3,5,2026-07-13 18:00
MUS-Museum-142806,Winter Performance,2026-07-21,olivia.green29@gmail.com,PL4 2 GX,2,1,3,2026-05-12 19:00:00.000003
MUS-Museum-714603,Winter Performance,2026-07-21,george.white29@hotmail.co.uk,PL6 8 NR,1,0,1,2026-06-04 19:00:00.000003
MUS-Museum-269339,Winter Performance,2026-07-21,james.williams6@yahoo.co.uk,PL4 1 CB,1,0,1,2026-05-13 12:00
MUS-Museum-313684,Winter Performance,2026-07-21,ethan.hall80@hotmail.co.uk,PL2 4 SW,1,0,1,2026-06-21 19:59:59.999997
MUS-Museum-382732,Winter Performance,2026-07-21,lucy.turner11@icloud.com,PL5 1 WC,1,0,1,2026-05-17 10:00:00.000003
MUS-Museum-672278,Winter Performance,2026-07-21,thomas.patel59@hotmail.co.uk,PL5 1 HA,4,3,5,2026-05-29 16:00:00.000003
MUS-Museum-135900,Winter Performance,2026-07-21,ella.hill4@icloud.com,PL1 5 JF,2,1,3,2026-06-30 18:00
MUS-Museum-471533,Winter Performance,2026-07-21,charlie.taylor51@yahoo.co.uk,PL5 7 QK,1,0,2,2026-07-16 10:59:59.999997
MUS-Museum-520039,Winter Performance,2026-07-21,alfie.hill81@gmail.com,PL6 9 JN,1,0,1,2026-06-18 09:00
MUS-Museum-390340,Winter Performance,2026-07-21,william.perry20@icloud.com,PL7 8 IV,2,1,3,2026-06-09 19:59:59.999997
MUS-Museum-165790,Winter Performance,2026-07-21,jack.cook62@hotmail.co.uk,TQ12 1 ZZ,3,2,4,2026-05-24 10:00:00.000003
MUS-Museum-282223,Winter Performance,2026-07-21,oscar.bennett32@hotmail.co.uk,PL2 1 XJ,1,0,1,2026-05-28 16:00:00.000003
MUS-Museum-260680,Winter Performance,2026-07-21,ruby.smith76@hotmail.co.uk,PL5 1 CT,1,0,1,2026-07-17 19:59:59.999997
MUS-Museum-730394,Winter Performance,2026-07-21,ethan.williams58@icloud.com,PL2 4 AN,1,0,1,2026-06-18 13:59:59.999997
MUS-Museum-161332,Winter Performance,2026-07-21,lucas.wilson95@icloud.com,TQ4 4 FA,4,3,5,2026-05-23 10:00:00.000003
MUS-Museum-901541,Winter Performance,2026-07-21,jessica.brown42@icloud.com,TR1 6 IF,1,0,1,2026-07-10 10:59:59.999997
MUS-Museum-553165,Winter Performance,2026-07-21,oscar.collins97@gmail.com,TQ12 3 SC,3,2,4,2026-05-17 10:59:59.999997
MUS-Museum-410629,Winter Performance,2026-07-21,jacob.morgan6@icloud.com,TA1 7 KB,2,1,3,2026-05-22 13:00:00.000003
MUS-Museum-567505,Winter Performance,2026-07-21,jacob.moore35@yahoo.co.uk,PL7 8 XA,4,3,5,2026-07-10 07:59:59.999997
MUS-Museum-987246,Winter Performance,2026-07-21,alfie.king30@outlook.com,TQ12 3 BY,4,3,5,2026-06-26 19:00:00.000003
MUS-Museum-139287,Winter Performance,2026-07-21,jack.ward23@gmail.com,PL6 5 KZ,2,1,3,2026-06-01 19:00:00.000003
MUS-Museum-749124,Winter Performance,2026-07-21,daniel.evans87@hotmail.co.uk,PL7 1 EK,1,0,2,2026-06-05 09:00
MUS-Museum-304790,Winter Performance,2026-07-21,jack.king12@hotmail.co.uk,TQ1 1 HU,1,0,1,2026-07-16 12:00
MUS-Museum-366998,Winter Performance,2026-07-21,joshua.singh72@hotmail.co.uk,PL6 5 TT,2,1,3,2026-06-01 15:00
MUS-Museum-822599,Winter Performance,2026-07-21,mia.jackson25@hotmail.co.uk,PL2 5 TP,2,1,3,2026-04-27 18:00
MUS-Museum-864431,Winter Performance,2026-07-21,mia.white58@gmail.com,PL1 1 NT,2,1,3,2026-07-07 16:59:59.999997
MUS-Museum-544845,Winter Performance,2026-07-21,lily.smith6@gmail.com,PL7 1 RS,1,0,1,2026-05-23 13:59:59.999997
MUS-Museum-678267,Winter Performance,2026-07-21,jack.scott13@yahoo.co.uk,PL1 5 IB,3,2,4,2026-06-10 18:00
MUS-Museum-248470,Winter Performance,2026-07-21,lucas.bennett59@hotmail.co.uk,PL6 4 NQ,4,3,5,2026-07-01 16:59:59.999997
MUS-Museum-329601,Winter Performance,2026-07-21,samuel.taylor25@gmail.com,EX2 3 HL,5,4,6,2026-05-08 18:00
MUS-Museum-984262,Winter Performance,2026-07-21,grace.brown15@gmail.com,EX3 2 RK,3,2,4,2026-05-28 10:00:00.000003
MUS-Museum-177329,Winter Performance,2026-07-21,ella.patel37@outlook.com,PL6 5 GE,2,1,3,2026-04-28 15:00
MUS-Museum-549507,Winter Performance,2026-07-21,daniel.roberts14@gmail.com,PL4 5 MM,1,0,1,2026-05-29 13:00:00.000003
MUS-Museum-509154,Winter Performance,2026-07-21,harry.white37@gmail.com,TA1 2 HE,3,2,4,2026-07-10 10:59:59.999997
MUS-Museum-987601,Winter Performance,2026-07-21,megan.young94@outlook.com,PL6 6 PQ,3,2,4,2026-05-02 13:59:59.999997
MUS-Museum-765938,Winter Performance,2026-07-21,amelia.bennett79@hotmail.co.uk,PL3 3 UK,4,3,5,2026-04-26 09:00
MUS-Museum-360272,Winter Performance,2026-07-21,lucy.walker80@icloud.com,PL5 4 VY,1,0,1,2026-04-27 13:59:59.999997
MUS-Museum-250658,Winter Performance,2026-07-21,freya.baker37@outlook.com,PL1 9 TU,1,0,1,2026-05-07 10:59:59.999997
MUS-Museum-591359,Winter Performance,2026-07-21,emma.bell1@gmail.com,TR7 4 TZ,1,0,2,2026-04-27 13:59:59.999997
MUS-Museum-609127,Winter Performance,2026-07-21,phoebe.green95@gmail.com,PL6 6 YA,2,1,3,2026-04-25 16:59:59.999997
MUS-Museum-534539,Winter Performance,2026-07-21,daniel.morgan28@icloud.com,PL3 5 JC,1,0,1,2026-06-27 16:59:59.999997
MUS-Museum-609242,Winter Performance,2026-07-21,ella.wood16@icloud.com,PL7 1 ST,5,4,6,2026-06-28 19:00:00.000003
MUS-Museum-603391,Winter Performance,2026-07-21,phoebe.king3@outlook.com,PL6 5 BL,1,0,1,2026-05-22 13:00:00.000003
MUS-Museum-478107,Winter Performance,2026-07-21,henry.evans29@icloud.com,PL4 7 LP,4,3,5,2026-07-11 19:59:59.999997
MUS-Museum-844145,Winter Performance,2026-07-21,george.walker31@outlook.com,TQ2 5 SO,1,0,2,2026-04-26 16:59:59.999997
MUS-Museum-382269,Winter Performance,2026-07-21,grace.bell3@hotmail.co.uk,PL6 7 EF,1,0,2,2026-04-23 13:00:00.000003
MUS-Museum-297432,Winter Performance,2026-07-21,thomas.wilson79@icloud.com,EX3 8 PY,1,0,1,2026-06-02 10:00:00.000003
MUS-Museum-452918,Winter Performance,2026-07-21,oliver.harris77@icloud.com,PL3 3 JA,1,0,1,2026-06-11 10:00:00.000003
MUS-Museum-396368,Winter Performance,2026-07-21,george.harris44@gmail.com,TA1 4 HV,1,0,1,2026-04-27 19:59:59.999997
MUS-Museum-149071,Winter Performance,2026-07-21,leo.young97@hotmail.co.uk,PL12 7 XQ,2,1,3,2026-06-18 18:00
MUS-Museum-938895,Winter Performance,2026-07-21,ethan.bell72@yahoo.co.uk,TR7 4 XB,2,1,3,2026-06-09 19:00:00.000003
MUS-Museum-399028,Winter Performance,2026-07-21,charlotte.baker95@hotmail.co.uk,PL9 7 EV,2,1,3,2026-06-14 19:00:00.000003
MUS-Museum-834550,Winter Performance,2026-07-21,lucas.jackson68@hotmail.co.uk,PL12 2 QE,3,2,4,2026-06-27 18:00
MUS-Museum-567129,Winter Performance,2026-07-21,daniel.hill74@hotmail.co.uk,PL12 9 CR,1,0,1,2026-07-07 12:00
MUS-Museum-266224,Winter Performance,2026-07-21,james.baker62@yahoo.co.uk,TA6 4 VZ,1,0,1,2026-05-04 10:00:00.000003
MUS-Museum-603812,Winter Performance,2026-07-21,charlie.king53@yahoo.co.uk,PL5 8 PS,2,1,3,2026-06-02 19:00:00.000003
MUS-Museum-708330,Winter Performance,2026-07-21,emma.cooper52@icloud.com,PL3 5 LH,2,1,3,2026-05-26 19:59:59.999997
MUS-Museum-671663,Winter Performance,2026-07-21,sophie.moore28@hotmail.co.uk,TA6 2 UI,1,0,1,2026-06-09 16:00:00.000003
MUS-Museum-375126,Winter Performance,2026-07-21,amelia.bell8@yahoo.co.uk,PL5 9 UC,1,0,2,2026-05-23 16:00:00.000003
MUS-Museum-753547,Winter Performance,2026-07-21,henry.harris34@hotmail.co.uk,PL2 5 SS,1,0,2,2026-05-26 19:59:59.999997
MUS-Museum-476946,Winter Performance,2026-07-21,james.wilson77@hotmail.co.uk,TA1 7 SF,4,3,5,2026-05-28 13:00:00.000003
MUS-Museum-679762,Winter Performance,2026-07-21,lily.williams30@yahoo.co.uk,EX4 7 OA,1,0,2,2026-06-10 15:00
MUS-Museum-909863,Winter Performance,2026-07-21,oliver.walker41@hotmail.co.uk,EX3 1 ZS,1,0,2,2026-07-01 16:00:00.000003
MUS-Museum-510176,Winter Performance,2026-07-21,oliver.thomas60@outlook.com,EX2 2 SH,1,0,1,2026-06-24 13:59:59.999997
MUS-Museum-533127,Winter Performance,2026-07-21,lucy.king67@icloud.com,PL12 7 WW,1,0,2,2026-05-22 07:59:59.999997
MUS-Museum-296915,Winter Performance,2026-07-21,poppy.perry45@icloud.com,EX1 2 IC,4,3,5,2026-05-17 10:00:00.000003
MUS-Museum-496013,Winter Performance,2026-07-21,evie.jackson3@yahoo.co.uk,PL1 7 YF,1,0,2,2026-05-11 10:00:00.000003
MUS-Museum-759395,Winter Performance,2026-07-21,jacob.moore75@hotmail.co.uk,PL2 6 ZK,2,1,3,2026-05-11 13:59:59.999997
MUS-Museum-526489,Winter Performance,2026-07-21,thomas.ahmed80@hotmail.co.uk,PL9 6 BX,2,1,3,2026-06-18 16:00:00.000003
MUS-Museum-615309,Winter Performance,2026-07-21,oscar.perry84@outlook.com,PL5 9 JB,2,1,3,2026-06-05 13:59:59.999997
MUS-Museum-574997,Winter Performance,2026-07-21,grace.bell87@yahoo.co.uk,PL3 3 HX,1,0,1,2026-05-09 10:59:59.999997
MUS-Museum-151038,Winter Performance,2026-07-21,joshua.scott20@icloud.com,PL5 8 LO,1,0,2,2026-04-29 10:00:00.000003
MUS-Museum-793296,Winter Performance,2026-07-21,henry.king73@yahoo.co.uk,PL14 9 KX,5,4,6,2026-06-17 16:00:00.000003
MUS-Museum-850295,Winter Performance,2026-07-21,henry.wood88@outlook.com,PL4 5 UD,2,1,3,2026-06-03 19:00:00.000003
MUS-Museum-784352,Winter Performance,2026-07-21,amelia.singh75@icloud.com,TQ4 1 TX,2,1,3,2026-05-18 18:00
MUS-Museum-627939,Winter Performance,2026-07-21,charlie.scott65@gmail.com,PL1 8 ZG,4,3,5,2026-04-27 10:00:00.000003
MUS-Museum-805639,Winter Performance,2026-07-21,james.turner54@gmail.com,TA6 1 KN,2,1,3,2026-06-13 13:59:59.999997
MUS-Museum-386594,Winter Performance,2026-07-21,daniel.taylor50@outlook.com,EX2 4 QV,1,0,2,2026-06-20 13:59:59.999997
MUS-Museum-687449,Winter Performance,2026-07-21,lucas.thomas89@icloud.com,PL5 5 SL,3,2,4,2026-05-13 12:00
MUS-Museum-366466,Winter Performance,2026-07-21,poppy.allen90@yahoo.co.uk,PL4 4 FF,4,3,5,2026-06-25 13:59:59.999997
MUS-Museum-374557,Winter Performance,2026-07-21,emily.walker82@gmail.com,PL1 6 MJ,4,3,5,2026-07-12 18:00
MUS-Museum-822426,Winter Performance,2026-07-21,alice.allen50@outlook.com,PL6 5 EX,1,0,2,2026-06-24 19:59:59.999997
MUS-Museum-588114,Winter Performance,2026-07-21,charlotte.walker21@yahoo.co.uk,PL5 3 NR,4,3,5,2026-06-25 07:59:59.999997
MUS-Museum-250901,Drama Workshop,2026-08-14,leo.bell73@icloud.com,PL9 6 ZZ,4,3,5,2026-05-26 19:59:59.999997
MUS-Museum-547172,Drama Workshop,2026-08-14,lily.evans69@outlook.com,EX2 1 MV,1,0,2,2026-05-20 19:00:00.000003
MUS-Museum-106719,Drama Workshop,2026-08-14,jessica.king76@outlook.com,PL2 4 QP,4,3,5,2026-06-16 09:00
MUS-Museum-598484,Drama Workshop,2026-08-14,daniel.taylor50@outlook.com,EX2 4 QV,1,0,1,2026-07-05 19:00:00.000003
MUS-Museum-361252,Drama Workshop,2026-08-14,daniel.collins63@outlook.com,PL4 1 UH,2,1,3,2026-07-10 13:59:59.999997
MUS-Museum-473566,Drama Workshop,2026-08-14,lily.walker76@outlook.com,PL9 3 SY,4,3,5,2026-07-28 13:00:00.000003
MUS-Museum-317178,Drama Workshop,2026-08-14,lucas.morgan77@yahoo.co.uk,PL5 9 HI,2,1,3,2026-05-19 16:59:59.999997
MUS-Museum-343252,Drama Workshop,2026-08-14,ella.murphy97@outlook.com,PL9 1 UW,1,0,1,2026-07-01 18:00
MUS-Museum-560446,Drama Workshop,2026-08-14,jessica.brown42@icloud.com,TR1 6 IF,5,4,6,2026-05-29 13:59:59.999997
MUS-Museum-859942,Drama Workshop,2026-08-14,phoebe.ahmed81@outlook.com,PL19 6 FE,1,0,1,2026-07-06 13:59:59.999997
MUS-Museum-385655,Drama Workshop,2026-08-14,joshua.bell40@gmail.com,PL5 7 KA,1,0,2,2026-07-02 09:00
MUS-Museum-293915,Drama Workshop,2026-08-14,chloe.harris19@hotmail.co.uk,PL3 4 XZ,2,1,3,2026-07-11 19:00:00.000003
MUS-Museum-340443,Drama Workshop,2026-08-14,charlie.roberts84@hotmail.co.uk,PL4 6 OT,3,2,4,2026-06-18 10:59:59.999997
MUS-Museum-927919,Drama Workshop,2026-08-14,leo.ahmed80@yahoo.co.uk,PL4 3 GI,1,0,2,2026-06-18 19:59:59.999997
MUS-Museum-643985,Drama Workshop,2026-08-14,freya.moore10@yahoo.co.uk,TQ12 2 HS,1,0,2,2026-07-02 10:59:59.999997
MUS-Museum-443700,Drama Workshop,2026-08-14,emily.smith77@yahoo.co.uk,PL5 8 RT,4,3,5,2026-08-06 16:59:59.999997
MUS-Museum-631154,Drama Workshop,2026-08-14,henry.collins97@gmail.com,PL9 2 JO,3,2,4,2026-08-02 13:00:00.000003
MUS-Museum-264543,Drama Workshop,2026-08-14,william.allen2@icloud.com,TA6 3 KJ,2,1,3,2026-07-12 10:59:59.999997
MUS-Museum-554858,Drama Workshop,2026-08-14,daniel.morgan28@icloud.com,PL3 5 JC,2,1,3,2026-05-27 12:00
MUS-Museum-456769,Drama Workshop,2026-08-14,daniel.hill74@hotmail.co.uk,PL12 9 CR,1,0,1,2026-08-13 16:59:59.999997
MUS-Museum-164744,Drama Workshop,2026-08-14,jacob.moore75@hotmail.co.uk,PL2 6 ZK,2,1,3,2026-06-27 16:00:00.000003
MUS-Museum-634596,Drama Workshop,2026-08-14,jacob.jones77@hotmail.co.uk,TQ2 4 VJ,1,0,1,2026-06-05 19:00:00.000003
MUS-Museum-574651,Drama Workshop,2026-08-14,alice.clarke55@hotmail.co.uk,PL19 3 TU,1,0,1,2026-05-29 16:00:00.000003
MUS-Museum-511884,Drama Workshop,2026-08-14,ethan.harris3@icloud.com,PL1 5 PH,1,0,2,2026-07-13 19:59:59.999997
MUS-Museum-987974,Drama Workshop,2026-08-14,max.davies72@gmail.com,PL7 8 CN,2,1,3,2026-07-08 07:59:59.999997
MUS-Museum-438188,Drama Workshop,2026-08-14,charlotte.wood43@outlook.com,PL3 9 LD,1,0,2,2026-05-24 09:00
MUS-Museum-906407,Drama Workshop,2026-08-14,grace.bell87@yahoo.co.uk,PL3 3 HX,4,3,5,2026-07-04 12:00
MUS-Museum-916087,Drama Workshop,2026-08-14,noah.singh15@gmail.com,PL4 3 HJ,5,4,6,2026-05-30 13:00:00.000003
MUS-Museum-656051,Drama Workshop,2026-08-14,emily.evans16@hotmail.co.uk,PL6 6 HY,1,0,1,2026-06-27 10:00:00.000003
MUS-Museum-617392,Drama Workshop,2026-08-14,joshua.ward63@hotmail.co.uk,PL5 2 NG,1,0,1,2026-07-09 19:00:00.000003
MUS-Museum-285510,Drama Workshop,2026-08-14,thomas.white96@icloud.com,PL6 3 EC,1,0,2,2026-07-23 12:00
MUS-Museum-786089,Drama Workshop,2026-08-14,emma.cooper52@icloud.com,PL3 5 LH,1,0,2,2026-06-11 13:00:00.000003
MUS-Museum-379019,Drama Workshop,2026-08-14,jacob.allen6@gmail.com,TQ3 1 GD,3,2,4,2026-05-26 16:00:00.000003
MUS-Museum-874073,Drama Workshop,2026-08-14,megan.baker62@gmail.com,PL1 6 MS,1,0,1,2026-05-31 13:59:59.999997
MUS-Museum-139467,Drama Workshop,2026-08-14,ella.brown49@icloud.com,PL2 3 PZ,4,3,5,2026-06-11 12:00
MUS-Museum-216718,Drama Workshop,2026-08-14,joshua.moore53@yahoo.co.uk,PL2 3 XX,3,2,4,2026-05-29 13:59:59.999997
MUS-Museum-438134,Drama Workshop,2026-08-14,emma.cooper7@yahoo.co.uk,PL3 4 HC,2,1,3,2026-07-03 10:00:00.000003
MUS-Museum-648376,Drama Workshop,2026-08-14,evie.hall25@icloud.com,TQ12 4 XV,1,0,1,2026-06-27 13:00:00.000003
MUS-Museum-563914,Drama Workshop,2026-08-14,oliver.harris42@yahoo.co.uk,PL7 6 ZM,1,0,1,2026-08-09 07:59:59.999997
MUS-Museum-375069,Dance Showcase,2026-08-15,harry.johnson80@icloud.com,PL6 9 RB,4,3,5,2026-06-23 16:59:59.999997
MUS-Museum-684296,Dance Showcase,2026-08-15,lucas.perry91@gmail.com,PL9 6 NO,3,2,4,2026-07-19 13:59:59.999997
MUS-Museum-574801,Dance Showcase,2026-08-15,mia.thomas97@hotmail.co.uk,PL7 9 DT,3,2,4,2026-07-29 10:59:59.999997
MUS-Museum-982941,Dance Showcase,2026-08-15,ethan.turner97@hotmail.co.uk,PL1 2 OB,4,3,5,2026-07-17 13:59:59.999997
MUS-Museum-251934,Dance Showcase,2026-08-15,thomas.bell46@gmail.com,PL2 1 ZK,3,2,4,2026-07-21 13:59:59.999997
MUS-Museum-210925,Dance Showcase,2026-08-15,evie.wood4@yahoo.co.uk,PL7 5 RX,1,0,1,2026-06-20 15:00
MUS-Museum-173542,Dance Showcase,2026-08-15,oliver.young65@outlook.com,PL3 9 AR,1,0,2,2026-07-31 13:00:00.000003
MUS-Museum-179316,Dance Showcase,2026-08-15,henry.evans29@icloud.com,PL4 7 LP,4,3,5,2026-07-09 10:00:00.000003
MUS-Museum-251509,Dance Showcase,2026-08-15,charlotte.singh74@gmail.com,TR1 8 KQ,4,3,5,2026-05-27 13:59:59.999997
MUS-Museum-270928,Dance Showcase,2026-08-15,freya.harris58@yahoo.co.uk,PL3 9 LR,1,0,1,2026-05-30 19:00:00.000003
MUS-Museum-375160,Dance Showcase,2026-08-15,lily.brown72@outlook.com,TA1 1 IC,2,1,3,2026-08-06 19:59:59.999997
MUS-Museum-254361,Dance Showcase,2026-08-15,sophie.cook60@outlook.com,PL2 5 AS,1,0,2,2026-05-26 19:59:59.999997
MUS-Museum-568253,Dance Showcase,2026-08-15,ella.ahmed59@yahoo.co.uk,PL5 4 ZK,4,3,5,2026-08-02 10:59:59.999997
MUS-Museum-335270,Dance Showcase,2026-08-15,george.baker40@icloud.com,PL7 4 EF,1,0,1,2026-07-03 12:00
MUS-Museum-469916,Dance Showcase,2026-08-15,emma.wood27@icloud.com,PL14 1 MO,3,2,4,2026-08-07 15:00
MUS-Museum-586588,Dance Showcase,2026-08-15,daniel.morgan45@icloud.com,PL4 2 XA,1,0,1,2026-07-20 19:59:59.999997
MUS-Museum-348041,Dance Showcase,2026-08-15,charlie.roberts84@hotmail.co.uk,PL4 6 OT,1,0,1,2026-06-27 07:59:59.999997
MUS-Museum-546279,Dance Showcase,2026-08-15,joshua.white16@icloud.com,PL4 7 UF,5,4,6,2026-05-26 09:00
MUS-Museum-396376,Dance Showcase,2026-08-15,lucy.bell92@gmail.com,PL2 1 XI,1,0,1,2026-08-05 16:00:00.000003
MUS-Museum-351778,Dance Showcase,2026-08-15,emma.evans38@hotmail.co.uk,PL7 7 WZ,3,2,4,2026-07-25 13:59:59.999997
MUS-Museum-317801,Dance Showcase,2026-08-15,ella.turner25@icloud.com,PL5 1 JS,3,2,4,2026-08-14 19:59:59.999997
MUS-Museum-276808,Dance Showcase,2026-08-15,charlotte.ahmed59@gmail.com,PL4 9 TX,4,3,5,2026-05-28 13:59:59.999997
MUS-Museum-944265,Dance Showcase,2026-08-15,freya.patel73@yahoo.co.uk,PL9 3 RS,3,2,4,2026-07-10 18:00
MUS-Museum-518974,Dance Showcase,2026-08-15,freya.moore10@yahoo.co.uk,TQ12 2 HS,2,1,3,2026-06-14 16:00:00.000003
MUS-Museum-919323,Dance Showcase,2026-08-15,george.harris44@gmail.com,TA1 4 HV,4,3,5,2026-05-31 10:00:00.000003
MUS-Museum-567307,Dance Showcase,2026-08-15,emily.green32@gmail.com,EX2 2 KN,2,1,3,2026-06-08 10:59:59.999997
MUS-Museum-186156,Dance Showcase,2026-08-15,phoebe.ahmed63@icloud.com,PL9 3 NM,1,0,1,2026-06-18 07:59:59.999997
MUS-Museum-147792,Dance Showcase,2026-08-15,ethan.walker70@yahoo.co.uk,PL19 8 LW,2,1,3,2026-07-25 13:00:00.000003
MUS-Museum-294757,Dance Showcase,2026-08-15,olivia.moore94@icloud.com,PL7 7 GS,3,2,4,2026-07-15 09:00
MUS-Museum-592982,Dance Showcase,2026-08-15,phoebe.green95@gmail.com,PL6 6 YA,1,0,1,2026-06-23 18:00
MUS-Museum-829241,Dance Showcase,2026-08-15,william.perry20@icloud.com,PL7 8 IV,1,0,1,2026-08-09 18:00
MUS-Museum-632299,Dance Showcase,2026-08-15,oliver.allen59@outlook.com,PL4 4 CB,1,0,1,2026-08-03 10:00:00.000003
MUS-Museum-836498,Dance Showcase,2026-08-15,olivia.johnson78@hotmail.co.uk,PL7 7 DA,1,0,2,2026-07-22 19:00:00.000003
MUS-Museum-868468,Dance Showcase,2026-08-15,samuel.taylor85@gmail.com,PL2 9 AK,1,0,1,2026-07-20 10:59:59.999997
MUS-Museum-895284,Dance Showcase,2026-08-15,james.scott57@yahoo.co.uk,PL14 6 HW,3,2,4,2026-06-04 13:00:00.000003
MUS-Museum-429934,Dance Showcase,2026-08-15,ethan.roberts36@yahoo.co.uk,TQ1 7 FH,1,0,2,2026-05-18 10:59:59.999997
MUS-Museum-111810,Dance Showcase,2026-08-15,ruby.jackson97@icloud.com,PL1 6 VG,1,0,1,2026-06-15 16:59:59.999997
MUS-Museum-922603,Dance Showcase,2026-08-15,george.taylor35@outlook.com,PL2 3 SR,1,0,2,2026-06-04 18:00
MUS-Museum-513528,Dance Showcase,2026-08-15,max.smith32@gmail.com,EX4 5 QX,2,1,3,2026-06-17 16:00:00.000003
MUS-Museum-879735,Dance Showcase,2026-08-15,samuel.evans74@gmail.com,PL5 2 BU,1,0,1,2026-05-28 07:59:59.999997
MUS-Museum-827610,Dance Showcase,2026-08-15,jessica.ward38@gmail.com,PL1 2 HP,2,1,3,2026-07-11 19:59:59.999997
MUS-Museum-338601,Dance Showcase,2026-08-15,lucas.ward61@gmail.com,TQ1 8 BB,1,0,2,2026-05-29 12:00
MUS-Museum-221213,Dance Showcase,2026-08-15,william.collins65@outlook.com,PL6 6 RY,2,1,3,2026-05-26 07:59:59.999997
MUS-Museum-682434,Dance Showcase,2026-08-15,ella.hill91@gmail.com,PL6 3 XJ,1,0,1,2026-07-24 16:00:00.000003
MUS-Museum-257856,Dance Showcase,2026-08-15,lucy.evans98@yahoo.co.uk,PL7 8 WL,3,2,4,2026-05-20 07:59:59.999997
MUS-Museum-219417,Dance Showcase,2026-08-15,lucy.wood43@icloud.com,PL21 7 XQ,2,1,3,2026-07-17 18:00
MUS-Museum-783413,Dance Showcase,2026-08-15,freya.brown19@outlook.com,PL4 1 AD,1,0,1,2026-07-31 19:59:59.999997
MUS-Museum-525654,Dance Showcase,2026-08-15,ella.murphy97@outlook.com,PL9 1 UW,1,0,1,2026-08-13 10:00:00.000003
MUS-Museum-632782,Dance Showcase,2026-08-15,charlotte.walker22@icloud.com,PL5 6 ZU,1,0,1,2026-06-05 18:00
MUS-Museum-258812,Dance Showcase,2026-08-15,jack.clarke4@gmail.com,PL7 8 WD,1,0,2,2026-06-21 18:00
MUS-Museum-604307,Dance Showcase,2026-08-15,leo.wilson17@outlook.com,EX1 9 PS,5,4,6,2026-06-05 13:00:00.000003
MUS-Museum-367303,Dance Showcase,2026-08-15,lucas.singh53@gmail.com,PL6 5 PT,1,0,2,2026-06-06 07:59:59.999997
MUS-Museum-724308,Dance Showcase,2026-08-15,leo.young97@hotmail.co.uk,PL12 7 XQ,1,0,1,2026-06-24 19:00:00.000003
MUS-Museum-489954,Dance Showcase,2026-08-15,poppy.morgan31@icloud.com,PL19 9 TL,1,0,1,2026-08-12 10:00:00.000003
MUS-Museum-294506,Dance Showcase,2026-08-15,ella.patel1@icloud.com,TA6 4 GS,5,4,6,2026-06-27 19:00:00.000003
MUS-Museum-382873,Spring Festival,2026-08-22,george.moore51@icloud.com,PL6 4 UV,1,0,2,2026-07-25 10:59:59.999997
MUS-Museum-457951,Spring Festival,2026-08-22,william.brown80@hotmail.co.uk,PL2 6 PP,2,1,3,2026-06-28 10:00:00.000003
MUS-Museum-118413,Spring Festival,2026-08-22,oliver.singh82@hotmail.co.uk,PL1 4 FQ,3,2,4,2026-07-23 19:59:59.999997
MUS-Museum-320960,Spring Festival,2026-08-22,lily.smith7@gmail.com,PL4 3 JK,2,1,3,2026-08-17 13:59:59.999997
MUS-Museum-336003,Spring Festival,2026-08-22,evie.wood4@yahoo.co.uk,PL7 5 RX,1,0,1,2026-07-10 07:59:59.999997
MUS-Museum-399970,Spring Festival,2026-08-22,sophie.young35@icloud.com,PL5 2 YW,1,0,1,2026-06-22 19:59:59.999997
MUS-Museum-291205,Spring Festival,2026-08-22,george.walker66@icloud.com,PL4 3 GB,2,1,3,2026-08-16 12:00
MUS-Museum-152504,Spring Festival,2026-08-22,ethan.williams58@icloud.com,PL2 4 AN,1,0,1,2026-07-04 10:00:00.000003
MUS-Museum-673736,Spring Festival,2026-08-22,ella.singh19@outlook.com,PL14 1 PS,1,0,1,2026-06-13 19:59:59.999997
MUS-Museum-920919,Spring Festival,2026-08-22,mia.harris28@icloud.com,TA6 3 SB,1,0,2,2026-07-01 15:00
MUS-Museum-391759,Spring Festival,2026-08-22,daniel.patel24@icloud.com,PL6 6 NB,1,0,2,2026-05-30 15:00
MUS-Museum-287721,Spring Festival,2026-08-22,charlotte.walker22@icloud.com,PL5 6 ZU,2,1,3,2026-05-26 16:59:59.999997
MUS-Museum-836948,Spring Festival,2026-08-22,oliver.hill20@yahoo.co.uk,PL12 3 SF,2,1,3,2026-07-08 19:00:00.000003
MUS-Museum-604737,Spring Festival,2026-08-22,evie.turner84@yahoo.co.uk,PL19 1 HJ,1,0,2,2026-07-21 18:00
MUS-Museum-606900,Spring Festival,2026-08-22,emily.walker82@gmail.com,PL1 6 MJ,1,0,1,2026-06-25 16:59:59.999997
MUS-Museum-686598,Spring Festival,2026-08-22,joshua.white16@icloud.com,PL4 7 UF,2,1,3,2026-06-24 18:00
MUS-Museum-591654,Spring Festival,2026-08-22,lucy.clarke1@hotmail.co.uk,PL9 6 VP,1,0,1,2026-08-16 12:00
MUS-Museum-370855,Spring Festival,2026-08-22,chloe.collins66@hotmail.co.uk,PL5 6 DR,1,0,1,2026-06-18 09:00
MUS-Museum-613644,Spring Festival,2026-08-22,noah.johnson42@gmail.com,PL21 5 DX,2,1,3,2026-07-21 15:00
MUS-Museum-843253,Spring Festival,2026-08-22,samuel.evans11@gmail.com,PL1 9 GE,2,1,3,2026-07-03 13:59:59.999997
MUS-Museum-720140,Spring Festival,2026-08-22,jacob.jones44@gmail.com,PL5 7 DL,1,0,1,2026-06-07 13:59:59.999997
MUS-Museum-423113,Spring Festival,2026-08-22,noah.singh15@gmail.com,PL4 3 HJ,1,0,1,2026-05-31 19:59:59.999997
MUS-Museum-403782,Spring Festival,2026-08-22,lucy.evans98@yahoo.co.uk,PL7 8 WL,1,0,1,2026-07-28 16:00:00.000003
MUS-Museum-752498,Spring Festival,2026-08-22,joshua.wilson78@icloud.com,TR1 5 OM,3,2,4,2026-07-02 09:00
MUS-Museum-182367,Spring Festival,2026-08-22,charlotte.davies2@outlook.com,PL4 1 VF,3,2,4,2026-05-31 12:00
MUS-Museum-214146,Spring Festival,2026-08-22,samuel.hill47@gmail.com,TQ1 4 KH,1,0,1,2026-06-10 10:00:00.000003
MUS-Museum-662303,Spring Festival,2026-08-22,ethan.taylor59@yahoo.co.uk,PL21 2 TO,4,3,5,2026-08-03 09:00
MUS-Museum-580429,Spring Festival,2026-08-22,lucy.king67@icloud.com,PL12 7 WW,2,1,3,2026-08-13 10:59:59.999997
MUS-Museum-358179,Spring Festival,2026-08-22,james.collins27@hotmail.co.uk,PL1 4 EO,1,0,2,2026-07-10 10:59:59.999997
MUS-Museum-747507,Spring Festival,2026-08-22,poppy.singh85@outlook.com,TQ1 4 XE,1,0,1,2026-08-14 13:59:59.999997
MUS-Museum-962086,Spring Festival,2026-08-22,harry.smith36@icloud.com,PL4 3 BD,2,1,3,2026-07-26 13:59:59.999997
MUS-Museum-562464,Spring Festival,2026-08-22,ruby.smith76@hotmail.co.uk,PL5 1 CT,1,0,2,2026-07-30 10:59:59.999997
MUS-Museum-853333,Spring Festival,2026-08-22,lucy.green91@outlook.com,PL14 6 OR,3,2,4,2026-07-07 09:00
MUS-Museum-556773,Spring Festival,2026-08-22,lucy.king36@icloud.com,TQ12 1 SI,1,0,2,2026-08-03 12:00
MUS-Museum-263729,Spring Festival,2026-08-22,poppy.harris66@outlook.com,PL2 6 QQ,1,0,2,2026-07-16 07:59:59.999997
MUS-Museum-939271,Spring Festival,2026-08-22,ethan.perry38@icloud.com,PL5 8 AC,1,0,2,2026-06-28 18:00
MUS-Museum-279672,Spring Festival,2026-08-22,evie.williams28@yahoo.co.uk,PL4 6 KG,3,2,4,2026-07-13 12:00
MUS-Museum-669670,Spring Festival,2026-08-22,lucas.perry91@gmail.com,PL9 6 NO,1,0,1,2026-06-21 12:00
MUS-Museum-473369,Spring Festival,2026-08-22,daniel.morgan45@icloud.com,PL4 2 XA,3,2,4,2026-06-19 09:00
MUS-Museum-465201,Spring Festival,2026-08-22,alice.scott26@yahoo.co.uk,PL4 3 UA,1,0,2,2026-08-09 13:59:59.999997
MUS-Museum-474080,Spring Festival,2026-08-22,oliver.young65@outlook.com,PL3 9 AR,1,0,2,2026-06-18 09:00
MUS-Museum-189790,Spring Festival,2026-08-22,ruby.cook46@hotmail.co.uk,PL21 2 UW,3,2,4,2026-05-31 13:59:59.999997
MUS-Museum-516650,Spring Festival,2026-08-22,ella.brown49@icloud.com,PL2 3 PZ,5,4,6,2026-07-31 13:00:00.000003
MUS-Museum-923734,Spring Festival,2026-08-22,james.williams6@yahoo.co.uk,PL4 1 CB,2,1,3,2026-05-30 13:00:00.000003
MUS-Museum-927487,Spring Festival,2026-08-22,jack.young74@icloud.com,PL5 6 OR,1,0,1,2026-07-26 07:59:59.999997
MUS-Museum-251810,Spring Festival,2026-08-22,george.taylor35@outlook.com,PL2 3 SR,4,3,5,2026-06-07 18:00
MUS-Museum-756880,Spring Festival,2026-08-22,james.jones15@hotmail.co.uk,PL9 1 GX,1,0,2,2026-05-30 10:59:59.999997
MUS-Museum-534608,Spring Festival,2026-08-22,mia.white58@gmail.com,PL1 1 NT,2,1,3,2026-05-27 19:59:59.999997
MUS-Museum-309991,Spring Festival,2026-08-22,emily.baker59@gmail.com,PL14 7 WQ,3,2,4,2026-06-21 12:00
MUS-Museum-290274,Spring Festival,2026-08-22,emily.cook57@gmail.com,EX3 1 JJ,2,1,3,2026-07-31 16:59:59.999997
MUS-Museum-579221,Spring Festival,2026-08-22,lucas.wood46@yahoo.co.uk,EX3 3 VR,1,0,1,2026-06-13 13:59:59.999997
MUS-Museum-400477,Spring Festival,2026-08-22,charlotte.jones84@outlook.com,PL6 5 UJ,1,0,1,2026-06-29 12:00
MUS-Museum-854545,Spring Festival,2026-08-22,jacob.bell84@outlook.com,PL7 3 YY,1,0,2,2026-06-22 16:00:00.000003
MUS-Museum-352351,Spring Festival,2026-08-22,evie.scott17@icloud.com,PL4 8 PS,1,0,1,2026-08-15 13:00:00.000003
MUS-Museum-803760,Spring Festival,2026-08-22,ruby.jackson97@icloud.com,PL1 6 VG,3,2,4,2026-07-04 19:00:00.000003
MUS-Museum-975409,Spring Festival,2026-08-22,max.jackson38@icloud.com,EX2 8 TP,1,0,2,2026-06-29 13:00:00.000003
MUS-Museum-111178,Spring Festival,2026-08-22,amelia.white75@gmail.com,PL6 7 UQ,3,2,4,2026-06-28 18:00
MUS-Museum-218512,Spring Festival,2026-08-22,sophie.johnson6@icloud.com,PL3 1 GY,3,2,4,2026-06-10 16:59:59.999997
MUS-Museum-730237,Spring Festival,2026-08-22,chloe.hall78@outlook.com,EX4 6 QN,1,0,1,2026-06-08 16:59:59.999997
MUS-Museum-368197,Spring Festival,2026-08-22,amelia.cooper78@icloud.com,PL3 7 RO,1,0,1,2026-07-09 16:00:00.000003
MUS-Museum-456477,Spring Festival,2026-08-22,jack.cook62@hotmail.co.uk,TQ12 1 ZZ,1,0,2,2026-06-26 13:00:00.000003
MUS-Museum-214074,Spring Festival,2026-08-22,james.ward11@icloud.com,PL6 6 CG,1,0,1,2026-08-03 19:59:59.999997
MUS-Museum-279151,Spring Festival,2026-08-22,ella.singh83@yahoo.co.uk,PL9 9 GO,2,1,3,2026-06-07 16:00:00.000003
MUS-Museum-177270,Spring Festival,2026-08-22,alice.turner96@outlook.com,TQ4 6 CD,3,2,4,2026-06-26 18:00
MUS-Museum-497668,Spring Festival,2026-08-22,leo.wilson17@outlook.com,EX1 9 PS,1,0,1,2026-05-24 19:00:00.000003
MUS-Museum-339595,Spring Festival,2026-08-22,olivia.walker16@gmail.com,TA1 7 RD,1,0,2,2026-06-03 19:59:59.999997
MUS-Museum-555415,Spring Festival,2026-08-22,jessica.williams83@gmail.com,PL6 6 QE,1,0,2,2026-07-07 16:59:59.999997
MUS-Museum-484426,Spring Festival,2026-08-22,phoebe.baker14@outlook.com,PL9 9 LT,2,1,3,2026-07-21 19:00:00.000003
MUS-Museum-197596,Spring Festival,2026-08-22,oliver.smith44@yahoo.co.uk,PL7 3 PU,1,0,1,2026-08-16 09:00
MUS-Museum-703498,Spring Festival,2026-08-22,oliver.bennett26@gmail.com,PL9 2 FR,2,1,3,2026-08-16 13:00:00.000003
MUS-Museum-400854,Spring Festival,2026-08-22,joshua.hall88@yahoo.co.uk,PL9 9 GX,1,0,2,2026-08-18 18:00
MUS-Museum-740332,Spring Festival,2026-08-22,poppy.baker52@yahoo.co.uk,PL3 2 JU,2,1,3,2026-07-27 10:59:59.999997
MUS-Museum-876907,Spring Festival,2026-08-22,evie.roberts64@yahoo.co.uk,TR7 8 YK,1,0,2,2026-06-26 13:59:59.999997
MUS-Museum-576417,Spring Festival,2026-08-22,sophie.perry37@icloud.com,PL6 4 VR,1,0,1,2026-07-09 19:59:59.999997
MUS-Museum-336466,Spring Festival,2026-08-22,freya.walker13@outlook.com,PL2 8 TI,3,2,4,2026-06-19 10:00:00.000003
MUS-Museum-610646,Spring Festival,2026-08-22,alfie.hill81@gmail.com,PL6 9 JN,2,1,3,2026-08-10 10:59:59.999997
MUS-Museum-106631,Spring Festival,2026-08-22,oscar.collins97@gmail.com,TQ12 3 SC,2,1,3,2026-08-20 12:00
MUS-Museum-218016,Spring Festival,2026-08-22,lucy.perry67@hotmail.co.uk,TQ2 9 DQ,1,0,2,2026-08-13 16:00:00.000003
MUS-Museum-697424,Spring Festival,2026-08-22,phoebe.davies49@icloud.com,PL12 4 XK,1,0,1,2026-07-13 15:00
MUS-Museum-783747,Spring Festival,2026-08-22,sophie.moore24@hotmail.co.uk,PL7 7 FG,2,1,3,2026-06-07 13:00:00.000003
MUS-Museum-514166,Spring Festival,2026-08-22,ruby.morgan75@icloud.com,PL6 4 AR,1,0,1,2026-07-02 19:00:00.000003
MUS-Museum-473578,Spring Festival,2026-08-22,ruby.jones77@outlook.com,TR1 4 CZ,1,0,2,2026-07-30 07:59:59.999997
MUS-Museum-467072,Spring Festival,2026-08-22,lucy.walker80@icloud.com,PL5 4 VY,3,2,4,2026-06-07 19:00:00.000003
MUS-Museum-353706,Spring Festival,2026-08-22,jacob.jones77@hotmail.co.uk,TQ2 4 VJ,1,0,2,2026-05-29 19:00:00.000003
MUS-Museum-669775,Spring Festival,2026-08-22,jessica.smith26@outlook.com,PL6 4 QO,3,2,4,2026-06-14 16:59:59.999997
MUS-Museum-921028,Spring Festival,2026-08-22,emily.white92@hotmail.co.uk,TQ4 6 FZ,5,4,6,2026-07-17 16:59:59.999997
MUS-Museum-321662,Spring Festival,2026-08-22,jack.clarke4@gmail.com,PL7 8 WD,1,0,1,2026-05-24 16:00:00.000003
MUS-Museum-164232,Spring Festival,2026-08-22,sophie.taylor5@icloud.com,PL2 2 VH,1,0,1,2026-06-30 16:00:00.000003
MUS-Museum-476919,Spring Festival,2026-08-22,thomas.patel59@hotmail.co.uk,PL5 1 HA,1,0,2,2026-08-10 13:59:59.999997
MUS-Museum-798214,Spring Festival,2026-08-22,freya.baker37@outlook.com,PL1 9 TU,1,0,2,2026-06-03 19:59:59.999997
MUS-Museum-970061,Spring Festival,2026-08-22,lucy.king66@icloud.com,PL2 1 CA,3,2,4,2026-05-25 12:00
MUS-Museum-769177,Spring Festival,2026-08-22,phoebe.ahmed63@icloud.com,PL9 3 NM,3,2,4,2026-07-25 15:00
MUS-Museum-140248,Spring Festival,2026-08-22,oliver.young30@outlook.com,PL9 1 TP,2,1,3,2026-08-13 10:00:00.000003
MUS-Museum-580028,Classic Revisited,2026-10-27,lily.wood42@outlook.com,PL9 9 KY,3,2,4,2026-09-07 09:00
MUS-Museum-899306,Classic Revisited,2026-10-27,jack.king12@hotmail.co.uk,TQ1 1 HU,1,0,2,2026-09-14 13:59:59.999997
MUS-Museum-675245,Classic Revisited,2026-10-27,joshua.patel9@yahoo.co.uk,TA6 8 MH,3,2,4,2026-10-10 15:00
MUS-Museum-692584,Classic Revisited,2026-10-27,ella.white20@gmail.com,PL6 8 QL,3,2,4,2026-08-22 13:59:59.999997
MUS-Museum-840876,Classic Revisited,2026-10-27,jessica.ward69@gmail.com,PL3 5 HR,5,4,6,2026-09-02 10:00:00.000003
MUS-Museum-683717,Classic Revisited,2026-10-27,chloe.collins66@hotmail.co.uk,PL5 6 DR,2,1,3,2026-08-30 18:00
MUS-Museum-807989,Classic Revisited,2026-10-27,lucas.jackson59@hotmail.co.uk,PL5 4 SC,4,3,5,2026-08-28 09:00
MUS-Museum-875709,Classic Revisited,2026-10-27,charlie.ward21@gmail.com,PL21 5 KU,4,3,5,2026-09-28 07:59:59.999997
MUS-Museum-511494,Classic Revisited,2026-10-27,noah.murphy6@icloud.com,TA6 2 YQ,2,1,3,2026-10-07 19:59:59.999997
MUS-Museum-162746,Classic Revisited,2026-10-27,ella.murphy97@outlook.com,PL9 1 UW,3,2,4,2026-10-16 16:59:59.999997
MUS-Museum-776149,Classic Revisited,2026-10-27,jacob.wilson25@gmail.com,EX3 4 AA,1,0,2,2026-09-09 10:59:59.999997
MUS-Museum-975564,Classic Revisited,2026-10-27,lucy.jackson9@yahoo.co.uk,PL3 5 OK,2,1,3,2026-09-07 19:00:00.000003
MUS-Museum-170127,Classic Revisited,2026-10-27,thomas.white96@icloud.com,PL6 3 EC,3,2,4,2026-09-21 19:00:00.000003
MUS-Museum-953878,Classic Revisited,2026-10-27,phoebe.moore58@gmail.com,PL9 3 PD,1,0,2,2026-10-06 16:59:59.999997
MUS-Museum-844553,Classic Revisited,2026-10-27,thomas.ahmed80@hotmail.co.uk,PL9 6 BX,1,0,1,2026-10-12 12:00
MUS-Museum-879261,Classic Revisited,2026-10-27,ruby.jones77@outlook.com,TR1 4 CZ,2,1,3,2026-10-08 09:00
MUS-Museum-854793,Classic Revisited,2026-10-27,jack.clarke4@gmail.com,PL7 8 WD,1,0,1,2026-09-14 19:00:00.000003
MUS-Museum-506985,Classic Revisited,2026-10-27,samuel.thomas16@outlook.com,TR1 1 QG,2,1,3,2026-08-14 09:00
MUS-Museum-699693,Classic Revisited,2026-10-27,lucy.allen2@icloud.com,PL1 9 XI,1,0,2,2026-08-02 19:00:00.000003
MUS-Museum-842601,Classic Revisited,2026-10-27,phoebe.johnson55@outlook.com,PL9 7 BG,2,1,3,2026-09-27 18:00
MUS-Museum-267183,Classic Revisited,2026-10-27,oliver.young75@hotmail.co.uk,PL3 3 XZ,4,3,5,2026-10-06 16:59:59.999997
MUS-Museum-511008,Classic Revisited,2026-10-27,jessica.ward38@gmail.com,PL1 2 HP,1,0,1,2026-09-26 13:59:59.999997
MUS-Museum-789196,Classic Revisited,2026-10-27,jack.cook62@hotmail.co.uk,TQ12 1 ZZ,1,0,2,2026-09-18 16:00:00.000003
MUS-Museum-803467,Classic Revisited,2026-10-27,william.brown80@hotmail.co.uk,PL2 6 PP,3,2,4,2026-09-27 19:00:00.000003
MUS-Museum-147813,Classic Revisited,2026-10-27,poppy.murphy48@outlook.com,PL3 3 LX,1,0,2,2026-10-19 10:59:59.999997
MUS-Museum-877096,Classic Revisited,2026-10-27,lucas.roberts80@hotmail.co.uk,PL2 5 DM,1,0,2,2026-09-29 13:59:59.999997
MUS-Museum-261662,Classic Revisited,2026-10-27,poppy.allen90@yahoo.co.uk,PL4 4 FF,2,1,3,2026-08-04 10:00:00.000003
MUS-Museum-455066,Classic Revisited,2026-10-27,ruby.cook79@outlook.com,PL6 1 GD,1,0,1,2026-09-19 16:00:00.000003
MUS-Museum-986205,Classic Revisited,2026-10-27,charlotte.white53@hotmail.co.uk,PL1 1 XX,2,1,3,2026-10-10 12:00
MUS-Museum-900442,Classic Revisited,2026-10-27,lily.patel75@gmail.com,PL1 9 ZG,5,4,6,2026-08-12 10:59:59.999997
MUS-Museum-598234,Classic Revisited,2026-10-27,freya.green91@hotmail.co.uk,PL1 6 YC,1,0,2,2026-09-07 18:00
MUS-Museum-412199,Classic Revisited,2026-10-27,james.collins27@hotmail.co.uk,PL1 4 EO,1,0,1,2026-08-05 10:59:59.999997
MUS-Museum-185836,Classic Revisited,2026-10-27,grace.scott4@yahoo.co.uk,PL9 8 PR,1,0,1,2026-10-04 10:59:59.999997
MUS-Museum-771491,Classic Revisited,2026-10-27,daniel.ahmed40@gmail.com,PL2 9 YQ,1,0,2,2026-09-24 07:59:59.999997
MUS-Museum-779378,Classic Revisited,2026-10-27,daniel.evans87@hotmail.co.uk,PL7 1 EK,1,0,1,2026-08-19 07:59:59.999997
MUS-Museum-958156,Classic Revisited,2026-10-27,grace.young30@yahoo.co.uk,PL4 9 AQ,1,0,2,2026-08-08 10:00:00.000003
MUS-Museum-868096,Classic Revisited,2026-10-27,evie.roberts71@yahoo.co.uk,PL5 4 UT,4,3,5,2026-08-18 12:00
MUS-Museum-273311,Classic Revisited,2026-10-27,oliver.allen59@outlook.com,PL4 4 CB,1,0,2,2026-10-22 19:00:00.000003
MUS-Museum-382080,Classic Revisited,2026-10-27,charlotte.green60@icloud.com,PL5 8 DU,3,2,4,2026-08-29 10:59:59.999997
MUS-Museum-101667,Classic Revisited,2026-10-27,evie.scott49@gmail.com,TQ2 7 PZ,1,0,2,2026-09-26 15:00
MUS-Museum-705356,Classic Revisited,2026-10-27,ella.turner25@icloud.com,PL5 1 JS,1,0,2,2026-08-31 09:00
MUS-Museum-696698,Classic Revisited,2026-10-27,sophie.wilson44@gmail.com,PL6 7 GQ,2,1,3,2026-08-03 18:00
MUS-Museum-105394,Classic Revisited,2026-10-27,leo.martin44@yahoo.co.uk,PL4 5 MX,1,0,1,2026-08-27 13:59:59.999997
MUS-Museum-762570,Classic Revisited,2026-10-27,emma.evans38@hotmail.co.uk,PL7 7 WZ,1,0,2,2026-08-22 12:00
MUS-Museum-290462,Classic Revisited,2026-10-27,max.jackson38@icloud.com,EX2 8 TP,2,1,3,2026-09-15 12:00
MUS-Museum-178536,Hamlet,2026-11-01,ella.patel37@outlook.com,PL6 5 GE,4,3,5,2026-09-15 09:00
MUS-Museum-966270,Hamlet,2026-11-01,james.ahmed57@yahoo.co.uk,PL5 1 FZ,3,2,4,2026-10-23 09:00
MUS-Museum-181214,Hamlet,2026-11-01,leo.murphy1@gmail.com,PL6 2 JQ,3,2,4,2026-10-03 10:59:59.999997
MUS-Museum-659129,Hamlet,2026-11-01,george.hall15@gmail.com,PL4 8 BW,1,0,1,2026-09-11 07:59:59.999997
MUS-Museum-837812,Hamlet,2026-11-01,emma.williams7@gmail.com,PL9 9 CY,1,0,1,2026-08-19 13:00:00.000003
MUS-Museum-247888,Hamlet,2026-11-01,daniel.evans87@hotmail.co.uk,PL7 1 EK,1,0,1,2026-09-19 16:59:59.999997
MUS-Museum-699629,Hamlet,2026-11-01,oscar.brown56@yahoo.co.uk,PL9 7 DC,4,3,5,2026-09-15 16:59:59.999997
MUS-Museum-559435,Hamlet,2026-11-01,olivia.young78@hotmail.co.uk,PL2 7 PK,1,0,1,2026-09-15 18:00
MUS-Museum-321343,Hamlet,2026-11-01,grace.hall88@icloud.com,PL9 5 EE,1,0,1,2026-08-20 10:59:59.999997
MUS-Museum-679001,Hamlet,2026-11-01,samuel.hill47@gmail.com,TQ1 4 KH,1,0,2,2026-09-07 07:59:59.999997
MUS-Museum-239425,Hamlet,2026-11-01,alfie.cooper2@gmail.com,PL9 6 AT,1,0,1,2026-09-09 19:59:59.999997
MUS-Museum-902717,Hamlet,2026-11-01,oliver.jones44@yahoo.co.uk,PL19 6 OR,1,0,1,2026-10-26 16:59:59.999997
MUS-Museum-557132,Hamlet,2026-11-01,evie.williams28@yahoo.co.uk,PL4 6 KG,2,1,3,2026-08-06 10:59:59.999997
MUS-Museum-556079,Hamlet,2026-11-01,oliver.young65@outlook.com,PL3 9 AR,3,2,4,2026-10-29 19:00:00.000003
MUS-Museum-780609,Hamlet,2026-11-01,charlotte.white53@hotmail.co.uk,PL1 1 XX,3,2,4,2026-09-27 12:00
MUS-Museum-915546,Hamlet,2026-11-01,chloe.collins66@hotmail.co.uk,PL5 6 DR,3,2,4,2026-10-15 16:00:00.000003
MUS-Museum-653177,Hamlet,2026-11-01,olivia.allen64@icloud.com,PL7 3 KN,1,0,1,2026-09-05 18:00
MUS-Museum-384063,Hamlet,2026-11-01,poppy.brown53@hotmail.co.uk,TR7 4 FW,1,0,2,2026-09-24 13:00:00.000003
MUS-Museum-530871,Hamlet,2026-11-01,ruby.cook97@yahoo.co.uk,PL7 7 JX,5,4,6,2026-08-06 19:59:59.999997
MUS-Museum-220466,Hamlet,2026-11-01,evie.wood4@yahoo.co.uk,PL7 5 RX,2,1,3,2026-09-21 18:00
MUS-Museum-113749,Hamlet,2026-11-01,oliver.bennett26@gmail.com,PL9 2 FR,4,3,5,2026-10-02 13:00:00.000003
MUS-Museum-851248,Hamlet,2026-11-01,lily.scott56@yahoo.co.uk,EX4 3 PL,1,0,1,2026-09-07 18:00
MUS-Museum-913506,Hamlet,2026-11-01,noah.king14@outlook.com,PL3 6 MC,2,1,3,2026-10-04 19:00:00.000003
MUS-Museum-152304,Hamlet,2026-11-01,emily.scott91@gmail.com,PL12 7 QI,1,0,1,2026-09-27 09:00
MUS-Museum-283401,Hamlet,2026-11-01,joshua.bell40@gmail.com,PL5 7 KA,1,0,2,2026-09-01 18:00
MUS-Museum-709399,Hamlet,2026-11-01,james.baker62@yahoo.co.uk,TA6 4 VZ,5,4,6,2026-08-10 10:59:59.999997
MUS-Museum-124413,Hamlet,2026-11-01,george.wilson35@gmail.com,PL7 7 YL,3,2,4,2026-10-31 07:59:59.999997
MUS-Museum-502885,Hamlet,2026-11-01,phoebe.king3@outlook.com,PL6 5 BL,2,1,3,2026-10-02 19:59:59.999997
MUS-Museum-711615,Hamlet,2026-11-01,emily.white92@hotmail.co.uk,TQ4 6 FZ,1,0,1,2026-09-23 16:00:00.000003
MUS-Museum-268368,Hamlet,2026-11-01,lucy.turner21@gmail.com,PL9 7 IF,1,0,1,2026-10-02 19:59:59.999997
MUS-Museum-650788,Hamlet,2026-11-01,james.turner54@gmail.com,TA6 1 KN,1,0,2,2026-08-06 12:00
MUS-Museum-856512,Hamlet,2026-11-01,lucas.jackson59@hotmail.co.uk,PL5 4 SC,1,0,1,2026-08-03 15:00
MUS-Museum-947134,Hamlet,2026-11-01,jessica.brown42@icloud.com,TR1 6 IF,1,0,2,2026-09-01 15:00
MUS-Museum-815506,Hamlet,2026-11-01,jessica.king76@outlook.com,PL2 4 QP,2,1,3,2026-08-22 10:59:59.999997
MUS-Museum-322794,Hamlet,2026-11-01,ella.wood24@outlook.com,PL3 1 NL,1,0,2,2026-10-12 16:00:00.000003
MUS-Museum-782380,Hamlet,2026-11-01,poppy.martin17@yahoo.co.uk,PL5 2 CU,3,2,4,2026-09-12 07:59:59.999997
MUS-Museum-420949,Hamlet,2026-11-01,ruby.roberts43@yahoo.co.uk,TA6 8 SY,1,0,1,2026-09-13 10:00:00.000003
MUS-Museum-295796,Hamlet,2026-11-01,noah.murphy6@icloud.com,TA6 2 YQ,1,0,2,2026-08-08 07:59:59.999997
MUS-Museum-231652,Hamlet,2026-11-01,daniel.walker18@icloud.com,PL2 4 HD,2,1,3,2026-09-23 19:00:00.000003
MUS-Museum-423367,Hamlet,2026-11-01,ruby.cook79@outlook.com,PL6 1 GD,1,0,1,2026-08-11 09:00
MUS-Museum-883376,Hamlet,2026-11-01,harry.moore85@gmail.com,PL7 8 VR,2,1,3,2026-10-06 15:00
MUS-Museum-585896,Hamlet,2026-11-01,lucas.wood46@yahoo.co.uk,EX3 3 VR,2,1,3,2026-08-31 19:59:59.999997
MUS-Museum-356197,Hamlet,2026-11-01,joshua.ward63@hotmail.co.uk,PL5 2 NG,1,0,1,2026-08-16 15:00
MUS-Museum-557431,Hamlet,2026-11-01,megan.jackson74@gmail.com,EX2 3 EJ,4,3,5,2026-08-04 19:59:59.999997
MUS-Museum-720513,Hamlet,2026-11-01,emma.jackson49@outlook.com,TA6 5 AU,2,1,3,2026-08-27 19:59:59.999997
MUS-Museum-862126,Hamlet,2026-11-01,charlie.king53@yahoo.co.uk,PL5 8 PS,1,0,2,2026-08-21 07:59:59.999997
MUS-Museum-396046,Hamlet,2026-11-01,charlotte.wood43@outlook.com,PL3 9 LD,2,1,3,2026-09-19 07:59:59.999997
MUS-Museum-381586,Hamlet,2026-11-01,evie.williams99@yahoo.co.uk,TR7 5 GU,1,0,1,2026-08-15 12:00
MUS-Museum-185783,Hamlet,2026-11-01,alfie.morgan59@yahoo.co.uk,TQ3 3 BK,1,0,1,2026-08-18 12:00
MUS-Museum-279413,Hamlet,2026-11-01,lily.collins8@hotmail.co.uk,EX3 9 VA,1,0,2,2026-08-10 18:00
MUS-Museum-324044,Hamlet,2026-11-01,lucy.turner11@icloud.com,PL5 1 WC,3,2,4,2026-09-20 09:00
MUS-Museum-194006,Hamlet,2026-11-01,oliver.allen59@outlook.com,PL4 4 CB,3,2,4,2026-10-15 10:00:00.000003
MUS-Museum-905561,Hamlet,2026-11-01,james.scott50@hotmail.co.uk,TQ4 5 AS,2,1,3,2026-10-13 19:59:59.999997
MUS-Museum-543700,Hamlet,2026-11-01,ethan.walker70@yahoo.co.uk,PL19 8 LW,1,0,1,2026-09-02 15:00
MUS-Museum-297217,Family Adventures,2026-11-11,lily.smith6@gmail.com,PL7 1 RS,1,0,1,2026-09-07 16:59:59.999997
MUS-Museum-663284,Family Adventures,2026-11-11,charlie.hill76@outlook.com,TQ12 2 UC,3,2,4,2026-10-12 09:00
MUS-Museum-603880,Family Adventures,2026-11-11,oliver.walker41@hotmail.co.uk,EX3 1 ZS,1,0,1,2026-11-01 15:00
MUS-Museum-422787,Family Adventures,2026-11-11,lucas.singh53@gmail.com,PL6 5 PT,1,0,2,2026-09-28 19:59:59.999997
MUS-Museum-512286,Family Adventures,2026-11-11,ethan.taylor59@yahoo.co.uk,PL21 2 TO,1,0,2,2026-08-26 18:00
MUS-Museum-402554,Family Adventures,2026-11-11,ella.turner52@icloud.com,EX2 1 UT,3,2,4,2026-08-26 19:00:00.000003
MUS-Museum-823556,Family Adventures,2026-11-11,joshua.ward63@hotmail.co.uk,PL5 2 NG,3,2,4,2026-11-05 09:00
MUS-Museum-846860,Family Adventures,2026-11-11,henry.taylor60@hotmail.co.uk,PL9 9 AN,1,0,2,2026-11-06 13:00:00.000003
MUS-Museum-224787,Family Adventures,2026-11-11,mia.jones97@outlook.com,PL9 6 UE,4,3,5,2026-09-09 18:00
MUS-Museum-427445,Family Adventures,2026-11-11,olivia.walker16@gmail.com,TA1 7 RD,3,2,4,2026-09-26 13:00:00.000003
MUS-Museum-735929,Family Adventures,2026-11-11,james.collins27@hotmail.co.uk,PL1 4 EO,1,0,2,2026-09-13 10:00:00.000003
MUS-Museum-189174,Family Adventures,2026-11-11,charlotte.harris34@outlook.com,PL2 3 HY,1,0,2,2026-08-19 19:00:00.000003
MUS-Museum-830264,Family Adventures,2026-11-11,evie.clarke99@yahoo.co.uk,TA6 4 GQ,2,1,3,2026-10-31 19:59:59.999997
MUS-Museum-914683,Family Adventures,2026-11-11,ella.bell13@yahoo.co.uk,TQ1 8 HI,1,0,1,2026-10-21 15:00
MUS-Museum-273118,Family Adventures,2026-11-11,thomas.collins74@hotmail.co.uk,PL1 1 WD,1,0,1,2026-10-05 10:00:00.000003
MUS-Museum-174207,Family Adventures,2026-11-11,thomas.hill54@icloud.com,PL5 3 DZ,1,0,1,2026-09-08 07:59:59.999997
MUS-Museum-332448,Family Adventures,2026-11-11,chloe.collins66@hotmail.co.uk,PL5 6 DR,3,2,4,2026-11-05 16:00:00.000003
MUS-Museum-800470,Family Adventures,2026-11-11,ella.white20@gmail.com,PL6 8 QL,2,1,3,2026-09-24 16:00:00.000003
MUS-Museum-386751,Family Adventures,2026-11-11,henry.harris34@hotmail.co.uk,PL2 5 SS,2,1,3,2026-08-13 07:59:59.999997
MUS-Museum-368100,Family Adventures,2026-11-11,daniel.allen59@gmail.com,TQ3 4 PW,4,3,5,2026-08-30 19:00:00.000003
MUS-Museum-112198,Family Adventures,2026-11-11,charlotte.white53@hotmail.co.uk,PL1 1 XX,1,0,1,2026-09-21 07:59:59.999997
MUS-Museum-359503,Family Adventures,2026-11-11,lucas.wilson95@icloud.com,TQ4 4 FA,2,1,3,2026-09-26 16:59:59.999997
MUS-Museum-939487,Family Adventures,2026-11-11,noah.king86@yahoo.co.uk,PL6 4 BM,3,2,4,2026-09-19 16:00:00.000003
MUS-Museum-768860,Family Adventures,2026-11-11,ruby.bell77@hotmail.co.uk,PL5 7 IQ,5,4,6,2026-10-20 13:59:59.999997
MUS-Museum-395924,Family Adventures,2026-11-11,grace.bell87@yahoo.co.uk,PL3 3 HX,1,0,2,2026-11-10 15:00
MUS-Museum-595640,Family Adventures,2026-11-11,ella.murphy97@outlook.com,PL9 1 UW,2,1,3,2026-09-08 16:59:59.999997
MUS-Museum-144035,Family Adventures,2026-11-11,megan.taylor21@outlook.com,PL9 6 NN,1,0,2,2026-09-07 10:00:00.000003
MUS-Museum-798286,Family Adventures,2026-11-11,henry.wood88@outlook.com,PL4 5 UD,4,3,5,2026-08-17 19:00:00.000003
MUS-Museum-216221,Family Adventures,2026-11-11,mia.white60@yahoo.co.uk,PL2 1 ZS,1,0,2,2026-10-13 18:00
MUS-Museum-583298,Family Adventures,2026-11-11,ethan.hall80@hotmail.co.uk,PL2 4 SW,1,0,2,2026-11-04 19:00:00.000003
MUS-Museum-724040,Family Adventures,2026-11-11,chloe.johnson53@hotmail.co.uk,PL6 7 SR,1,0,1,2026-10-10 10:00:00.000003
MUS-Museum-239419,Family Adventures,2026-11-11,megan.jackson74@gmail.com,EX2 3 EJ,1,0,1,2026-08-20 15:00
MUS-Museum-717108,Family Adventures,2026-11-11,james.ward11@icloud.com,PL6 6 CG,2,1,3,2026-10-20 19:00:00.000003
MUS-Museum-266269,Family Adventures,2026-11-11,phoebe.murphy1@hotmail.co.uk,PL1 5 CP,2,1,3,2026-09-10 10:00:00.000003
MUS-Museum-977778,Family Adventures,2026-11-11,james.hill51@gmail.com,TR1 7 XB,1,0,2,2026-09-11 07:59:59.999997
MUS-Museum-238834,Family Adventures,2026-11-11,megan.baker62@gmail.com,PL1 6 MS,2,1,3,2026-09-15 13:00:00.000003
MUS-Museum-766991,Family Adventures,2026-11-11,samuel.evans74@gmail.com,PL5 2 BU,3,2,4,2026-09-16 07:59:59.999997
MUS-Museum-367740,Family Adventures,2026-11-11,grace.hall33@hotmail.co.uk,PL6 3 LC,1,0,2,2026-09-13 13:59:59.999997
MUS-Museum-623710,Family Adventures,2026-11-11,lucas.ward62@icloud.com,PL1 3 QW,1,0,2,2026-09-20 10:00:00.000003
MUS-Museum-659111,Family Adventures,2026-11-11,mia.white58@gmail.com,PL1 1 NT,4,3,5,2026-09-09 09:00
MUS-Museum-281459,Family Adventures,2026-11-11,thomas.ahmed80@hotmail.co.uk,PL9 6 BX,5,4,6,2026-10-16 19:59:59.999997
MUS-Museum-281478,Family Adventures,2026-11-11,jacob.jones44@gmail.com,PL5 7 DL,4,3,5,2026-10-10 13:00:00.000003
MUS-Museum-223133,Family Adventures,2026-11-11,noah.johnson42@gmail.com,PL21 5 DX,1,0,2,2026-11-03 09:00
MUS-Museum-300938,Family Adventures,2026-11-11,jacob.bell84@outlook.com,PL7 3 YY,1,0,1,2026-09-17 10:00:00.000003
MUS-Museum-656068,Family Adventures,2026-11-11,samuel.cooper28@outlook.com,PL4 2 MZ,1,0,1,2026-09-10 19:00:00.000003
MUS-Museum-753093,Family Adventures,2026-11-11,harry.wilson99@outlook.com,PL3 3 PE,1,0,1,2026-09-21 10:00:00.000003
MUS-Museum-157551,Family Adventures,2026-11-11,samuel.ahmed96@icloud.com,PL3 8 MQ,3,2,4,2026-10-21 13:00:00.000003
MUS-Museum-243854,Family Adventures,2026-11-11,harry.hill21@outlook.com,PL21 6 IT,3,2,4,2026-08-31 13:59:59.999997
MUS-Museum-955649,Family Adventures,2026-11-11,emily.smith77@yahoo.co.uk,PL5 8 RT,4,3,5,2026-09-09 09:00
MUS-Museum-322839,Family Adventures,2026-11-11,ella.baker60@yahoo.co.uk,TQ2 6 VV,1,0,1,2026-09-29 09:00
MUS-Museum-670812,Family Adventures,2026-11-11,james.ward17@icloud.com,PL5 9 LB,1,0,2,2026-10-11 09:00
MUS-Museum-843375,Family Adventures,2026-11-11,freya.allen45@icloud.com,TQ3 2 GU,2,1,3,2026-08-27 09:00
MUS-Museum-338347,Family Adventures,2026-11-11,george.white29@hotmail.co.uk,PL6 8 NR,1,0,1,2026-10-31 15:00
MUS-Museum-976382,Family Adventures,2026-11-11,ethan.bennett47@outlook.com,EX3 7 AW,1,0,2,2026-08-26 16:00:00.000003
MUS-Museum-544739,Family Adventures,2026-11-11,mia.davies59@outlook.com,PL2 8 FB,2,1,3,2026-11-05 16:00:00.000003
MUS-Museum-610267,Family Adventures,2026-11-11,jacob.roberts24@gmail.com,EX2 6 KU,1,0,2,2026-09-25 15:00
MUS-Museum-748412,Family Adventures,2026-11-11,daniel.patel24@icloud.com,PL6 6 NB,2,1,3,2026-11-09 13:00:00.000003
MUS-Museum-821016,Family Adventures,2026-11-11,joshua.king29@outlook.com,PL4 8 XI,3,2,4,2026-10-15 16:00:00.000003
MUS-Museum-390615,Family Adventures,2026-11-11,emma.cooper7@yahoo.co.uk,PL3 4 HC,1,0,2,2026-09-24 13:59:59.999997
MUS-Museum-809482,Family Adventures,2026-11-11,sophie.collins52@hotmail.co.uk,PL4 7 FS,2,1,3,2026-10-06 10:00:00.000003
MUS-Museum-447969,New Writing Night,2026-11-29,oscar.roberts76@icloud.com,PL2 6 WT,1,0,2,2026-09-28 16:00:00.000003
MUS-Museum-313664,New Writing Night,2026-11-29,charlotte.jones84@outlook.com,PL6 5 UJ,2,1,3,2026-09-01 18:00
MUS-Museum-504169,New Writing Night,2026-11-29,max.wilson89@outlook.com,PL1 7 ZY,1,0,2,2026-10-05 10:00:00.000003
MUS-Museum-611279,New Writing Night,2026-11-29,ruby.patel87@outlook.com,PL2 5 HT,3,2,4,2026-10-29 07:59:59.999997
MUS-Museum-729578,New Writing Night,2026-11-29,thomas.williams19@outlook.com,TR1 6 HW,1,0,1,2026-10-24 09:00
MUS-Museum-816426,New Writing Night,2026-11-29,james.williams6@yahoo.co.uk,PL4 1 CB,5,4,6,2026-11-22 19:00:00.000003
MUS-Museum-714970,New Writing Night,2026-11-29,lucy.turner11@icloud.com,PL5 1 WC,1,0,1,2026-10-23 09:00
MUS-Museum-891743,New Writing Night,2026-11-29,charlie.taylor63@gmail.com,TR7 1 PK,1,0,1,2026-10-01 16:00:00.000003
MUS-Museum-823898,New Writing Night,2026-11-29,poppy.moore61@icloud.com,PL7 3 QD,1,0,1,2026-09-01 16:00:00.000003
MUS-Museum-783170,New Writing Night,2026-11-29,ella.brown49@icloud.com,PL2 3 PZ,1,0,1,2026-10-15 10:59:59.999997
MUS-Museum-181055,New Writing Night,2026-11-29,william.allen2@icloud.com,TA6 3 KJ,3,2,4,2026-11-07 16:59:59.999997
MUS-Museum-473188,New Writing Night,2026-11-29,poppy.martin17@yahoo.co.uk,PL5 2 CU,1,0,1,2026-10-18 07:59:59.999997
MUS-Museum-534295,New Writing Night,2026-11-29,sophie.moore24@hotmail.co.uk,PL7 7 FG,1,0,1,2026-10-22 15:00
MUS-Museum-956711,New Writing Night,2026-11-29,henry.clarke59@hotmail.co.uk,PL2 9 MZ,3,2,4,2026-09-01 09:00
MUS-Museum-728055,New Writing Night,2026-11-29,samuel.evans11@gmail.com,PL1 9 GE,1,0,1,2026-09-24 15:00
MUS-Museum-187253,New Writing Night,2026-11-29,chloe.collins66@hotmail.co.uk,PL5 6 DR,3,2,4,2026-11-07 12:00
MUS-Museum-821939,New Writing Night,2026-11-29,jacob.moore75@hotmail.co.uk,PL2 6 ZK,3,2,4,2026-11-20 10:59:59.999997
MUS-Museum-521689,New Writing Night,2026-11-29,ella.hill91@gmail.com,PL6 3 XJ,1,0,1,2026-10-17 16:00:00.000003
MUS-Museum-385935,New Writing Night,2026-11-29,jack.smith74@hotmail.co.uk,PL19 3 OB,2,1,3,2026-09-02 15:00
MUS-Museum-257166,New Writing Night,2026-11-29,charlie.taylor51@yahoo.co.uk,PL5 7 QK,3,2,4,2026-09-05 19:59:59.999997
MUS-Museum-895584,New Writing Night,2026-11-29,james.turner54@gmail.com,TA6 1 KN,1,0,1,2026-08-31 10:00:00.000003
MUS-Museum-243246,New Writing Night,2026-11-29,phoebe.roberts11@hotmail.co.uk,PL7 4 KL,4,3,5,2026-10-03 13:00:00.000003
MUS-Museum-862583,New Writing Night,2026-11-29,poppy.singh55@outlook.com,PL4 2 FN,1,0,2,2026-11-02 16:00:00.000003
MUS-Museum-884644,New Writing Night,2026-11-29,jessica.smith26@outlook.com,PL6 4 QO,1,0,1,2026-10-18 15:00
MUS-Museum-981091,New Writing Night,2026-11-29,harry.smith41@outlook.com,PL6 2 ET,4,3,5,2026-10-11 07:59:59.999997
MUS-Museum-859937,New Writing Night,2026-11-29,daniel.cook84@gmail.com,PL21 8 ZQ,2,1,3,2026-09-19 10:00:00.000003
MUS-Museum-564628,New Writing Night,2026-11-29,charlotte.wilson80@gmail.com,PL1 8 QL,2,1,3,2026-09-29 10:00:00.000003
MUS-Museum-723197,New Writing Night,2026-11-29,oliver.young75@hotmail.co.uk,PL3 3 XZ,3,2,4,2026-10-16 10:59:59.999997
MUS-Museum-460807,New Writing Night,2026-11-29,chloe.johnson53@hotmail.co.uk,PL6 7 SR,1,0,2,2026-09-14 10:59:59.999997
MUS-Museum-460859,New Writing Night,2026-11-29,henry.harris34@hotmail.co.uk,PL2 5 SS,3,2,4,2026-09-10 19:00:00.000003
MUS-Museum-794193,New Writing Night,2026-11-29,emma.patel50@yahoo.co.uk,TQ2 2 ZM,3,2,4,2026-10-18 15:00
MUS-Museum-859946,New Writing Night,2026-11-29,megan.taylor21@outlook.com,PL9 6 NN,4,3,5,2026-10-21 16:59:59.999997
MUS-Museum-919863,New Writing Night,2026-11-29,sophie.cook60@outlook.com,PL2 5 AS,1,0,2,2026-11-09 19:00:00.000003
MUS-Museum-997766,New Writing Night,2026-11-29,ella.king32@yahoo.co.uk,EX1 5 RZ,2,1,3,2026-10-15 19:59:59.999997
MUS-Museum-102304,New Writing Night,2026-11-29,jessica.brown42@icloud.com,TR1 6 IF,2,1,3,2026-11-25 15:00
MUS-Museum-152754,New Writing Night,2026-11-29,thomas.davies23@icloud.com,TA1 6 PV,1,0,2,2026-08-31 16:00:00.000003
MUS-Museum-144371,New Writing Night,2026-11-29,samuel.murphy43@yahoo.co.uk,EX3 2 TO,2,1,3,2026-09-21 18:00
MUS-Museum-671521,New Writing Night,2026-11-29,james.scott57@yahoo.co.uk,PL14 6 HW,1,0,2,2026-09-20 16:59:59.999997
MUS-Museum-872609,New Writing Night,2026-11-29,daniel.morgan12@icloud.com,PL9 8 RT,2,1,3,2026-09-24 19:59:59.999997
MUS-Museum-708875,New Writing Night,2026-11-29,lucas.morgan77@yahoo.co.uk,PL5 9 HI,3,2,4,2026-11-14 13:59:59.999997
MUS-Museum-543508,New Writing Night,2026-11-29,james.hill51@gmail.com,TR1 7 XB,4,3,5,2026-10-08 18:00
MUS-Museum-538821,New Writing Night,2026-11-29,lily.smith7@gmail.com,PL4 3 JK,1,0,1,2026-09-30 16:59:59.999997
MUS-Museum-244990,New Writing Night,2026-11-29,joshua.patel9@yahoo.co.uk,TA6 8 MH,2,1,3,2026-10-11 19:00:00.000003
MUS-Museum-434079,New Writing Night,2026-11-29,harry.evans41@hotmail.co.uk,PL5 1 EH,1,0,1,2026-10-14 16:59:59.999997
MUS-Museum-479081,New Writing Night,2026-11-29,poppy.singh85@outlook.com,TQ1 4 XE,2,1,3,2026-09-24 15:00
MUS-Museum-675530,New Writing Night,2026-11-29,samuel.taylor25@gmail.com,EX2 3 HL,2,1,3,2026-10-11 15:00
MUS-Museum-808403,New Writing Night,2026-11-29,mia.jackson25@hotmail.co.uk,PL2 5 TP,1,0,2,2026-10-15 19:00:00.000003
MUS-Museum-397751,New Writing Night,2026-11-29,emma.wood27@icloud.com,PL14 1 MO,3,2,4,2026-09-02 15:00
MUS-Museum-174775,New Writing Night,2026-11-29,charlie.king53@yahoo.co.uk,PL5 8 PS,1,0,2,2026-10-12 15:00
MUS-Museum-970307,New Writing Night,2026-11-29,jessica.king76@outlook.com,PL2 4 QP,2,1,3,2026-11-06 19:00:00.000003
MUS-Museum-590149,New Writing Night,2026-11-29,ethan.turner97@hotmail.co.uk,PL1 2 OB,1,0,1,2026-11-08 10:59:59.999997
MUS-Museum-887388,New Writing Night,2026-11-29,charlotte.hill2@gmail.com,PL14 7 HA,2,1,3,2026-09-29 10:59:59.999997
MUS-Museum-364935,New Writing Night,2026-11-29,emily.turner48@hotmail.co.uk,PL5 5 YD,3,2,4,2026-10-25 16:59:59.999997
MUS-Museum-700703,New Writing Night,2026-11-29,george.davies81@icloud.com,PL2 8 WC,1,0,2,2026-09-06 16:59:59.999997
MUS-Museum-185239,Youth Theatre,2026-12-20,oliver.king19@hotmail.co.uk,PL7 1 BS,2,1,3,2026-09-25 07:59:59.999997
MUS-Museum-524031,Youth Theatre,2026-12-20,harry.evans41@hotmail.co.uk,PL5 1 EH,1,0,1,2026-09-26 13:00:00.000003
MUS-Museum-222510,Youth Theatre,2026-12-20,mia.jones97@outlook.com,PL9 6 UE,1,0,1,2026-10-06 12:00
MUS-Museum-848569,Youth Theatre,2026-12-20,lucas.perry91@gmail.com,PL9 6 NO,1,0,2,2026-10-29 18:00
MUS-Museum-582430,Youth Theatre,2026-12-20,lucas.hall42@icloud.com,PL14 8 WU,1,0,2,2026-10-15 19:00:00.000003
MUS-Museum-691289,Youth Theatre,2026-12-20,megan.scott60@hotmail.co.uk,EX4 6 QR,2,1,3,2026-11-11 16:59:59.999997
MUS-Museum-493132,Youth Theatre,2026-12-20,samuel.thomas16@outlook.com,TR1 1 QG,1,0,1,2026-11-07 13:00:00.000003
MUS-Museum-956514,Youth Theatre,2026-12-20,charlie.taylor63@gmail.com,TR7 1 PK,3,2,4,2026-12-03 09:00
MUS-Museum-207003,Youth Theatre,2026-12-20,chloe.ward84@yahoo.co.uk,PL2 1 FX,1,0,1,2026-10-22 19:59:59.999997
MUS-Museum-821361,Youth Theatre,2026-12-20,noah.johnson42@gmail.com,PL21 5 DX,4,3,5,2026-11-26 18:00
MUS-Museum-528821,Youth Theatre,2026-12-20,james.ward11@icloud.com,PL6 6 CG,1,0,1,2026-10-28 12:00
MUS-Museum-325094,Youth Theatre,2026-12-20,grace.thomas90@gmail.com,TR7 2 AV,2,1,3,2026-12-05 15:00
MUS-Museum-273873,Youth Theatre,2026-12-20,sophie.wilson44@gmail.com,PL6 7 GQ,1,0,1,2026-11-02 07:59:59.999997
MUS-Museum-391161,Youth Theatre,2026-12-20,ella.walker48@yahoo.co.uk,EX3 6 HL,2,1,3,2026-10-19 19:59:59.999997
MUS-Museum-584998,Youth Theatre,2026-12-20,leo.bell73@icloud.com,PL9 6 ZZ,2,1,3,2026-10-24 09:00
MUS-Museum-636480,Youth Theatre,2026-12-20,william.cooper97@gmail.com,TQ1 2 VR,1,0,1,2026-10-09 09:00
MUS-Museum-851333,Youth Theatre,2026-12-20,sophie.young35@icloud.com,PL5 2 YW,1,0,2,2026-10-14 10:59:59.999997
MUS-Museum-109086,Youth Theatre,2026-12-20,daniel.morgan12@icloud.com,PL9 8 RT,2,1,3,2026-11-15 12:00
MUS-Museum-977949,Youth Theatre,2026-12-20,grace.young30@yahoo.co.uk,PL4 9 AQ,1,0,1,2026-12-05 19:59:59.999997
MUS-Museum-827406,Youth Theatre,2026-12-20,mia.thomas97@hotmail.co.uk,PL7 9 DT,2,1,3,2026-11-15 13:00:00.000003
MUS-Museum-652026,Youth Theatre,2026-12-20,sophie.collins52@hotmail.co.uk,PL4 7 FS,1,0,2,2026-09-24 16:59:59.999997
MUS-Museum-674412,Youth Theatre,2026-12-20,joshua.moore53@yahoo.co.uk,PL2 3 XX,1,0,1,2026-09-27 19:00:00.000003
MUS-Museum-738431,Youth Theatre,2026-12-20,alice.allen50@outlook.com,PL6 5 EX,2,1,3,2026-09-24 10:59:59.999997
MUS-Museum-565317,Youth Theatre,2026-12-20,chloe.singh96@hotmail.co.uk,PL9 3 BO,3,2,4,2026-10-12 16:59:59.999997
MUS-Museum-259009,Youth Theatre,2026-12-20,alice.collins49@hotmail.co.uk,PL2 6 SP,4,3,5,2026-11-09 13:00:00.000003
MUS-Museum-342084,Youth Theatre,2026-12-20,freya.patel73@yahoo.co.uk,PL9 3 RS,2,1,3,2026-12-09 19:59:59.999997
MUS-Museum-446282,Youth Theatre,2026-12-20,charlotte.baker95@hotmail.co.uk,PL9 7 EV,2,1,3,2026-10-05 13:00:00.000003
MUS-Museum-734614,Youth Theatre,2026-12-20,george.moore51@icloud.com,PL6 4 UV,1,0,2,2026-10-04 18:00
MUS-Museum-776814,Youth Theatre,2026-12-20,ruby.ward66@outlook.com,TQ12 8 KW,3,2,4,2026-11-20 10:00:00.000003
MUS-Museum-662508,Youth Theatre,2026-12-20,amelia.singh75@icloud.com,TQ4 1 TX,4,3,5,2026-11-18 16:59:59.999997
MUS-Museum-683972,Youth Theatre,2026-12-20,amelia.brown48@hotmail.co.uk,PL5 1 UD,1,0,2,2026-09-23 16:59:59.999997
MUS-Museum-761619,Youth Theatre,2026-12-20,james.ahmed57@yahoo.co.uk,PL5 1 FZ,1,0,2,2026-12-10 12:00
MUS-Museum-611716,Youth Theatre,2026-12-20,jessica.young6@icloud.com,TA6 7 AO,1,0,1,2026-09-23 09:00
MUS-Museum-722588,Youth Theatre,2026-12-20,henry.wood88@outlook.com,PL4 5 UD,2,1,3,2026-11-30 10:00:00.000003
MUS-Museum-349712,Youth Theatre,2026-12-20,noah.king86@yahoo.co.uk,PL6 4 BM,4,3,5,2026-11-16 13:00:00.000003
MUS-Museum-183766,Youth Theatre,2026-12-20,emma.patel50@yahoo.co.uk,TQ2 2 ZM,2,1,3,2026-11-15 16:59:59.999997
MUS-Museum-246141,Youth Theatre,2026-12-20,evie.roberts58@gmail.com,PL7 1 DV,2,1,3,2026-10-29 19:59:59.999997
MUS-Museum-602995,Youth Theatre,2026-12-20,alfie.martin44@hotmail.co.uk,PL4 2 FY,2,1,3,2026-12-17 07:59:59.999997
MUS-Museum-620840,Youth Theatre,2026-12-20,poppy.singh55@outlook.com,PL4 2 FN,2,1,3,2026-12-08 16:00:00.000003
MUS-Museum-105334,Youth Theatre,2026-12-20,harry.bennett80@hotmail.co.uk,PL6 1 IC,1,0,2,2026-12-10 13:59:59.999997
MUS-Museum-549337,Youth Theatre,2026-12-20,jessica.brown42@icloud.com,TR1 6 IF,1,0,1,2026-11-11 09:00
MUS-Museum-172304,Youth Theatre,2026-12-20,jessica.smith26@outlook.com,PL6 4 QO,2,1,3,2026-10-08 19:59:59.999997
MUS-Museum-282789,Youth Theatre,2026-12-20,oliver.smith44@yahoo.co.uk,PL7 3 PU,1,0,2,2026-09-26 16:59:59.999997
MUS-Museum-469226,Youth Theatre,2026-12-20,lily.scott1@hotmail.co.uk,PL1 9 CW,4,3,5,2026-11-03 19:00:00.000003
MUS-Museum-290058,Youth Theatre,2026-12-20,ella.turner52@icloud.com,EX2 1 UT,1,0,1,2026-10-24 13:59:59.999997
MUS-Museum-950340,Youth Theatre,2026-12-20,joshua.murphy55@hotmail.co.uk,PL2 1 EL,1,0,1,2026-10-07 16:59:59.999997
MUS-Museum-462365,Youth Theatre,2026-12-20,emily.clarke16@gmail.com,PL3 6 OZ,1,0,2,2026-09-22 19:00:00.000003
MUS-Museum-760912,Youth Theatre,2026-12-20,lily.wood42@outlook.com,PL9 9 KY,1,0,1,2026-11-08 10:00:00.000003
MUS-Museum-436044,Youth Theatre,2026-12-20,lucas.green61@gmail.com,PL6 4 PG,2,1,3,2026-11-13 19:00:00.000003
MUS-Museum-272170,Youth Theatre,2026-12-20,ruby.williams44@yahoo.co.uk,TQ1 7 XK,3,2,4,2026-11-12 19:00:00.000003
MUS-Museum-264803,Youth Theatre,2026-12-20,alice.scott26@yahoo.co.uk,PL4 3 UA,1,0,1,2026-10-06 13:59:59.999997
MUS-Museum-144439,Youth Theatre,2026-12-20,samuel.williams30@hotmail.co.uk,PL21 2 LN,1,0,2,2026-12-09 13:59:59.999997
MUS-Museum-723189,Youth Theatre,2026-12-20,leo.young97@hotmail.co.uk,PL12 7 XQ,1,0,1,2026-11-18 19:59:59.999997
MUS-Museum-774909,Youth Theatre,2026-12-20,emma.jackson49@outlook.com,TA6 5 AU,4,3,5,2026-12-03 12:00
MUS-Museum-682583,Youth Theatre,2026-12-20,lucy.turner21@gmail.com,PL9 7 IF,3,2,4,2026-12-08 16:59:59.999997
MUS-Museum-580656,Youth Theatre,2026-12-20,lily.williams30@yahoo.co.uk,EX4 7 OA,2,1,3,2026-12-09 07:59:59.999997
MUS-Museum-952375,Youth Theatre,2026-12-20,george.taylor35@outlook.com,PL2 3 SR,2,1,3,2026-11-10 18:00
MUS-Museum-117999,Youth Theatre,2026-12-20,olivia.singh79@icloud.com,PL3 4 CP,1,0,1,2026-11-24 07:59:59.999997
MUS-Museum-977951,Youth Theatre,2026-12-20,ella.baker60@yahoo.co.uk,TQ2 6 VV,3,2,4,2026-10-26 18:00
MUS-Museum-238479,Youth Theatre,2026-12-20,phoebe.johnson80@icloud.com,PL4 8 QQ,4,3,5,2026-10-05 10:00:00.000003
MUS-Museum-735857,Youth Theatre,2026-12-20,sophie.brown67@gmail.com,TQ3 4 YF,1,0,1,2026-10-16 15:00
MUS-Museum-768644,Youth Theatre,2026-12-20,evie.clarke99@yahoo.co.uk,TA6 4 GQ,1,0,2,2026-12-03 07:59:59.999997
MUS-Museum-728906,Youth Theatre,2026-12-20,charlotte.baker11@outlook.com,TQ3 8 LL,1,0,1,2026-10-22 12:00
MUS-Museum-396213,Youth Theatre,2026-12-20,lucas.wilson95@icloud.com,TQ4 4 FA,1,0,2,2026-11-08 13:59:59.999997
MUS-Museum-241197,Youth Theatre,2026-12-20,james.jones15@hotmail.co.uk,PL9 1 GX,1,0,2,2026-10-20 07:59:59.999997
MUS-Museum-130532,Youth Theatre,2026-12-20,lily.collins11@outlook.com,TR1 2 RI,1,0,2,2026-10-11 10:00:00.000003
MUS-Museum-423071,Youth Theatre,2026-12-20,evie.roberts71@yahoo.co.uk,PL5 4 UT,1,0,2,2026-11-28 12:00
MUS-Museum-412394,Youth Theatre,2026-12-20,olivia.allen64@icloud.com,PL7 3 KN,3,2,4,2026-10-25 16:59:59.999997
MUS-Museum-319620,Youth Theatre,2026-12-20,poppy.patel79@outlook.com,PL9 1 MQ,1,0,2,2026-10-18 13:00:00.000003
MUS-Museum-235436,Youth Theatre,2026-12-20,evie.scott49@gmail.com,TQ2 7 PZ,2,1,3,2026-10-02 10:59:59.999997
MUS-Museum-902473,Youth Theatre,2026-12-20,phoebe.roberts11@hotmail.co.uk,PL7 4 KL,1,0,2,2026-10-30 16:59:59.999997
MUS-Museum-750711,Youth Theatre,2026-12-20,daniel.ahmed40@gmail.com,PL2 9 YQ,1,0,1,2026-11-08 09:00
MUS-Museum-816012,Youth Theatre,2026-12-20,phoebe.moore58@gmail.com,PL9 3 PD,1,0,2,2026-10-07 18:00
MUS-Museum-745327,Youth Theatre,2026-12-20,charlotte.white53@hotmail.co.uk,PL1 1 XX,2,1,3,2026-10-07 10:00:00.000003
MUS-Museum-690962,Youth Theatre,2026-12-20,daniel.evans87@hotmail.co.uk,PL7 1 EK,1,0,1,2026-12-06 10:59:59.999997
MUS-Museum-775403,Youth Theatre,2026-12-20,emily.walker82@gmail.com,PL1 6 MJ,3,2,4,2026-11-08 19:00:00.000003
MUS-Museum-338533,Youth Theatre,2026-12-20,oscar.collins97@gmail.com,TQ12 3 SC,1,0,1,2026-11-27 13:59:59.999997
MUS-Museum-677547,Youth Theatre,2026-12-20,emma.evans38@hotmail.co.uk,PL7 7 WZ,1,0,2,2026-10-29 16:00:00.000003
MUS-Museum-833339,Youth Theatre,2026-12-20,lucas.singh53@gmail.com,PL6 5 PT,1,0,2,2026-12-14 19:59:59.999997
MUS-Museum-962682,Youth Theatre,2026-12-20,oliver.thomas60@outlook.com,EX2 2 SH,1,0,2,2026-12-03 12:00
MUS-Museum-130660,Youth Theatre,2026-12-20,oscar.white5@icloud.com,PL9 4 HL,3,2,4,2026-10-06 18:00
MUS-Museum-592749,Youth Theatre,2026-12-20,lucy.perry67@hotmail.co.uk,TQ2 9 DQ,4,3,5,2026-10-28 19:59:59.999997
MUS-Museum-296062,Youth Theatre,2026-12-20,charlotte.collins58@gmail.com,TA6 6 GJ,1,0,1,2026-12-13 16:59:59.999997
MUS-Museum-666880,Youth Theatre,2026-12-20,noah.harris36@gmail.com,PL9 8 WN,1,0,2,2026-09-26 15:00
MUS-Museum-716720,Youth Theatre,2026-12-20,amelia.bell8@yahoo.co.uk,PL5 9 UC,1,0,2,2026-09-26 10:00:00.000003
MUS-Museum-561574,Youth Theatre,2026-12-20,ruby.bell77@hotmail.co.uk,PL5 7 IQ,2,1,3,2026-10-11 13:00:00.000003
MUS-Museum-539224,Youth Theatre,2026-12-20,ella.patel28@yahoo.co.uk,PL3 9 FN,3,2,4,2026-12-12 09:00
MUS-Museum-671528,Youth Theatre,2026-12-20,george.davies81@icloud.com,PL2 8 WC,1,0,1,2026-11-07 13:59:59.999997
MUS-Museum-491285,Youth Theatre,2026-12-20,sophie.perry37@icloud.com,PL6 4 VR,1,0,1,2026-11-19 19:00:00.000003
MUS-Museum-859113,Youth Theatre,2026-12-20,ruby.perry42@yahoo.co.uk,TQ4 2 CG,1,0,2,2026-10-07 10:59:59.999997
MUS-Museum-342837,Youth Theatre,2026-12-20,george.walker66@icloud.com,PL4 3 GB,2,1,3,2026-11-26 07:59:59.999997
MUS-Museum-980445,Youth Theatre,2026-12-20,charlotte.walker22@icloud.com,PL5 6 ZU,1,0,1,2026-10-18 13:59:59.999997
MUS-Museum-174079,Youth Theatre,2026-12-20,lucy.perry93@yahoo.co.uk,PL3 9 XF,2,1,3,2026-10-16 07:59:59.999997
MUS-Museum-435875,Youth Theatre,2026-12-20,olivia.allen6@outlook.com,PL6 5 CG,2,1,3,2026-11-06 12:00
MUS-Museum-228234,Youth Theatre,2026-12-20,jessica.king76@outlook.com,PL2 4 QP,2,1,3,2026-12-16 07:59:59.999997
MUS-Museum-647967,Youth Theatre,2026-12-20,amelia.morgan30@outlook.com,PL3 6 XV,1,0,2,2026-10-05 19:59:59.999997
MUS-Museum-455716,Youth Theatre,2026-12-20,george.wilson95@gmail.com,TR7 3 QO,2,1,3,2026-12-17 19:00:00.000003
MUS-Museum-327635,Youth Theatre,2026-12-20,oscar.bennett37@outlook.com,TA6 3 HA,2,1,3,2026-10-04 13:00:00.000003
MUS-Museum-897980,Youth Theatre,2026-12-20,ella.hill91@gmail.com,PL6 3 XJ,2,1,3,2026-10-06 07:59:59.999997
MUS-Museum-164443,Youth Theatre,2026-12-20,phoebe.white76@hotmail.co.uk,PL14 4 PM,1,0,2,2026-10-18 15:00
MUS-Museum-321011,Youth Theatre,2026-12-20,joshua.hall74@icloud.com,PL9 8 KE,2,1,3,2026-09-21 18:00
MUS-Museum-757970,Youth Theatre,2026-12-20,samuel.taylor85@gmail.com,PL2 9 AK,3,2,4,2026-10-23 07:59:59.999997
MUS-Museum-744600,Youth Theatre,2026-12-20,jacob.evans21@gmail.com,PL6 3 GL,1,0,1,2026-10-03 07:59:59.999997
MUS-Museum-305341,Youth Theatre,2026-12-20,amelia.king67@icloud.com,PL4 5 DO,4,3,5,2026-10-26 10:59:59.999997
MUS-Museum-887033,Youth Theatre,2026-12-20,phoebe.wilson1@hotmail.co.uk,EX4 4 OE,5,4,6,2026-12-19 09:00
