Booking_Reference,Booking_Date,Visit,Email,Postcode,Ticket_Type,Quantity,Order_Value,Donation,Gift_Aid,Promo_Code
DIGI-OCT-807039,2026-02-17 19:59:59.999997,Artist Talk,jessica.ward26@icloud.com,PL1 7 GK,Adult,2,9.24,10,FALSE,WELCOME
DIGI-OCT-216438,2026-01-22 15:00,Creative Drop-in,sophie.brown50@outlook.com,PL6 8 YZ,Family,1,4.21,0,FALSE,LOCAL10
DIGI-OCT-953054,2026-03-01 16:00:00.000003,Creative Drop-in,jessica.martin58@icloud.com,TQ2 9 LD,Adult,1,4.21,0,FALSE,
DIGI-OCT-121634,2026-01-20 18:00,Creative Drop-in,grace.bennett34@outlook.com,EX3 1 MV,Adult,2,8.42,0,FALSE,
DIGI-OCT-523849,2026-03-14 10:00:00.000003,Creative Drop-in,joshua.perry25@outlook.com,PL2 4 LM,Adult,1,4.21,0,FALSE,
DIGI-OCT-781326,2026-03-03 19:00:00.000003,Creative Drop-in,amelia.bell71@yahoo.co.uk,PL5 1 TQ,Family,1,4.21,0,FALSE,
DIGI-OCT-644628,2026-03-23 18:00,Creative Drop-in,leo.moore72@yahoo.co.uk,TR1 3 MT,Family,2,8.42,0,FALSE,
DIGI-OCT-669027,2026-03-14 09:00,Creative Drop-in,george.hall53@hotmail.co.uk,PL9 8 QF,Adult,3,12.63,0,FALSE,
DIGI-OCT-276649,2026-03-07 12:00,Creative Drop-in,amelia.cook13@gmail.com,PL2 1 LV,Adult,1,4.21,0,FALSE,
DIGI-OCT-897013,2026-04-03 16:00:00.000003,Creative Drop-in,grace.scott66@hotmail.co.uk,PL2 2 NQ,Family,1,4.21,0,FALSE,
DIGI-OCT-132906,2026-03-28 12:00,Creative Drop-in,lucas.white89@icloud.com,PL3 7 FC,Concession,2,8.42,5,TRUE,
DIGI-OCT-948301,2026-02-23 07:59:59.999997,Creative Drop-in,sophie.white91@hotmail.co.uk,PL1 3 ZU,Adult,3,12.63,0,FALSE,
DIGI-OCT-406419,2026-01-30 12:00,Creative Drop-in,emma.smith52@gmail.com,PL2 3 WA,Adult,3,12.63,5,FALSE,
DIGI-OCT-547439,2026-03-20 15:00,Creative Drop-in,charlotte.jones66@gmail.com,EX4 1 FB,Adult,1,4.21,0,FALSE,LOCAL10
DIGI-OCT-700756,2026-03-28 18:00,Open Studio Day,megan.walker75@yahoo.co.uk,EX2 3 QE,Family,2,15.48,0,FALSE,
DIGI-OCT-644855,2026-04-08 10:59:59.999997,Open Studio Day,oscar.morgan79@gmail.com,TQ2 4 JX,Adult,2,15.48,0,FALSE,
DIGI-OCT-595560,2026-05-18 10:59:59.999997,Open Studio Day,ella.wood16@icloud.com,PL7 1 ST,Family,1,7.74,0,TRUE,
DIGI-OCT-951237,2026-04-19 10:00:00.000003,Open Studio Day,henry.evans29@icloud.com,PL4 7 LP,Concession,3,23.22,0,FALSE,
DIGI-OCT-402119,2026-05-20 18:00,Open Studio Day,olivia.wilson91@icloud.com,EX3 8 XM,Concession,1,7.74,0,FALSE,
DIGI-OCT-823386,2026-03-11 09:00,Open Studio Day,emma.taylor84@outlook.com,PL9 8 GW,Concession,2,15.48,10,FALSE,
DIGI-OCT-556693,2026-04-10 15:00,Open Studio Day,charlie.moore33@hotmail.co.uk,PL3 3 FN,Family,1,7.74,0,FALSE,LOCAL10
DIGI-OCT-625459,2026-07-29 12:00,Community Exhibition,amelia.bennett26@hotmail.co.uk,EX3 7 XF,Adult,2,1.22,0,FALSE,WELCOME
DIGI-OCT-973017,2026-08-03 10:00:00.000003,Community Exhibition,mia.ahmed53@hotmail.co.uk,PL6 1 EQ,Adult,1,0.61,10,TRUE,
DIGI-OCT-835808,2026-09-03 18:00,Community Exhibition,thomas.singh16@hotmail.co.uk,PL7 8 SI,Adult,2,1.22,0,FALSE,
DIGI-OCT-669469,2026-09-20 19:59:59.999997,Community Exhibition,joshua.scott57@hotmail.co.uk,TQ2 6 DD,Family,2,1.22,5,FALSE,WELCOME
DIGI-OCT-232811,2026-09-07 09:00,Neighbourhood Arts Session,lily.wilson26@gmail.com,PL7 2 WQ,Concession,2,7.7,10,FALSE,LOCAL10
DIGI-OCT-212314,2026-09-26 07:59:59.999997,Neighbourhood Arts Session,alfie.harris18@yahoo.co.uk,PL1 7 KW,Adult,1,3.85,10,FALSE,LOCAL10
DIGI-OCT-524562,2026-08-22 09:00,Neighbourhood Arts Session,noah.king39@hotmail.co.uk,PL6 9 XM,Family,2,7.7,0,FALSE,
DIGI-OCT-519285,2026-10-26 16:59:59.999997,Neighbourhood Arts Session,james.collins47@icloud.com,PL6 4 CH,Family,3,11.55,0,FALSE,LOCAL10
DIGI-OCT-648561,2026-10-30 13:00:00.000003,Neighbourhood Arts Session,emily.evans6@icloud.com,PL6 8 DT,Adult,1,3.85,0,TRUE,
DIGI-OCT-567658,2026-10-20 13:59:59.999997,Neighbourhood Arts Session,ella.evans37@gmail.com,PL3 6 TT,Concession,2,7.7,5,FALSE,
DIGI-OCT-198759,2026-08-17 07:59:59.999997,Neighbourhood Arts Session,thomas.white51@outlook.com,PL2 7 BA,Concession,2,7.7,0,TRUE,LOCAL10
DIGI-OCT-669920,2026-08-31 19:59:59.999997,Neighbourhood Arts Session,grace.taylor66@gmail.com,PL3 3 WQ,Adult,2,7.7,0,FALSE,WELCOME
DIGI-OCT-638188,2026-02-10 16:00:00.000003,Museum Discovery Session,charlie.wilson18@yahoo.co.uk,PL9 5 DW,Concession,1,0,0,FALSE,LOCAL10
DIGI-OCT-833216,2025-12-23 16:59:59.999997,Museum Discovery Session,amelia.murphy13@icloud.com,PL1 3 VD,Concession,1,0,0,FALSE,
DIGI-OCT-578886,2026-01-27 07:59:59.999997,Museum Discovery Session,emma.murphy58@outlook.com,PL9 9 HY,Family,1,0,0,FALSE,
DIGI-OCT-923941,2026-01-08 16:59:59.999997,Museum Discovery Session,ella.williams10@icloud.com,PL2 5 SG,Adult,2,0,10,FALSE,
DIGI-OCT-982027,2026-01-20 15:00,Museum Discovery Session,charlotte.singh59@gmail.com,TQ3 9 QA,Concession,3,0,5,TRUE,
DIGI-OCT-569925,2025-11-13 19:00:00.000003,Museum Discovery Session,poppy.baker97@hotmail.co.uk,PL6 5 HX,Concession,1,0,0,FALSE,
DIGI-OCT-507524,2025-12-29 16:59:59.999997,Museum Discovery Session,megan.young53@gmail.com,PL4 4 NJ,Adult,2,0,0,FALSE,
DIGI-OCT-854072,2025-11-14 16:59:59.999997,Museum Discovery Session,oscar.ahmed95@yahoo.co.uk,TQ1 7 BP,Adult,3,0,10,FALSE,
DIGI-OCT-282301,2025-12-12 16:59:59.999997,Museum Discovery Session,freya.davies20@gmail.com,PL3 4 WZ,Family,1,0,0,FALSE,
DIGI-OCT-807787,2026-01-08 12:00,Museum Discovery Session,grace.ward11@yahoo.co.uk,PL1 3 MC,Family,2,0,0,TRUE,
DIGI-OCT-343709,2026-01-24 16:00:00.000003,Museum Discovery Session,lucas.ward62@icloud.com,PL1 3 QW,Adult,1,0,20,FALSE,
DIGI-OCT-810836,2025-12-21 16:00:00.000003,Family Gallery Trail,freya.wood59@outlook.com,PL4 7 CM,Adult,1,0,5,TRUE,
DIGI-OCT-492371,2026-02-15 13:00:00.000003,Family Gallery Trail,jessica.ward26@icloud.com,PL1 7 GK,Adult,1,0,0,FALSE,
DIGI-OCT-471258,2026-02-12 19:00:00.000003,Family Gallery Trail,poppy.moore61@icloud.com,PL7 3 QD,Concession,1,0,0,FALSE,WELCOME
DIGI-OCT-609283,2026-01-22 19:00:00.000003,Family Gallery Trail,freya.singh75@icloud.com,TQ12 6 QS,Concession,1,0,10,FALSE,
DIGI-OCT-866989,2025-12-05 19:59:59.999997,Family Gallery Trail,george.walker31@outlook.com,TQ2 5 SO,Concession,1,0,5,FALSE,
DIGI-OCT-395766,2025-12-24 19:00:00.000003,Family Gallery Trail,henry.singh6@hotmail.co.uk,PL4 2 UM,Family,3,0,5,TRUE,
DIGI-OCT-538824,2025-12-14 19:59:59.999997,Family Gallery Trail,leo.cook80@hotmail.co.uk,PL7 5 AO,Adult,1,0,0,TRUE,LOCAL10
DIGI-OCT-659032,2026-03-09 07:59:59.999997,Object Handling Session,george.davies81@icloud.com,PL2 8 WC,Adult,1,0,0,FALSE,
DIGI-OCT-753670,2026-05-11 18:00,Object Handling Session,george.clarke78@yahoo.co.uk,PL6 4 HM,Family,2,0,0,FALSE,
DIGI-OCT-297664,2026-03-01 18:00,Object Handling Session,alice.allen73@gmail.com,PL6 9 IR,Concession,2,0,0,TRUE,WELCOME
DIGI-OCT-306675,2026-04-07 19:59:59.999997,Object Handling Session,max.johnson11@yahoo.co.uk,PL4 3 JZ,Family,1,0,0,FALSE,
DIGI-OCT-782840,2026-03-23 10:59:59.999997,Object Handling Session,leo.thomas97@gmail.com,PL1 3 OG,Family,1,0,0,FALSE,LOCAL10
DIGI-OCT-768692,2026-05-08 18:00,Object Handling Session,james.morgan59@gmail.com,PL4 8 XS,Family,2,0,0,FALSE,
DIGI-OCT-899727,2026-05-11 09:00,Object Handling Session,samuel.perry94@yahoo.co.uk,EX1 5 BS,Concession,1,0,5,FALSE,
DIGI-OCT-416720,2026-04-27 16:00:00.000003,Archive Visit,freya.singh35@gmail.com,PL6 6 NH,Adult,1,0,5,FALSE,LOCAL10
DIGI-OCT-727877,2026-05-11 12:00,Archive Visit,noah.clarke21@gmail.com,PL9 2 FB,Family,2,0,0,FALSE,
DIGI-OCT-384604,2026-07-17 16:00:00.000003,Archive Visit,thomas.evans33@gmail.com,PL7 6 TK,Family,3,0,10,FALSE,
DIGI-OCT-735311,2026-05-18 16:59:59.999997,Archive Visit,oscar.ahmed49@icloud.com,PL3 3 LQ,Adult,1,0,5,FALSE,
DIGI-OCT-989243,2026-04-30 13:59:59.999997,Archive Visit,chloe.johnson53@hotmail.co.uk,PL6 7 SR,Family,1,0,0,FALSE,
DIGI-OCT-424389,2026-05-14 10:59:59.999997,Archive Visit,amelia.green38@yahoo.co.uk,PL2 6 QY,Concession,1,0,0,FALSE,
DIGI-OCT-478948,2026-07-15 09:00,Archive Visit,lily.wilson26@gmail.com,PL7 2 WQ,Adult,2,0,0,TRUE,WELCOME
DIGI-OCT-755708,2026-06-28 18:00,Archive Visit,oliver.cooper58@outlook.com,PL4 2 CJ,Concession,2,0,0,FALSE,
DIGI-OCT-920157,2026-05-01 19:00:00.000003,Archive Visit,freya.brown29@yahoo.co.uk,PL5 7 GM,Concession,2,0,0,FALSE,LOCAL10
DIGI-OCT-487762,2026-07-16 16:59:59.999997,Archive Visit,mia.ahmed53@hotmail.co.uk,PL6 1 EQ,Family,1,0,0,TRUE,
DIGI-OCT-152644,2026-07-16 10:59:59.999997,Archive Visit,poppy.singh31@outlook.com,EX1 7 UE,Adult,2,0,0,FALSE,
DIGI-OCT-904846,2026-06-29 19:59:59.999997,Archive Visit,jacob.ward24@yahoo.co.uk,PL7 8 KJ,Family,2,0,0,TRUE,
DIGI-OCT-491416,2026-07-05 13:59:59.999997,Archive Visit,joshua.roberts61@yahoo.co.uk,PL2 5 OE,Family,1,0,0,FALSE,LOCAL10
DIGI-OCT-356519,2026-07-14 10:00:00.000003,Archive Visit,lucy.hall45@icloud.com,PL9 5 KR,Concession,2,0,0,TRUE,
DIGI-OCT-386897,2026-07-15 15:00,Local History Talk,noah.johnson76@icloud.com,PL6 4 MB,Adult,1,0,0,FALSE,LOCAL10
DIGI-OCT-740853,2026-07-10 13:00:00.000003,Local History Talk,oscar.roberts53@icloud.com,PL9 6 VU,Family,1,0,0,FALSE,WELCOME
DIGI-OCT-792013,2026-09-12 10:59:59.999997,Behind the Scenes Tour,grace.hill53@icloud.com,PL6 3 ML,Adult,3,0,0,FALSE,
DIGI-OCT-397752,2026-07-15 16:00:00.000003,Behind the Scenes Tour,noah.johnson76@icloud.com,PL6 4 MB,Concession,1,0,20,FALSE,
DIGI-OCT-441381,2026-08-16 16:59:59.999997,Behind the Scenes Tour,sophie.ward76@icloud.com,PL3 8 AS,Concession,2,0,0,FALSE,
DIGI-OCT-911625,2026-07-22 10:59:59.999997,Behind the Scenes Tour,jessica.jones67@hotmail.co.uk,PL4 2 QP,Concession,3,0,0,FALSE,LOCAL10
DIGI-OCT-753889,2026-08-23 07:59:59.999997,Community Collection Day,poppy.bennett49@gmail.com,TR1 1 HN,Adult,1,0,0,TRUE,WELCOME
DIGI-OCT-970991,2026-07-14 19:59:59.999997,Community Collection Day,jack.scott13@yahoo.co.uk,PL1 5 IB,Family,1,0,0,TRUE,
DIGI-OCT-548655,2026-08-10 19:59:59.999997,Community Collection Day,freya.smith87@hotmail.co.uk,PL9 6 IB,Adult,2,0,0,TRUE,
DIGI-OCT-391719,2026-10-02 16:00:00.000003,Community Collection Day,jessica.taylor28@yahoo.co.uk,PL5 8 CT,Family,1,0,5,FALSE,
DIGI-OCT-617815,2026-07-19 16:00:00.000003,Community Collection Day,olivia.hall65@gmail.com,PL4 4 VJ,Adult,1,0,0,TRUE,WELCOME
DIGI-OCT-615883,2026-08-07 12:00,Community Collection Day,george.bell53@yahoo.co.uk,TA1 1 BM,Family,1,0,0,TRUE,
DIGI-OCT-758524,2026-08-13 16:59:59.999997,Community Collection Day,george.harris49@icloud.com,PL3 6 XG,Family,4,0,20,FALSE,
DIGI-OCT-407342,2026-09-14 13:00:00.000003,Community Collection Day,evie.walker60@yahoo.co.uk,PL6 5 HU,Concession,1,0,0,FALSE,
DIGI-OCT-512895,2026-07-29 13:59:59.999997,School Holiday Activity,oscar.hill37@yahoo.co.uk,PL7 8 KO,Family,1,0,0,FALSE,
DIGI-OCT-812682,2026-09-22 09:00,School Holiday Activity,amelia.hall34@gmail.com,PL5 9 PQ,Family,1,0,20,FALSE,
DIGI-OCT-523967,2026-08-07 12:00,School Holiday Activity,freya.brown29@yahoo.co.uk,PL5 7 GM,Adult,2,0,0,FALSE,
DIGI-OCT-684951,2026-08-27 15:00,School Holiday Activity,charlie.wilson18@yahoo.co.uk,PL9 5 DW,Adult,1,0,0,FALSE,LOCAL10
DIGI-OCT-678067,2026-11-19 13:59:59.999997,Exhibition Tour,max.ahmed85@icloud.com,PL7 1 GJ,Family,1,0,0,FALSE,
DIGI-OCT-251151,2026-10-27 18:00,Exhibition Tour,samuel.king13@hotmail.co.uk,PL4 6 JY,Family,3,0,10,FALSE,
DIGI-OCT-699899,2026-10-06 18:00,Exhibition Tour,emma.roberts59@hotmail.co.uk,PL14 8 AW,Adult,3,0,0,FALSE,
DIGI-OCT-897838,2026-09-17 10:59:59.999997,Exhibition Tour,alice.scott26@yahoo.co.uk,PL4 3 UA,Adult,1,0,0,FALSE,
DIGI-OCT-934452,2026-09-06 13:00:00.000003,Exhibition Tour,henry.collins5@outlook.com,PL5 9 ET,Adult,3,0,0,FALSE,
DIGI-OCT-284607,2026-10-08 07:59:59.999997,Exhibition Tour,megan.baker38@gmail.com,PL7 2 UK,Concession,1,0,0,FALSE,LOCAL10
DIGI-OCT-446188,2026-11-07 13:00:00.000003,Exhibition Tour,samuel.bennett68@yahoo.co.uk,PL6 7 UJ,Family,1,0,0,FALSE,
DIGI-OCT-986527,2026-11-25 15:00,Exhibition Tour,lucas.smith65@outlook.com,PL2 2 RN,Adult,1,0,5,FALSE,
DIGI-OCT-118874,2026-10-31 12:00,Exhibition Tour,emily.patel53@outlook.com,PL3 1 EI,Concession,2,0,0,FALSE,
DIGI-OCT-859639,2026-10-14 18:00,History Workshop,freya.wood59@outlook.com,PL4 7 CM,Concession,1,0,0,FALSE,
DIGI-OCT-992345,2026-11-03 16:59:59.999997,History Workshop,jack.perry88@hotmail.co.uk,PL7 1 MT,Concession,1,0,0,FALSE,
DIGI-OCT-356328,2026-10-28 16:00:00.000003,History Workshop,oscar.davies39@hotmail.co.uk,PL3 2 NX,Adult,2,0,0,TRUE,
DIGI-OCT-179056,2026-11-02 18:00,History Workshop,noah.harris80@yahoo.co.uk,PL19 9 RS,Concession,3,0,5,FALSE,
DIGI-OCT-427417,2026-10-09 16:59:59.999997,History Workshop,lily.taylor60@yahoo.co.uk,PL9 2 HY,Concession,3,0,5,FALSE,
DIGI-OCT-606027,2026-10-23 13:59:59.999997,History Workshop,olivia.patel67@outlook.com,EX2 1 OM,Family,1,0,5,FALSE,
DIGI-OCT-372407,2026-12-25 18:00,History Workshop,lucas.cooper7@icloud.com,PL7 1 HL,Concession,4,0,0,TRUE,
DIGI-OCT-864107,2026-10-30 10:00:00.000003,History Workshop,ella.patel9@icloud.com,TA6 3 HR,Adult,3,0,0,FALSE,
DIGI-OCT-809366,2026-10-18 16:59:59.999997,History Workshop,lily.cook53@hotmail.co.uk,EX3 1 UB,Family,2,0,0,FALSE,
DIGI-OCT-107687,2026-12-15 15:00,History Workshop,charlotte.jones66@gmail.com,EX4 1 FB,Concession,1,0,0,TRUE,
DIGI-OCT-295267,2026-12-01 18:00,History Workshop,ella.turner43@gmail.com,PL7 1 NC,Family,4,0,0,FALSE,
DIGI-OCT-131011,2026-11-18 19:59:59.999997,History Workshop,harry.white84@yahoo.co.uk,PL19 7 HU,Concession,2,0,0,FALSE,
DIGI-OCT-381015,2026-12-16 15:00,History Workshop,evie.bennett94@gmail.com,PL4 9 JV,Concession,2,0,0,TRUE,
DIGI-OCT-703914,2026-11-28 19:59:59.999997,History Workshop,thomas.johnson59@gmail.com,PL4 8 SR,Adult,1,0,5,TRUE,
DIGI-OCT-530054,2025-11-03 12:00,Live Performance,oliver.davies1@yahoo.co.uk,PL5 2 FW,Adult,2,69.34,10,FALSE,
DIGI-OCT-777626,2025-12-29 16:59:59.999997,Live Performance,evie.walker34@icloud.com,PL9 4 SX,Family,1,34.67,0,FALSE,
DIGI-OCT-778866,2025-11-09 15:00,Live Performance,emily.ward95@hotmail.co.uk,TA1 9 VG,Family,2,69.34,0,FALSE,LOCAL10
DIGI-OCT-453220,2025-12-19 16:59:59.999997,Live Performance,harry.harris57@hotmail.co.uk,PL14 8 NA,Adult,2,69.34,5,TRUE,
DIGI-OCT-279939,2025-12-23 12:00,Live Performance,samuel.turner47@hotmail.co.uk,TQ1 2 XZ,Adult,1,34.67,20,FALSE,
DIGI-OCT-669609,2025-12-09 09:00,Live Performance,jack.white25@gmail.com,PL9 3 ET,Concession,1,34.67,0,FALSE,WELCOME
DIGI-OCT-724011,2025-10-11 13:59:59.999997,Live Performance,william.evans47@hotmail.co.uk,PL3 5 DE,Concession,2,69.34,0,FALSE,
DIGI-OCT-916931,2025-12-01 13:59:59.999997,Live Performance,george.wood56@icloud.com,PL6 3 DT,Concession,2,69.34,0,FALSE,LOCAL10
DIGI-OCT-584904,2025-11-07 10:00:00.000003,Live Performance,freya.smith87@hotmail.co.uk,PL9 6 IB,Family,4,138.68,0,FALSE,
DIGI-OCT-735443,2025-10-31 10:00:00.000003,Live Performance,emma.evans38@hotmail.co.uk,PL7 7 WZ,Adult,3,104.01,0,FALSE,
DIGI-OCT-828732,2025-12-15 19:59:59.999997,Live Performance,george.davies81@icloud.com,PL2 8 WC,Adult,1,34.67,0,FALSE,WELCOME
DIGI-OCT-942048,2025-12-24 07:59:59.999997,Live Performance,evie.smith72@yahoo.co.uk,PL5 3 BV,Adult,1,34.67,0,FALSE,LOCAL10
DIGI-OCT-672418,2026-01-02 18:00,Live Performance,joshua.hill96@gmail.com,PL1 1 SF,Family,1,34.67,20,TRUE,
DIGI-OCT-962324,2025-12-19 16:59:59.999997,Live Performance,leo.johnson83@hotmail.co.uk,PL5 3 UX,Adult,1,34.67,5,FALSE,LOCAL10
DIGI-OCT-211244,2025-11-20 09:00,Live Performance,mia.allen6@yahoo.co.uk,PL7 7 QW,Family,2,69.34,0,FALSE,
DIGI-OCT-421978,2025-10-29 15:00,Live Performance,ethan.taylor79@outlook.com,PL1 4 VO,Family,4,138.68,10,FALSE,
DIGI-OCT-538770,2025-12-21 19:59:59.999997,Live Performance,megan.young53@gmail.com,PL4 4 NJ,Concession,1,34.67,20,FALSE,
DIGI-OCT-268618,2025-11-01 19:00:00.000003,Live Performance,poppy.baker97@hotmail.co.uk,PL6 5 HX,Concession,1,34.67,0,FALSE,
DIGI-OCT-166126,2025-11-15 13:59:59.999997,Live Performance,samuel.perry94@yahoo.co.uk,EX1 5 BS,Concession,4,138.68,0,FALSE,
DIGI-OCT-956037,2026-01-08 12:00,Live Performance,lily.white83@gmail.com,PL7 4 TJ,Family,1,34.67,5,FALSE,
DIGI-OCT-609202,2025-11-12 09:00,Live Performance,joshua.white80@gmail.com,PL6 5 FE,Concession,1,34.67,0,FALSE,
DIGI-OCT-802899,2025-10-17 19:00:00.000003,Live Performance,amelia.morgan75@hotmail.co.uk,PL4 6 UA,Family,1,34.67,5,FALSE,
DIGI-OCT-338593,2026-02-14 13:59:59.999997,Annual Celebration,ethan.roberts36@yahoo.co.uk,TQ1 7 FH,Family,1,8.85,0,TRUE,
DIGI-OCT-301343,2025-12-19 19:59:59.999997,Annual Celebration,emily.patel53@outlook.com,PL3 1 EI,Adult,1,8.85,0,FALSE,
DIGI-OCT-396064,2025-12-04 12:00,Annual Celebration,poppy.jones38@outlook.com,PL12 3 AL,Concession,1,8.85,0,FALSE,
DIGI-OCT-161246,2025-12-22 10:59:59.999997,Annual Celebration,emily.evans6@icloud.com,PL6 8 DT,Family,1,8.85,0,TRUE,
DIGI-OCT-442815,2026-02-13 19:00:00.000003,Annual Celebration,thomas.wilson12@hotmail.co.uk,PL1 2 GE,Family,1,8.85,10,TRUE,LOCAL10
DIGI-OCT-538521,2025-11-29 16:59:59.999997,Annual Celebration,joshua.roberts61@yahoo.co.uk,PL2 5 OE,Concession,2,17.7,0,FALSE,
DIGI-OCT-745035,2026-01-14 10:59:59.999997,Annual Celebration,megan.bell29@outlook.com,EX1 6 LN,Adult,2,17.7,0,FALSE,LOCAL10
DIGI-OCT-601207,2025-12-05 18:00,Annual Celebration,mia.allen6@yahoo.co.uk,PL7 7 QW,Family,1,8.85,0,FALSE,
DIGI-OCT-859569,2026-01-27 19:59:59.999997,Annual Celebration,jessica.wood82@gmail.com,PL4 3 XU,Concession,2,17.7,5,FALSE,
DIGI-OCT-688190,2025-11-29 10:59:59.999997,Annual Celebration,daniel.jones32@yahoo.co.uk,PL2 6 ZM,Concession,2,17.7,0,TRUE,
DIGI-OCT-804653,2025-12-18 16:59:59.999997,Annual Celebration,grace.ward11@yahoo.co.uk,PL1 3 MC,Concession,1,8.85,0,FALSE,
DIGI-OCT-138253,2025-12-20 16:59:59.999997,Annual Celebration,jessica.evans26@gmail.com,PL2 9 HR,Family,2,17.7,0,TRUE,
DIGI-OCT-362788,2025-12-02 07:59:59.999997,Annual Celebration,thomas.singh16@hotmail.co.uk,PL7 8 SI,Adult,1,8.85,10,FALSE,
DIGI-OCT-617889,2026-01-25 10:59:59.999997,Annual Celebration,alice.wood48@yahoo.co.uk,PL3 1 UM,Concession,2,17.7,0,FALSE,
DIGI-OCT-704125,2026-01-29 19:59:59.999997,Annual Celebration,grace.brown44@outlook.com,PL7 1 GB,Concession,1,8.85,0,FALSE,WELCOME
DIGI-OCT-624274,2026-01-16 09:00,Annual Celebration,joshua.white16@icloud.com,PL4 7 UF,Family,1,8.85,10,FALSE,LOCAL10
DIGI-OCT-662675,2026-01-16 15:00,Annual Celebration,leo.taylor66@yahoo.co.uk,PL5 7 TW,Family,1,8.85,0,FALSE,
DIGI-OCT-692820,2026-02-17 13:59:59.999997,Annual Celebration,phoebe.wilson1@hotmail.co.uk,EX4 4 OE,Concession,1,8.85,0,TRUE,WELCOME
DIGI-OCT-451184,2026-01-20 18:00,Annual Celebration,max.walker11@icloud.com,TA6 1 TL,Concession,2,17.7,0,FALSE,
DIGI-OCT-268970,2026-01-21 09:00,Annual Celebration,lily.harris32@hotmail.co.uk,PL1 9 ZP,Adult,1,8.85,5,FALSE,
DIGI-OCT-695464,2026-02-10 16:00:00.000003,Annual Celebration,ella.turner42@gmail.com,PL9 4 QI,Concession,3,26.55,0,FALSE,WELCOME
DIGI-OCT-914799,2025-12-18 10:00:00.000003,Annual Celebration,william.hill9@icloud.com,PL9 9 MQ,Concession,4,35.4,0,FALSE,
DIGI-OCT-944885,2026-01-29 07:59:59.999997,Annual Celebration,sophie.murphy92@gmail.com,PL4 3 PP,Family,1,8.85,0,TRUE,
DIGI-OCT-474828,2026-01-06 18:00,Annual Celebration,amelia.ahmed56@icloud.com,PL5 8 NC,Family,1,8.85,5,FALSE,WELCOME
DIGI-OCT-254780,2025-12-05 19:59:59.999997,Annual Celebration,oliver.green25@gmail.com,PL2 7 ZI,Adult,1,8.85,0,FALSE,
DIGI-OCT-423681,2026-01-03 09:00,Annual Celebration,poppy.walker24@outlook.com,PL2 1 TW,Adult,2,17.7,0,FALSE,WELCOME
DIGI-OCT-117451,2025-11-30 19:59:59.999997,Annual Celebration,alfie.cook3@gmail.com,PL9 9 YK,Concession,2,17.7,0,FALSE,
DIGI-OCT-400564,2025-11-26 10:59:59.999997,Annual Celebration,emily.collins50@yahoo.co.uk,TQ2 7 BI,Adult,3,26.55,5,FALSE,
DIGI-OCT-181384,2025-12-11 07:59:59.999997,Annual Celebration,jack.patel20@yahoo.co.uk,PL4 9 SO,Concession,1,8.85,0,FALSE,
DIGI-OCT-846343,2025-12-12 09:00,Annual Celebration,ella.williams10@icloud.com,PL2 5 SG,Family,4,35.4,5,FALSE,
DIGI-OCT-871159,2026-01-21 15:00,Annual Celebration,alfie.morgan59@yahoo.co.uk,TQ3 3 BK,Family,2,17.7,0,FALSE,
DIGI-OCT-643622,2026-01-22 19:00:00.000003,Annual Celebration,chloe.scott97@gmail.com,PL7 7 WS,Adult,2,17.7,0,FALSE,
DIGI-OCT-407923,2026-01-24 16:59:59.999997,Annual Celebration,evie.turner84@yahoo.co.uk,PL19 1 HJ,Concession,1,8.85,0,TRUE,
DIGI-OCT-570900,2025-12-10 07:59:59.999997,Annual Celebration,charlie.wilson18@yahoo.co.uk,PL9 5 DW,Concession,1,8.85,0,FALSE,
DIGI-OCT-222258,2025-12-22 19:59:59.999997,Annual Celebration,emma.murphy58@outlook.com,PL9 9 HY,Family,4,35.4,20,FALSE,
DIGI-OCT-353447,2025-12-04 16:59:59.999997,Annual Celebration,charlotte.jones66@gmail.com,EX4 1 FB,Adult,1,8.85,0,FALSE,LOCAL10
DIGI-OCT-176592,2025-12-28 09:00,Annual Celebration,mia.bennett44@icloud.com,PL3 8 TC,Adult,1,8.85,10,FALSE,
DIGI-OCT-936931,2025-12-08 16:00:00.000003,Annual Celebration,mia.king87@outlook.com,PL5 9 VJ,Family,2,17.7,0,FALSE,
DIGI-OCT-735381,2026-01-11 10:59:59.999997,Annual Celebration,amelia.moore1@hotmail.co.uk,EX2 6 JH,Concession,1,8.85,20,TRUE,
DIGI-OCT-282206,2025-12-24 10:00:00.000003,Theatre Night,olivia.singh89@hotmail.co.uk,PL9 9 CX,Adult,1,16.51,0,FALSE,
DIGI-OCT-826206,2026-02-20 13:59:59.999997,Theatre Night,amelia.king57@gmail.com,PL6 7 XC,Concession,1,16.51,0,TRUE,
DIGI-OCT-670047,2026-02-05 15:00,Theatre Night,grace.brown15@gmail.com,EX3 2 RK,Concession,2,33.02,0,TRUE,
DIGI-OCT-258513,2026-02-15 10:00:00.000003,Theatre Night,samuel.perry94@yahoo.co.uk,EX1 5 BS,Family,1,16.51,20,TRUE,
DIGI-OCT-958590,2026-02-14 15:00,Theatre Night,charlie.moore33@hotmail.co.uk,PL3 3 FN,Adult,2,33.02,0,FALSE,
DIGI-OCT-387039,2026-01-24 16:59:59.999997,Theatre Night,joshua.jackson25@hotmail.co.uk,PL5 5 OJ,Concession,2,33.02,10,FALSE,
DIGI-OCT-981766,2026-02-21 16:00:00.000003,Theatre Night,ruby.patel72@yahoo.co.uk,TQ4 5 ZN,Adult,1,16.51,5,TRUE,WELCOME
DIGI-OCT-739431,2026-02-08 19:59:59.999997,Theatre Night,leo.thomas97@gmail.com,PL1 3 OG,Adult,2,33.02,0,FALSE,
DIGI-OCT-677128,2026-01-21 09:00,Theatre Night,ruby.harris22@icloud.com,PL3 7 WY,Concession,2,33.02,0,FALSE,
DIGI-OCT-933942,2026-02-12 16:00:00.000003,Theatre Night,oscar.wilson94@yahoo.co.uk,PL6 8 SW,Concession,2,33.02,0,FALSE,
DIGI-OCT-611215,2025-12-30 10:59:59.999997,Theatre Night,sophie.young35@icloud.com,PL5 2 YW,Adult,1,16.51,0,FALSE,
DIGI-OCT-857389,2025-12-08 09:00,Theatre Night,jacob.davies55@gmail.com,PL6 7 XK,Family,1,16.51,0,TRUE,
DIGI-OCT-281646,2026-02-04 19:00:00.000003,Theatre Night,thomas.patel73@hotmail.co.uk,PL5 9 BA,Family,1,16.51,0,FALSE,
DIGI-OCT-153320,2026-01-23 16:00:00.000003,Theatre Night,charlie.wilson18@yahoo.co.uk,PL9 5 DW,Concession,1,16.51,0,FALSE,
DIGI-OCT-524782,2026-02-01 09:00,Theatre Night,jessica.wood82@gmail.com,PL4 3 XU,Concession,2,33.02,0,TRUE,
DIGI-OCT-922535,2026-01-18 19:59:59.999997,Theatre Night,samuel.hall64@yahoo.co.uk,TA6 9 XY,Adult,2,33.02,5,FALSE,
DIGI-OCT-845013,2026-01-31 07:59:59.999997,Theatre Night,lily.moore38@icloud.com,PL3 6 ET,Family,1,16.51,0,FALSE,
DIGI-OCT-378888,2026-01-23 10:00:00.000003,Theatre Night,william.evans47@hotmail.co.uk,PL3 5 DE,Family,1,16.51,10,FALSE,
DIGI-OCT-967247,2025-12-12 13:59:59.999997,Theatre Night,emily.patel53@outlook.com,PL3 1 EI,Family,3,49.53,0,TRUE,
DIGI-OCT-147607,2026-01-01 13:00:00.000003,Theatre Night,george.walker58@hotmail.co.uk,PL7 3 YQ,Adult,1,16.51,0,TRUE,
DIGI-OCT-968274,2026-02-18 18:00,Theatre Night,leo.baker58@yahoo.co.uk,PL6 9 ZH,Adult,2,33.02,0,FALSE,
DIGI-OCT-546527,2025-12-25 16:00:00.000003,Theatre Night,jessica.smith58@outlook.com,PL3 1 YF,Concession,2,33.02,0,FALSE,
DIGI-OCT-681306,2026-02-07 09:00,Theatre Night,olivia.green58@gmail.com,EX3 6 NS,Family,1,16.51,0,FALSE,
DIGI-OCT-345585,2026-02-26 12:00,Theatre Night,alfie.ahmed61@hotmail.co.uk,TR1 9 LS,Concession,2,33.02,0,TRUE,
DIGI-OCT-402216,2026-02-13 19:00:00.000003,Theatre Night,noah.jones64@yahoo.co.uk,PL14 3 AP,Concession,1,16.51,0,FALSE,
DIGI-OCT-772425,2025-12-20 13:00:00.000003,Theatre Night,alfie.harris18@yahoo.co.uk,PL1 7 KW,Concession,3,49.53,0,TRUE,
DIGI-OCT-823572,2026-02-20 09:00,Theatre Night,charlie.turner82@gmail.com,PL7 2 RO,Concession,1,16.51,0,FALSE,
DIGI-OCT-786621,2026-02-20 19:00:00.000003,Theatre Night,ella.jackson65@outlook.com,PL1 9 GO,Family,2,33.02,10,TRUE,
DIGI-OCT-502935,2026-02-22 19:59:59.999997,Theatre Night,lucy.wilson73@outlook.com,PL6 8 PT,Adult,1,16.51,0,FALSE,
DIGI-OCT-622395,2026-02-28 15:00,Theatre Night,mia.allen6@yahoo.co.uk,PL7 7 QW,Concession,3,49.53,5,FALSE,LOCAL10
DIGI-OCT-399455,2025-12-23 15:00,Theatre Night,sophie.evans73@gmail.com,PL4 3 LX,Family,1,16.51,0,FALSE,WELCOME
DIGI-OCT-439525,2026-02-02 19:59:59.999997,Theatre Night,megan.baker38@gmail.com,PL7 2 UK,Adult,1,16.51,5,FALSE,
DIGI-OCT-278656,2026-02-24 18:00,Theatre Night,ruby.scott58@yahoo.co.uk,TR7 8 WA,Concession,1,16.51,0,FALSE,
DIGI-OCT-910234,2026-01-02 19:59:59.999997,Theatre Night,ruby.king51@yahoo.co.uk,PL7 6 IZ,Concession,2,33.02,5,FALSE,
DIGI-OCT-446072,2026-02-07 15:00,Theatre Night,jessica.clarke26@yahoo.co.uk,PL7 6 PU,Family,2,33.02,0,FALSE,
DIGI-OCT-847823,2026-01-30 10:00:00.000003,Theatre Night,emma.brown34@gmail.com,TA6 3 KC,Concession,1,16.51,0,FALSE,
DIGI-OCT-902103,2025-12-07 16:59:59.999997,Theatre Night,jacob.bell25@yahoo.co.uk,EX4 1 QD,Concession,1,16.51,0,TRUE,
DIGI-OCT-186768,2026-03-06 16:00:00.000003,Music Showcase,alice.green80@hotmail.co.uk,PL3 4 FU,Adult,3,89.55,10,TRUE,WELCOME
DIGI-OCT-433866,2026-04-17 13:59:59.999997,Music Showcase,oscar.wilson94@yahoo.co.uk,PL6 8 SW,Adult,4,119.4,5,FALSE,
DIGI-OCT-592904,2026-03-10 13:59:59.999997,Music Showcase,william.ahmed80@yahoo.co.uk,PL7 6 AZ,Adult,1,29.85,0,FALSE,
DIGI-OCT-665787,2026-04-15 07:59:59.999997,Music Showcase,joshua.white80@gmail.com,PL6 5 FE,Adult,1,29.85,0,FALSE,
DIGI-OCT-824826,2026-03-28 13:00:00.000003,Music Showcase,emma.walker60@gmail.com,PL1 4 TM,Concession,2,59.7,0,FALSE,WELCOME
DIGI-OCT-453886,2026-03-06 12:00,Music Showcase,oliver.green25@gmail.com,PL2 7 ZI,Concession,1,29.85,5,FALSE,
DIGI-OCT-846240,2026-03-19 07:59:59.999997,Music Showcase,alfie.cook3@gmail.com,PL9 9 YK,Concession,2,59.7,0,FALSE,
DIGI-OCT-814557,2026-04-19 19:59:59.999997,Music Showcase,henry.evans60@yahoo.co.uk,PL6 8 SB,Family,3,89.55,0,FALSE,LOCAL10
DIGI-OCT-445469,2026-05-09 19:59:59.999997,Music Showcase,amelia.king57@gmail.com,PL6 7 XC,Family,1,29.85,0,TRUE,
DIGI-OCT-415305,2026-03-29 16:59:59.999997,Music Showcase,megan.young53@gmail.com,PL4 4 NJ,Adult,2,59.7,0,FALSE,
DIGI-OCT-632947,2026-03-22 09:00,Music Showcase,jack.turner61@hotmail.co.uk,PL9 1 WH,Adult,2,59.7,5,FALSE,
DIGI-OCT-425156,2026-03-22 18:00,Music Showcase,emma.williams67@gmail.com,PL5 9 ZR,Adult,2,59.7,5,FALSE,WELCOME
DIGI-OCT-940841,2026-03-19 12:00,Music Showcase,grace.hall88@icloud.com,PL9 5 EE,Concession,1,29.85,0,TRUE,WELCOME
DIGI-OCT-409989,2026-03-04 12:00,Music Showcase,olivia.morgan89@icloud.com,EX2 2 JP,Concession,1,29.85,0,FALSE,
DIGI-OCT-817563,2026-05-08 16:59:59.999997,Music Showcase,chloe.smith1@outlook.com,TQ1 4 VR,Concession,2,59.7,0,FALSE,
DIGI-OCT-946447,2026-04-14 19:00:00.000003,Music Showcase,ethan.scott55@gmail.com,PL1 3 GN,Adult,1,29.85,5,TRUE,WELCOME
DIGI-OCT-348245,2026-03-13 13:00:00.000003,Music Showcase,chloe.martin45@outlook.com,PL4 1 DN,Adult,1,29.85,0,FALSE,
DIGI-OCT-696721,2026-05-01 19:59:59.999997,Music Showcase,lucy.collins23@gmail.com,PL6 8 AQ,Family,1,29.85,0,FALSE,
DIGI-OCT-757685,2026-03-30 15:00,Music Showcase,lucy.king66@icloud.com,PL2 1 CA,Adult,1,29.85,10,TRUE,
DIGI-OCT-870551,2026-05-06 07:59:59.999997,Music Showcase,ethan.walker2@outlook.com,PL1 3 UC,Adult,1,29.85,10,FALSE,
DIGI-OCT-112705,2026-04-24 13:59:59.999997,Music Showcase,lucy.wilson73@outlook.com,PL6 8 PT,Adult,1,29.85,20,TRUE,LOCAL10
DIGI-OCT-777758,2026-03-01 18:00,Music Showcase,lucas.bell74@gmail.com,PL3 7 MJ,Family,3,89.55,5,FALSE,
DIGI-OCT-254417,2026-03-26 19:59:59.999997,Music Showcase,joshua.king89@hotmail.co.uk,PL4 7 XN,Adult,2,59.7,20,FALSE,
DIGI-OCT-293697,2026-03-03 07:59:59.999997,Music Showcase,ruby.patel71@hotmail.co.uk,TA1 1 WF,Concession,3,89.55,0,FALSE,
DIGI-OCT-109822,2026-05-18 12:00,Guest Speaker,mia.king87@outlook.com,PL5 9 VJ,Adult,2,44.48,0,FALSE,
DIGI-OCT-312706,2026-04-26 19:00:00.000003,Guest Speaker,george.wood56@icloud.com,PL6 3 DT,Adult,1,22.24,0,FALSE,
DIGI-OCT-507070,2026-03-26 16:00:00.000003,Guest Speaker,george.hall37@icloud.com,PL7 4 UC,Concession,3,66.72,0,FALSE,
DIGI-OCT-724072,2026-04-18 13:00:00.000003,Guest Speaker,ethan.ahmed71@yahoo.co.uk,EX1 6 PM,Concession,4,88.96,0,FALSE,
DIGI-OCT-146679,2026-03-18 07:59:59.999997,Guest Speaker,william.murphy53@outlook.com,PL3 8 WD,Family,2,44.48,5,FALSE,
DIGI-OCT-278749,2026-04-04 09:00,Guest Speaker,thomas.singh16@hotmail.co.uk,PL7 8 SI,Adult,1,22.24,0,TRUE,
DIGI-OCT-171993,2026-04-23 18:00,Guest Speaker,grace.brown15@gmail.com,EX3 2 RK,Adult,2,44.48,10,FALSE,
DIGI-OCT-743373,2026-03-26 19:00:00.000003,Guest Speaker,grace.bennett34@outlook.com,EX3 1 MV,Family,3,66.72,10,FALSE,
DIGI-OCT-380629,2026-03-04 09:00,Cultural Evening,sophie.perry12@icloud.com,TQ4 7 DD,Concession,1,22.97,0,TRUE,WELCOME
DIGI-OCT-722196,2026-03-03 07:59:59.999997,Cultural Evening,amelia.green38@yahoo.co.uk,PL2 6 QY,Family,1,22.97,0,FALSE,
DIGI-OCT-886007,2026-04-15 07:59:59.999997,Cultural Evening,ethan.harris3@icloud.com,PL1 5 PH,Concession,2,45.94,0,TRUE,LOCAL10
DIGI-OCT-139007,2026-04-16 15:00,Cultural Evening,samuel.perry94@yahoo.co.uk,EX1 5 BS,Adult,1,22.97,0,FALSE,
DIGI-OCT-831313,2026-04-11 16:00:00.000003,Cultural Evening,james.murphy9@outlook.com,PL3 8 WN,Concession,1,22.97,0,FALSE,
DIGI-OCT-962974,2026-04-26 13:00:00.000003,Cultural Evening,william.murphy49@hotmail.co.uk,PL21 8 QY,Adult,1,22.97,0,FALSE,LOCAL10
DIGI-OCT-279879,2026-03-18 19:59:59.999997,Cultural Evening,joshua.murphy55@hotmail.co.uk,PL2 1 EL,Concession,1,22.97,10,FALSE,
DIGI-OCT-954655,2026-05-07 10:59:59.999997,Cultural Evening,jessica.taylor28@yahoo.co.uk,PL5 8 CT,Adult,1,22.97,0,FALSE,WELCOME
DIGI-OCT-619334,2026-04-05 19:59:59.999997,Cultural Evening,phoebe.singh53@yahoo.co.uk,PL4 5 EU,Adult,3,68.91,0,FALSE,
DIGI-OCT-452637,2026-04-27 16:00:00.000003,Cultural Evening,poppy.baker97@hotmail.co.uk,PL6 5 HX,Concession,1,22.97,0,FALSE,
DIGI-OCT-815552,2026-05-10 19:59:59.999997,Cultural Evening,lily.martin36@hotmail.co.uk,PL21 7 DS,Adult,1,22.97,0,FALSE,
DIGI-OCT-748095,2026-05-08 10:00:00.000003,Artist Residency Event,olivia.hill34@hotmail.co.uk,PL12 9 GC,Adult,1,10.59,0,TRUE,LOCAL10
DIGI-OCT-112613,2026-05-30 10:00:00.000003,Artist Residency Event,thomas.evans33@gmail.com,PL7 6 TK,Concession,1,10.59,0,TRUE,
DIGI-OCT-805853,2026-04-21 19:00:00.000003,Artist Residency Event,sophie.white91@hotmail.co.uk,PL1 3 ZU,Family,1,10.59,0,FALSE,
DIGI-OCT-992131,2026-03-15 15:00,Artist Residency Event,joshua.jackson25@hotmail.co.uk,PL5 5 OJ,Concession,1,10.59,5,TRUE,
DIGI-OCT-114343,2026-06-10 12:00,Artist Residency Event,daniel.jones32@yahoo.co.uk,PL2 6 ZM,Concession,1,10.59,0,FALSE,
DIGI-OCT-954641,2026-04-18 16:59:59.999997,Artist Residency Event,olivia.wilson91@icloud.com,EX3 8 XM,Concession,1,10.59,0,FALSE,WELCOME
DIGI-OCT-765577,2026-03-16 19:00:00.000003,Artist Residency Event,alfie.harris18@yahoo.co.uk,PL1 7 KW,Adult,1,10.59,0,FALSE,
DIGI-OCT-523799,2026-05-12 13:00:00.000003,Artist Residency Event,poppy.martin35@hotmail.co.uk,PL6 7 OC,Family,2,21.18,0,TRUE,WELCOME
DIGI-OCT-664349,2026-05-11 13:00:00.000003,Artist Residency Event,grace.martin64@outlook.com,PL9 8 VP,Adult,1,10.59,0,FALSE,WELCOME
DIGI-OCT-969593,2026-06-25 16:00:00.000003,Community Performance,lucas.bell74@gmail.com,PL3 7 MJ,Concession,2,31.86,0,TRUE,
DIGI-OCT-175593,2026-06-13 10:00:00.000003,Community Performance,lily.hill65@yahoo.co.uk,EX1 1 GI,Concession,3,47.79,20,TRUE,
DIGI-OCT-871359,2026-07-05 12:00,Community Performance,charlotte.singh59@gmail.com,TQ3 9 QA,Adult,1,15.93,0,FALSE,
DIGI-OCT-182548,2026-05-27 16:00:00.000003,Community Performance,ruby.jackson99@yahoo.co.uk,PL12 6 JI,Adult,2,31.86,0,FALSE,
DIGI-OCT-549401,2026-07-05 19:59:59.999997,Community Performance,leo.baker58@yahoo.co.uk,PL6 9 ZH,Concession,2,31.86,0,FALSE,LOCAL10
DIGI-OCT-201264,2026-07-02 13:00:00.000003,Community Performance,harry.jackson49@hotmail.co.uk,PL7 1 WH,Concession,4,63.72,0,FALSE,WELCOME
DIGI-OCT-400676,2026-06-09 12:00,Community Performance,ella.evans78@gmail.com,PL6 3 PU,Family,2,31.86,0,FALSE,
DIGI-OCT-700058,2026-05-28 12:00,Community Performance,mia.harris28@icloud.com,TA6 3 SB,Adult,4,63.72,0,TRUE,
DIGI-OCT-494975,2026-07-09 19:59:59.999997,Community Performance,leo.morgan50@icloud.com,PL7 9 SL,Family,1,15.93,5,FALSE,WELCOME
DIGI-OCT-496341,2026-08-06 07:59:59.999997,Community Performance,sophie.bennett91@hotmail.co.uk,TR7 9 JZ,Adult,2,31.86,0,FALSE,
DIGI-OCT-984339,2026-08-01 10:59:59.999997,Community Performance,olivia.johnson75@gmail.com,PL21 7 HQ,Concession,1,15.93,10,FALSE,
DIGI-OCT-255092,2026-08-03 19:00:00.000003,Community Performance,charlie.scott24@hotmail.co.uk,TA1 3 KS,Family,1,15.93,0,FALSE,WELCOME
DIGI-OCT-992756,2026-06-29 09:00,Community Performance,alfie.murphy38@yahoo.co.uk,TQ1 2 ZQ,Family,2,31.86,0,FALSE,
DIGI-OCT-287542,2026-06-02 12:00,Community Performance,noah.scott58@yahoo.co.uk,PL6 6 QU,Adult,2,31.86,0,FALSE,
DIGI-OCT-267485,2026-08-04 10:00:00.000003,Community Performance,lucy.collins23@gmail.com,PL6 8 AQ,Adult,2,31.86,0,FALSE,
DIGI-OCT-843909,2026-06-18 19:59:59.999997,Community Performance,joshua.perry25@outlook.com,PL2 4 LM,Family,1,15.93,0,TRUE,WELCOME
DIGI-OCT-670966,2026-06-26 15:00,Community Performance,george.bell53@yahoo.co.uk,TA1 1 BM,Adult,1,15.93,5,TRUE,
DIGI-OCT-201437,2026-08-20 18:00,Community Performance,alice.green80@hotmail.co.uk,PL3 4 FU,Family,1,15.93,5,FALSE,
DIGI-OCT-387765,2026-08-17 19:59:59.999997,Community Performance,henry.green52@gmail.com,PL3 7 UM,Concession,2,31.86,0,FALSE,
DIGI-OCT-610793,2026-08-06 13:59:59.999997,Community Performance,mia.evans74@icloud.com,PL5 2 GO,Family,1,15.93,0,FALSE,
DIGI-OCT-219861,2026-06-23 19:59:59.999997,Community Performance,emily.morgan19@yahoo.co.uk,PL7 7 CK,Adult,1,15.93,0,TRUE,
DIGI-OCT-558483,2026-06-20 13:00:00.000003,Community Performance,mia.morgan29@hotmail.co.uk,PL2 5 HS,Concession,1,15.93,0,FALSE,
DIGI-OCT-978571,2026-05-26 15:00,Community Performance,leo.williams84@icloud.com,PL1 9 RY,Family,2,31.86,10,FALSE,WELCOME
DIGI-OCT-924182,2026-05-30 10:00:00.000003,Community Performance,emma.ahmed12@outlook.com,PL4 6 HK,Adult,1,15.93,0,FALSE,
DIGI-OCT-802258,2026-07-31 13:59:59.999997,Community Performance,emma.cooper7@yahoo.co.uk,PL3 4 HC,Adult,1,15.93,0,FALSE,
DIGI-OCT-385194,2026-06-01 18:00,Community Performance,sophie.perry12@icloud.com,TQ4 7 DD,Adult,1,15.93,20,FALSE,
DIGI-OCT-663736,2026-05-30 10:00:00.000003,Community Performance,joshua.hill96@gmail.com,PL1 1 SF,Concession,2,31.86,0,FALSE,
DIGI-OCT-365369,2026-05-28 16:00:00.000003,Community Performance,charlie.wilson18@yahoo.co.uk,PL9 5 DW,Family,2,31.86,10,FALSE,
DIGI-OCT-650793,2026-06-14 10:00:00.000003,Community Performance,phoebe.singh53@yahoo.co.uk,PL4 5 EU,Family,4,63.72,0,TRUE,
DIGI-OCT-120539,2026-07-02 12:00,Community Performance,noah.johnson76@icloud.com,PL6 4 MB,Family,3,47.79,0,FALSE,
DIGI-OCT-597927,2026-08-03 13:00:00.000003,Community Performance,chloe.ahmed9@icloud.com,PL7 7 EU,Adult,2,31.86,0,FALSE,
DIGI-OCT-311518,2026-06-29 10:59:59.999997,Community Performance,jessica.morgan96@gmail.com,PL5 6 GA,Family,1,15.93,0,FALSE,
DIGI-OCT-724168,2026-05-29 09:00,Community Performance,mia.evans70@hotmail.co.uk,PL1 5 IW,Adult,2,31.86,0,FALSE,
DIGI-OCT-740947,2026-06-27 12:00,Community Performance,grace.scott66@hotmail.co.uk,PL2 2 NQ,Concession,1,15.93,20,TRUE,
DIGI-OCT-466085,2026-07-24 18:00,Community Performance,joshua.scott57@hotmail.co.uk,TQ2 6 DD,Family,3,47.79,0,FALSE,LOCAL10
DIGI-OCT-925657,2026-08-06 16:00:00.000003,Community Performance,samuel.wilson89@hotmail.co.uk,TQ1 4 OJ,Concession,1,15.93,10,TRUE,
DIGI-OCT-502320,2026-07-25 13:59:59.999997,Season Launch,ruby.patel71@hotmail.co.uk,TA1 1 WF,Concession,2,19.3,0,FALSE,
DIGI-OCT-586157,2026-10-12 13:59:59.999997,Season Launch,olivia.taylor18@yahoo.co.uk,PL3 4 RI,Adult,3,28.95,0,FALSE,
DIGI-OCT-978560,2026-08-02 12:00,Season Launch,sophie.murphy92@gmail.com,PL4 3 PP,Concession,1,9.65,0,FALSE,
DIGI-OCT-908617,2026-07-27 16:00:00.000003,Season Launch,evie.smith72@yahoo.co.uk,PL5 3 BV,Concession,3,28.95,0,FALSE,LOCAL10
DIGI-OCT-558975,2026-09-16 10:00:00.000003,Season Launch,max.cook26@outlook.com,PL4 7 QE,Adult,1,9.65,0,FALSE,LOCAL10
DIGI-OCT-209320,2026-10-21 18:00,Season Launch,lucy.hall45@icloud.com,PL9 5 KR,Adult,2,19.3,0,FALSE,WELCOME
DIGI-OCT-303525,2026-08-02 13:00:00.000003,Season Launch,jack.king12@hotmail.co.uk,TQ1 1 HU,Concession,3,28.95,10,TRUE,
DIGI-OCT-837587,2026-07-30 16:00:00.000003,Season Launch,lily.cook18@outlook.com,PL5 6 NQ,Concession,1,9.65,0,TRUE,
DIGI-OCT-388006,2026-10-15 09:00,Comedy Performance,jessica.allen12@yahoo.co.uk,PL9 9 BA,Adult,4,65.24,0,FALSE,
DIGI-OCT-804302,2026-09-19 19:00:00.000003,Comedy Performance,lily.murphy31@yahoo.co.uk,TQ12 9 CW,Concession,1,16.31,10,FALSE,
DIGI-OCT-636825,2026-11-08 16:00:00.000003,Comedy Performance,lucas.cooper7@icloud.com,PL7 1 HL,Family,3,48.93,0,TRUE,
DIGI-OCT-180463,2026-09-20 18:00,Comedy Performance,charlotte.martin14@outlook.com,PL2 2 FW,Adult,1,16.31,0,FALSE,
DIGI-OCT-896138,2026-11-10 10:59:59.999997,Comedy Performance,james.collins47@icloud.com,PL6 4 CH,Family,4,65.24,5,FALSE,
DIGI-OCT-263608,2026-10-25 10:00:00.000003,Comedy Performance,phoebe.johnson30@yahoo.co.uk,TQ2 8 SH,Concession,2,32.62,0,FALSE,
DIGI-OCT-272854,2026-09-10 12:00,Comedy Performance,mia.jones96@gmail.com,TA1 1 IX,Family,4,65.24,0,FALSE,
DIGI-OCT-841296,2026-09-30 13:59:59.999997,Comedy Performance,max.ahmed85@icloud.com,PL7 1 GJ,Concession,1,16.31,0,FALSE,
DIGI-OCT-571614,2026-10-12 18:00,Comedy Performance,samuel.perry94@yahoo.co.uk,EX1 5 BS,Family,2,32.62,10,FALSE,
DIGI-OCT-708814,2026-11-04 16:59:59.999997,Comedy Performance,thomas.moore51@gmail.com,PL3 4 XQ,Concession,1,16.31,5,FALSE,
DIGI-OCT-880137,2026-10-28 07:59:59.999997,Comedy Performance,phoebe.hall34@hotmail.co.uk,EX2 5 AT,Family,3,48.93,0,TRUE,
DIGI-OCT-415101,2026-10-08 19:00:00.000003,Comedy Performance,joshua.jackson37@icloud.com,PL1 7 VX,Concession,2,32.62,0,FALSE,
DIGI-OCT-707143,2026-10-27 15:00,Comedy Performance,george.baker47@hotmail.co.uk,TA6 9 GS,Concession,1,16.31,0,FALSE,
DIGI-OCT-973833,2026-11-22 07:59:59.999997,Comedy Performance,george.harris49@icloud.com,PL3 6 XG,Family,1,16.31,5,FALSE,WELCOME
DIGI-OCT-484724,2026-09-23 12:00,Comedy Performance,charlotte.wood43@outlook.com,PL3 9 LD,Concession,1,16.31,0,TRUE,
DIGI-OCT-717028,2026-11-06 10:59:59.999997,Comedy Performance,olivia.singh89@hotmail.co.uk,PL9 9 CX,Adult,1,16.31,0,FALSE,
DIGI-OCT-477266,2026-09-14 13:59:59.999997,Comedy Performance,emily.collins50@yahoo.co.uk,TQ2 7 BI,Adult,4,65.24,0,FALSE,
DIGI-OCT-356862,2026-09-28 09:00,Comedy Performance,ruby.king51@yahoo.co.uk,PL7 6 IZ,Family,1,16.31,0,TRUE,
DIGI-OCT-663835,2026-11-23 16:59:59.999997,Comedy Performance,jessica.jones67@hotmail.co.uk,PL4 2 QP,Adult,2,32.62,0,FALSE,LOCAL10
DIGI-OCT-206637,2026-09-10 13:00:00.000003,Comedy Performance,daniel.cooper23@hotmail.co.uk,PL1 6 AY,Concession,1,16.31,5,FALSE,WELCOME
DIGI-OCT-894646,2026-09-10 19:00:00.000003,Comedy Performance,poppy.moore61@icloud.com,PL7 3 QD,Concession,3,48.93,5,FALSE,
DIGI-OCT-513112,2026-12-05 09:00,Comedy Performance,jacob.singh85@yahoo.co.uk,PL7 4 AV,Family,1,16.31,0,FALSE,
DIGI-OCT-166853,2026-10-10 13:00:00.000003,Comedy Performance,oscar.baker57@outlook.com,PL3 6 QP,Family,1,16.31,10,FALSE,LOCAL10
DIGI-OCT-813347,2026-10-23 15:00,Comedy Performance,mia.morgan29@hotmail.co.uk,PL2 5 HS,Adult,3,48.93,0,FALSE,WELCOME
DIGI-OCT-173697,2026-11-01 15:00,Comedy Performance,henry.johnson31@yahoo.co.uk,PL9 6 FU,Concession,2,32.62,0,TRUE,
DIGI-OCT-354895,2026-09-22 10:00:00.000003,Comedy Performance,emma.cooper7@yahoo.co.uk,PL3 4 HC,Family,1,16.31,0,FALSE,
DIGI-OCT-293151,2026-09-16 19:59:59.999997,Comedy Performance,phoebe.wood76@icloud.com,TA1 5 ZI,Family,2,32.62,0,FALSE,
DIGI-OCT-515135,2026-09-21 10:00:00.000003,Comedy Performance,freya.jones17@outlook.com,PL7 8 HL,Concession,1,16.31,0,FALSE,
DIGI-OCT-234639,2026-09-13 13:59:59.999997,Comedy Performance,george.davies81@icloud.com,PL2 8 WC,Family,1,16.31,10,FALSE,
DIGI-OCT-967162,2026-09-24 12:00,Comedy Performance,mia.king87@outlook.com,PL5 9 VJ,Family,1,16.31,0,TRUE,
DIGI-OCT-801526,2026-10-06 16:00:00.000003,Comedy Performance,phoebe.wood76@hotmail.co.uk,TR7 6 VZ,Family,3,48.93,0,TRUE,
DIGI-OCT-641601,2026-09-10 10:00:00.000003,Comedy Performance,jack.allen94@yahoo.co.uk,PL5 8 IN,Adult,1,16.31,0,FALSE,
DIGI-OCT-794078,2026-10-10 07:59:59.999997,Comedy Performance,alice.allen73@gmail.com,PL6 9 IR,Family,1,16.31,0,FALSE,
DIGI-OCT-596373,2026-10-07 19:00:00.000003,Comedy Performance,jessica.wood82@gmail.com,PL4 3 XU,Adult,3,48.93,0,TRUE,
DIGI-OCT-269638,2026-10-19 07:59:59.999997,Comedy Performance,william.patel75@icloud.com,PL9 7 VK,Family,1,16.31,20,FALSE,
DIGI-OCT-185607,2026-11-18 13:00:00.000003,Comedy Performance,poppy.martin35@hotmail.co.uk,PL6 7 OC,Family,1,16.31,0,FALSE,LOCAL10
DIGI-OCT-716737,2026-01-15 10:59:59.999997,Digital Arts Exhibition,jacob.bell25@yahoo.co.uk,EX4 1 QD,Adult,1,2.85,0,FALSE,
DIGI-OCT-369645,2026-01-10 19:59:59.999997,Digital Arts Exhibition,mia.williams2@hotmail.co.uk,PL6 2 PM,Concession,1,2.85,0,FALSE,
DIGI-OCT-626701,2026-02-23 16:00:00.000003,Creative Workshop,oliver.walker64@yahoo.co.uk,PL7 3 LB,Concession,1,3.44,10,FALSE,
DIGI-OCT-225108,2026-02-17 07:59:59.999997,Creative Workshop,mia.smith92@hotmail.co.uk,TQ2 5 IO,Concession,1,3.44,0,FALSE,LOCAL10
DIGI-OCT-825626,2026-02-16 15:00,Creative Workshop,emma.smith52@gmail.com,PL2 3 WA,Concession,2,6.88,10,FALSE,WELCOME
DIGI-OCT-191507,2026-03-03 12:00,Creative Workshop,poppy.walker24@outlook.com,PL2 1 TW,Concession,2,6.88,0,FALSE,LOCAL10
DIGI-OCT-734587,2026-02-28 15:00,Creative Workshop,olivia.moore89@hotmail.co.uk,PL5 6 EH,Concession,1,3.44,10,TRUE,
DIGI-OCT-803261,2025-12-28 15:00,Creative Workshop,phoebe.williams10@icloud.com,PL2 3 SU,Adult,1,3.44,0,TRUE,WELCOME
DIGI-OCT-131162,2026-03-04 16:59:59.999997,Community Arts Festival,oliver.young34@hotmail.co.uk,PL5 5 UD,Family,1,7.62,0,FALSE,
DIGI-OCT-762828,2026-03-21 07:59:59.999997,Contemporary Art Evening,george.baker47@hotmail.co.uk,TA6 9 GS,Concession,1,7.22,0,FALSE,
DIGI-OCT-837346,2026-02-10 13:59:59.999997,Contemporary Art Evening,henry.evans29@icloud.com,PL4 7 LP,Family,1,7.22,0,FALSE,LOCAL10
DIGI-OCT-414249,2026-03-18 12:00,Contemporary Art Evening,thomas.smith67@outlook.com,PL9 1 XX,Adult,1,7.22,10,TRUE,
DIGI-OCT-198597,2026-05-25 12:00,Local Artists Showcase,grace.scott25@yahoo.co.uk,PL12 8 BE,Concession,1,9.22,0,FALSE,
DIGI-OCT-376854,2025-11-28 12:00,Family Activity Day,james.hall56@icloud.com,PL1 6 GO,Adult,2,9.84,0,FALSE,
DIGI-OCT-448113,2025-11-10 15:00,Family Activity Day,george.wood56@icloud.com,PL6 3 DT,Family,1,4.92,0,TRUE,
DIGI-OCT-558938,2025-12-30 13:59:59.999997,Family Activity Day,megan.cooper84@hotmail.co.uk,PL4 5 FW,Family,1,4.92,0,FALSE,LOCAL10
DIGI-OCT-440427,2026-02-17 09:00,Community Showcase,lily.white83@gmail.com,PL7 4 TJ,Adult,2,8.16,0,FALSE,WELCOME
DIGI-OCT-816036,2025-12-18 09:00,Community Showcase,jacob.moore55@outlook.com,TA6 2 IK,Adult,4,16.32,0,TRUE,LOCAL10
DIGI-OCT-201060,2026-01-04 15:00,Community Showcase,thomas.hall96@yahoo.co.uk,TQ1 5 OH,Concession,2,8.16,0,FALSE,
DIGI-OCT-355209,2026-01-05 19:59:59.999997,Community Showcase,william.cooper78@icloud.com,PL2 5 FF,Family,1,4.08,10,FALSE,
DIGI-OCT-954888,2025-12-08 07:59:59.999997,Community Showcase,ella.patel9@icloud.com,TA6 3 HR,Family,3,12.24,0,TRUE,
DIGI-OCT-160703,2025-11-29 16:00:00.000003,Community Showcase,james.hall56@icloud.com,PL1 6 GO,Adult,1,4.08,0,TRUE,
DIGI-OCT-503005,2025-12-22 07:59:59.999997,Community Showcase,evie.patel26@gmail.com,TR1 5 ZP,Family,1,4.08,10,FALSE,
DIGI-OCT-594644,2026-02-10 15:00,Public Forum,lucy.allen88@outlook.com,PL2 7 TL,Concession,1,2.96,0,FALSE,
DIGI-OCT-724059,2026-01-03 19:59:59.999997,Public Forum,amelia.murphy13@icloud.com,PL1 3 VD,Family,1,2.96,0,FALSE,
DIGI-OCT-550031,2026-02-17 10:00:00.000003,Public Forum,jacob.davies55@gmail.com,PL6 7 XK,Adult,2,5.92,0,FALSE,
DIGI-OCT-764815,2025-12-20 13:59:59.999997,Public Forum,ethan.bell28@outlook.com,PL3 6 SO,Adult,1,2.96,0,TRUE,
DIGI-OCT-542245,2026-03-07 15:00,Public Forum,mia.baker93@outlook.com,PL6 2 LL,Adult,4,11.84,20,FALSE,
DIGI-OCT-921588,2025-12-12 12:00,Public Forum,emma.ahmed12@outlook.com,PL4 6 HK,Adult,2,5.92,5,FALSE,
DIGI-OCT-548431,2026-07-02 15:00,Neighbourhood Project,evie.green38@gmail.com,TR1 6 ZB,Family,3,8.1,0,FALSE,WELCOME
DIGI-OCT-115113,2026-05-27 12:00,Neighbourhood Project,daniel.jones32@yahoo.co.uk,PL2 6 ZM,Concession,1,2.7,5,FALSE,
DIGI-OCT-148083,2026-07-16 07:59:59.999997,Neighbourhood Project,grace.brown15@gmail.com,EX3 2 RK,Family,1,2.7,0,TRUE,
DIGI-OCT-662859,2026-06-23 18:00,Neighbourhood Project,daniel.scott94@icloud.com,PL5 3 VK,Adult,3,8.1,0,FALSE,
DIGI-OCT-447887,2026-07-12 13:00:00.000003,Neighbourhood Project,sophie.smith94@outlook.com,PL5 7 UU,Adult,1,2.7,0,FALSE,LOCAL10
DIGI-OCT-862990,2026-06-29 19:00:00.000003,Local Voices,lily.taylor60@yahoo.co.uk,PL9 2 HY,Adult,4,16.4,0,FALSE,
DIGI-OCT-240814,2026-07-24 12:00,Local Voices,ella.patel48@outlook.com,PL6 7 YB,Adult,1,4.1,20,FALSE,
DIGI-OCT-830277,2026-07-18 07:59:59.999997,Skills Workshop,leo.moore72@yahoo.co.uk,TR1 3 MT,Concession,1,1.58,0,FALSE,
DIGI-OCT-911216,2026-09-29 15:00,Skills Workshop,harry.harris57@hotmail.co.uk,PL14 8 NA,Adult,2,3.16,0,FALSE,WELCOME
DIGI-OCT-907209,2026-07-28 18:00,Skills Workshop,lucas.johnson98@yahoo.co.uk,TR1 9 TY,Concession,1,1.58,0,FALSE,
DIGI-OCT-162406,2026-08-09 10:00:00.000003,Skills Workshop,alfie.harris18@yahoo.co.uk,PL1 7 KW,Concession,2,3.16,10,TRUE,
DIGI-OCT-865427,2026-08-29 13:59:59.999997,Skills Workshop,noah.williams57@yahoo.co.uk,TA1 5 SW,Family,1,1.58,0,TRUE,
DIGI-OCT-181576,2026-07-06 19:59:59.999997,Skills Workshop,jessica.evans26@gmail.com,PL2 9 HR,Adult,1,1.58,0,FALSE,
DIGI-OCT-922673,2026-07-03 09:00,Skills Workshop,freya.smith87@hotmail.co.uk,PL9 6 IB,Adult,1,1.58,0,FALSE,LOCAL10
DIGI-OCT-158653,2026-09-30 16:59:59.999997,Skills Workshop,alfie.morgan59@yahoo.co.uk,TQ3 3 BK,Adult,4,6.32,0,FALSE,
DIGI-OCT-301718,2026-08-25 18:00,Skills Workshop,ella.king83@icloud.com,EX4 2 PR,Family,1,1.58,0,FALSE,WELCOME
DIGI-OCT-588229,2026-09-16 19:00:00.000003,Community Conversation,joshua.murphy55@hotmail.co.uk,PL2 1 EL,Concession,1,0.21,10,FALSE,
DIGI-OCT-828409,2026-08-17 18:00,Community Conversation,alfie.hill53@hotmail.co.uk,PL9 5 VA,Concession,3,0.63,0,FALSE,
DIGI-OCT-296710,2026-09-14 15:00,Community Conversation,poppy.johnson17@yahoo.co.uk,PL7 7 MR,Adult,1,0.21,10,FALSE,
DIGI-OCT-126792,2026-09-01 10:00:00.000003,Community Conversation,megan.bell29@outlook.com,EX1 6 LN,Adult,2,0.42,0,FALSE,
DIGI-OCT-130076,2026-07-18 13:59:59.999997,Community Conversation,joshua.bennett77@icloud.com,PL5 7 SE,Family,3,0.63,0,TRUE,
DIGI-OCT-916866,2026-08-19 16:59:59.999997,Creative Wellbeing,henry.johnson31@yahoo.co.uk,PL9 6 FU,Concession,1,2.61,0,FALSE,WELCOME
DIGI-OCT-391507,2026-09-02 13:59:59.999997,Creative Wellbeing,thomas.evans33@gmail.com,PL7 6 TK,Family,1,2.61,0,FALSE,
DIGI-OCT-787848,2026-09-27 12:00,Creative Wellbeing,sophie.collins72@gmail.com,PL9 3 AX,Adult,2,5.22,5,FALSE,
DIGI-OCT-356086,2026-02-21 19:59:59.999997,Local Stories,sophie.perry12@icloud.com,TQ4 7 DD,Family,1,22.04,0,FALSE,WELCOME
DIGI-OCT-971613,2026-03-10 13:00:00.000003,Local Stories,freya.singh35@gmail.com,PL6 6 NH,Concession,1,22.04,0,TRUE,
DIGI-OCT-825507,2026-02-11 19:59:59.999997,Local Stories,emma.brown34@gmail.com,TA6 3 KC,Adult,1,22.04,0,FALSE,
DIGI-OCT-937377,2026-02-12 19:00:00.000003,Local Stories,emma.ahmed12@outlook.com,PL4 6 HK,Adult,1,22.04,0,FALSE,WELCOME
DIGI-OCT-673706,2026-03-15 16:00:00.000003,Local Stories,max.walker11@icloud.com,TA6 1 TL,Family,1,22.04,0,TRUE,LOCAL10
DIGI-OCT-427507,2026-04-01 13:00:00.000003,Local Stories,freya.green60@outlook.com,PL6 3 HE,Adult,1,22.04,10,TRUE,
DIGI-OCT-928374,2026-03-12 19:00:00.000003,Local Stories,jack.white42@yahoo.co.uk,EX4 9 DG,Family,1,22.04,0,TRUE,
DIGI-OCT-156318,2026-04-01 10:59:59.999997,Local Stories,harry.harris57@hotmail.co.uk,PL14 8 NA,Adult,1,22.04,5,FALSE,
DIGI-OCT-362157,2026-03-18 10:00:00.000003,Local Stories,alice.wood48@yahoo.co.uk,PL3 1 UM,Family,2,44.08,5,TRUE,
DIGI-OCT-538990,2026-03-22 15:00,Local Stories,mia.bennett44@icloud.com,PL3 8 TC,Family,1,22.04,0,FALSE,
DIGI-OCT-820304,2026-01-30 15:00,Local Stories,william.ahmed80@yahoo.co.uk,PL7 6 AZ,Family,1,22.04,0,FALSE,
DIGI-OCT-367439,2026-02-07 19:00:00.000003,Local Stories,amelia.ahmed56@icloud.com,PL5 8 NC,Family,1,22.04,0,FALSE,
DIGI-OCT-393441,2026-03-03 13:00:00.000003,Local Stories,oliver.green25@gmail.com,PL2 7 ZI,Adult,4,88.16,0,FALSE,
DIGI-OCT-267077,2026-02-24 10:00:00.000003,Local Stories,joshua.patel91@yahoo.co.uk,PL2 1 ZE,Adult,1,22.04,0,TRUE,
DIGI-OCT-933830,2026-01-08 13:00:00.000003,Local Stories,chloe.morgan69@hotmail.co.uk,PL1 6 PG,Family,2,44.08,0,FALSE,
DIGI-OCT-466510,2026-01-27 09:00,Local Stories,lily.moore38@icloud.com,PL3 6 ET,Adult,2,44.08,20,FALSE,
DIGI-OCT-917941,2026-03-24 12:00,Local Stories,thomas.turner55@hotmail.co.uk,PL4 2 LA,Family,2,44.08,0,FALSE,
DIGI-OCT-482739,2026-04-02 19:59:59.999997,Local Stories,phoebe.cooper56@yahoo.co.uk,PL9 5 IC,Family,1,22.04,20,FALSE,
DIGI-OCT-575020,2026-03-20 09:00,Local Stories,leo.morgan50@icloud.com,PL7 9 SL,Adult,3,66.12,0,FALSE,LOCAL10
DIGI-OCT-191295,2026-01-26 07:59:59.999997,Local Stories,george.hall53@hotmail.co.uk,PL9 8 QF,Adult,2,44.08,0,FALSE,
DIGI-OCT-500728,2026-02-26 10:59:59.999997,Local Stories,chloe.smith1@outlook.com,TQ1 4 VR,Concession,1,22.04,5,FALSE,
DIGI-OCT-516335,2026-02-05 09:00,Local Stories,henry.roberts3@icloud.com,EX4 4 XO,Family,2,44.08,0,FALSE,WELCOME
DIGI-OCT-384049,2026-02-26 18:00,Local Stories,jacob.moore55@outlook.com,TA6 2 IK,Family,3,66.12,0,FALSE,
DIGI-OCT-316049,2026-02-23 16:00:00.000003,Local Stories,max.murphy67@hotmail.co.uk,PL3 7 DM,Family,1,22.04,10,FALSE,
DIGI-OCT-480337,2026-03-17 16:59:59.999997,Local Stories,lily.wilson26@gmail.com,PL7 2 WQ,Family,2,44.08,20,FALSE,
DIGI-OCT-652776,2026-01-29 19:59:59.999997,Local Stories,olivia.allen88@gmail.com,EX2 8 JE,Concession,1,22.04,5,FALSE,
DIGI-OCT-547947,2026-03-16 18:00,Local Stories,ruby.scott58@yahoo.co.uk,TR7 8 WA,Concession,1,22.04,0,TRUE,
DIGI-OCT-306451,2026-03-09 10:00:00.000003,Local Stories,amelia.green84@yahoo.co.uk,PL7 6 AR,Concession,1,22.04,0,TRUE,LOCAL10
DIGI-OCT-403608,2026-03-06 10:59:59.999997,Local Stories,noah.johnson76@icloud.com,PL6 4 MB,Adult,1,22.04,0,FALSE,
DIGI-OCT-228830,2026-01-26 16:00:00.000003,Local Stories,joshua.murphy55@hotmail.co.uk,PL2 1 EL,Adult,1,22.04,0,FALSE,
DIGI-OCT-793212,2026-01-27 10:59:59.999997,Local Stories,jack.baker48@gmail.com,EX4 3 BD,Family,1,22.04,0,FALSE,
DIGI-OCT-491527,2026-03-05 12:00,Local Stories,olivia.morgan89@icloud.com,EX2 2 JP,Family,1,22.04,0,FALSE,
DIGI-OCT-547250,2026-02-03 09:00,Local Stories,mia.white60@yahoo.co.uk,PL2 1 ZS,Concession,1,22.04,0,FALSE,
DIGI-OCT-889474,2026-01-25 10:00:00.000003,Local Stories,olivia.singh89@hotmail.co.uk,PL9 9 CX,Concession,3,66.12,10,FALSE,
DIGI-OCT-820722,2026-01-03 10:59:59.999997,Local Stories,lily.hill65@yahoo.co.uk,EX1 1 GI,Adult,3,66.12,0,FALSE,WELCOME
DIGI-OCT-101122,2026-01-09 19:00:00.000003,Local Stories,grace.bennett21@yahoo.co.uk,PL7 7 CQ,Family,3,66.12,0,TRUE,
DIGI-OCT-573574,2026-02-21 19:59:59.999997,Local Stories,george.clarke78@yahoo.co.uk,PL6 4 HM,Adult,3,66.12,0,FALSE,
DIGI-OCT-200264,2026-01-16 19:59:59.999997,Local Stories,henry.evans29@icloud.com,PL4 7 LP,Concession,1,22.04,0,TRUE,
DIGI-OCT-108142,2026-03-26 15:00,Local Stories,evie.cook51@gmail.com,PL5 8 KT,Concession,1,22.04,5,FALSE,
DIGI-OCT-612315,2026-03-25 13:00:00.000003,Local Stories,ruby.patel71@hotmail.co.uk,TA1 1 WF,Concession,1,22.04,0,FALSE,
DIGI-OCT-342681,2026-03-28 15:00,Local Stories,poppy.johnson17@yahoo.co.uk,PL7 7 MR,Adult,2,44.08,0,FALSE,
DIGI-OCT-411625,2026-03-05 15:00,Local Stories,jacob.young17@gmail.com,TQ4 7 OH,Concession,2,44.08,5,FALSE,
DIGI-OCT-501221,2026-03-31 12:00,Local Stories,william.cooper78@icloud.com,PL2 5 FF,Concession,2,44.08,5,TRUE,
DIGI-OCT-897815,2026-02-14 10:59:59.999997,Local Stories,ella.smith65@outlook.com,PL9 7 JF,Adult,2,44.08,5,FALSE,
DIGI-OCT-423984,2026-03-08 19:59:59.999997,Local Stories,oscar.hill37@yahoo.co.uk,PL7 8 KO,Adult,1,22.04,10,FALSE,
DIGI-OCT-621919,2026-01-21 19:59:59.999997,Local Stories,charlie.scott24@hotmail.co.uk,TA1 3 KS,Concession,1,22.04,5,FALSE,
DIGI-OCT-928386,2026-02-03 10:59:59.999997,Local Stories,freya.taylor55@icloud.com,TQ12 1 AO,Adult,1,22.04,5,FALSE,
DIGI-OCT-912027,2026-03-16 15:00,Local Stories,james.hall56@icloud.com,PL1 6 GO,Adult,4,88.16,0,FALSE,
DIGI-OCT-848968,2026-01-07 15:00,Local Stories,charlotte.clarke80@yahoo.co.uk,PL1 6 PP,Concession,1,22.04,0,FALSE,
DIGI-OCT-370412,2026-02-08 10:00:00.000003,Local Stories,ella.jackson65@outlook.com,PL1 9 GO,Family,1,22.04,0,FALSE,
DIGI-OCT-349123,2026-03-21 12:00,Local Stories,thomas.moore51@gmail.com,PL3 4 XQ,Concession,2,44.08,0,TRUE,LOCAL10
DIGI-OCT-963124,2026-03-23 16:59:59.999997,Local Stories,joshua.scott6@gmail.com,PL3 7 SH,Family,1,22.04,0,FALSE,LOCAL10
DIGI-OCT-818339,2026-03-14 16:59:59.999997,Local Stories,oscar.morgan79@gmail.com,TQ2 4 JX,Adult,3,66.12,0,FALSE,WELCOME
DIGI-OCT-921325,2026-01-05 07:59:59.999997,Local Stories,alfie.murphy52@icloud.com,TQ4 3 MX,Family,1,22.04,0,FALSE,
DIGI-OCT-852776,2026-02-10 19:00:00.000003,Local Stories,chloe.johnson53@hotmail.co.uk,PL6 7 SR,Concession,1,22.04,0,FALSE,
DIGI-OCT-307339,2026-01-08 13:00:00.000003,Local Stories,ruby.jones49@gmail.com,PL1 5 JQ,Concession,1,22.04,20,FALSE,
DIGI-OCT-276955,2026-02-26 16:59:59.999997,Local Stories,oliver.roberts81@hotmail.co.uk,PL7 3 HQ,Family,1,22.04,5,FALSE,WELCOME
DIGI-OCT-202960,2026-01-19 19:59:59.999997,Local Stories,max.patel95@icloud.com,PL2 4 BH,Family,1,22.04,5,TRUE,
DIGI-OCT-674701,2026-01-23 13:00:00.000003,Local Stories,ruby.cooper23@outlook.com,PL19 1 FR,Adult,2,44.08,20,FALSE,
DIGI-OCT-219868,2026-03-29 10:59:59.999997,Local Stories,lucy.morgan40@hotmail.co.uk,PL7 4 OB,Family,1,22.04,5,FALSE,LOCAL10
DIGI-OCT-742217,2026-02-23 12:00,Local Stories,phoebe.roberts11@hotmail.co.uk,PL7 4 KL,Concession,2,44.08,0,TRUE,
DIGI-OCT-546937,2026-01-15 16:59:59.999997,Local Stories,oscar.wilson94@yahoo.co.uk,PL6 8 SW,Adult,1,22.04,0,FALSE,
DIGI-OCT-757419,2026-02-24 13:59:59.999997,Local Stories,evie.walker34@icloud.com,PL9 4 SX,Family,2,44.08,10,FALSE,
DIGI-OCT-676029,2026-02-04 12:00,Musical Celebration,lucas.williams95@yahoo.co.uk,PL1 9 TY,Family,1,39.61,0,TRUE,LOCAL10
DIGI-OCT-100525,2026-04-03 13:59:59.999997,Musical Celebration,noah.king39@hotmail.co.uk,PL6 9 XM,Adult,2,79.22,0,TRUE,
DIGI-OCT-827162,2026-04-21 19:59:59.999997,Musical Celebration,freya.singh75@icloud.com,TQ12 6 QS,Concession,1,39.61,0,FALSE,
DIGI-OCT-943007,2026-02-08 10:59:59.999997,Musical Celebration,ruby.wilson75@icloud.com,TQ2 5 FH,Adult,1,39.61,0,TRUE,
DIGI-OCT-950172,2026-04-14 18:00,Musical Celebration,ella.roberts95@hotmail.co.uk,PL1 7 BQ,Adult,2,79.22,0,FALSE,
DIGI-OCT-355575,2026-03-29 10:00:00.000003,Musical Celebration,ruby.williams44@yahoo.co.uk,TQ1 7 XK,Concession,4,158.44,0,FALSE,
DIGI-OCT-399072,2026-04-20 13:00:00.000003,Musical Celebration,ruby.davies84@icloud.com,PL1 2 DE,Adult,1,39.61,10,FALSE,
DIGI-OCT-905875,2026-02-18 10:59:59.999997,Musical Celebration,oscar.baker23@hotmail.co.uk,PL1 1 XX,Adult,1,39.61,0,FALSE,
DIGI-OCT-764724,2026-04-18 13:59:59.999997,Musical Celebration,harry.white84@yahoo.co.uk,PL19 7 HU,Concession,2,79.22,5,FALSE,
DIGI-OCT-429996,2026-03-31 13:00:00.000003,Musical Celebration,leo.taylor66@yahoo.co.uk,PL5 7 TW,Family,1,39.61,0,TRUE,
DIGI-OCT-590179,2026-04-09 09:00,Musical Celebration,freya.singh35@gmail.com,PL6 6 NH,Adult,2,79.22,0,FALSE,
DIGI-OCT-318118,2026-04-20 10:00:00.000003,Musical Celebration,ruby.jackson99@yahoo.co.uk,PL12 6 JI,Adult,1,39.61,0,FALSE,WELCOME
DIGI-OCT-402892,2026-02-08 16:59:59.999997,Musical Celebration,lucy.hall45@icloud.com,PL9 5 KR,Family,2,79.22,0,FALSE,
DIGI-OCT-983573,2026-03-18 19:59:59.999997,Musical Celebration,sophie.harris90@gmail.com,PL19 9 UN,Adult,2,79.22,20,TRUE,
DIGI-OCT-495091,2026-04-16 09:00,Musical Celebration,henry.roberts3@icloud.com,EX4 4 XO,Adult,3,118.83,0,FALSE,
DIGI-OCT-892673,2026-04-24 19:59:59.999997,Musical Celebration,oliver.cooper58@outlook.com,PL4 2 CJ,Adult,2,79.22,0,FALSE,LOCAL10
DIGI-OCT-482120,2026-02-26 16:00:00.000003,Musical Celebration,henry.perry17@outlook.com,TQ12 7 TH,Concession,2,79.22,0,FALSE,
DIGI-OCT-513122,2026-04-26 16:59:59.999997,Musical Celebration,emma.roberts59@hotmail.co.uk,PL14 8 AW,Adult,1,39.61,0,TRUE,
DIGI-OCT-887784,2026-02-02 15:00,Musical Celebration,grace.ward11@yahoo.co.uk,PL1 3 MC,Adult,2,79.22,5,FALSE,
DIGI-OCT-367208,2026-02-19 16:59:59.999997,Musical Celebration,ruby.king51@yahoo.co.uk,PL7 6 IZ,Family,1,39.61,5,FALSE,
DIGI-OCT-418896,2026-04-14 19:59:59.999997,Musical Celebration,ella.williams10@icloud.com,PL2 5 SG,Concession,1,39.61,5,TRUE,
DIGI-OCT-513208,2026-04-01 13:59:59.999997,Musical Celebration,olivia.williams75@outlook.com,PL2 1 CE,Adult,2,79.22,0,TRUE,
DIGI-OCT-505937,2026-01-31 16:59:59.999997,Musical Celebration,alice.wood48@yahoo.co.uk,PL3 1 UM,Family,1,39.61,0,TRUE,
DIGI-OCT-767855,2026-04-05 15:00,Musical Celebration,henry.bennett45@gmail.com,PL4 3 BX,Family,2,79.22,0,FALSE,
DIGI-OCT-428996,2026-04-20 16:59:59.999997,Musical Celebration,samuel.clarke73@gmail.com,PL4 4 XN,Concession,1,39.61,0,TRUE,
DIGI-OCT-758851,2026-03-10 15:00,Musical Celebration,olivia.hill34@hotmail.co.uk,PL12 9 GC,Adult,1,39.61,5,FALSE,
DIGI-OCT-199086,2026-02-25 19:00:00.000003,Musical Celebration,lucas.williams39@hotmail.co.uk,PL12 2 AO,Family,2,79.22,0,FALSE,LOCAL10
DIGI-OCT-806388,2026-01-30 10:59:59.999997,Musical Celebration,megan.jackson61@gmail.com,PL5 6 LF,Concession,1,39.61,0,FALSE,
DIGI-OCT-364805,2026-02-28 10:00:00.000003,Musical Celebration,olivia.singh89@hotmail.co.uk,PL9 9 CX,Family,1,39.61,0,FALSE,
DIGI-OCT-850409,2026-04-04 19:00:00.000003,Musical Celebration,mia.baker93@outlook.com,PL6 2 LL,Concession,2,79.22,0,FALSE,
DIGI-OCT-146571,2026-04-13 16:59:59.999997,Musical Celebration,george.clarke78@yahoo.co.uk,PL6 4 HM,Concession,2,79.22,10,FALSE,WELCOME
DIGI-OCT-961209,2026-02-02 15:00,Musical Celebration,samuel.bell3@outlook.com,TA1 4 FD,Concession,1,39.61,0,FALSE,
DIGI-OCT-768596,2026-02-22 10:00:00.000003,Musical Celebration,jacob.moore55@outlook.com,TA6 2 IK,Concession,4,158.44,0,FALSE,
DIGI-OCT-284598,2026-04-18 16:00:00.000003,Musical Celebration,william.scott53@hotmail.co.uk,TA6 1 CO,Family,1,39.61,0,FALSE,
DIGI-OCT-329573,2026-03-23 10:00:00.000003,Musical Celebration,thomas.clarke83@hotmail.co.uk,PL2 1 HA,Adult,2,79.22,0,FALSE,
DIGI-OCT-857934,2026-02-26 18:00,Musical Celebration,sophie.murphy92@gmail.com,PL4 3 PP,Concession,2,79.22,0,TRUE,
DIGI-OCT-376327,2026-03-14 13:00:00.000003,Musical Celebration,sophie.williams3@hotmail.co.uk,PL6 6 KA,Adult,1,39.61,0,FALSE,
DIGI-OCT-993799,2026-03-26 12:00,Musical Celebration,evie.turner14@gmail.com,PL19 8 HQ,Family,1,39.61,0,TRUE,
DIGI-OCT-212415,2026-03-04 10:00:00.000003,Musical Celebration,daniel.cooper23@hotmail.co.uk,PL1 6 AY,Adult,1,39.61,0,FALSE,
DIGI-OCT-606354,2026-04-21 10:00:00.000003,Musical Celebration,chloe.martin45@outlook.com,PL4 1 DN,Adult,1,39.61,5,TRUE,LOCAL10
DIGI-OCT-699381,2026-03-07 15:00,Musical Celebration,jack.white42@yahoo.co.uk,EX4 9 DG,Concession,1,39.61,0,FALSE,
DIGI-OCT-721053,2026-03-29 10:59:59.999997,Musical Celebration,jessica.hall18@yahoo.co.uk,PL6 5 PX,Adult,1,39.61,20,FALSE,
DIGI-OCT-440824,2026-03-22 16:59:59.999997,Musical Celebration,emily.patel53@outlook.com,PL3 1 EI,Concession,1,39.61,0,FALSE,LOCAL10
DIGI-OCT-377413,2026-04-17 19:59:59.999997,Musical Celebration,noah.cook86@yahoo.co.uk,TR7 1 LY,Family,1,39.61,0,FALSE,
DIGI-OCT-624374,2026-03-27 07:59:59.999997,Musical Celebration,evie.turner84@yahoo.co.uk,PL19 1 HJ,Concession,3,118.83,0,FALSE,
DIGI-OCT-138068,2026-02-16 16:00:00.000003,Musical Celebration,grace.scott25@yahoo.co.uk,PL12 8 BE,Adult,3,118.83,5,FALSE,
DIGI-OCT-999211,2026-03-11 16:00:00.000003,Musical Celebration,max.jones19@icloud.com,PL9 8 WL,Family,2,79.22,0,FALSE,LOCAL10
DIGI-OCT-128610,2026-02-14 16:00:00.000003,Musical Celebration,grace.turner60@hotmail.co.uk,PL2 4 SN,Adult,2,79.22,0,FALSE,
DIGI-OCT-317258,2026-04-16 09:00,Musical Celebration,william.evans47@hotmail.co.uk,PL3 5 DE,Concession,1,39.61,0,FALSE,
DIGI-OCT-847713,2026-04-13 19:00:00.000003,Musical Celebration,charlie.wilson18@yahoo.co.uk,PL9 5 DW,Family,1,39.61,10,FALSE,
DIGI-OCT-399858,2026-04-24 07:59:59.999997,Musical Celebration,freya.brown29@yahoo.co.uk,PL5 7 GM,Concession,1,39.61,5,TRUE,
DIGI-OCT-573161,2026-03-10 16:59:59.999997,Musical Celebration,jack.perry88@hotmail.co.uk,PL7 1 MT,Family,1,39.61,0,FALSE,
DIGI-OCT-483876,2026-03-17 10:59:59.999997,Musical Celebration,ella.turner42@gmail.com,PL9 4 QI,Family,1,39.61,10,FALSE,
DIGI-OCT-737312,2026-04-27 19:59:59.999997,Musical Celebration,alfie.hill53@hotmail.co.uk,PL9 5 VA,Concession,1,39.61,0,TRUE,
DIGI-OCT-728146,2026-03-17 19:59:59.999997,Musical Celebration,samuel.hall64@yahoo.co.uk,TA6 9 XY,Concession,1,39.61,0,FALSE,
DIGI-OCT-708361,2026-02-09 10:59:59.999997,Musical Celebration,jessica.allen12@yahoo.co.uk,PL9 9 BA,Concession,2,79.22,0,FALSE,
DIGI-OCT-444389,2026-02-07 09:00,Musical Celebration,oliver.walker64@yahoo.co.uk,PL7 3 LB,Family,2,79.22,0,TRUE,
DIGI-OCT-995548,2026-04-27 16:59:59.999997,Musical Celebration,amelia.green84@yahoo.co.uk,PL7 6 AR,Adult,2,79.22,5,FALSE,
DIGI-OCT-497081,2026-01-31 10:00:00.000003,Musical Celebration,phoebe.roberts11@hotmail.co.uk,PL7 4 KL,Concession,1,39.61,5,TRUE,
DIGI-OCT-618722,2026-04-02 16:59:59.999997,Musical Celebration,sophie.cook84@yahoo.co.uk,EX1 2 OK,Concession,2,79.22,0,FALSE,
DIGI-OCT-633230,2026-04-02 16:59:59.999997,Musical Celebration,phoebe.singh53@yahoo.co.uk,PL4 5 EU,Concession,1,39.61,0,FALSE,
DIGI-OCT-831194,2026-04-06 18:00,Musical Celebration,oscar.ahmed49@icloud.com,PL3 3 LQ,Family,2,79.22,10,FALSE,
DIGI-OCT-380322,2026-03-12 10:59:59.999997,Musical Celebration,henry.singh6@hotmail.co.uk,PL4 2 UM,Concession,2,79.22,10,FALSE,WELCOME
DIGI-OCT-268516,2026-02-08 19:59:59.999997,Musical Celebration,jacob.ward24@yahoo.co.uk,PL7 8 KJ,Family,1,39.61,0,FALSE,
DIGI-OCT-958505,2026-04-11 07:59:59.999997,Musical Celebration,poppy.martin33@yahoo.co.uk,PL9 2 KM,Concession,1,39.61,5,FALSE,
DIGI-OCT-961708,2026-04-06 19:59:59.999997,Musical Celebration,lucy.moore68@yahoo.co.uk,PL9 2 JY,Concession,1,39.61,10,FALSE,
DIGI-OCT-706500,2026-03-29 10:00:00.000003,Musical Celebration,mia.williams2@hotmail.co.uk,PL6 2 PM,Adult,1,39.61,20,FALSE,WELCOME
DIGI-OCT-646589,2026-04-04 19:59:59.999997,Musical Celebration,william.collins65@outlook.com,PL6 6 RY,Adult,1,39.61,10,FALSE,WELCOME
DIGI-OCT-583897,2026-04-23 07:59:59.999997,Musical Celebration,henry.evans52@yahoo.co.uk,PL6 8 UW,Concession,1,39.61,20,FALSE,
DIGI-OCT-731032,2026-02-08 07:59:59.999997,Musical Celebration,lucy.ahmed80@yahoo.co.uk,PL3 6 CV,Family,1,39.61,0,TRUE,
DIGI-OCT-428065,2026-04-17 12:00,Musical Celebration,william.murphy49@hotmail.co.uk,PL21 8 QY,Family,1,39.61,0,FALSE,
DIGI-OCT-894887,2026-04-16 13:00:00.000003,Musical Celebration,jacob.davies55@gmail.com,PL6 7 XK,Concession,1,39.61,0,FALSE,
DIGI-OCT-205811,2026-02-07 07:59:59.999997,Musical Celebration,thomas.allen1@yahoo.co.uk,PL4 6 AB,Family,1,39.61,0,FALSE,WELCOME
DIGI-OCT-276810,2026-04-02 13:00:00.000003,Musical Celebration,jessica.cooper71@icloud.com,PL3 6 UK,Concession,1,39.61,20,FALSE,
DIGI-OCT-981458,2026-03-27 13:59:59.999997,Musical Celebration,leo.thomas97@gmail.com,PL1 3 OG,Concession,2,79.22,0,TRUE,
DIGI-OCT-136990,2026-03-05 10:59:59.999997,Musical Celebration,freya.singh42@icloud.com,PL9 7 TT,Adult,2,79.22,10,TRUE,
DIGI-OCT-546036,2026-04-01 10:00:00.000003,Musical Celebration,chloe.smith1@outlook.com,TQ1 4 VR,Family,4,158.44,10,FALSE,
DIGI-OCT-892607,2026-05-31 09:00,The Comedy Hour,noah.king14@outlook.com,PL3 6 MC,Concession,2,33.44,0,FALSE,
DIGI-OCT-809629,2026-06-09 16:59:59.999997,The Comedy Hour,oscar.morgan79@gmail.com,TQ2 4 JX,Adult,2,33.44,10,FALSE,
DIGI-OCT-667929,2026-04-16 16:59:59.999997,The Comedy Hour,thomas.brown11@outlook.com,PL3 8 SZ,Concession,2,33.44,5,FALSE,
DIGI-OCT-678083,2026-06-08 16:00:00.000003,The Comedy Hour,max.jones19@icloud.com,PL9 8 WL,Adult,2,33.44,0,FALSE,
DIGI-OCT-938869,2026-06-01 13:00:00.000003,The Comedy Hour,charlotte.johnson65@yahoo.co.uk,PL9 4 EM,Family,1,16.72,0,FALSE,
DIGI-OCT-393089,2026-06-10 16:59:59.999997,The Comedy Hour,emma.smith52@gmail.com,PL2 3 WA,Adult,1,16.72,0,FALSE,
DIGI-OCT-745900,2026-04-23 19:00:00.000003,The Comedy Hour,leo.baker58@yahoo.co.uk,PL6 9 ZH,Concession,2,33.44,0,FALSE,
DIGI-OCT-450001,2026-06-08 18:00,The Comedy Hour,lucy.thomas27@gmail.com,PL5 7 PT,Family,3,50.16,0,FALSE,
DIGI-OCT-731301,2026-03-21 10:00:00.000003,The Comedy Hour,henry.green52@gmail.com,PL3 7 UM,Concession,1,16.72,5,TRUE,
DIGI-OCT-779263,2026-06-17 13:00:00.000003,The Comedy Hour,oliver.davies1@yahoo.co.uk,PL5 2 FW,Family,2,33.44,10,FALSE,WELCOME
DIGI-OCT-240377,2026-06-17 19:00:00.000003,The Comedy Hour,samuel.bennett68@yahoo.co.uk,PL6 7 UJ,Family,3,50.16,0,FALSE,LOCAL10
DIGI-OCT-445698,2026-05-02 18:00,The Comedy Hour,jack.turner61@hotmail.co.uk,PL9 1 WH,Family,1,16.72,0,FALSE,LOCAL10
DIGI-OCT-678486,2026-04-25 09:00,The Comedy Hour,evie.cooper8@hotmail.co.uk,PL1 9 EF,Family,1,16.72,0,TRUE,
DIGI-OCT-977110,2026-05-01 10:59:59.999997,The Comedy Hour,olivia.allen11@outlook.com,PL7 1 ZT,Adult,1,16.72,10,FALSE,
DIGI-OCT-669371,2026-05-01 13:59:59.999997,The Comedy Hour,grace.brown15@gmail.com,EX3 2 RK,Adult,1,16.72,0,FALSE,
DIGI-OCT-877238,2026-03-27 16:59:59.999997,The Comedy Hour,sophie.young35@icloud.com,PL5 2 YW,Adult,2,33.44,10,FALSE,LOCAL10
DIGI-OCT-461782,2026-04-29 09:00,The Comedy Hour,chloe.johnson53@hotmail.co.uk,PL6 7 SR,Adult,2,33.44,5,FALSE,
DIGI-OCT-275111,2026-06-06 19:59:59.999997,The Comedy Hour,charlotte.hall7@icloud.com,PL6 3 TP,Concession,1,16.72,0,TRUE,
DIGI-OCT-836102,2026-04-04 19:00:00.000003,The Comedy Hour,sophie.brown50@outlook.com,PL6 8 YZ,Family,4,66.88,0,FALSE,
DIGI-OCT-693008,2026-05-18 19:59:59.999997,The Comedy Hour,evie.bennett94@gmail.com,PL4 9 JV,Family,2,33.44,0,FALSE,LOCAL10
DIGI-OCT-584034,2026-05-23 10:00:00.000003,The Comedy Hour,lily.taylor60@yahoo.co.uk,PL9 2 HY,Concession,3,50.16,10,FALSE,
DIGI-OCT-534919,2026-04-11 09:00,The Comedy Hour,jack.patel20@yahoo.co.uk,PL4 9 SO,Concession,1,16.72,0,FALSE,
DIGI-OCT-683518,2026-03-23 10:59:59.999997,The Comedy Hour,henry.evans52@yahoo.co.uk,PL6 8 UW,Concession,3,50.16,10,FALSE,
DIGI-OCT-738228,2026-03-28 19:59:59.999997,The Comedy Hour,charlotte.singh59@gmail.com,TQ3 9 QA,Concession,1,16.72,0,FALSE,
DIGI-OCT-267165,2026-04-11 10:00:00.000003,The Comedy Hour,jessica.wilson98@hotmail.co.uk,PL3 7 MO,Concession,1,16.72,10,FALSE,WELCOME
DIGI-OCT-626445,2026-04-26 19:00:00.000003,The Comedy Hour,ella.brown49@icloud.com,PL2 3 PZ,Adult,1,16.72,20,FALSE,
DIGI-OCT-134749,2026-06-14 18:00,The Comedy Hour,alfie.jones43@outlook.com,PL7 2 WU,Family,1,16.72,20,FALSE,
DIGI-OCT-788632,2026-04-16 10:00:00.000003,The Comedy Hour,james.hall63@icloud.com,TQ3 9 PC,Concession,1,16.72,0,FALSE,LOCAL10
DIGI-OCT-180184,2026-04-08 19:59:59.999997,The Comedy Hour,lucas.williams95@yahoo.co.uk,PL1 9 TY,Adult,2,33.44,20,TRUE,
DIGI-OCT-214769,2026-06-03 09:00,The Comedy Hour,william.clarke75@hotmail.co.uk,TQ1 3 AA,Family,1,16.72,10,TRUE,WELCOME
DIGI-OCT-968703,2026-05-17 19:00:00.000003,The Comedy Hour,megan.young53@gmail.com,PL4 4 NJ,Adult,1,16.72,5,FALSE,
DIGI-OCT-848580,2026-06-06 12:00,The Comedy Hour,emily.ward95@hotmail.co.uk,TA1 9 VG,Concession,3,50.16,0,FALSE,
DIGI-OCT-994756,2026-04-02 10:00:00.000003,The Comedy Hour,chloe.ahmed9@icloud.com,PL7 7 EU,Concession,2,33.44,0,TRUE,
DIGI-OCT-478145,2026-06-11 13:00:00.000003,The Comedy Hour,jack.martin58@yahoo.co.uk,TR7 5 XK,Adult,1,16.72,0,FALSE,WELCOME
DIGI-OCT-178348,2026-05-17 16:00:00.000003,The Comedy Hour,evie.martin52@yahoo.co.uk,PL4 8 FE,Family,1,16.72,0,FALSE,
DIGI-OCT-362043,2026-05-10 10:00:00.000003,The Comedy Hour,amelia.morgan75@hotmail.co.uk,PL4 6 UA,Family,1,16.72,0,FALSE,
DIGI-OCT-511365,2026-06-18 12:00,Winter Performance,max.murphy67@hotmail.co.uk,PL3 7 DM,Family,1,22.29,5,FALSE,WELCOME
DIGI-OCT-937219,2026-05-31 12:00,Winter Performance,phoebe.wilson1@hotmail.co.uk,EX4 4 OE,Family,1,22.29,0,TRUE,
DIGI-OCT-697851,2026-05-25 13:59:59.999997,Winter Performance,emily.patel53@outlook.com,PL3 1 EI,Concession,2,44.58,0,FALSE,LOCAL10
DIGI-OCT-443973,2026-05-30 19:00:00.000003,Winter Performance,william.scott53@hotmail.co.uk,TA6 1 CO,Adult,3,66.87,0,FALSE,
DIGI-OCT-629057,2026-04-23 19:59:59.999997,Winter Performance,grace.bennett8@gmail.com,PL3 7 YC,Concession,1,22.29,5,FALSE,
DIGI-OCT-121347,2026-07-13 12:00,Winter Performance,ethan.ahmed71@yahoo.co.uk,EX1 6 PM,Adult,1,22.29,10,FALSE,WELCOME
DIGI-OCT-626715,2026-06-16 16:00:00.000003,Winter Performance,lily.taylor60@yahoo.co.uk,PL9 2 HY,Family,1,22.29,5,FALSE,
DIGI-OCT-452258,2026-06-04 18:00,Winter Performance,lucy.thomas27@gmail.com,PL5 7 PT,Adult,2,44.58,0,FALSE,
DIGI-OCT-148496,2026-05-22 10:59:59.999997,Winter Performance,leo.ahmed87@icloud.com,PL9 5 XQ,Family,3,66.87,10,FALSE,LOCAL10
DIGI-OCT-650485,2026-04-22 12:00,Winter Performance,george.bell53@yahoo.co.uk,TA1 1 BM,Concession,2,44.58,10,FALSE,WELCOME
DIGI-OCT-795482,2026-06-14 07:59:59.999997,Winter Performance,george.green34@hotmail.co.uk,PL1 2 UB,Concession,2,44.58,0,FALSE,WELCOME
DIGI-OCT-802888,2026-05-15 19:59:59.999997,Winter Performance,lucy.evans98@yahoo.co.uk,PL7 8 WL,Adult,1,22.29,0,FALSE,
DIGI-OCT-695026,2026-07-04 12:00,Winter Performance,chloe.ahmed9@icloud.com,PL7 7 EU,Concession,1,22.29,20,FALSE,
DIGI-OCT-788029,2026-05-18 16:59:59.999997,Winter Performance,samuel.clarke73@gmail.com,PL4 4 XN,Concession,2,44.58,0,FALSE,
DIGI-OCT-499509,2026-06-07 19:00:00.000003,Winter Performance,thomas.allen54@yahoo.co.uk,PL3 2 WX,Adult,2,44.58,0,TRUE,LOCAL10
DIGI-OCT-594950,2026-05-25 15:00,Winter Performance,samuel.perry94@yahoo.co.uk,EX1 5 BS,Family,1,22.29,0,FALSE,
DIGI-OCT-429403,2026-06-04 16:59:59.999997,Winter Performance,lily.wilson26@gmail.com,PL7 2 WQ,Concession,1,22.29,10,FALSE,
DIGI-OCT-353875,2026-07-06 10:59:59.999997,Winter Performance,thomas.smith67@outlook.com,PL9 1 XX,Family,1,22.29,0,FALSE,
DIGI-OCT-484051,2026-04-28 16:59:59.999997,Winter Performance,amelia.ahmed56@icloud.com,PL5 8 NC,Concession,2,44.58,0,TRUE,
DIGI-OCT-295610,2026-06-08 15:00,Winter Performance,amelia.singh75@icloud.com,TQ4 1 TX,Adult,3,66.87,0,FALSE,
DIGI-OCT-269745,2026-06-07 15:00,Winter Performance,sophie.collins54@hotmail.co.uk,PL9 1 WX,Concession,1,22.29,0,TRUE,LOCAL10
DIGI-OCT-969837,2026-05-24 10:00:00.000003,Winter Performance,harry.smith36@icloud.com,PL4 3 BD,Family,2,44.58,0,FALSE,
DIGI-OCT-400789,2026-05-13 15:00,Winter Performance,oliver.green25@gmail.com,PL2 7 ZI,Concession,1,22.29,0,FALSE,
DIGI-OCT-792746,2026-07-14 13:00:00.000003,Winter Performance,jack.turner61@hotmail.co.uk,PL9 1 WH,Family,1,22.29,0,TRUE,
DIGI-OCT-977434,2026-07-19 16:59:59.999997,Winter Performance,megan.baker38@gmail.com,PL7 2 UK,Concession,1,22.29,0,FALSE,WELCOME
DIGI-OCT-720029,2026-05-03 16:59:59.999997,Winter Performance,george.davies81@icloud.com,PL2 8 WC,Family,3,66.87,0,FALSE,
DIGI-OCT-596327,2026-04-28 19:59:59.999997,Winter Performance,jack.perry88@hotmail.co.uk,PL7 1 MT,Adult,2,44.58,0,FALSE,
DIGI-OCT-812299,2026-06-21 10:00:00.000003,Winter Performance,jack.hill45@yahoo.co.uk,PL1 1 JN,Concession,3,66.87,0,FALSE,
DIGI-OCT-946890,2026-05-11 19:59:59.999997,Winter Performance,lucy.allen1@outlook.com,PL4 7 VW,Concession,1,22.29,20,FALSE,WELCOME
DIGI-OCT-820405,2026-07-05 09:00,Winter Performance,samuel.scott95@icloud.com,PL1 1 NT,Concession,1,22.29,5,TRUE,
DIGI-OCT-294957,2026-07-17 12:00,Winter Performance,ethan.harris25@gmail.com,TQ3 7 OA,Adult,2,44.58,0,FALSE,
DIGI-OCT-429628,2026-05-15 16:59:59.999997,Winter Performance,thomas.hall96@yahoo.co.uk,TQ1 5 OH,Adult,4,89.16,0,TRUE,
DIGI-OCT-884865,2026-05-14 09:00,Winter Performance,emma.taylor87@hotmail.co.uk,TQ12 4 MX,Family,1,22.29,0,FALSE,WELCOME
DIGI-OCT-162203,2026-06-11 07:59:59.999997,Winter Performance,amelia.cook13@gmail.com,PL2 1 LV,Concession,1,22.29,0,FALSE,
DIGI-OCT-113683,2026-05-29 09:00,Winter Performance,george.baker47@hotmail.co.uk,TA6 9 GS,Family,2,44.58,0,FALSE,
DIGI-OCT-816365,2026-05-05 10:00:00.000003,Winter Performance,charlotte.johnson65@yahoo.co.uk,PL9 4 EM,Family,1,22.29,10,FALSE,
DIGI-OCT-613419,2026-05-08 16:59:59.999997,Winter Performance,henry.perry17@outlook.com,TQ12 7 TH,Family,3,66.87,0,FALSE,
DIGI-OCT-763662,2026-07-20 07:59:59.999997,Winter Performance,henry.green52@gmail.com,PL3 7 UM,Adult,2,44.58,0,FALSE,
DIGI-OCT-567564,2026-06-24 19:00:00.000003,Winter Performance,ruby.harris22@icloud.com,PL3 7 WY,Concession,1,22.29,5,TRUE,
DIGI-OCT-447172,2026-06-11 18:00,Winter Performance,alfie.murphy52@icloud.com,TQ4 3 MX,Concession,1,22.29,20,FALSE,
DIGI-OCT-742676,2026-06-22 10:59:59.999997,Winter Performance,alfie.ward43@icloud.com,TA6 2 LE,Adult,1,22.29,0,FALSE,
DIGI-OCT-880900,2026-05-18 16:00:00.000003,Winter Performance,leo.moore72@yahoo.co.uk,TR1 3 MT,Family,2,44.58,10,FALSE,
DIGI-OCT-951679,2026-07-19 16:00:00.000003,Winter Performance,william.ahmed80@yahoo.co.uk,PL7 6 AZ,Concession,3,66.87,0,FALSE,WELCOME
DIGI-OCT-276942,2026-05-18 15:00,Winter Performance,henry.roberts3@icloud.com,EX4 4 XO,Adult,1,22.29,0,TRUE,WELCOME
DIGI-OCT-954337,2026-06-11 16:00:00.000003,Winter Performance,emily.white33@icloud.com,PL3 9 JW,Concession,1,22.29,0,TRUE,
DIGI-OCT-215153,2026-06-19 10:59:59.999997,Winter Performance,noah.brown34@hotmail.co.uk,EX4 5 DL,Family,2,44.58,5,FALSE,
DIGI-OCT-111447,2026-05-06 10:59:59.999997,Winter Performance,henry.singh6@hotmail.co.uk,PL4 2 UM,Adult,1,22.29,0,FALSE,
DIGI-OCT-215295,2026-07-10 13:00:00.000003,Winter Performance,poppy.jones38@outlook.com,PL12 3 AL,Adult,2,44.58,10,TRUE,
DIGI-OCT-534650,2026-06-08 12:00,Winter Performance,phoebe.singh31@yahoo.co.uk,PL2 4 RB,Concession,1,22.29,5,TRUE,
DIGI-OCT-916932,2026-04-27 07:59:59.999997,Winter Performance,mia.baker93@outlook.com,PL6 2 LL,Adult,1,22.29,5,FALSE,
DIGI-OCT-176213,2026-04-25 19:59:59.999997,Winter Performance,ella.patel9@icloud.com,TA6 3 HR,Family,2,44.58,5,TRUE,
DIGI-OCT-252594,2026-04-30 15:00,Winter Performance,alice.scott26@yahoo.co.uk,PL4 3 UA,Concession,1,22.29,0,TRUE,
DIGI-OCT-488271,2026-06-24 12:00,Winter Performance,joshua.hall88@yahoo.co.uk,PL9 9 GX,Family,1,22.29,0,FALSE,WELCOME
DIGI-OCT-481950,2026-06-22 18:00,Winter Performance,thomas.patel73@hotmail.co.uk,PL5 9 BA,Adult,1,22.29,0,TRUE,
DIGI-OCT-501998,2026-07-13 13:00:00.000003,Winter Performance,olivia.patel67@outlook.com,EX2 1 OM,Adult,2,44.58,20,TRUE,
DIGI-OCT-542309,2026-06-19 16:00:00.000003,Winter Performance,charlotte.wood43@outlook.com,PL3 9 LD,Adult,4,89.16,0,FALSE,
DIGI-OCT-433069,2026-06-09 18:00,Winter Performance,chloe.cook5@hotmail.co.uk,PL9 5 BL,Concession,1,22.29,10,FALSE,
DIGI-OCT-126248,2026-06-25 10:59:59.999997,Winter Performance,sophie.williams3@hotmail.co.uk,PL6 6 KA,Family,1,22.29,0,FALSE,
DIGI-OCT-381199,2026-05-15 13:59:59.999997,Winter Performance,charlotte.martin14@outlook.com,PL2 2 FW,Adult,1,22.29,0,FALSE,
DIGI-OCT-130184,2026-05-22 18:00,Winter Performance,amelia.green38@yahoo.co.uk,PL2 6 QY,Concession,2,44.58,0,FALSE,LOCAL10
DIGI-OCT-431608,2026-05-30 13:00:00.000003,Winter Performance,olivia.hall65@gmail.com,PL4 4 VJ,Concession,1,22.29,0,FALSE,
DIGI-OCT-823032,2026-06-03 13:00:00.000003,Winter Performance,james.morgan59@gmail.com,PL4 8 XS,Concession,1,22.29,0,FALSE,
DIGI-OCT-117915,2026-05-31 19:59:59.999997,Winter Performance,joshua.collins10@hotmail.co.uk,PL2 4 OY,Adult,4,89.16,5,FALSE,
DIGI-OCT-927723,2026-05-27 13:59:59.999997,Winter Performance,leo.murphy1@gmail.com,PL6 2 JQ,Concession,3,66.87,0,TRUE,
DIGI-OCT-985579,2026-05-27 13:00:00.000003,Winter Performance,joshua.evans59@outlook.com,PL6 2 BH,Family,3,66.87,0,FALSE,
DIGI-OCT-410960,2026-05-02 12:00,Winter Performance,charlotte.singh59@gmail.com,TQ3 9 QA,Family,1,22.29,5,FALSE,
DIGI-OCT-614323,2026-05-28 16:00:00.000003,Winter Performance,oliver.jones44@yahoo.co.uk,PL19 6 OR,Concession,1,22.29,0,TRUE,
DIGI-OCT-935498,2026-05-09 18:00,Winter Performance,leo.morgan50@icloud.com,PL7 9 SL,Concession,2,44.58,0,FALSE,
DIGI-OCT-201938,2026-06-28 15:00,Winter Performance,olivia.ward40@icloud.com,TQ12 3 RF,Adult,2,44.58,0,FALSE,
DIGI-OCT-632241,2026-05-11 10:00:00.000003,Winter Performance,ella.brown49@icloud.com,PL2 3 PZ,Family,3,66.87,0,FALSE,LOCAL10
DIGI-OCT-815526,2026-06-27 09:00,Winter Performance,alfie.cook3@gmail.com,PL9 9 YK,Family,3,66.87,0,TRUE,
DIGI-OCT-782637,2026-07-13 19:59:59.999997,Winter Performance,megan.walker75@yahoo.co.uk,EX2 3 QE,Concession,1,22.29,10,FALSE,
DIGI-OCT-517141,2026-05-21 07:59:59.999997,Winter Performance,ella.wood16@icloud.com,PL7 1 ST,Adult,1,22.29,5,TRUE,
DIGI-OCT-765446,2026-05-29 12:00,Winter Performance,daniel.ahmed40@gmail.com,PL2 9 YQ,Family,1,22.29,0,FALSE,
DIGI-OCT-590627,2026-07-17 07:59:59.999997,Winter Performance,leo.white34@outlook.com,PL3 6 HW,Family,1,22.29,0,TRUE,
DIGI-OCT-671203,2026-04-28 10:59:59.999997,Winter Performance,oliver.hill71@yahoo.co.uk,PL4 2 PO,Adult,2,44.58,10,FALSE,
DIGI-OCT-325677,2026-05-28 13:00:00.000003,Winter Performance,lucy.king66@icloud.com,PL2 1 CA,Adult,3,66.87,10,TRUE,
DIGI-OCT-530949,2026-06-22 13:00:00.000003,Winter Performance,henry.evans29@icloud.com,PL4 7 LP,Family,1,22.29,0,FALSE,LOCAL10
DIGI-OCT-256910,2026-06-14 07:59:59.999997,Winter Performance,jacob.ward24@yahoo.co.uk,PL7 8 KJ,Family,1,22.29,0,FALSE,
DIGI-OCT-825863,2026-06-11 19:00:00.000003,Winter Performance,poppy.moore61@icloud.com,PL7 3 QD,Adult,1,22.29,0,FALSE,
DIGI-OCT-277938,2026-05-27 10:00:00.000003,Winter Performance,amelia.green84@yahoo.co.uk,PL7 6 AR,Adult,1,22.29,0,FALSE,
DIGI-OCT-174740,2026-07-11 15:00,Winter Performance,jacob.hill72@icloud.com,TQ12 7 HP,Adult,1,22.29,0,FALSE,LOCAL10
DIGI-OCT-393715,2026-05-21 10:00:00.000003,Winter Performance,freya.green60@outlook.com,PL6 3 HE,Adult,1,22.29,0,FALSE,
DIGI-OCT-572239,2026-06-17 10:59:59.999997,Winter Performance,ruby.king51@yahoo.co.uk,PL7 6 IZ,Concession,1,22.29,0,FALSE,
DIGI-OCT-595976,2026-05-02 10:59:59.999997,Winter Performance,noah.king14@outlook.com,PL3 6 MC,Adult,2,44.58,0,FALSE,LOCAL10
DIGI-OCT-506665,2026-05-21 19:00:00.000003,Winter Performance,max.jackson17@outlook.com,PL7 6 QB,Family,4,89.16,0,TRUE,
DIGI-OCT-502631,2026-05-28 15:00,Winter Performance,joshua.white80@gmail.com,PL6 5 FE,Adult,2,44.58,0,FALSE,
DIGI-OCT-789147,2026-05-14 19:00:00.000003,Winter Performance,chloe.brown19@yahoo.co.uk,PL1 9 XA,Family,1,22.29,0,FALSE,
DIGI-OCT-556279,2026-07-01 16:00:00.000003,Winter Performance,lily.cook53@hotmail.co.uk,EX3 1 UB,Concession,2,44.58,0,FALSE,
DIGI-OCT-600383,2026-04-29 18:00,Winter Performance,ella.roberts95@hotmail.co.uk,PL1 7 BQ,Adult,1,22.29,0,FALSE,
DIGI-OCT-901325,2026-07-19 13:00:00.000003,Winter Performance,joshua.patel91@yahoo.co.uk,PL2 1 ZE,Adult,1,22.29,0,FALSE,WELCOME
DIGI-OCT-394127,2026-05-08 19:00:00.000003,Winter Performance,jessica.wilson98@hotmail.co.uk,PL3 7 MO,Family,1,22.29,0,FALSE,
DIGI-OCT-863391,2026-04-25 19:59:59.999997,Winter Performance,jessica.allen12@yahoo.co.uk,PL9 9 BA,Concession,1,22.29,0,FALSE,
DIGI-OCT-428688,2026-06-15 16:00:00.000003,Winter Performance,megan.cooper84@hotmail.co.uk,PL4 5 FW,Concession,2,44.58,0,TRUE,
DIGI-OCT-812680,2026-05-23 16:00:00.000003,Winter Performance,amelia.bell71@yahoo.co.uk,PL5 1 TQ,Family,1,22.29,0,FALSE,
DIGI-OCT-829422,2026-07-05 13:00:00.000003,Winter Performance,jessica.clarke26@yahoo.co.uk,PL7 6 PU,Family,2,44.58,0,FALSE,
DIGI-OCT-205127,2026-07-19 10:00:00.000003,Winter Performance,poppy.bennett49@gmail.com,TR1 1 HN,Concession,1,22.29,0,FALSE,LOCAL10
DIGI-OCT-532693,2026-04-29 09:00,Winter Performance,ethan.scott55@gmail.com,PL1 3 GN,Adult,1,22.29,10,TRUE,
DIGI-OCT-580337,2026-06-07 12:00,Winter Performance,samuel.turner47@hotmail.co.uk,TQ1 2 XZ,Family,1,22.29,0,TRUE,
DIGI-OCT-758897,2026-07-25 16:00:00.000003,Drama Workshop,olivia.moore89@hotmail.co.uk,PL5 6 EH,Adult,1,15.3,0,FALSE,WELCOME
DIGI-OCT-286249,2026-06-08 07:59:59.999997,Drama Workshop,phoebe.johnson80@icloud.com,PL4 8 QQ,Adult,1,15.3,10,TRUE,LOCAL10
DIGI-OCT-452419,2026-07-29 09:00,Drama Workshop,lucas.smith65@outlook.com,PL2 2 RN,Concession,1,15.3,0,TRUE,
DIGI-OCT-311710,2026-06-02 13:59:59.999997,Drama Workshop,lily.young88@gmail.com,PL3 1 ZE,Family,1,15.3,0,TRUE,
DIGI-OCT-929287,2026-07-30 10:00:00.000003,Drama Workshop,emma.cooper7@yahoo.co.uk,PL3 4 HC,Concession,2,30.6,0,TRUE,
DIGI-OCT-594495,2026-06-22 13:00:00.000003,Drama Workshop,samuel.perry94@yahoo.co.uk,EX1 5 BS,Family,4,61.2,20,FALSE,LOCAL10
DIGI-OCT-249963,2026-05-28 07:59:59.999997,Drama Workshop,lily.wilson26@gmail.com,PL7 2 WQ,Adult,1,15.3,0,FALSE,
DIGI-OCT-635818,2026-07-23 19:59:59.999997,Drama Workshop,chloe.ahmed9@icloud.com,PL7 7 EU,Concession,1,15.3,0,FALSE,
DIGI-OCT-470219,2026-07-18 15:00,Drama Workshop,lucas.williams95@yahoo.co.uk,PL1 9 TY,Concession,3,45.9,0,FALSE,
DIGI-OCT-647792,2026-06-26 19:00:00.000003,Drama Workshop,poppy.walker24@outlook.com,PL2 1 TW,Concession,2,30.6,10,FALSE,
DIGI-OCT-946779,2026-07-11 16:59:59.999997,Drama Workshop,emily.white33@icloud.com,PL3 9 JW,Adult,1,15.3,20,TRUE,
DIGI-OCT-916399,2026-05-22 19:59:59.999997,Drama Workshop,george.wood56@icloud.com,PL6 3 DT,Family,2,30.6,0,FALSE,
DIGI-OCT-862657,2026-06-10 10:59:59.999997,Drama Workshop,lucas.cooper7@icloud.com,PL7 1 HL,Family,2,30.6,10,TRUE,LOCAL10
DIGI-OCT-443391,2026-07-19 10:00:00.000003,Drama Workshop,amelia.moore1@hotmail.co.uk,EX2 6 JH,Concession,4,61.2,5,FALSE,
DIGI-OCT-656994,2026-05-28 13:00:00.000003,Drama Workshop,grace.jones45@gmail.com,PL9 6 NF,Concession,2,30.6,0,FALSE,
DIGI-OCT-547293,2026-06-20 12:00,Drama Workshop,noah.scott58@yahoo.co.uk,PL6 6 QU,Family,2,30.6,0,FALSE,
DIGI-OCT-781064,2026-07-08 16:00:00.000003,Drama Workshop,mia.jones96@gmail.com,TA1 1 IX,Family,2,30.6,10,FALSE,
DIGI-OCT-460960,2026-06-10 15:00,Drama Workshop,leo.morgan50@icloud.com,PL7 9 SL,Family,2,30.6,0,FALSE,
DIGI-OCT-818459,2026-05-25 07:59:59.999997,Drama Workshop,emma.taylor87@hotmail.co.uk,TQ12 4 MX,Adult,1,15.3,20,FALSE,
DIGI-OCT-846680,2026-05-29 07:59:59.999997,Drama Workshop,leo.thomas97@gmail.com,PL1 3 OG,Family,1,15.3,0,FALSE,
DIGI-OCT-614450,2026-05-25 09:00,Drama Workshop,william.murphy53@outlook.com,PL3 8 WD,Concession,1,15.3,5,FALSE,
DIGI-OCT-216462,2026-05-16 16:59:59.999997,Drama Workshop,chloe.brown19@yahoo.co.uk,PL1 9 XA,Adult,3,45.9,0,FALSE,
DIGI-OCT-203485,2026-06-08 13:59:59.999997,Drama Workshop,amelia.scott41@hotmail.co.uk,PL9 8 ZZ,Concession,1,15.3,0,FALSE,
DIGI-OCT-997023,2026-06-01 15:00,Drama Workshop,oscar.white95@hotmail.co.uk,PL6 3 CQ,Concession,2,30.6,0,FALSE,
DIGI-OCT-354183,2026-07-22 18:00,Drama Workshop,jack.martin58@yahoo.co.uk,TR7 5 XK,Adult,3,45.9,5,FALSE,
DIGI-OCT-188468,2026-05-25 07:59:59.999997,Drama Workshop,oscar.baker57@outlook.com,PL3 6 QP,Adult,1,15.3,0,FALSE,
DIGI-OCT-796140,2026-08-13 18:00,Drama Workshop,samuel.bell3@outlook.com,TA1 4 FD,Adult,1,15.3,0,TRUE,
DIGI-OCT-177602,2026-08-02 19:00:00.000003,Drama Workshop,evie.cook51@gmail.com,PL5 8 KT,Adult,1,15.3,0,TRUE,
DIGI-OCT-731008,2026-07-29 18:00,Drama Workshop,freya.taylor55@icloud.com,TQ12 1 AO,Adult,1,15.3,0,FALSE,
DIGI-OCT-974890,2026-06-05 13:00:00.000003,Drama Workshop,ethan.bell28@outlook.com,PL3 6 SO,Concession,1,15.3,0,TRUE,
DIGI-OCT-219742,2026-06-28 10:00:00.000003,Drama Workshop,amelia.harris92@gmail.com,PL1 3 CF,Concession,2,30.6,0,FALSE,
DIGI-OCT-207690,2026-05-31 07:59:59.999997,Drama Workshop,mia.evans46@hotmail.co.uk,PL5 9 ST,Family,1,15.3,0,FALSE,
DIGI-OCT-310667,2026-06-11 12:00,Drama Workshop,george.hall37@icloud.com,PL7 4 UC,Adult,4,61.2,0,FALSE,
DIGI-OCT-758709,2026-07-13 19:59:59.999997,Drama Workshop,alfie.ward43@icloud.com,TA6 2 LE,Family,1,15.3,10,FALSE,LOCAL10
DIGI-OCT-334438,2026-06-15 10:00:00.000003,Drama Workshop,jessica.clarke26@yahoo.co.uk,PL7 6 PU,Family,3,45.9,10,FALSE,
DIGI-OCT-304305,2026-06-06 10:00:00.000003,Drama Workshop,jack.roberts92@yahoo.co.uk,PL1 4 SR,Adult,3,45.9,0,FALSE,
DIGI-OCT-385289,2026-05-21 13:00:00.000003,Drama Workshop,george.walker58@hotmail.co.uk,PL7 3 YQ,Adult,1,15.3,5,FALSE,
DIGI-OCT-989683,2026-07-17 16:59:59.999997,Dance Showcase,leo.morgan50@icloud.com,PL7 9 SL,Adult,2,26.24,0,TRUE,
DIGI-OCT-658202,2026-07-16 12:00,Dance Showcase,megan.jackson61@gmail.com,PL5 6 LF,Concession,1,13.12,0,TRUE,
DIGI-OCT-727413,2026-07-31 15:00,Dance Showcase,sophie.thomas68@yahoo.co.uk,EX4 5 OP,Family,3,39.36,0,FALSE,
DIGI-OCT-303856,2026-07-29 19:00:00.000003,Dance Showcase,oliver.allen59@outlook.com,PL4 4 CB,Adult,2,26.24,10,TRUE,
DIGI-OCT-615287,2026-06-29 07:59:59.999997,Dance Showcase,joshua.murphy55@hotmail.co.uk,PL2 1 EL,Adult,2,26.24,0,FALSE,
DIGI-OCT-574118,2026-07-14 19:00:00.000003,Dance Showcase,james.collins27@hotmail.co.uk,PL1 4 EO,Adult,1,13.12,0,FALSE,
DIGI-OCT-913341,2026-08-07 13:00:00.000003,Dance Showcase,henry.moore73@icloud.com,EX1 2 FF,Concession,1,13.12,0,TRUE,
DIGI-OCT-480779,2026-06-03 13:00:00.000003,Dance Showcase,charlotte.williams75@outlook.com,PL3 9 LG,Concession,2,26.24,0,FALSE,
DIGI-OCT-212895,2026-05-27 09:00,Dance Showcase,oliver.hill71@yahoo.co.uk,PL4 2 PO,Adult,2,26.24,0,TRUE,
DIGI-OCT-865617,2026-07-23 19:59:59.999997,Dance Showcase,chloe.scott97@gmail.com,PL7 7 WS,Concession,1,13.12,0,FALSE,LOCAL10
DIGI-OCT-190259,2026-06-25 10:00:00.000003,Dance Showcase,alfie.cook3@gmail.com,PL9 9 YK,Family,1,13.12,0,TRUE,
DIGI-OCT-236763,2026-05-30 12:00,Dance Showcase,amelia.harris92@gmail.com,PL1 3 CF,Adult,3,39.36,0,FALSE,
DIGI-OCT-546149,2026-07-23 15:00,Dance Showcase,lucy.harris24@hotmail.co.uk,PL12 5 GT,Adult,2,26.24,0,TRUE,
DIGI-OCT-395938,2026-05-21 13:00:00.000003,Dance Showcase,ruby.king51@yahoo.co.uk,PL7 6 IZ,Concession,1,13.12,0,FALSE,
DIGI-OCT-486235,2026-06-29 13:00:00.000003,Dance Showcase,william.harris39@gmail.com,PL4 4 LY,Concession,2,26.24,5,TRUE,
DIGI-OCT-614500,2026-06-03 16:59:59.999997,Dance Showcase,oscar.ahmed49@icloud.com,PL3 3 LQ,Family,1,13.12,5,TRUE,
DIGI-OCT-470172,2026-05-29 13:00:00.000003,Dance Showcase,william.hill66@icloud.com,EX1 5 CN,Family,1,13.12,0,FALSE,
DIGI-OCT-905572,2026-07-18 13:59:59.999997,Dance Showcase,evie.turner14@gmail.com,PL19 8 HQ,Family,4,52.48,0,FALSE,
DIGI-OCT-467265,2026-05-23 19:00:00.000003,Dance Showcase,joshua.roberts61@yahoo.co.uk,PL2 5 OE,Concession,1,13.12,0,FALSE,
DIGI-OCT-444758,2026-07-12 07:59:59.999997,Dance Showcase,lucy.thomas27@gmail.com,PL5 7 PT,Adult,4,52.48,0,FALSE,
DIGI-OCT-470401,2026-07-21 12:00,Dance Showcase,freya.evans99@outlook.com,EX3 2 WG,Family,1,13.12,10,FALSE,
DIGI-OCT-100746,2026-06-02 13:59:59.999997,Dance Showcase,phoebe.jones84@gmail.com,PL6 1 XZ,Family,2,26.24,0,FALSE,
DIGI-OCT-659988,2026-08-07 10:00:00.000003,Dance Showcase,oscar.white95@hotmail.co.uk,PL6 3 CQ,Family,1,13.12,0,FALSE,
DIGI-OCT-202193,2026-06-19 18:00,Dance Showcase,mia.harris28@icloud.com,TA6 3 SB,Family,1,13.12,0,FALSE,
DIGI-OCT-510017,2026-08-01 16:00:00.000003,Dance Showcase,grace.brown15@gmail.com,EX3 2 RK,Concession,1,13.12,0,TRUE,
DIGI-OCT-128916,2026-06-01 07:59:59.999997,Dance Showcase,olivia.williams75@outlook.com,PL2 1 CE,Adult,1,13.12,0,FALSE,
DIGI-OCT-818568,2026-06-01 19:00:00.000003,Dance Showcase,thomas.moore51@gmail.com,PL3 4 XQ,Family,2,26.24,0,FALSE,
DIGI-OCT-679432,2026-06-15 09:00,Dance Showcase,charlie.wilson18@yahoo.co.uk,PL9 5 DW,Adult,1,13.12,5,TRUE,WELCOME
DIGI-OCT-828488,2026-08-04 09:00,Dance Showcase,oscar.collins97@gmail.com,TQ12 3 SC,Concession,1,13.12,0,FALSE,
DIGI-OCT-581958,2026-08-01 12:00,Dance Showcase,phoebe.cooper19@gmail.com,PL19 6 UK,Family,1,13.12,0,FALSE,
DIGI-OCT-331508,2026-06-09 15:00,Dance Showcase,sophie.white91@hotmail.co.uk,PL1 3 ZU,Family,1,13.12,0,FALSE,
DIGI-OCT-702268,2026-08-09 10:59:59.999997,Dance Showcase,george.walker31@outlook.com,TQ2 5 SO,Concession,1,13.12,0,TRUE,
DIGI-OCT-603920,2026-06-01 19:59:59.999997,Dance Showcase,samuel.perry94@yahoo.co.uk,EX1 5 BS,Concession,1,13.12,0,FALSE,
DIGI-OCT-182663,2026-05-25 19:00:00.000003,Dance Showcase,emma.murphy33@yahoo.co.uk,PL3 5 YF,Family,3,39.36,0,TRUE,WELCOME
DIGI-OCT-587060,2026-07-03 18:00,Dance Showcase,jack.ahmed32@yahoo.co.uk,PL9 9 TG,Adult,1,13.12,0,FALSE,
DIGI-OCT-828689,2026-07-09 19:00:00.000003,Dance Showcase,thomas.patel73@hotmail.co.uk,PL5 9 BA,Family,3,39.36,0,TRUE,
DIGI-OCT-776108,2026-07-11 16:59:59.999997,Dance Showcase,chloe.baker49@hotmail.co.uk,EX3 7 AX,Concession,1,13.12,0,FALSE,LOCAL10
DIGI-OCT-977227,2026-05-30 16:00:00.000003,Dance Showcase,chloe.cook5@hotmail.co.uk,PL9 5 BL,Concession,2,26.24,0,FALSE,
DIGI-OCT-830005,2026-05-19 12:00,Dance Showcase,daniel.morgan8@gmail.com,PL21 6 NX,Family,1,13.12,10,FALSE,
DIGI-OCT-738678,2026-06-13 19:59:59.999997,Dance Showcase,charlie.moore33@hotmail.co.uk,PL3 3 FN,Family,1,13.12,5,FALSE,
DIGI-OCT-119831,2026-07-22 10:00:00.000003,Dance Showcase,ruby.white93@gmail.com,PL3 9 IK,Adult,1,13.12,0,FALSE,
DIGI-OCT-780179,2026-05-28 19:59:59.999997,Dance Showcase,ella.singh3@hotmail.co.uk,PL6 8 JJ,Concession,3,39.36,0,TRUE,
DIGI-OCT-348461,2026-07-19 12:00,Dance Showcase,alfie.ward43@icloud.com,TA6 2 LE,Adult,1,13.12,0,FALSE,
DIGI-OCT-171841,2026-05-24 12:00,Dance Showcase,leo.johnson83@hotmail.co.uk,PL5 3 UX,Adult,1,13.12,0,FALSE,WELCOME
DIGI-OCT-550913,2026-07-31 12:00,Dance Showcase,grace.martin64@outlook.com,PL9 8 VP,Concession,2,26.24,0,FALSE,
DIGI-OCT-680032,2026-06-29 07:59:59.999997,Dance Showcase,mia.white60@yahoo.co.uk,PL2 1 ZS,Adult,1,13.12,0,FALSE,WELCOME
DIGI-OCT-816666,2026-07-14 18:00,Dance Showcase,noah.brown34@hotmail.co.uk,EX4 5 DL,Adult,1,13.12,0,FALSE,
DIGI-OCT-423380,2026-07-08 12:00,Dance Showcase,jack.scott13@yahoo.co.uk,PL1 5 IB,Adult,1,13.12,0,FALSE,LOCAL10
DIGI-OCT-744042,2026-05-22 13:59:59.999997,Dance Showcase,lucy.allen1@outlook.com,PL4 7 VW,Concession,3,39.36,20,TRUE,
DIGI-OCT-953579,2026-06-06 16:59:59.999997,Dance Showcase,henry.evans52@yahoo.co.uk,PL6 8 UW,Concession,3,39.36,0,FALSE,
DIGI-OCT-187888,2026-07-18 19:59:59.999997,Dance Showcase,chloe.martin45@outlook.com,PL4 1 DN,Family,1,13.12,0,FALSE,
DIGI-OCT-780365,2026-08-04 19:00:00.000003,Dance Showcase,samuel.clarke73@gmail.com,PL4 4 XN,Concession,1,13.12,0,FALSE,
DIGI-OCT-337280,2026-05-19 19:00:00.000003,Dance Showcase,jessica.martin58@icloud.com,TQ2 9 LD,Family,1,13.12,0,FALSE,
DIGI-OCT-489979,2026-08-08 09:00,Dance Showcase,jack.allen94@yahoo.co.uk,PL5 8 IN,Adult,4,52.48,0,FALSE,
DIGI-OCT-214127,2026-05-23 19:00:00.000003,Dance Showcase,ella.smith65@outlook.com,PL9 7 JF,Adult,4,52.48,0,FALSE,WELCOME
DIGI-OCT-233748,2026-07-29 09:00,Dance Showcase,leo.baker58@yahoo.co.uk,PL6 9 ZH,Family,2,26.24,5,FALSE,
DIGI-OCT-411269,2026-07-30 10:59:59.999997,Dance Showcase,henry.green52@gmail.com,PL3 7 UM,Family,2,26.24,0,TRUE,
DIGI-OCT-179663,2026-06-23 13:00:00.000003,Dance Showcase,joshua.perry25@outlook.com,PL2 4 LM,Family,1,13.12,0,FALSE,LOCAL10
DIGI-OCT-135761,2026-06-19 19:00:00.000003,Spring Festival,evie.hill63@gmail.com,PL7 8 SP,Concession,1,17.57,0,FALSE,
DIGI-OCT-531567,2026-07-12 09:00,Spring Festival,alfie.harris18@yahoo.co.uk,PL1 7 KW,Concession,1,17.57,10,FALSE,
DIGI-OCT-985290,2026-07-17 15:00,Spring Festival,lucy.ahmed80@yahoo.co.uk,PL3 6 CV,Adult,2,35.14,0,TRUE,
DIGI-OCT-875005,2026-07-18 12:00,Spring Festival,ruby.white93@gmail.com,PL3 9 IK,Concession,4,70.28,5,FALSE,WELCOME
DIGI-OCT-833813,2026-06-27 13:59:59.999997,Spring Festival,william.cooper78@icloud.com,PL2 5 FF,Adult,2,35.14,5,FALSE,WELCOME
DIGI-OCT-915027,2026-05-27 19:59:59.999997,Spring Festival,mia.jones96@gmail.com,TA1 1 IX,Family,3,52.71,0,FALSE,WELCOME
DIGI-OCT-666599,2026-06-26 16:00:00.000003,Spring Festival,joshua.scott57@hotmail.co.uk,TQ2 6 DD,Concession,2,35.14,0,FALSE,
DIGI-OCT-505421,2026-06-19 12:00,Spring Festival,leo.baker58@yahoo.co.uk,PL6 9 ZH,Family,1,17.57,10,TRUE,
DIGI-OCT-125295,2026-06-05 10:59:59.999997,Spring Festival,ruby.wilson75@icloud.com,TQ2 5 FH,Concession,1,17.57,0,FALSE,
DIGI-OCT-250623,2026-07-19 09:00,Spring Festival,emma.walker90@hotmail.co.uk,TQ12 5 WA,Adult,4,70.28,0,FALSE,
DIGI-OCT-352065,2026-08-10 19:59:59.999997,Spring Festival,jessica.wood82@gmail.com,PL4 3 XU,Family,2,35.14,10,TRUE,LOCAL10
DIGI-OCT-697779,2026-06-10 19:59:59.999997,Spring Festival,alice.wood48@yahoo.co.uk,PL3 1 UM,Family,1,17.57,10,FALSE,
DIGI-OCT-160164,2026-05-26 16:00:00.000003,Spring Festival,oliver.walker21@gmail.com,PL4 8 LG,Adult,1,17.57,0,FALSE,LOCAL10
DIGI-OCT-973911,2026-07-08 10:59:59.999997,Spring Festival,charlotte.martin14@outlook.com,PL2 2 FW,Family,2,35.14,0,FALSE,
DIGI-OCT-579205,2026-08-08 07:59:59.999997,Spring Festival,lucas.baker94@icloud.com,PL4 4 FD,Concession,2,35.14,5,FALSE,
DIGI-OCT-416203,2026-06-29 13:59:59.999997,Spring Festival,joshua.roberts61@yahoo.co.uk,PL2 5 OE,Family,1,17.57,0,FALSE,
DIGI-OCT-476464,2026-06-09 10:00:00.000003,Spring Festival,amelia.king57@gmail.com,PL6 7 XC,Adult,1,17.57,0,FALSE,
DIGI-OCT-210163,2026-06-12 12:00,Spring Festival,sophie.ward46@icloud.com,TQ3 1 RE,Family,1,17.57,0,FALSE,WELCOME
DIGI-OCT-430400,2026-08-05 16:00:00.000003,Spring Festival,freya.brown29@yahoo.co.uk,PL5 7 GM,Concession,1,17.57,10,FALSE,
DIGI-OCT-504023,2026-06-03 19:00:00.000003,Spring Festival,evie.white58@icloud.com,PL21 8 SG,Family,1,17.57,0,FALSE,
DIGI-OCT-396840,2026-07-25 15:00,Spring Festival,poppy.moore61@icloud.com,PL7 3 QD,Adult,1,17.57,0,FALSE,
DIGI-OCT-637358,2026-08-15 13:59:59.999997,Spring Festival,emily.evans6@icloud.com,PL6 8 DT,Adult,1,17.57,5,FALSE,
DIGI-OCT-524810,2026-07-24 10:59:59.999997,Spring Festival,mia.king87@outlook.com,PL5 9 VJ,Concession,1,17.57,10,FALSE,WELCOME
DIGI-OCT-213297,2026-07-26 16:00:00.000003,Spring Festival,leo.ahmed87@icloud.com,PL9 5 XQ,Family,2,35.14,0,TRUE,
DIGI-OCT-765881,2026-07-29 16:59:59.999997,Spring Festival,emma.walker60@gmail.com,PL1 4 TM,Adult,3,52.71,10,FALSE,
DIGI-OCT-545109,2026-06-02 13:59:59.999997,Spring Festival,oscar.davies39@hotmail.co.uk,PL3 2 NX,Concession,2,35.14,0,FALSE,
DIGI-OCT-937810,2026-06-30 13:00:00.000003,Spring Festival,george.allen39@gmail.com,PL3 9 EP,Family,1,17.57,5,FALSE,
DIGI-OCT-474721,2026-06-12 13:59:59.999997,Spring Festival,oscar.ahmed95@yahoo.co.uk,TQ1 7 BP,Family,2,35.14,0,FALSE,
DIGI-OCT-456133,2026-05-31 12:00,Spring Festival,lily.murphy31@yahoo.co.uk,TQ12 9 CW,Adult,1,17.57,0,FALSE,WELCOME
DIGI-OCT-325363,2026-05-26 10:00:00.000003,Spring Festival,phoebe.cooper56@yahoo.co.uk,PL9 5 IC,Concession,1,17.57,0,FALSE,
DIGI-OCT-328484,2026-08-05 19:59:59.999997,Spring Festival,joshua.king89@hotmail.co.uk,PL4 7 XN,Family,2,35.14,0,FALSE,
DIGI-OCT-556402,2026-05-30 10:00:00.000003,Spring Festival,ella.smith65@outlook.com,PL9 7 JF,Family,3,52.71,0,FALSE,
DIGI-OCT-192091,2026-06-24 10:59:59.999997,Spring Festival,ella.patel48@outlook.com,PL6 7 YB,Concession,1,17.57,0,FALSE,LOCAL10
DIGI-OCT-766158,2026-07-03 10:59:59.999997,Spring Festival,freya.davies20@gmail.com,PL3 4 WZ,Adult,1,17.57,0,FALSE,
DIGI-OCT-925092,2026-07-08 19:59:59.999997,Spring Festival,thomas.williams19@outlook.com,TR1 6 HW,Concession,1,17.57,0,TRUE,
DIGI-OCT-644254,2026-08-21 16:59:59.999997,Spring Festival,olivia.morgan89@icloud.com,EX2 2 JP,Family,2,35.14,20,FALSE,
DIGI-OCT-329430,2026-08-11 15:00,Spring Festival,lucy.hall45@icloud.com,PL9 5 KR,Concession,2,35.14,0,TRUE,
DIGI-OCT-230096,2026-07-03 09:00,Spring Festival,george.baker47@hotmail.co.uk,TA6 9 GS,Concession,1,17.57,0,FALSE,WELCOME
DIGI-OCT-306783,2026-06-04 10:59:59.999997,Spring Festival,charlie.wilson18@yahoo.co.uk,PL9 5 DW,Adult,1,17.57,0,TRUE,LOCAL10
DIGI-OCT-308065,2026-07-17 15:00,Spring Festival,ruby.williams44@yahoo.co.uk,TQ1 7 XK,Family,1,17.57,0,FALSE,
DIGI-OCT-611100,2026-06-02 12:00,Spring Festival,chloe.brown19@yahoo.co.uk,PL1 9 XA,Family,1,17.57,0,TRUE,
DIGI-OCT-394154,2026-06-08 16:59:59.999997,Spring Festival,charlotte.walker81@outlook.com,TR1 5 UC,Concession,1,17.57,0,FALSE,
DIGI-OCT-469078,2026-08-07 19:59:59.999997,Spring Festival,samuel.scott95@icloud.com,PL1 1 NT,Family,1,17.57,10,FALSE,
DIGI-OCT-463068,2026-08-19 13:00:00.000003,Spring Festival,henry.roberts3@icloud.com,EX4 4 XO,Concession,3,52.71,5,FALSE,
DIGI-OCT-743618,2026-07-25 16:59:59.999997,Spring Festival,chloe.baker49@hotmail.co.uk,EX3 7 AX,Family,2,35.14,0,FALSE,
DIGI-OCT-494805,2026-06-08 19:00:00.000003,Spring Festival,charlotte.wood43@outlook.com,PL3 9 LD,Family,1,17.57,0,FALSE,
DIGI-OCT-658953,2026-08-08 10:59:59.999997,Spring Festival,mia.king46@hotmail.co.uk,TA1 3 IK,Family,1,17.57,10,FALSE,
DIGI-OCT-522388,2026-06-02 09:00,Spring Festival,ella.hall11@icloud.com,PL6 9 PQ,Concession,2,35.14,0,FALSE,WELCOME
DIGI-OCT-652848,2026-07-02 09:00,Spring Festival,ella.patel9@icloud.com,TA6 3 HR,Adult,1,17.57,0,TRUE,LOCAL10
DIGI-OCT-725361,2026-08-15 18:00,Spring Festival,grace.scott25@yahoo.co.uk,PL12 8 BE,Adult,2,35.14,0,FALSE,
DIGI-OCT-752824,2026-08-19 19:00:00.000003,Spring Festival,olivia.patel67@outlook.com,EX2 1 OM,Adult,1,17.57,0,FALSE,
DIGI-OCT-364271,2026-07-19 16:59:59.999997,Spring Festival,thomas.brown11@outlook.com,PL3 8 SZ,Adult,1,17.57,20,TRUE,
DIGI-OCT-599889,2026-08-16 19:59:59.999997,Spring Festival,phoebe.brown77@yahoo.co.uk,PL19 8 UG,Family,3,52.71,0,FALSE,
DIGI-OCT-492397,2026-07-19 07:59:59.999997,Spring Festival,lucy.allen88@outlook.com,PL2 7 TL,Concession,1,17.57,0,FALSE,
DIGI-OCT-948623,2026-07-09 15:00,Spring Festival,george.green34@hotmail.co.uk,PL1 2 UB,Adult,1,17.57,0,FALSE,
DIGI-OCT-375187,2026-07-06 15:00,Spring Festival,alfie.morgan59@yahoo.co.uk,TQ3 3 BK,Family,1,17.57,0,FALSE,
DIGI-OCT-267490,2026-08-01 13:00:00.000003,Spring Festival,sophie.cook84@yahoo.co.uk,EX1 2 OK,Family,2,35.14,10,FALSE,
DIGI-OCT-482186,2026-07-23 19:59:59.999997,Spring Festival,joshua.patel91@yahoo.co.uk,PL2 1 ZE,Family,1,17.57,0,FALSE,
DIGI-OCT-531878,2026-08-17 13:00:00.000003,Spring Festival,emily.ahmed93@gmail.com,PL3 9 HZ,Family,4,70.28,0,FALSE,
DIGI-OCT-461051,2026-06-04 19:59:59.999997,Spring Festival,chloe.johnson53@hotmail.co.uk,PL6 7 SR,Adult,1,17.57,0,FALSE,
DIGI-OCT-497045,2026-06-24 19:59:59.999997,Spring Festival,megan.cooper84@hotmail.co.uk,PL4 5 FW,Adult,1,17.57,10,FALSE,
DIGI-OCT-177354,2026-08-14 19:00:00.000003,Spring Festival,freya.jones17@outlook.com,PL7 8 HL,Adult,2,35.14,5,FALSE,LOCAL10
DIGI-OCT-649125,2026-07-10 10:59:59.999997,Spring Festival,leo.murphy10@outlook.com,TQ12 1 MN,Adult,1,17.57,0,FALSE,
DIGI-OCT-484883,2026-08-17 13:00:00.000003,Spring Festival,oscar.baker49@icloud.com,PL2 8 ZV,Concession,1,17.57,0,FALSE,
DIGI-OCT-789712,2026-08-04 09:00,Spring Festival,oscar.baker57@outlook.com,PL3 6 QP,Concession,1,17.57,0,FALSE,LOCAL10
DIGI-OCT-779880,2026-05-24 13:59:59.999997,Spring Festival,olivia.hall65@gmail.com,PL4 4 VJ,Family,1,17.57,5,FALSE,WELCOME
DIGI-OCT-798750,2026-05-24 10:00:00.000003,Spring Festival,amelia.harris92@gmail.com,PL1 3 CF,Adult,2,35.14,0,FALSE,
DIGI-OCT-331417,2026-08-05 15:00,Spring Festival,evie.walker19@gmail.com,TQ1 8 ZL,Family,1,17.57,0,TRUE,
DIGI-OCT-821076,2026-06-23 13:59:59.999997,Spring Festival,thomas.turner55@hotmail.co.uk,PL4 2 LA,Concession,1,17.57,10,TRUE,
DIGI-OCT-347173,2026-08-08 09:00,Spring Festival,evie.turner84@yahoo.co.uk,PL19 1 HJ,Adult,2,35.14,20,FALSE,
DIGI-OCT-865768,2026-07-19 09:00,Spring Festival,william.hill9@icloud.com,PL9 9 MQ,Adult,1,17.57,0,FALSE,WELCOME
DIGI-OCT-623695,2026-08-16 16:59:59.999997,Spring Festival,lucas.white89@icloud.com,PL3 7 FC,Adult,1,17.57,5,FALSE,LOCAL10
DIGI-OCT-317573,2026-07-09 13:59:59.999997,Spring Festival,joshua.evans59@outlook.com,PL6 2 BH,Concession,1,17.57,0,FALSE,
DIGI-OCT-269244,2026-06-26 15:00,Spring Festival,henry.moore73@icloud.com,EX1 2 FF,Family,2,35.14,10,TRUE,
DIGI-OCT-335734,2026-06-14 12:00,Spring Festival,grace.bennett21@yahoo.co.uk,PL7 7 CQ,Concession,1,17.57,10,FALSE,
DIGI-OCT-665091,2026-06-08 10:00:00.000003,Spring Festival,oliver.walker64@yahoo.co.uk,PL7 3 LB,Adult,1,17.57,20,FALSE,
DIGI-OCT-300073,2026-07-19 18:00,Spring Festival,olivia.scott58@hotmail.co.uk,PL12 8 CY,Concession,1,17.57,0,FALSE,
DIGI-OCT-769231,2026-07-07 10:00:00.000003,Spring Festival,grace.turner60@hotmail.co.uk,PL2 4 SN,Family,2,35.14,0,FALSE,
DIGI-OCT-301710,2026-06-11 10:59:59.999997,Spring Festival,mia.evans74@icloud.com,PL5 2 GO,Concession,2,35.14,0,FALSE,LOCAL10
DIGI-OCT-782525,2026-07-13 09:00,Spring Festival,emma.taylor84@outlook.com,PL9 8 GW,Concession,1,17.57,10,TRUE,WELCOME
DIGI-OCT-249799,2026-08-12 09:00,Spring Festival,charlie.thomas59@gmail.com,PL7 1 OP,Adult,3,52.71,5,FALSE,
DIGI-OCT-988877,2026-08-01 15:00,Spring Festival,samuel.bell3@outlook.com,TA1 4 FD,Concession,1,17.57,20,TRUE,WELCOME
DIGI-OCT-567159,2026-07-28 19:59:59.999997,Spring Festival,noah.johnson76@icloud.com,PL6 4 MB,Adult,1,17.57,5,FALSE,
DIGI-OCT-656450,2026-07-21 10:59:59.999997,Spring Festival,lucy.evans98@yahoo.co.uk,PL7 8 WL,Adult,1,17.57,0,FALSE,
DIGI-OCT-645926,2026-07-08 13:00:00.000003,Spring Festival,mia.bennett44@icloud.com,PL3 8 TC,Adult,1,17.57,0,FALSE,
DIGI-OCT-546595,2026-06-24 10:00:00.000003,Spring Festival,george.wood56@icloud.com,PL6 3 DT,Adult,1,17.57,0,FALSE,
DIGI-OCT-111776,2026-08-16 16:00:00.000003,Spring Festival,joshua.hall88@yahoo.co.uk,PL9 9 GX,Family,2,35.14,0,TRUE,
DIGI-OCT-700570,2026-06-23 12:00,Spring Festival,mia.baker93@outlook.com,PL6 2 LL,Family,1,17.57,0,TRUE,
DIGI-OCT-811815,2026-07-22 10:59:59.999997,Spring Festival,alfie.ahmed61@hotmail.co.uk,TR1 9 LS,Concession,2,35.14,5,FALSE,
DIGI-OCT-202685,2026-08-10 13:00:00.000003,Spring Festival,oliver.brown77@yahoo.co.uk,PL6 7 BK,Family,2,35.14,0,FALSE,LOCAL10
DIGI-OCT-775107,2026-07-21 16:00:00.000003,Spring Festival,ethan.harris3@icloud.com,PL1 5 PH,Family,1,17.57,5,FALSE,LOCAL10
DIGI-OCT-114852,2026-07-07 19:00:00.000003,Spring Festival,mia.white60@yahoo.co.uk,PL2 1 ZS,Adult,2,35.14,0,FALSE,
DIGI-OCT-198553,2026-06-05 09:00,Spring Festival,mia.cook2@yahoo.co.uk,PL3 2 HS,Adult,2,35.14,0,FALSE,WELCOME
DIGI-OCT-579457,2026-06-28 16:00:00.000003,Spring Festival,james.murphy9@outlook.com,PL3 8 WN,Family,4,70.28,0,FALSE,
DIGI-OCT-275918,2026-08-21 19:59:59.999997,Spring Festival,max.walker11@icloud.com,TA6 1 TL,Family,1,17.57,5,TRUE,
DIGI-OCT-232612,2026-06-04 09:00,Spring Festival,alfie.jackson88@yahoo.co.uk,TR1 3 UY,Concession,1,17.57,0,FALSE,LOCAL10
DIGI-OCT-485602,2026-08-15 13:59:59.999997,Spring Festival,emma.bell29@outlook.com,PL3 3 ZB,Concession,1,17.57,0,FALSE,
DIGI-OCT-439658,2026-07-13 10:00:00.000003,Spring Festival,jack.hill45@yahoo.co.uk,PL1 1 JN,Family,1,17.57,0,FALSE,
DIGI-OCT-503592,2026-06-30 16:00:00.000003,Spring Festival,mia.allen6@yahoo.co.uk,PL7 7 QW,Concession,1,17.57,0,FALSE,
DIGI-OCT-923558,2026-07-27 13:00:00.000003,Spring Festival,lily.cook18@outlook.com,PL5 6 NQ,Adult,1,17.57,0,TRUE,WELCOME
DIGI-OCT-501900,2026-07-16 07:59:59.999997,Spring Festival,charlie.moore33@hotmail.co.uk,PL3 3 FN,Concession,2,35.14,0,FALSE,
DIGI-OCT-779657,2026-07-05 19:59:59.999997,Spring Festival,ethan.harris25@gmail.com,TQ3 7 OA,Family,3,52.71,10,FALSE,
DIGI-OCT-462300,2026-10-14 15:00,Classic Revisited,jack.martin58@yahoo.co.uk,TR7 5 XK,Concession,2,41.3,0,FALSE,
DIGI-OCT-279320,2026-07-29 12:00,Classic Revisited,freya.taylor55@icloud.com,TQ12 1 AO,Family,1,20.65,10,FALSE,
DIGI-OCT-448403,2026-10-20 10:59:59.999997,Classic Revisited,joshua.scott6@gmail.com,PL3 7 SH,Family,1,20.65,10,FALSE,
DIGI-OCT-994069,2026-10-12 13:59:59.999997,Classic Revisited,alfie.ward43@icloud.com,TA6 2 LE,Adult,2,41.3,0,FALSE,
DIGI-OCT-206068,2026-07-31 09:00,Classic Revisited,freya.singh42@icloud.com,PL9 7 TT,Family,1,20.65,5,FALSE,
DIGI-OCT-305818,2026-10-17 15:00,Classic Revisited,phoebe.hall34@hotmail.co.uk,EX2 5 AT,Family,2,41.3,20,FALSE,
DIGI-OCT-543136,2026-07-30 10:59:59.999997,Classic Revisited,chloe.smith1@outlook.com,TQ1 4 VR,Adult,1,20.65,0,FALSE,
DIGI-OCT-485117,2026-09-11 16:00:00.000003,Classic Revisited,oscar.baker57@outlook.com,PL3 6 QP,Concession,1,20.65,0,FALSE,LOCAL10
DIGI-OCT-242125,2026-08-02 13:59:59.999997,Classic Revisited,emily.collins50@yahoo.co.uk,TQ2 7 BI,Adult,2,41.3,5,FALSE,
DIGI-OCT-226385,2026-08-23 10:59:59.999997,Classic Revisited,jack.white42@yahoo.co.uk,EX4 9 DG,Concession,1,20.65,0,TRUE,
DIGI-OCT-482508,2026-09-29 13:00:00.000003,Classic Revisited,ella.king32@yahoo.co.uk,EX1 5 RZ,Adult,2,41.3,0,FALSE,
DIGI-OCT-915485,2026-08-05 13:00:00.000003,Classic Revisited,mia.harris28@icloud.com,TA6 3 SB,Concession,4,82.6,0,FALSE,LOCAL10
DIGI-OCT-691602,2026-09-10 13:59:59.999997,Classic Revisited,ruby.king51@yahoo.co.uk,PL7 6 IZ,Family,2,41.3,0,FALSE,
DIGI-OCT-217459,2026-09-10 12:00,Classic Revisited,ruby.davies84@icloud.com,PL1 2 DE,Concession,1,20.65,0,FALSE,
DIGI-OCT-574234,2026-10-03 19:59:59.999997,Classic Revisited,james.smith76@outlook.com,PL3 1 KD,Concession,2,41.3,0,FALSE,
DIGI-OCT-661513,2026-10-26 10:59:59.999997,Classic Revisited,william.hill9@icloud.com,PL9 9 MQ,Family,1,20.65,5,TRUE,
DIGI-OCT-641391,2026-08-03 19:00:00.000003,Classic Revisited,chloe.brown19@yahoo.co.uk,PL1 9 XA,Family,3,61.95,0,TRUE,
DIGI-OCT-612944,2026-09-23 13:00:00.000003,Classic Revisited,daniel.singh30@icloud.com,TQ3 6 YP,Adult,1,20.65,10,FALSE,WELCOME
DIGI-OCT-601305,2026-09-05 12:00,Classic Revisited,ethan.ahmed71@yahoo.co.uk,EX1 6 PM,Family,2,41.3,5,TRUE,
DIGI-OCT-624368,2026-08-16 19:59:59.999997,Classic Revisited,jacob.hill72@icloud.com,TQ12 7 HP,Concession,2,41.3,20,FALSE,LOCAL10
DIGI-OCT-857819,2026-08-15 13:59:59.999997,Classic Revisited,lily.martin50@icloud.com,TA1 6 NO,Family,1,20.65,0,TRUE,
DIGI-OCT-961160,2026-09-15 12:00,Classic Revisited,harry.patel42@gmail.com,PL2 8 XN,Adult,2,41.3,0,FALSE,
DIGI-OCT-869496,2026-09-23 10:00:00.000003,Classic Revisited,ella.jackson65@outlook.com,PL1 9 GO,Family,1,20.65,5,FALSE,
DIGI-OCT-339241,2026-09-18 10:00:00.000003,Classic Revisited,alice.allen73@gmail.com,PL6 9 IR,Adult,1,20.65,0,TRUE,
DIGI-OCT-925132,2026-09-30 15:00,Classic Revisited,william.murphy53@outlook.com,PL3 8 WD,Family,1,20.65,0,FALSE,
DIGI-OCT-203367,2026-08-30 09:00,Classic Revisited,freya.jones17@outlook.com,PL7 8 HL,Adult,1,20.65,10,FALSE,WELCOME
DIGI-OCT-336159,2026-08-21 13:00:00.000003,Classic Revisited,alfie.harris10@outlook.com,PL5 9 GW,Concession,1,20.65,0,TRUE,
DIGI-OCT-683596,2026-08-21 12:00,Classic Revisited,sophie.murphy92@gmail.com,PL4 3 PP,Family,1,20.65,0,FALSE,
DIGI-OCT-900941,2026-09-04 19:59:59.999997,Classic Revisited,freya.evans99@outlook.com,EX3 2 WG,Adult,1,20.65,0,FALSE,
DIGI-OCT-279736,2026-10-14 10:00:00.000003,Classic Revisited,lucy.jackson60@yahoo.co.uk,EX1 4 GE,Family,1,20.65,5,TRUE,
DIGI-OCT-129867,2026-09-15 19:59:59.999997,Classic Revisited,lucy.ahmed80@yahoo.co.uk,PL3 6 CV,Family,1,20.65,0,FALSE,
DIGI-OCT-857692,2026-10-23 09:00,Classic Revisited,harry.smith36@icloud.com,PL4 3 BD,Adult,1,20.65,0,FALSE,WELCOME
DIGI-OCT-989244,2026-08-14 12:00,Classic Revisited,ella.turner43@gmail.com,PL7 1 NC,Adult,1,20.65,0,FALSE,
DIGI-OCT-371778,2026-09-08 19:59:59.999997,Classic Revisited,charlotte.wood43@outlook.com,PL3 9 LD,Concession,1,20.65,0,FALSE,
DIGI-OCT-943750,2026-09-21 16:59:59.999997,Classic Revisited,oliver.jones44@yahoo.co.uk,PL19 6 OR,Concession,2,41.3,0,FALSE,
DIGI-OCT-640149,2026-09-12 10:00:00.000003,Classic Revisited,lucas.williams95@yahoo.co.uk,PL1 9 TY,Concession,1,20.65,10,FALSE,
DIGI-OCT-497280,2026-09-09 19:59:59.999997,Classic Revisited,sophie.williams3@hotmail.co.uk,PL6 6 KA,Adult,1,20.65,20,FALSE,
DIGI-OCT-945178,2026-08-01 19:00:00.000003,Classic Revisited,jack.roberts92@yahoo.co.uk,PL1 4 SR,Concession,1,20.65,0,FALSE,
DIGI-OCT-484649,2026-09-09 13:59:59.999997,Classic Revisited,william.cooper78@icloud.com,PL2 5 FF,Family,3,61.95,0,FALSE,WELCOME
DIGI-OCT-942344,2026-09-14 12:00,Classic Revisited,noah.brown34@hotmail.co.uk,EX4 5 DL,Adult,2,41.3,0,FALSE,
DIGI-OCT-138861,2026-08-26 09:00,Classic Revisited,henry.roberts3@icloud.com,EX4 4 XO,Adult,3,61.95,0,FALSE,
DIGI-OCT-570359,2026-09-05 19:00:00.000003,Classic Revisited,max.patel95@icloud.com,PL2 4 BH,Family,1,20.65,0,TRUE,
DIGI-OCT-352726,2026-09-18 13:00:00.000003,Classic Revisited,ella.singh3@hotmail.co.uk,PL6 8 JJ,Family,1,20.65,5,FALSE,
DIGI-OCT-469813,2026-08-11 12:00,Classic Revisited,lucy.king66@icloud.com,PL2 1 CA,Concession,2,41.3,0,FALSE,WELCOME
DIGI-OCT-580890,2026-09-05 09:00,Classic Revisited,jacob.singh85@yahoo.co.uk,PL7 4 AV,Family,2,41.3,5,FALSE,
DIGI-OCT-244399,2026-08-14 12:00,Hamlet,alfie.jackson88@yahoo.co.uk,TR1 3 UY,Concession,2,50.22,0,FALSE,
DIGI-OCT-766487,2026-09-15 15:00,Hamlet,mia.smith96@icloud.com,PL4 3 ED,Concession,1,25.11,0,FALSE,
DIGI-OCT-512802,2026-09-03 13:59:59.999997,Hamlet,megan.bell29@outlook.com,EX1 6 LN,Family,2,50.22,0,FALSE,
DIGI-OCT-507786,2026-09-11 10:59:59.999997,Hamlet,daniel.cooper23@hotmail.co.uk,PL1 6 AY,Adult,2,50.22,0,FALSE,
DIGI-OCT-424265,2026-10-10 18:00,Hamlet,alfie.harris18@yahoo.co.uk,PL1 7 KW,Family,1,25.11,5,FALSE,
DIGI-OCT-569206,2026-08-07 13:59:59.999997,Hamlet,james.cook96@hotmail.co.uk,PL6 5 KK,Concession,1,25.11,0,TRUE,
DIGI-OCT-234011,2026-09-23 19:59:59.999997,Hamlet,daniel.wilson32@hotmail.co.uk,PL3 6 MQ,Family,1,25.11,5,FALSE,
DIGI-OCT-288969,2026-08-04 16:00:00.000003,Hamlet,megan.young94@outlook.com,PL6 6 PQ,Family,3,75.33,0,TRUE,
DIGI-OCT-208025,2026-08-18 12:00,Hamlet,chloe.baker49@hotmail.co.uk,EX3 7 AX,Adult,1,25.11,0,FALSE,
DIGI-OCT-232870,2026-08-06 07:59:59.999997,Hamlet,mia.bell34@gmail.com,PL1 9 SV,Family,2,50.22,0,FALSE,
DIGI-OCT-852316,2026-08-15 19:00:00.000003,Hamlet,lucy.morgan40@hotmail.co.uk,PL7 4 OB,Adult,1,25.11,0,FALSE,
DIGI-OCT-308054,2026-08-30 07:59:59.999997,Hamlet,emma.walker90@hotmail.co.uk,TQ12 5 WA,Adult,2,50.22,0,FALSE,LOCAL10
DIGI-OCT-377119,2026-08-07 19:59:59.999997,Hamlet,joshua.roberts66@icloud.com,PL6 9 UP,Adult,2,50.22,0,FALSE,
DIGI-OCT-997696,2026-09-06 16:59:59.999997,Hamlet,oliver.green25@gmail.com,PL2 7 ZI,Concession,1,25.11,20,FALSE,LOCAL10
DIGI-OCT-917289,2026-10-29 09:00,Hamlet,william.collins65@outlook.com,PL6 6 RY,Concession,4,100.44,0,FALSE,
DIGI-OCT-445409,2026-10-05 13:59:59.999997,Hamlet,jacob.moore55@outlook.com,TA6 2 IK,Adult,3,75.33,5,TRUE,
DIGI-OCT-252040,2026-10-04 15:00,Hamlet,grace.martin64@outlook.com,PL9 8 VP,Concession,2,50.22,5,FALSE,
DIGI-OCT-845260,2026-09-10 07:59:59.999997,Hamlet,james.hall63@icloud.com,TQ3 9 PC,Adult,1,25.11,5,TRUE,
DIGI-OCT-556440,2026-09-09 09:00,Hamlet,max.ahmed85@icloud.com,PL7 1 GJ,Concession,1,25.11,0,TRUE,LOCAL10
DIGI-OCT-113792,2026-08-26 19:59:59.999997,Hamlet,james.hall56@icloud.com,PL1 6 GO,Family,2,50.22,5,FALSE,
DIGI-OCT-374755,2026-10-31 16:00:00.000003,Hamlet,ella.turner42@gmail.com,PL9 4 QI,Adult,1,25.11,0,FALSE,
DIGI-OCT-389496,2026-10-20 10:00:00.000003,Hamlet,megan.evans42@icloud.com,EX3 9 EN,Concession,1,25.11,10,TRUE,
DIGI-OCT-767033,2026-10-12 13:59:59.999997,Hamlet,grace.turner60@hotmail.co.uk,PL2 4 SN,Adult,2,50.22,0,FALSE,LOCAL10
DIGI-OCT-827831,2026-08-15 12:00,Hamlet,leo.murphy10@outlook.com,TQ12 1 MN,Adult,2,50.22,0,FALSE,WELCOME
DIGI-OCT-905334,2026-09-20 09:00,Hamlet,oscar.hill37@yahoo.co.uk,PL7 8 KO,Family,3,75.33,5,TRUE,
DIGI-OCT-138137,2026-08-13 13:00:00.000003,Hamlet,chloe.martin45@outlook.com,PL4 1 DN,Concession,2,50.22,0,FALSE,
DIGI-OCT-304448,2026-09-21 13:59:59.999997,Hamlet,poppy.walker24@outlook.com,PL2 1 TW,Family,1,25.11,0,FALSE,WELCOME
DIGI-OCT-525986,2026-08-14 10:59:59.999997,Hamlet,george.bell53@yahoo.co.uk,TA1 1 BM,Adult,1,25.11,0,FALSE,
DIGI-OCT-715500,2026-09-09 10:59:59.999997,Hamlet,lucas.smith65@outlook.com,PL2 2 RN,Adult,1,25.11,10,FALSE,
DIGI-OCT-310371,2026-09-01 07:59:59.999997,Hamlet,megan.perry72@hotmail.co.uk,EX4 4 GD,Family,1,25.11,10,FALSE,LOCAL10
DIGI-OCT-599196,2026-08-17 13:00:00.000003,Hamlet,phoebe.wood76@icloud.com,TA1 5 ZI,Family,1,25.11,5,FALSE,
DIGI-OCT-599385,2026-10-05 18:00,Hamlet,james.murphy9@outlook.com,PL3 8 WN,Family,1,25.11,5,FALSE,
DIGI-OCT-758491,2026-10-06 12:00,Hamlet,lucy.allen1@outlook.com,PL4 7 VW,Concession,1,25.11,10,FALSE,LOCAL10
DIGI-OCT-567325,2026-10-25 13:59:59.999997,Hamlet,charlotte.hall7@icloud.com,PL6 3 TP,Concession,2,50.22,0,FALSE,
DIGI-OCT-924570,2026-08-24 16:59:59.999997,Hamlet,evie.green38@gmail.com,TR1 6 ZB,Concession,4,100.44,5,TRUE,
DIGI-OCT-501642,2026-10-16 16:59:59.999997,Hamlet,jack.moore34@hotmail.co.uk,PL12 7 UR,Family,1,25.11,0,TRUE,
DIGI-OCT-729408,2026-08-30 16:00:00.000003,Hamlet,mia.cook2@yahoo.co.uk,PL3 2 HS,Family,1,25.11,0,FALSE,
DIGI-OCT-478807,2026-08-16 16:59:59.999997,Hamlet,mia.williams2@hotmail.co.uk,PL6 2 PM,Adult,4,100.44,5,FALSE,
DIGI-OCT-654616,2026-09-11 07:59:59.999997,Hamlet,freya.murphy70@yahoo.co.uk,TQ4 1 QO,Concession,1,25.11,0,FALSE,
DIGI-OCT-324410,2026-09-03 19:00:00.000003,Hamlet,oliver.wood16@hotmail.co.uk,PL2 7 UG,Adult,2,50.22,0,FALSE,WELCOME
DIGI-OCT-683697,2026-08-06 16:00:00.000003,Hamlet,oscar.davies39@hotmail.co.uk,PL3 2 NX,Adult,4,100.44,0,FALSE,WELCOME
DIGI-OCT-540965,2026-08-25 13:59:59.999997,Hamlet,alfie.smith96@hotmail.co.uk,PL6 3 ZQ,Family,1,25.11,0,FALSE,WELCOME
DIGI-OCT-245833,2026-10-04 19:59:59.999997,Hamlet,samuel.king13@hotmail.co.uk,PL4 6 JY,Adult,1,25.11,0,FALSE,
DIGI-OCT-741775,2026-08-20 13:59:59.999997,Hamlet,jessica.wood82@gmail.com,PL4 3 XU,Family,2,50.22,0,FALSE,WELCOME
DIGI-OCT-164486,2026-08-16 18:00,Hamlet,evie.walker34@icloud.com,PL9 4 SX,Adult,2,50.22,0,FALSE,
DIGI-OCT-878170,2026-08-24 16:00:00.000003,Hamlet,olivia.singh89@hotmail.co.uk,PL9 9 CX,Family,1,25.11,10,FALSE,
DIGI-OCT-872720,2026-08-14 15:00,Hamlet,alfie.murphy52@icloud.com,TQ4 3 MX,Family,1,25.11,0,FALSE,
DIGI-OCT-599377,2026-08-31 09:00,Hamlet,phoebe.cooper56@yahoo.co.uk,PL9 5 IC,Adult,2,50.22,20,FALSE,
DIGI-OCT-549935,2026-10-11 18:00,Hamlet,lily.roberts92@outlook.com,PL5 7 NI,Adult,2,50.22,20,FALSE,WELCOME
DIGI-OCT-225482,2026-09-16 15:00,Hamlet,william.cooper78@icloud.com,PL2 5 FF,Concession,1,25.11,0,FALSE,
DIGI-OCT-340956,2026-10-04 07:59:59.999997,Hamlet,henry.smith8@yahoo.co.uk,PL12 6 WA,Adult,2,50.22,0,FALSE,
DIGI-OCT-471571,2026-10-16 07:59:59.999997,Hamlet,leo.taylor66@yahoo.co.uk,PL5 7 TW,Family,3,75.33,0,FALSE,
DIGI-OCT-510476,2026-09-07 16:00:00.000003,Hamlet,william.murphy49@hotmail.co.uk,PL21 8 QY,Adult,2,50.22,0,FALSE,
DIGI-OCT-746065,2026-08-16 18:00,Hamlet,thomas.johnson59@gmail.com,PL4 8 SR,Adult,1,25.11,5,FALSE,LOCAL10
DIGI-OCT-748735,2026-09-25 16:00:00.000003,Hamlet,joshua.collins10@hotmail.co.uk,PL2 4 OY,Family,2,50.22,0,TRUE,
DIGI-OCT-740759,2026-09-03 13:00:00.000003,Hamlet,sophie.perry12@icloud.com,TQ4 7 DD,Adult,1,25.11,0,FALSE,
DIGI-OCT-584585,2026-09-16 13:59:59.999997,Hamlet,jessica.hall18@yahoo.co.uk,PL6 5 PX,Concession,2,50.22,10,TRUE,
DIGI-OCT-462521,2026-10-26 13:00:00.000003,Hamlet,william.hill66@icloud.com,EX1 5 CN,Family,3,75.33,0,TRUE,WELCOME
DIGI-OCT-401007,2026-09-24 19:59:59.999997,Family Adventures,lily.white83@gmail.com,PL7 4 TJ,Family,1,16.64,5,FALSE,WELCOME
DIGI-OCT-411207,2026-11-09 13:00:00.000003,Family Adventures,olivia.hill34@hotmail.co.uk,PL12 9 GC,Adult,1,16.64,20,FALSE,
DIGI-OCT-194255,2026-11-02 18:00,Family Adventures,charlotte.jones66@gmail.com,EX4 1 FB,Concession,1,16.64,20,FALSE,
DIGI-OCT-892976,2026-09-25 19:59:59.999997,Family Adventures,oscar.roberts53@icloud.com,PL9 6 VU,Adult,2,33.28,0,FALSE,
DIGI-OCT-335440,2026-09-03 12:00,Family Adventures,henry.collins5@outlook.com,PL5 9 ET,Adult,4,66.56,5,TRUE,
DIGI-OCT-889944,2026-10-31 16:59:59.999997,Family Adventures,james.cook96@hotmail.co.uk,PL6 5 KK,Adult,1,16.64,0,FALSE,
DIGI-OCT-930199,2026-11-07 09:00,Family Adventures,emma.cooper7@yahoo.co.uk,PL3 4 HC,Concession,2,33.28,0,TRUE,
DIGI-OCT-388643,2026-09-27 13:59:59.999997,Family Adventures,max.jones19@icloud.com,PL9 8 WL,Adult,1,16.64,0,FALSE,
DIGI-OCT-612978,2026-09-15 13:00:00.000003,Family Adventures,leo.thomas97@gmail.com,PL1 3 OG,Family,1,16.64,0,TRUE,WELCOME
DIGI-OCT-909225,2026-09-13 19:00:00.000003,Family Adventures,lucy.morgan40@hotmail.co.uk,PL7 4 OB,Concession,2,33.28,0,FALSE,WELCOME
DIGI-OCT-855934,2026-10-03 16:59:59.999997,Family Adventures,samuel.turner47@hotmail.co.uk,TQ1 2 XZ,Concession,1,16.64,20,FALSE,
DIGI-OCT-799407,2026-10-26 13:00:00.000003,Family Adventures,ruby.jones49@gmail.com,PL1 5 JQ,Adult,1,16.64,0,FALSE,
DIGI-OCT-879373,2026-09-10 18:00,Family Adventures,megan.walker75@yahoo.co.uk,EX2 3 QE,Family,2,33.28,10,FALSE,
DIGI-OCT-231758,2026-09-19 19:59:59.999997,Family Adventures,grace.martin64@outlook.com,PL9 8 VP,Concession,1,16.64,0,FALSE,
DIGI-OCT-467485,2026-09-13 09:00,Family Adventures,emma.roberts59@hotmail.co.uk,PL14 8 AW,Family,3,49.92,0,TRUE,LOCAL10
DIGI-OCT-221787,2026-11-08 13:59:59.999997,Family Adventures,oliver.hill71@yahoo.co.uk,PL4 2 PO,Adult,2,33.28,10,FALSE,
DIGI-OCT-901826,2026-09-05 13:59:59.999997,Family Adventures,sophie.cook84@yahoo.co.uk,EX1 2 OK,Adult,2,33.28,5,TRUE,
DIGI-OCT-735611,2026-09-10 10:59:59.999997,Family Adventures,harry.patel42@gmail.com,PL2 8 XN,Concession,1,16.64,20,FALSE,
DIGI-OCT-598271,2026-10-11 10:59:59.999997,Family Adventures,oliver.walker21@gmail.com,PL4 8 LG,Adult,3,49.92,0,FALSE,
DIGI-OCT-893228,2026-09-14 16:00:00.000003,Family Adventures,ella.bell87@icloud.com,PL9 2 TO,Family,3,49.92,5,FALSE,
DIGI-OCT-747567,2026-10-20 19:59:59.999997,Family Adventures,joshua.jackson37@icloud.com,PL1 7 VX,Concession,1,16.64,0,FALSE,WELCOME
DIGI-OCT-110115,2026-10-31 10:00:00.000003,Family Adventures,sophie.clarke50@hotmail.co.uk,PL6 3 JP,Concession,2,33.28,0,FALSE,
DIGI-OCT-504926,2026-08-24 16:59:59.999997,Family Adventures,george.bell53@yahoo.co.uk,TA1 1 BM,Family,1,16.64,0,FALSE,
DIGI-OCT-929284,2026-10-10 13:00:00.000003,Family Adventures,william.patel75@icloud.com,PL9 7 VK,Concession,1,16.64,0,FALSE,
DIGI-OCT-488040,2026-08-15 10:59:59.999997,Family Adventures,ethan.harris3@icloud.com,PL1 5 PH,Adult,1,16.64,0,FALSE,
DIGI-OCT-253956,2026-10-30 16:59:59.999997,Family Adventures,joshua.jackson25@hotmail.co.uk,PL5 5 OJ,Adult,2,33.28,0,TRUE,
DIGI-OCT-972006,2026-08-23 16:00:00.000003,Family Adventures,emma.taylor84@outlook.com,PL9 8 GW,Family,1,16.64,0,FALSE,
DIGI-OCT-169524,2026-09-24 12:00,Family Adventures,ella.patel9@icloud.com,TA6 3 HR,Concession,2,33.28,0,TRUE,
DIGI-OCT-450009,2026-10-16 12:00,Family Adventures,emma.evans38@hotmail.co.uk,PL7 7 WZ,Concession,3,49.92,0,TRUE,
DIGI-OCT-564458,2026-09-06 09:00,Family Adventures,phoebe.white76@hotmail.co.uk,PL14 4 PM,Concession,2,33.28,0,FALSE,
DIGI-OCT-138355,2026-10-23 13:59:59.999997,Family Adventures,oliver.cooper58@outlook.com,PL4 2 CJ,Adult,1,16.64,0,FALSE,
DIGI-OCT-464821,2026-10-05 13:00:00.000003,Family Adventures,megan.jackson61@gmail.com,PL5 6 LF,Adult,4,66.56,0,FALSE,
DIGI-OCT-896220,2026-08-26 13:00:00.000003,Family Adventures,jack.allen94@yahoo.co.uk,PL5 8 IN,Adult,2,33.28,10,TRUE,
DIGI-OCT-907429,2026-08-26 07:59:59.999997,Family Adventures,max.murphy67@hotmail.co.uk,PL3 7 DM,Adult,2,33.28,0,FALSE,LOCAL10
DIGI-OCT-747338,2026-10-27 16:00:00.000003,Family Adventures,joshua.hill96@gmail.com,PL1 1 SF,Concession,1,16.64,0,FALSE,
DIGI-OCT-533327,2026-08-16 09:00,Family Adventures,charlotte.wood43@outlook.com,PL3 9 LD,Concession,2,33.28,0,FALSE,LOCAL10
DIGI-OCT-530217,2026-09-27 16:00:00.000003,Family Adventures,emma.brown34@gmail.com,TA6 3 KC,Family,3,49.92,0,TRUE,
DIGI-OCT-788636,2026-09-03 16:59:59.999997,Family Adventures,evie.cooper8@hotmail.co.uk,PL1 9 EF,Family,2,33.28,5,FALSE,LOCAL10
DIGI-OCT-229230,2026-10-18 13:59:59.999997,Family Adventures,sophie.ward46@icloud.com,TQ3 1 RE,Concession,4,66.56,0,FALSE,
DIGI-OCT-536684,2026-10-04 07:59:59.999997,Family Adventures,samuel.brown29@outlook.com,PL7 3 KC,Adult,1,16.64,5,FALSE,
DIGI-OCT-944669,2026-08-16 13:59:59.999997,Family Adventures,noah.clarke21@gmail.com,PL9 2 FB,Family,1,16.64,0,TRUE,
DIGI-OCT-558796,2026-10-31 16:00:00.000003,Family Adventures,alfie.jones43@outlook.com,PL7 2 WU,Adult,1,16.64,0,FALSE,
DIGI-OCT-129945,2026-10-13 16:59:59.999997,Family Adventures,jacob.davies55@gmail.com,PL6 7 XK,Adult,1,16.64,0,FALSE,LOCAL10
DIGI-OCT-716174,2026-11-05 07:59:59.999997,Family Adventures,joshua.white16@icloud.com,PL4 7 UF,Family,1,16.64,5,FALSE,
DIGI-OCT-739577,2026-08-26 16:59:59.999997,Family Adventures,henry.ward43@yahoo.co.uk,PL4 3 ZL,Concession,1,16.64,5,FALSE,LOCAL10
DIGI-OCT-393119,2026-10-16 16:59:59.999997,Family Adventures,grace.brown44@outlook.com,PL7 1 GB,Concession,2,33.28,5,FALSE,
DIGI-OCT-225378,2026-11-02 15:00,Family Adventures,jessica.baker10@hotmail.co.uk,PL4 1 ZG,Family,2,33.28,5,FALSE,
DIGI-OCT-417128,2026-09-30 10:59:59.999997,Family Adventures,evie.hill63@gmail.com,PL7 8 SP,Family,2,33.28,10,FALSE,
DIGI-OCT-921924,2026-09-29 10:59:59.999997,Family Adventures,george.hall37@icloud.com,PL7 4 UC,Family,1,16.64,0,FALSE,
DIGI-OCT-409326,2026-09-29 16:59:59.999997,Family Adventures,alfie.ward43@icloud.com,TA6 2 LE,Family,2,33.28,20,FALSE,
DIGI-OCT-400278,2026-09-21 10:59:59.999997,Family Adventures,ethan.ahmed71@yahoo.co.uk,EX1 6 PM,Concession,1,16.64,0,TRUE,WELCOME
DIGI-OCT-381774,2026-10-29 12:00,Family Adventures,george.walker31@outlook.com,TQ2 5 SO,Concession,1,16.64,0,FALSE,
DIGI-OCT-146445,2026-08-29 13:59:59.999997,Family Adventures,evie.turner84@yahoo.co.uk,PL19 1 HJ,Adult,3,49.92,0,FALSE,
DIGI-OCT-260613,2026-10-27 16:00:00.000003,Family Adventures,ruby.wilson75@icloud.com,TQ2 5 FH,Adult,1,16.64,5,FALSE,
DIGI-OCT-674505,2026-11-01 12:00,Family Adventures,samuel.king13@hotmail.co.uk,PL4 6 JY,Adult,1,16.64,0,FALSE,WELCOME
DIGI-OCT-698541,2026-09-15 13:00:00.000003,Family Adventures,freya.murphy70@yahoo.co.uk,TQ4 1 QO,Family,2,33.28,0,FALSE,
DIGI-OCT-250524,2026-09-20 13:59:59.999997,Family Adventures,grace.turner60@hotmail.co.uk,PL2 4 SN,Adult,1,16.64,0,TRUE,WELCOME
DIGI-OCT-252195,2026-08-24 16:00:00.000003,Family Adventures,chloe.scott97@gmail.com,PL7 7 WS,Concession,1,16.64,0,FALSE,
DIGI-OCT-166249,2026-09-05 13:00:00.000003,Family Adventures,william.hill66@icloud.com,EX1 5 CN,Adult,3,49.92,0,TRUE,
DIGI-OCT-402093,2026-11-06 13:59:59.999997,Family Adventures,alfie.harris10@outlook.com,PL5 9 GW,Adult,1,16.64,0,FALSE,
DIGI-OCT-368744,2026-08-17 09:00,Family Adventures,phoebe.johnson30@yahoo.co.uk,TQ2 8 SH,Concession,1,16.64,0,FALSE,
DIGI-OCT-193625,2026-10-28 19:59:59.999997,Family Adventures,olivia.williams75@outlook.com,PL2 1 CE,Family,1,16.64,0,FALSE,
DIGI-OCT-559345,2026-09-17 13:00:00.000003,Family Adventures,samuel.morgan40@icloud.com,EX2 1 HH,Concession,1,16.64,10,FALSE,
DIGI-OCT-868862,2026-08-29 10:00:00.000003,Family Adventures,jessica.wood82@gmail.com,PL4 3 XU,Concession,1,16.64,0,TRUE,WELCOME
DIGI-OCT-317620,2026-10-04 19:00:00.000003,Family Adventures,phoebe.scott46@yahoo.co.uk,PL21 6 JM,Adult,1,16.64,0,FALSE,
DIGI-OCT-746584,2026-08-14 16:59:59.999997,Family Adventures,charlotte.martin14@outlook.com,PL2 2 FW,Family,1,16.64,0,FALSE,
DIGI-OCT-799101,2026-08-29 15:00,Family Adventures,samuel.wilson73@outlook.com,TA6 1 QA,Family,2,33.28,0,FALSE,
DIGI-OCT-857348,2026-08-30 10:00:00.000003,Family Adventures,max.ahmed85@icloud.com,PL7 1 GJ,Family,1,16.64,0,FALSE,
DIGI-OCT-940157,2026-09-25 19:00:00.000003,Family Adventures,grace.green6@gmail.com,PL2 7 HX,Concession,1,16.64,5,FALSE,
DIGI-OCT-768325,2026-08-21 07:59:59.999997,Family Adventures,harry.harris57@hotmail.co.uk,PL14 8 NA,Adult,1,16.64,0,FALSE,
DIGI-OCT-739300,2026-09-06 07:59:59.999997,Family Adventures,henry.smith8@yahoo.co.uk,PL12 6 WA,Adult,1,16.64,0,FALSE,
DIGI-OCT-469243,2026-10-20 10:00:00.000003,Family Adventures,oscar.singh26@hotmail.co.uk,PL6 7 TN,Family,3,49.92,0,TRUE,
DIGI-OCT-436213,2026-09-18 16:59:59.999997,Family Adventures,amelia.hall34@gmail.com,PL5 9 PQ,Family,1,16.64,0,TRUE,
DIGI-OCT-350023,2026-09-15 16:00:00.000003,New Writing Night,alfie.morgan59@yahoo.co.uk,TQ3 3 BK,Family,2,84.34,0,FALSE,LOCAL10
DIGI-OCT-726148,2026-11-05 18:00,New Writing Night,evie.ward29@hotmail.co.uk,PL2 3 HH,Adult,1,42.17,10,FALSE,WELCOME
DIGI-OCT-488554,2026-09-09 12:00,New Writing Night,oliver.brown77@yahoo.co.uk,PL6 7 BK,Adult,1,42.17,0,TRUE,WELCOME
DIGI-OCT-380187,2026-11-28 19:59:59.999997,New Writing Night,lucy.johnson8@outlook.com,PL6 1 VD,Concession,3,126.51,10,FALSE,
DIGI-OCT-119327,2026-10-13 10:59:59.999997,New Writing Night,lily.moore38@icloud.com,PL3 6 ET,Adult,1,42.17,0,FALSE,
DIGI-OCT-812621,2026-10-23 10:00:00.000003,New Writing Night,amelia.morgan75@hotmail.co.uk,PL4 6 UA,Family,2,84.34,0,FALSE,
DIGI-OCT-136284,2026-09-14 16:59:59.999997,New Writing Night,lucy.harris24@hotmail.co.uk,PL12 5 GT,Family,1,42.17,0,FALSE,WELCOME
DIGI-OCT-643312,2026-10-09 07:59:59.999997,New Writing Night,megan.bell29@outlook.com,EX1 6 LN,Family,2,84.34,0,FALSE,
DIGI-OCT-746753,2026-09-30 19:59:59.999997,New Writing Night,ruby.white93@gmail.com,PL3 9 IK,Adult,2,84.34,0,FALSE,
DIGI-OCT-754554,2026-10-16 19:00:00.000003,New Writing Night,ethan.harris3@icloud.com,PL1 5 PH,Family,2,84.34,5,TRUE,
DIGI-OCT-887456,2026-09-13 10:59:59.999997,New Writing Night,leo.white34@outlook.com,PL3 6 HW,Concession,1,42.17,0,FALSE,
DIGI-OCT-189509,2026-09-07 19:59:59.999997,New Writing Night,emily.evans11@outlook.com,EX2 6 PD,Adult,3,126.51,0,TRUE,
DIGI-OCT-999826,2026-11-10 13:59:59.999997,New Writing Night,jessica.evans26@gmail.com,PL2 9 HR,Family,4,168.68,0,FALSE,
DIGI-OCT-837769,2026-09-13 19:00:00.000003,New Writing Night,phoebe.johnson80@icloud.com,PL4 8 QQ,Family,3,126.51,0,FALSE,
DIGI-OCT-118426,2026-10-26 16:59:59.999997,New Writing Night,poppy.martin35@hotmail.co.uk,PL6 7 OC,Concession,2,84.34,0,TRUE,
DIGI-OCT-567297,2026-11-25 15:00,New Writing Night,mia.cook2@yahoo.co.uk,PL3 2 HS,Concession,1,42.17,0,FALSE,
DIGI-OCT-428427,2026-10-13 10:00:00.000003,New Writing Night,oscar.singh26@hotmail.co.uk,PL6 7 TN,Adult,2,84.34,0,FALSE,
DIGI-OCT-708065,2026-09-12 16:00:00.000003,New Writing Night,emma.smith52@gmail.com,PL2 3 WA,Adult,1,42.17,5,FALSE,
DIGI-OCT-150639,2026-10-25 19:59:59.999997,New Writing Night,phoebe.singh31@yahoo.co.uk,PL2 4 RB,Concession,2,84.34,10,FALSE,
DIGI-OCT-746963,2026-10-18 16:59:59.999997,New Writing Night,james.murphy9@outlook.com,PL3 8 WN,Adult,1,42.17,0,TRUE,
DIGI-OCT-775494,2026-09-16 09:00,New Writing Night,phoebe.scott46@yahoo.co.uk,PL21 6 JM,Concession,2,84.34,0,FALSE,
DIGI-OCT-193554,2026-11-25 16:00:00.000003,New Writing Night,megan.williams96@icloud.com,PL2 3 SH,Adult,2,84.34,5,FALSE,
DIGI-OCT-314810,2026-10-17 15:00,New Writing Night,lily.white83@gmail.com,PL7 4 TJ,Concession,1,42.17,0,FALSE,
DIGI-OCT-655262,2026-10-30 19:59:59.999997,New Writing Night,jack.roberts92@yahoo.co.uk,PL1 4 SR,Concession,1,42.17,0,TRUE,WELCOME
DIGI-OCT-163903,2026-11-22 18:00,New Writing Night,oscar.allen7@icloud.com,PL9 1 HG,Concession,1,42.17,0,TRUE,
DIGI-OCT-876028,2026-11-23 16:59:59.999997,New Writing Night,grace.scott25@yahoo.co.uk,PL12 8 BE,Adult,1,42.17,5,TRUE,
DIGI-OCT-134230,2026-09-08 12:00,New Writing Night,mia.white60@yahoo.co.uk,PL2 1 ZS,Adult,1,42.17,0,TRUE,LOCAL10
DIGI-OCT-869170,2026-11-21 10:00:00.000003,New Writing Night,megan.young94@outlook.com,PL6 6 PQ,Adult,1,42.17,5,FALSE,
DIGI-OCT-744576,2026-09-26 16:59:59.999997,New Writing Night,megan.turner27@yahoo.co.uk,PL3 2 VM,Concession,2,84.34,0,FALSE,WELCOME
DIGI-OCT-797474,2026-11-01 10:00:00.000003,New Writing Night,lucas.smith65@outlook.com,PL2 2 RN,Concession,1,42.17,0,FALSE,
DIGI-OCT-747440,2026-09-10 13:00:00.000003,New Writing Night,william.patel75@icloud.com,PL9 7 VK,Adult,1,42.17,10,FALSE,
DIGI-OCT-333011,2026-09-08 10:59:59.999997,New Writing Night,alice.allen50@outlook.com,PL6 5 EX,Concession,1,42.17,0,FALSE,
DIGI-OCT-969942,2026-10-02 18:00,New Writing Night,chloe.smith1@outlook.com,TQ1 4 VR,Concession,1,42.17,0,TRUE,
DIGI-OCT-165047,2026-11-20 12:00,New Writing Night,oscar.roberts53@icloud.com,PL9 6 VU,Concession,1,42.17,0,FALSE,LOCAL10
DIGI-OCT-947029,2026-10-23 15:00,New Writing Night,evie.martin52@yahoo.co.uk,PL4 8 FE,Concession,2,84.34,0,FALSE,
DIGI-OCT-850909,2026-11-26 10:00:00.000003,New Writing Night,henry.johnson31@yahoo.co.uk,PL9 6 FU,Concession,1,42.17,5,FALSE,
DIGI-OCT-408660,2026-11-06 12:00,New Writing Night,leo.cook80@hotmail.co.uk,PL7 5 AO,Concession,1,42.17,5,FALSE,
DIGI-OCT-381636,2026-09-08 10:00:00.000003,New Writing Night,lucas.taylor87@gmail.com,TQ3 4 OM,Family,1,42.17,0,TRUE,
DIGI-OCT-176512,2026-09-20 16:00:00.000003,New Writing Night,megan.clarke77@hotmail.co.uk,EX1 2 QT,Family,1,42.17,0,TRUE,
DIGI-OCT-352506,2026-10-14 07:59:59.999997,New Writing Night,ruby.wilson75@icloud.com,TQ2 5 FH,Concession,1,42.17,20,FALSE,
DIGI-OCT-243073,2026-10-04 10:59:59.999997,New Writing Night,amelia.roberts39@yahoo.co.uk,PL5 2 JC,Adult,1,42.17,0,FALSE,
DIGI-OCT-701485,2026-09-05 16:00:00.000003,New Writing Night,mia.bennett44@icloud.com,PL3 8 TC,Adult,2,84.34,5,FALSE,
DIGI-OCT-464606,2026-09-26 19:00:00.000003,New Writing Night,evie.walker19@gmail.com,TQ1 8 ZL,Adult,4,168.68,0,FALSE,
DIGI-OCT-916827,2026-11-16 18:00,New Writing Night,thomas.allen1@yahoo.co.uk,PL4 6 AB,Family,1,42.17,0,FALSE,WELCOME
DIGI-OCT-828998,2026-11-16 19:00:00.000003,New Writing Night,mia.jones96@gmail.com,TA1 1 IX,Family,1,42.17,0,FALSE,
DIGI-OCT-926406,2026-10-20 09:00,New Writing Night,amelia.hall34@gmail.com,PL5 9 PQ,Adult,3,126.51,0,FALSE,LOCAL10
DIGI-OCT-786750,2026-10-13 15:00,New Writing Night,olivia.allen88@gmail.com,EX2 8 JE,Family,4,168.68,5,FALSE,
DIGI-OCT-208074,2026-09-06 16:00:00.000003,New Writing Night,max.harris77@hotmail.co.uk,PL3 7 OW,Family,1,42.17,0,TRUE,
DIGI-OCT-367259,2026-11-19 10:59:59.999997,New Writing Night,leo.moore72@yahoo.co.uk,TR1 3 MT,Concession,4,168.68,0,FALSE,WELCOME
DIGI-OCT-430721,2026-10-06 19:00:00.000003,New Writing Night,charlotte.hall7@icloud.com,PL6 3 TP,Concession,2,84.34,0,TRUE,WELCOME
DIGI-OCT-868540,2026-09-13 19:00:00.000003,New Writing Night,amelia.scott41@hotmail.co.uk,PL9 8 ZZ,Family,2,84.34,0,TRUE,
DIGI-OCT-403800,2026-09-11 09:00,New Writing Night,noah.allen11@hotmail.co.uk,PL4 5 SM,Concession,2,84.34,0,TRUE,
DIGI-OCT-127728,2026-09-21 19:59:59.999997,New Writing Night,evie.walker34@icloud.com,PL9 4 SX,Concession,2,84.34,10,FALSE,
DIGI-OCT-480579,2026-11-13 13:00:00.000003,New Writing Night,lucas.bell74@gmail.com,PL3 7 MJ,Concession,2,84.34,0,FALSE,
DIGI-OCT-517320,2026-10-17 16:00:00.000003,New Writing Night,olivia.patel67@outlook.com,EX2 1 OM,Family,2,84.34,20,FALSE,
DIGI-OCT-223710,2026-11-21 15:00,New Writing Night,ella.williams10@icloud.com,PL2 5 SG,Concession,1,42.17,0,FALSE,
DIGI-OCT-675458,2026-10-09 13:59:59.999997,New Writing Night,emily.ward95@hotmail.co.uk,TA1 9 VG,Family,2,84.34,0,FALSE,
DIGI-OCT-590748,2026-10-03 09:00,New Writing Night,ethan.harris25@gmail.com,TQ3 7 OA,Concession,2,84.34,10,FALSE,
DIGI-OCT-794181,2026-10-26 16:59:59.999997,New Writing Night,leo.murphy1@gmail.com,PL6 2 JQ,Family,2,84.34,5,FALSE,
DIGI-OCT-156814,2026-10-15 19:00:00.000003,New Writing Night,george.baker47@hotmail.co.uk,TA6 9 GS,Adult,2,84.34,0,FALSE,WELCOME
DIGI-OCT-489722,2026-10-30 09:00,New Writing Night,jacob.hill72@icloud.com,TQ12 7 HP,Family,2,84.34,0,FALSE,LOCAL10
DIGI-OCT-749158,2026-09-08 10:00:00.000003,New Writing Night,alfie.harris10@outlook.com,PL5 9 GW,Adult,1,42.17,0,FALSE,
DIGI-OCT-193278,2026-10-04 10:00:00.000003,New Writing Night,harry.patel42@gmail.com,PL2 8 XN,Concession,1,42.17,0,FALSE,WELCOME
DIGI-OCT-718894,2026-09-06 13:59:59.999997,New Writing Night,jessica.allen12@yahoo.co.uk,PL9 9 BA,Family,2,84.34,0,FALSE,
DIGI-OCT-303618,2026-09-14 13:00:00.000003,New Writing Night,charlie.thomas59@gmail.com,PL7 1 OP,Family,2,84.34,0,FALSE,
DIGI-OCT-217931,2026-12-13 16:59:59.999997,Youth Theatre,chloe.cook5@hotmail.co.uk,PL9 5 BL,Concession,1,25.57,5,FALSE,
DIGI-OCT-757711,2026-12-12 16:00:00.000003,Youth Theatre,chloe.singh96@hotmail.co.uk,PL9 3 BO,Concession,1,25.57,5,FALSE,
DIGI-OCT-451530,2026-11-05 13:59:59.999997,Youth Theatre,phoebe.wilson1@hotmail.co.uk,EX4 4 OE,Family,2,51.14,0,FALSE,
DIGI-OCT-792784,2026-11-18 10:00:00.000003,Youth Theatre,phoebe.wood76@hotmail.co.uk,TR7 6 VZ,Adult,1,25.57,0,TRUE,
DIGI-OCT-617504,2026-12-05 10:59:59.999997,Youth Theatre,freya.singh75@icloud.com,TQ12 6 QS,Family,1,25.57,20,FALSE,
DIGI-OCT-424481,2026-11-04 19:00:00.000003,Youth Theatre,thomas.patel73@hotmail.co.uk,PL5 9 BA,Family,1,25.57,5,FALSE,
DIGI-OCT-315911,2026-10-09 12:00,Youth Theatre,oliver.brown77@yahoo.co.uk,PL6 7 BK,Concession,2,51.14,0,FALSE,
DIGI-OCT-522413,2026-10-29 18:00,Youth Theatre,megan.clarke77@hotmail.co.uk,EX1 2 QT,Adult,1,25.57,0,FALSE,
DIGI-OCT-945485,2026-11-08 13:00:00.000003,Youth Theatre,mia.cook2@yahoo.co.uk,PL3 2 HS,Concession,1,25.57,0,TRUE,
DIGI-OCT-377057,2026-12-04 09:00,Youth Theatre,poppy.clarke55@yahoo.co.uk,PL3 3 OW,Adult,1,25.57,20,TRUE,LOCAL10
DIGI-OCT-322053,2026-10-04 12:00,Youth Theatre,poppy.johnson17@yahoo.co.uk,PL7 7 MR,Family,1,25.57,0,TRUE,
DIGI-OCT-325904,2026-10-10 12:00,Youth Theatre,ethan.scott55@gmail.com,PL1 3 GN,Adult,4,102.28,5,FALSE,
DIGI-OCT-103730,2026-12-09 16:00:00.000003,Youth Theatre,evie.turner84@yahoo.co.uk,PL19 1 HJ,Concession,2,51.14,0,FALSE,LOCAL10
DIGI-OCT-521305,2026-12-08 19:59:59.999997,Youth Theatre,leo.murphy10@outlook.com,TQ12 1 MN,Concession,2,51.14,0,FALSE,
DIGI-OCT-292735,2026-11-25 09:00,Youth Theatre,lucy.morgan40@hotmail.co.uk,PL7 4 OB,Concession,1,25.57,0,TRUE,WELCOME
DIGI-OCT-715516,2026-11-10 07:59:59.999997,Youth Theatre,mia.white60@yahoo.co.uk,PL2 1 ZS,Adult,2,51.14,0,TRUE,
DIGI-OCT-992650,2026-12-08 12:00,Youth Theatre,lucas.taylor87@gmail.com,TQ3 4 OM,Family,1,25.57,0,FALSE,WELCOME
DIGI-OCT-876244,2026-11-01 16:00:00.000003,Youth Theatre,megan.patel14@gmail.com,PL5 9 XO,Adult,1,25.57,0,FALSE,
DIGI-OCT-623000,2026-10-11 10:59:59.999997,Youth Theatre,thomas.singh16@hotmail.co.uk,PL7 8 SI,Concession,1,25.57,0,FALSE,WELCOME
DIGI-OCT-766775,2026-10-03 10:00:00.000003,Youth Theatre,megan.williams96@icloud.com,PL2 3 SH,Concession,2,51.14,10,FALSE,LOCAL10
DIGI-OCT-617457,2026-12-11 15:00,Youth Theatre,william.white50@gmail.com,PL4 6 QB,Concession,2,51.14,0,FALSE,
DIGI-OCT-968165,2026-11-29 10:00:00.000003,Youth Theatre,joshua.scott57@hotmail.co.uk,TQ2 6 DD,Adult,1,25.57,0,FALSE,
DIGI-OCT-919497,2026-12-02 09:00,Youth Theatre,noah.allen11@hotmail.co.uk,PL4 5 SM,Concession,1,25.57,0,TRUE,
DIGI-OCT-839338,2026-12-19 10:59:59.999997,Youth Theatre,ruby.jones49@gmail.com,PL1 5 JQ,Family,1,25.57,0,FALSE,
DIGI-OCT-353292,2026-09-30 09:00,Youth Theatre,grace.brown40@hotmail.co.uk,TQ12 6 SR,Family,2,51.14,10,TRUE,
DIGI-OCT-764938,2026-11-01 13:00:00.000003,Youth Theatre,evie.cooper8@hotmail.co.uk,PL1 9 EF,Adult,2,51.14,0,FALSE,WELCOME
DIGI-OCT-556539,2026-10-04 19:00:00.000003,Youth Theatre,emily.evans11@outlook.com,EX2 6 PD,Family,2,51.14,0,FALSE,
DIGI-OCT-745734,2026-10-25 19:00:00.000003,Youth Theatre,thomas.allen54@yahoo.co.uk,PL3 2 WX,Adult,2,51.14,0,FALSE,
DIGI-OCT-989036,2026-10-15 07:59:59.999997,Youth Theatre,lucy.harris24@hotmail.co.uk,PL12 5 GT,Family,2,51.14,5,FALSE,
DIGI-OCT-641991,2026-11-07 16:59:59.999997,Youth Theatre,phoebe.williams10@icloud.com,PL2 3 SU,Family,2,51.14,0,TRUE,
DIGI-OCT-897217,2026-11-19 10:59:59.999997,Youth Theatre,oscar.cook64@icloud.com,PL7 2 PY,Family,1,25.57,5,FALSE,
DIGI-OCT-852082,2026-11-17 13:59:59.999997,Youth Theatre,jack.king12@hotmail.co.uk,TQ1 1 HU,Concession,1,25.57,0,FALSE,
DIGI-OCT-133631,2026-11-17 16:59:59.999997,Youth Theatre,phoebe.singh53@yahoo.co.uk,PL4 5 EU,Adult,1,25.57,0,FALSE,LOCAL10
DIGI-OCT-221785,2026-09-28 19:59:59.999997,Youth Theatre,olivia.ward64@yahoo.co.uk,PL9 3 JD,Family,1,25.57,0,FALSE,
DIGI-OCT-316548,2026-10-06 16:00:00.000003,Youth Theatre,lily.white83@gmail.com,PL7 4 TJ,Family,1,25.57,0,FALSE,
DIGI-OCT-917417,2026-11-18 18:00,Youth Theatre,emma.murphy33@yahoo.co.uk,PL3 5 YF,Family,1,25.57,0,FALSE,LOCAL10
DIGI-OCT-696693,2026-10-03 09:00,Youth Theatre,phoebe.johnson80@icloud.com,PL4 8 QQ,Concession,1,25.57,0,FALSE,
DIGI-OCT-930626,2026-10-29 07:59:59.999997,Youth Theatre,harry.harris57@hotmail.co.uk,PL14 8 NA,Adult,3,76.71,0,FALSE,WELCOME
DIGI-OCT-493566,2026-12-09 12:00,Youth Theatre,thomas.collins16@outlook.com,PL4 9 AE,Concession,1,25.57,0,TRUE,
DIGI-OCT-526885,2026-12-13 19:00:00.000003,Youth Theatre,noah.johnson76@icloud.com,PL6 4 MB,Concession,2,51.14,5,FALSE,
DIGI-OCT-674497,2026-10-15 13:59:59.999997,Youth Theatre,sophie.singh8@hotmail.co.uk,PL4 3 UE,Family,1,25.57,0,FALSE,
DIGI-OCT-275097,2026-10-21 13:59:59.999997,Youth Theatre,joshua.roberts61@yahoo.co.uk,PL2 5 OE,Concession,2,51.14,0,FALSE,LOCAL10
DIGI-OCT-157041,2026-11-25 15:00,Youth Theatre,sophie.young35@icloud.com,PL5 2 YW,Family,2,51.14,0,TRUE,
DIGI-OCT-331445,2026-11-22 13:59:59.999997,Youth Theatre,grace.green6@gmail.com,PL2 7 HX,Concession,1,25.57,0,FALSE,WELCOME
DIGI-OCT-604497,2026-09-28 09:00,Youth Theatre,amelia.bell71@yahoo.co.uk,PL5 1 TQ,Concession,1,25.57,0,FALSE,
DIGI-OCT-321428,2026-11-23 13:59:59.999997,Youth Theatre,thomas.smith67@outlook.com,PL9 1 XX,Family,1,25.57,5,FALSE,LOCAL10
DIGI-OCT-360704,2026-11-03 15:00,Youth Theatre,lily.martin50@icloud.com,TA1 6 NO,Adult,1,25.57,0,FALSE,
DIGI-OCT-436747,2026-12-10 12:00,Youth Theatre,william.cooper78@icloud.com,PL2 5 FF,Adult,1,25.57,0,TRUE,
DIGI-OCT-815551,2026-10-04 07:59:59.999997,Youth Theatre,joshua.perry25@outlook.com,PL2 4 LM,Adult,1,25.57,0,FALSE,
DIGI-OCT-563000,2026-10-19 10:00:00.000003,Youth Theatre,olivia.wilson91@icloud.com,EX3 8 XM,Family,2,51.14,0,FALSE,
DIGI-OCT-999037,2026-12-11 10:59:59.999997,Youth Theatre,noah.scott58@yahoo.co.uk,PL6 6 QU,Family,2,51.14,20,FALSE,
DIGI-OCT-366767,2026-11-22 16:00:00.000003,Youth Theatre,max.walker11@icloud.com,TA6 1 TL,Adult,1,25.57,0,TRUE,
DIGI-OCT-137473,2026-11-22 13:59:59.999997,Youth Theatre,henry.moore73@icloud.com,EX1 2 FF,Concession,2,51.14,0,FALSE,
DIGI-OCT-987067,2026-10-30 16:00:00.000003,Youth Theatre,alice.allen73@gmail.com,PL6 9 IR,Concession,3,76.71,0,TRUE,
DIGI-OCT-404506,2026-10-18 16:59:59.999997,Youth Theatre,daniel.morgan8@gmail.com,PL21 6 NX,Family,1,25.57,0,TRUE,
DIGI-OCT-967220,2026-10-24 16:00:00.000003,Youth Theatre,samuel.perry94@yahoo.co.uk,EX1 5 BS,Family,2,51.14,0,TRUE,
DIGI-OCT-237963,2026-11-05 13:59:59.999997,Youth Theatre,samuel.wilson89@hotmail.co.uk,TQ1 4 OJ,Adult,1,25.57,10,TRUE,
DIGI-OCT-416542,2026-10-14 16:00:00.000003,Youth Theatre,alfie.jackson88@yahoo.co.uk,TR1 3 UY,Family,2,51.14,0,FALSE,LOCAL10
DIGI-OCT-580587,2026-10-12 09:00,Youth Theatre,sophie.clarke50@hotmail.co.uk,PL6 3 JP,Concession,3,76.71,5,FALSE,
DIGI-OCT-274375,2026-11-12 10:00:00.000003,Youth Theatre,leo.baker58@yahoo.co.uk,PL6 9 ZH,Adult,1,25.57,0,TRUE,
DIGI-OCT-456673,2026-10-03 12:00,Youth Theatre,mia.smith96@icloud.com,PL4 3 ED,Family,1,25.57,0,FALSE,
DIGI-OCT-948227,2026-11-24 10:00:00.000003,Youth Theatre,sophie.collins72@gmail.com,PL9 3 AX,Adult,2,51.14,0,FALSE,
DIGI-OCT-994205,2026-11-15 13:59:59.999997,Youth Theatre,leo.williams84@icloud.com,PL1 9 RY,Family,1,25.57,10,FALSE,
DIGI-OCT-975379,2026-11-04 18:00,Youth Theatre,henry.green52@gmail.com,PL3 7 UM,Family,1,25.57,5,FALSE,
DIGI-OCT-720774,2026-12-12 10:59:59.999997,Youth Theatre,amelia.green38@yahoo.co.uk,PL2 6 QY,Family,1,25.57,0,TRUE,WELCOME
DIGI-OCT-221092,2026-12-16 16:59:59.999997,Youth Theatre,lucy.johnson8@outlook.com,PL6 1 VD,Concession,1,25.57,0,FALSE,
DIGI-OCT-741474,2026-09-30 10:00:00.000003,Youth Theatre,thomas.wilson12@hotmail.co.uk,PL1 2 GE,Family,3,76.71,0,FALSE,
DIGI-OCT-220351,2026-11-17 07:59:59.999997,Youth Theatre,thomas.turner55@hotmail.co.uk,PL4 2 LA,Adult,1,25.57,0,FALSE,
DIGI-OCT-460426,2026-12-12 15:00,Youth Theatre,oliver.davies1@yahoo.co.uk,PL5 2 FW,Adult,1,25.57,0,FALSE,
DIGI-OCT-650434,2026-11-14 09:00,Youth Theatre,samuel.walker61@hotmail.co.uk,PL3 6 XY,Adult,1,25.57,20,FALSE,
DIGI-OCT-727923,2026-12-06 18:00,Youth Theatre,charlotte.singh59@gmail.com,TQ3 9 QA,Concession,1,25.57,0,TRUE,
DIGI-OCT-857818,2026-11-23 12:00,Youth Theatre,noah.clarke21@gmail.com,PL9 2 FB,Concession,1,25.57,10,TRUE,
DIGI-OCT-520423,2026-11-02 16:00:00.000003,Youth Theatre,olivia.scott58@hotmail.co.uk,PL12 8 CY,Family,1,25.57,0,FALSE,
DIGI-OCT-127007,2026-10-04 13:00:00.000003,Youth Theatre,freya.evans99@outlook.com,EX3 2 WG,Concession,1,25.57,5,FALSE,LOCAL10
DIGI-OCT-429934,2026-10-20 09:00,Youth Theatre,megan.young53@gmail.com,PL4 4 NJ,Family,1,25.57,0,FALSE,
DIGI-OCT-470129,2026-11-28 09:00,Youth Theatre,chloe.martin45@outlook.com,PL4 1 DN,Adult,2,51.14,0,FALSE,LOCAL10
DIGI-OCT-464088,2026-09-22 16:59:59.999997,Youth Theatre,thomas.williams19@outlook.com,TR1 6 HW,Concession,1,25.57,0,FALSE,
DIGI-OCT-959882,2026-10-06 15:00,Youth Theatre,henry.evans29@icloud.com,PL4 7 LP,Adult,2,51.14,0,FALSE,
DIGI-OCT-121215,2026-10-18 16:00:00.000003,Youth Theatre,grace.ward11@yahoo.co.uk,PL1 3 MC,Adult,1,25.57,0,FALSE,
DIGI-OCT-505897,2026-10-14 16:59:59.999997,Youth Theatre,william.ahmed98@outlook.com,PL21 5 TK,Family,2,51.14,20,FALSE,WELCOME
DIGI-OCT-305740,2026-10-18 16:59:59.999997,Youth Theatre,grace.scott25@yahoo.co.uk,PL12 8 BE,Adult,1,25.57,0,FALSE,
DIGI-OCT-549966,2026-10-31 09:00,Youth Theatre,henry.roberts3@icloud.com,EX4 4 XO,Family,1,25.57,0,TRUE,
DIGI-OCT-177076,2026-11-23 13:59:59.999997,Youth Theatre,olivia.johnson75@gmail.com,PL21 7 HQ,Family,1,25.57,0,TRUE,
DIGI-OCT-876703,2026-11-16 15:00,Youth Theatre,jacob.perry3@hotmail.co.uk,PL14 9 IX,Family,1,25.57,5,FALSE,
DIGI-OCT-611588,2026-09-23 19:00:00.000003,Youth Theatre,george.hall53@hotmail.co.uk,PL9 8 QF,Adult,4,102.28,0,FALSE,
DIGI-OCT-798576,2026-12-12 07:59:59.999997,Youth Theatre,thomas.clarke83@hotmail.co.uk,PL2 1 HA,Adult,3,76.71,20,FALSE,WELCOME
DIGI-OCT-271272,2026-11-23 19:00:00.000003,Youth Theatre,lucy.allen88@outlook.com,PL2 7 TL,Adult,2,51.14,0,FALSE,
DIGI-OCT-756824,2026-12-15 13:59:59.999997,Youth Theatre,evie.patel26@gmail.com,TR1 5 ZP,Family,2,51.14,0,FALSE,
DIGI-OCT-199782,2026-11-20 12:00,Youth Theatre,george.walker58@hotmail.co.uk,PL7 3 YQ,Concession,2,51.14,0,FALSE,WELCOME
DIGI-OCT-783351,2026-11-14 07:59:59.999997,Youth Theatre,alfie.ahmed61@hotmail.co.uk,TR1 9 LS,Adult,1,25.57,10,TRUE,LOCAL10
DIGI-OCT-364008,2026-09-27 10:00:00.000003,Youth Theatre,jacob.ward24@yahoo.co.uk,PL7 8 KJ,Concession,2,51.14,0,TRUE,
DIGI-OCT-997959,2026-11-29 19:00:00.000003,Youth Theatre,phoebe.scott46@yahoo.co.uk,PL21 6 JM,Concession,2,51.14,0,FALSE,
DIGI-OCT-235528,2026-12-17 15:00,Youth Theatre,oliver.cooper58@outlook.com,PL4 2 CJ,Concession,1,25.57,20,FALSE,
DIGI-OCT-303938,2026-10-11 18:00,Youth Theatre,alice.wood48@yahoo.co.uk,PL3 1 UM,Concession,4,102.28,0,FALSE,
DIGI-OCT-913666,2026-10-24 19:00:00.000003,Youth Theatre,sophie.murphy92@gmail.com,PL4 3 PP,Family,1,25.57,0,FALSE,
DIGI-OCT-772737,2026-09-24 13:00:00.000003,Youth Theatre,jack.roberts62@yahoo.co.uk,PL7 5 WO,Family,2,51.14,0,FALSE,
DIGI-OCT-126295,2026-10-12 12:00,Youth Theatre,lucas.baker94@icloud.com,PL4 4 FD,Adult,2,51.14,0,FALSE,
DIGI-OCT-903896,2026-10-13 13:00:00.000003,Youth Theatre,max.harris77@hotmail.co.uk,PL3 7 OW,Adult,2,51.14,0,FALSE,WELCOME
DIGI-OCT-271503,2026-11-03 13:59:59.999997,Youth Theatre,lily.wilson26@gmail.com,PL7 2 WQ,Family,2,51.14,0,FALSE,WELCOME
