Booking_ID,Customer_Email,Customer_Postcode,Customer_Name,Performance,Performance_Date,Venue,Tickets,Seat_Category,Booking_Channel,Membership_Status,Attendance
TH-Theatre-547932,amelia.scott65@yahoo.co.uk,PL9 2 RR,Amelia Scott,Artist Talk,2026-03-26,University Space,2,Standard,Phone,Non-member,
TH-Theatre-161087,megan.patel14@gmail.com,PL5 9 XO,Megan Patel,Creative Drop-in,2026-04-14,Neighbourhood Centre,1,Restricted,Phone,Non-member,
TH-Theatre-600306,jacob.morgan8@hotmail.co.uk,EX4 8 KH,Jacob Morgan,Creative Drop-in,2026-04-14,Neighbourhood Centre,1,Restricted,Website,Non-member,
TH-Theatre-546774,sophie.collins91@outlook.com,TR1 4 WL,Sophie Collins,Creative Drop-in,2026-04-14,Neighbourhood Centre,1,Restricted,Walk-up,Non-member,
TH-Theatre-974808,leo.ward87@hotmail.co.uk,PL3 1 ZB,Leo Ward,Creative Drop-in,2026-04-14,Neighbourhood Centre,1,Restricted,Website,Non-member,
TH-Theatre-870037,oscar.baker57@outlook.com,PL3 6 QP,Oscar Baker,Creative Drop-in,2026-04-14,Neighbourhood Centre,1,Premium,Website,Non-member,
TH-Theatre-997489,thomas.ahmed93@icloud.com,PL4 7 ZA,Thomas Ahmed,Creative Drop-in,2026-04-14,Neighbourhood Centre,1,Restricted,Walk-up,Non-member,
TH-Theatre-829190,daniel.moore40@yahoo.co.uk,PL9 5 WM,Daniel Moore,Creative Drop-in,2026-04-14,Neighbourhood Centre,2,Standard,Website,Non-member,
TH-Theatre-463395,william.ahmed43@yahoo.co.uk,TA1 1 SG,William Ahmed,Creative Drop-in,2026-04-14,Neighbourhood Centre,40,Standard,Website,Member,
TH-Theatre-589273,thomas.scott62@gmail.com,PL19 1 QA,Thomas Scott,Creative Drop-in,2026-04-14,Neighbourhood Centre,2,Standard,Website,Non-member,
TH-Theatre-491438,thomas.bennett10@outlook.com,PL5 2 DA,Thomas Bennett,Creative Drop-in,2026-04-14,Neighbourhood Centre,1,Restricted,Website,Member,
TH-Theatre-424492,olivia.allen6@outlook.com,PL6 5 CG,Olivia Allen,Creative Drop-in,2026-04-14,Neighbourhood Centre,2,Restricted,Website,Non-member,
TH-Theatre-446481,emily.taylor37@icloud.com,PL2 5 JS,Emily Taylor,Open Studio Day,2026-05-28,Community Hall,2,Restricted,Phone,Non-member,2
TH-Theatre-766169,noah.johnson48@icloud.com,PL4 7 MX,Noah Johnson,Open Studio Day,2026-05-28,Community Hall,2,Standard,Phone,Non-member,2
TH-Theatre-811661,william.smith71@yahoo.co.uk,PL1 3 HN,William Smith,Open Studio Day,2026-05-28,Community Hall,1,Premium,Website,Non-member,1
TH-Theatre-364446,olivia.cooper94@outlook.com,TR7 1 SW,Olivia Cooper,Open Studio Day,2026-05-28,Community Hall,2,Restricted,Website,Member,2
TH-Theatre-423350,emily.singh78@yahoo.co.uk,PL7 7 TH,Emily Singh,Open Studio Day,2026-05-28,Community Hall,2,Restricted,Walk-up,Non-member,2
TH-Theatre-979194,jack.ahmed30@yahoo.co.uk,TA6 8 OX,Jack Ahmed,Community Exhibition,2026-10-04,Outdoor Space,1,Standard,Website,Non-member,1
TH-Theatre-898114,oscar.baker57@outlook.com,PL3 6 QP,Oscar Baker,Community Exhibition,2026-10-04,Outdoor Space,1,Standard,Website,Non-member,1
TH-Theatre-515215,phoebe.ahmed81@outlook.com,PL19 6 FE,Phoebe Ahmed,Community Exhibition,2026-10-04,Outdoor Space,4,Premium,Website,Non-member,4
TH-Theatre-863939,ethan.taylor79@outlook.com,PL1 4 VO,Ethan Taylor,Neighbourhood Arts Session,2026-11-05,Community Hall,2,Standard,Website,Non-member,2
TH-Theatre-500942,evie.patel25@icloud.com,TQ1 5 UK,Evie Patel,Neighbourhood Arts Session,2026-11-05,Community Hall,3,Premium,Website,Non-member,3
TH-Theatre-213110,sophie.harris61@gmail.com,PL9 5 RN,Sophie Harris,Neighbourhood Arts Session,2026-11-05,Community Hall,2,Restricted,Phone,Non-member,2
TH-Theatre-769660,oliver.patel97@gmail.com,PL14 9 JU,Oliver Patel,Neighbourhood Arts Session,2026-11-05,Community Hall,2,Premium,Phone,Non-member,2
TH-Theatre-698438,ella.patel48@outlook.com,PL6 7 YB,Ella Patel,Neighbourhood Arts Session,2026-11-05,Community Hall,1,Restricted,Website,Non-member,1
TH-Theatre-580385,charlie.bell8@hotmail.co.uk,PL9 1 FX,Charlie Bell,Neighbourhood Arts Session,2026-11-05,Community Hall,1,Premium,Website,Member,1
TH-Theatre-441765,grace.cook25@gmail.com,EX2 8 HS,Grace Cook,Neighbourhood Arts Session,2026-11-05,Community Hall,2,Premium,Website,Member,2
TH-Theatre-879616,george.baker40@icloud.com,PL7 4 EF,George Baker,Neighbourhood Arts Session,2026-11-05,Community Hall,1,Restricted,Website,Non-member,1
TH-Theatre-719793,henry.hill23@outlook.com,PL7 5 YT,Henry Hill,Museum Discovery Session,2026-02-11,Plymouth Museum,2,Restricted,Website,Non-member,2
TH-Theatre-875245,grace.baker98@gmail.com,PL7 9 YH,Grace Baker,Museum Discovery Session,2026-02-11,Plymouth Museum,1,Premium,Phone,Non-member,1
TH-Theatre-654926,lily.moore30@hotmail.co.uk,PL9 5 NC,Lily Moore,Museum Discovery Session,2026-02-11,Plymouth Museum,3,Standard,Website,Non-member,3
TH-Theatre-280392,alfie.martin44@hotmail.co.uk,PL4 2 FY,Alfie Martin,Museum Discovery Session,2026-02-11,Plymouth Museum,1,Premium,Website,Non-member,1
TH-Theatre-845098,sophie.allen14@gmail.com,PL12 3 RY,Sophie Allen,Museum Discovery Session,2026-02-11,Plymouth Museum,2,Restricted,Website,Non-member,1
TH-Theatre-332969,henry.morgan30@icloud.com,PL3 9 XE,Henry Morgan,Museum Discovery Session,2026-02-11,Plymouth Museum,4,Premium,Website,Non-member,4
TH-Theatre-922963,poppy.martin17@yahoo.co.uk,PL5 2 CU,Poppy Martin,Family Gallery Trail,2026-03-03,Plymouth Museum,1,Restricted,Website,Non-member,0
TH-Theatre-275072,joshua.ward63@hotmail.co.uk,PL5 2 NG,Joshua Ward,Family Gallery Trail,2026-03-03,Plymouth Museum,1,Premium,Walk-up,Non-member,1
TH-Theatre-930886,samuel.ward99@gmail.com,EX4 9 BJ,Samuel Ward,Family Gallery Trail,2026-03-03,Plymouth Museum,3,Restricted,Website,Non-member,3
TH-Theatre-406254,charlotte.smith54@gmail.com,TQ12 2 JR,Charlotte Smith,Family Gallery Trail,2026-03-03,Plymouth Museum,1,Standard,Website,Non-member,1
TH-Theatre-401123,joshua.wilson78@icloud.com,TR1 5 OM,Joshua Wilson,Family Gallery Trail,2026-03-03,Plymouth Museum,1,Standard,Website,Non-member,1
TH-Theatre-173140,ethan.bennett66@outlook.com,PL19 4 RP,Ethan Bennett,Family Gallery Trail,2026-03-03,Plymouth Museum,10,Premium,Website,Non-member,8
TH-Theatre-514834,oliver.johnson19@gmail.com,PL7 7 JP,Oliver Johnson,Object Handling Session,2026-05-24,Plymouth Museum,1,Restricted,Website,Non-member,
TH-Theatre-474896,grace.patel2@hotmail.co.uk,PL9 2 XB,Grace Patel,Object Handling Session,2026-05-24,Plymouth Museum,4,Restricted,Website,Member,
TH-Theatre-875462,samuel.bell3@outlook.com,TA1 4 FD,Samuel Bell,Object Handling Session,2026-05-24,Plymouth Museum,1,Restricted,Website,Non-member,
TH-Theatre-901445,lucas.cooper21@gmail.com,TQ4 2 YU,Lucas Cooper,Object Handling Session,2026-05-24,Plymouth Museum,1,Restricted,Walk-up,Non-member,
TH-Theatre-387004,noah.hall19@icloud.com,PL4 2 KE,Noah Hall,Archive Visit,2026-07-19,Plymouth Museum,2,Premium,Website,Non-member,
TH-Theatre-830538,james.jackson95@gmail.com,TQ4 1 CQ,James Jackson,Archive Visit,2026-07-19,Plymouth Museum,2,Standard,Walk-up,Non-member,
TH-Theatre-272563,alice.murphy44@outlook.com,PL9 2 UJ,Alice Murphy,Archive Visit,2026-07-19,Plymouth Museum,1,Premium,Website,Non-member,
TH-Theatre-360363,charlie.patel29@hotmail.co.uk,PL4 9 KS,Charlie Patel,Archive Visit,2026-07-19,Plymouth Museum,3,Restricted,Website,Non-member,
TH-Theatre-636550,joshua.clarke41@yahoo.co.uk,PL3 9 RU,Joshua Clarke,Archive Visit,2026-07-19,Plymouth Museum,1,Standard,Website,Non-member,
TH-Theatre-169136,emily.baker80@hotmail.co.uk,PL4 8 SN,Emily Baker,Archive Visit,2026-07-19,Plymouth Museum,1,Restricted,Phone,Non-member,
TH-Theatre-283299,william.perry92@icloud.com,PL9 8 JZ,William Perry,Archive Visit,2026-07-19,Plymouth Museum,1,Restricted,Phone,Member,
TH-Theatre-372413,joshua.johnson32@outlook.com,PL2 3 ZV,Joshua Johnson,Archive Visit,2026-07-19,Plymouth Museum,2,Premium,Phone,Non-member,
TH-Theatre-121680,grace.cooper66@gmail.com,EX3 3 AU,Grace Cooper,Archive Visit,2026-07-19,Plymouth Museum,2,Premium,Website,Non-member,
TH-Theatre-655800,ethan.king91@gmail.com,EX2 9 GF,Ethan King,Archive Visit,2026-07-19,Plymouth Museum,2,Standard,Phone,Non-member,
TH-Theatre-854716,lucas.turner41@outlook.com,PL7 3 FX,Lucas Turner,Archive Visit,2026-07-19,Plymouth Museum,1,Restricted,Website,Non-member,
TH-Theatre-399573,joshua.king73@yahoo.co.uk,PL7 7 VJ,Joshua King,Archive Visit,2026-07-19,Plymouth Museum,2,Standard,Website,Non-member,
TH-Theatre-121798,mia.white60@yahoo.co.uk,PL2 1 ZS,Mia White,Local History Talk,2026-07-26,Plymouth Museum,10,Standard,Website,Non-member,
TH-Theatre-652909,ella.davies91@yahoo.co.uk,PL3 6 EC,Ella Davies,Local History Talk,2026-07-26,Plymouth Museum,1,Restricted,Website,Non-member,
TH-Theatre-825384,charlotte.smith54@gmail.com,TQ12 2 JR,Charlotte Smith,Local History Talk,2026-07-26,Plymouth Museum,2,Standard,Website,Non-member,
TH-Theatre-373285,megan.johnson63@outlook.com,TQ4 1 FQ,Megan Johnson,Behind the Scenes Tour,2026-09-21,Plymouth Museum,1,Standard,Phone,Non-member,
TH-Theatre-301953,william.perry92@icloud.com,PL9 8 JZ,William Perry,Behind the Scenes Tour,2026-09-21,Plymouth Museum,3,Restricted,Website,Non-member,
TH-Theatre-630983,chloe.scott88@yahoo.co.uk,PL5 4 GK,Chloe Scott,Behind the Scenes Tour,2026-09-21,Plymouth Museum,1,Standard,Website,Non-member,
TH-Theatre-468960,megan.patel14@gmail.com,PL5 9 XO,Megan Patel,Behind the Scenes Tour,2026-09-21,Plymouth Museum,1,Premium,Website,Non-member,
TH-Theatre-911108,evie.collins40@hotmail.co.uk,PL2 2 QT,Evie Collins,Behind the Scenes Tour,2026-09-21,Plymouth Museum,4,Premium,Website,Member,
TH-Theatre-936374,harry.turner76@yahoo.co.uk,PL2 2 BZ,Harry Turner,Behind the Scenes Tour,2026-09-21,Plymouth Museum,2,Standard,Walk-up,Non-member,
TH-Theatre-766085,grace.davies53@yahoo.co.uk,TQ1 6 DV,Grace Davies,Behind the Scenes Tour,2026-09-21,Plymouth Museum,1,Standard,Website,Non-member,
TH-Theatre-906135,george.cooper98@yahoo.co.uk,TR1 4 QC,George Cooper,Behind the Scenes Tour,2026-09-21,Plymouth Museum,1,Standard,Website,Non-member,
TH-Theatre-407408,freya.evans58@icloud.com,TA1 8 KR,Freya Evans,Community Collection Day,2026-10-07,Plymouth Museum,1,Standard,Website,Non-member,
TH-Theatre-552162,emily.martin94@outlook.com,PL3 6 FZ,Emily Martin,Community Collection Day,2026-10-07,Plymouth Museum,2,Standard,Website,Non-member,
TH-Theatre-402619,phoebe.jackson95@yahoo.co.uk,PL5 7 NB,Phoebe Jackson,Community Collection Day,2026-10-07,Plymouth Museum,2,Restricted,Website,Non-member,
TH-Theatre-589557,jessica.king76@outlook.com,PL2 4 QP,Jessica King,Community Collection Day,2026-10-07,Plymouth Museum,2,Premium,Website,Member,
TH-Theatre-576403,sophie.jackson86@yahoo.co.uk,PL6 6 SK,Sophie Jackson,Community Collection Day,2026-10-07,Plymouth Museum,1,Standard,Website,Member,
TH-Theatre-380693,charlie.roberts84@hotmail.co.uk,PL4 6 OT,Charlie Roberts,Community Collection Day,2026-10-07,Plymouth Museum,1,Restricted,Website,Non-member,
TH-Theatre-735867,evie.harris83@gmail.com,PL6 9 AH,Evie Harris,Community Collection Day,2026-10-07,Plymouth Museum,1,Premium,Website,Non-member,
TH-Theatre-164715,alice.wilson15@icloud.com,PL6 7 MW,Alice Wilson,Community Collection Day,2026-10-07,Plymouth Museum,1,Standard,Website,Non-member,
TH-Theatre-514362,thomas.morgan81@outlook.com,PL1 5 GJ,Thomas Morgan,School Holiday Activity,2026-10-11,Plymouth Museum,3,Standard,Walk-up,Non-member,
TH-Theatre-915476,alice.green10@outlook.com,TR7 7 BR,Alice Green,School Holiday Activity,2026-10-11,Plymouth Museum,2,Restricted,Phone,Non-member,
TH-Theatre-188344,henry.smith9@gmail.com,PL14 9 AM,Henry Smith,School Holiday Activity,2026-10-11,Plymouth Museum,2,Restricted,Website,Non-member,
TH-Theatre-162261,oscar.hall32@outlook.com,PL2 9 ZL,Oscar Hall,Exhibition Tour,2026-12-01,Plymouth Museum,2,Premium,Website,Non-member,2
TH-Theatre-454304,charlotte.collins58@gmail.com,TA6 6 GJ,Charlotte Collins,Exhibition Tour,2026-12-01,Plymouth Museum,2,Restricted,Website,Non-member,2
TH-Theatre-150486,ella.davies91@yahoo.co.uk,PL3 6 EC,Ella Davies,Exhibition Tour,2026-12-01,Plymouth Museum,3,Premium,Website,Non-member,3
TH-Theatre-594206,amelia.ahmed2@hotmail.co.uk,PL19 2 KD,Amelia Ahmed,Exhibition Tour,2026-12-01,Plymouth Museum,2,Standard,Walk-up,Non-member,2
TH-Theatre-668626,charlotte.allen79@outlook.com,EX1 6 TQ,Charlotte Allen,Exhibition Tour,2026-12-01,Plymouth Museum,20,Premium,Website,Non-member,19
TH-Theatre-685967,poppy.white91@icloud.com,PL3 7 JJ,Poppy White,Exhibition Tour,2026-12-01,Plymouth Museum,10,Premium,Website,Non-member,10
TH-Theatre-590687,freya.brown19@outlook.com,PL4 1 AD,Freya Brown,Exhibition Tour,2026-12-01,Plymouth Museum,2,Restricted,Website,Non-member,2
TH-Theatre-252544,noah.perry17@hotmail.co.uk,PL1 1 JN,Noah Perry,Exhibition Tour,2026-12-01,Plymouth Museum,4,Standard,Website,Non-member,4
TH-Theatre-628149,ethan.jones59@outlook.com,EX1 4 QU,Ethan Jones,Exhibition Tour,2026-12-01,Plymouth Museum,1,Premium,Website,Member,1
TH-Theatre-487209,george.bell40@gmail.com,PL4 2 PD,George Bell,History Workshop,2026-12-28,Plymouth Museum,2,Restricted,Website,Non-member,
TH-Theatre-593610,noah.clarke21@gmail.com,PL9 2 FB,Noah Clarke,History Workshop,2026-12-28,Plymouth Museum,2,Restricted,Website,Non-member,
TH-Theatre-511146,olivia.allen6@outlook.com,PL6 5 CG,Olivia Allen,History Workshop,2026-12-28,Plymouth Museum,2,Standard,Phone,Member,
TH-Theatre-852356,alice.cooper31@gmail.com,PL5 8 BE,Alice Cooper,History Workshop,2026-12-28,Plymouth Museum,1,Standard,Website,Non-member,
TH-Theatre-780948,emily.walker25@gmail.com,PL12 1 ZS,Emily Walker,History Workshop,2026-12-28,Plymouth Museum,3,Standard,Website,Non-member,
TH-Theatre-522865,ethan.roberts47@gmail.com,PL5 6 IB,Ethan Roberts,History Workshop,2026-12-28,Plymouth Museum,1,Premium,Website,Non-member,
TH-Theatre-531713,jacob.morgan6@icloud.com,TA1 7 KB,Jacob Morgan,History Workshop,2026-12-28,Plymouth Museum,2,Standard,Website,Non-member,
TH-Theatre-742917,george.moore51@icloud.com,PL6 4 UV,George Moore,History Workshop,2026-12-28,Plymouth Museum,1,Premium,Website,Non-member,
TH-Theatre-953671,jack.ward56@gmail.com,PL6 2 LB,Jack Ward,History Workshop,2026-12-28,Plymouth Museum,2,Premium,Website,Non-member,
TH-Theatre-310102,sophie.murphy92@gmail.com,PL4 3 PP,Sophie Murphy,History Workshop,2026-12-28,Plymouth Museum,1,Standard,Website,Non-member,
TH-Theatre-683413,joshua.hill99@hotmail.co.uk,PL1 5 DH,Joshua Hill,Live Performance,2026-01-09,Ocean Cultural Theatre,4,Premium,Website,Member,
TH-Theatre-694111,alfie.martin44@hotmail.co.uk,PL4 2 FY,Alfie Martin,Live Performance,2026-01-09,Ocean Cultural Theatre,1,Standard,Website,Non-member,
TH-Theatre-878102,evie.perry21@gmail.com,PL9 5 SD,Evie Perry,Live Performance,2026-01-09,Ocean Cultural Theatre,1,Standard,Phone,Non-member,
TH-Theatre-192097,poppy.johnson97@yahoo.co.uk,PL6 9 QO,Poppy Johnson,Live Performance,2026-01-09,Ocean Cultural Theatre,1,Premium,Website,Non-member,
TH-Theatre-115984,henry.singh85@icloud.com,PL6 6 PR,Henry Singh,Live Performance,2026-01-09,Ocean Cultural Theatre,2,Restricted,Walk-up,Non-member,
TH-Theatre-850206,mia.green86@icloud.com,PL6 7 BI,Mia Green,Live Performance,2026-01-09,Ocean Cultural Theatre,1,Restricted,Website,Member,
TH-Theatre-760466,noah.wilson93@outlook.com,PL3 6 TO,Noah Wilson,Live Performance,2026-01-09,Ocean Cultural Theatre,1,Standard,Phone,Non-member,
TH-Theatre-215863,phoebe.walker46@outlook.com,TQ2 2 IW,Phoebe Walker,Live Performance,2026-01-09,Ocean Cultural Theatre,1,Standard,Website,Non-member,
TH-Theatre-666713,thomas.clarke47@icloud.com,PL2 8 EB,Thomas Clarke,Live Performance,2026-01-09,Ocean Cultural Theatre,1,Premium,Walk-up,Non-member,
TH-Theatre-737067,olivia.patel42@gmail.com,PL7 1 PD,Olivia Patel,Live Performance,2026-01-09,Ocean Cultural Theatre,2,Premium,Website,Member,
TH-Theatre-615788,lucy.thomas11@icloud.com,PL1 4 RM,Lucy Thomas,Live Performance,2026-01-09,Ocean Cultural Theatre,1,Restricted,Website,Member,
TH-Theatre-609838,lucy.bennett73@yahoo.co.uk,PL4 6 NU,Lucy Bennett,Live Performance,2026-01-09,Ocean Cultural Theatre,3,Standard,Website,Non-member,
TH-Theatre-880075,henry.hill23@outlook.com,PL7 5 YT,Henry Hill,Live Performance,2026-01-09,Ocean Cultural Theatre,2,Standard,Website,Non-member,
TH-Theatre-816942,thomas.perry51@yahoo.co.uk,TQ12 6 GM,Thomas Perry,Live Performance,2026-01-09,Ocean Cultural Theatre,10,Standard,Website,Non-member,
TH-Theatre-641195,leo.white34@outlook.com,PL3 6 HW,Leo White,Live Performance,2026-01-09,Ocean Cultural Theatre,3,Restricted,Website,Non-member,
TH-Theatre-788326,max.walker81@hotmail.co.uk,TQ3 3 LL,Max Walker,Live Performance,2026-01-09,Ocean Cultural Theatre,1,Restricted,Website,Non-member,
TH-Theatre-975412,mia.patel53@yahoo.co.uk,TQ4 2 SL,Mia Patel,Live Performance,2026-01-09,Ocean Cultural Theatre,1,Standard,Phone,Non-member,
TH-Theatre-751437,amelia.scott11@gmail.com,PL1 5 BB,Amelia Scott,Live Performance,2026-01-09,Ocean Cultural Theatre,1,Restricted,Website,Non-member,
TH-Theatre-206909,george.white93@outlook.com,PL5 7 HL,George White,Live Performance,2026-01-09,Ocean Cultural Theatre,1,Standard,Website,Non-member,
TH-Theatre-338498,jessica.roberts16@icloud.com,PL2 2 HG,Jessica Roberts,Live Performance,2026-01-09,Ocean Cultural Theatre,4,Standard,Website,Member,
TH-Theatre-308037,lucy.allen95@yahoo.co.uk,PL3 1 RU,Lucy Allen,Live Performance,2026-01-09,Ocean Cultural Theatre,1,Standard,Website,Non-member,
TH-Theatre-151936,emma.clarke30@gmail.com,PL3 1 NR,Emma Clarke,Live Performance,2026-01-09,Ocean Cultural Theatre,1,Premium,Website,Non-member,
TH-Theatre-443567,samuel.bell3@outlook.com,TA1 4 FD,Samuel Bell,Live Performance,2026-01-09,Ocean Cultural Theatre,1,Standard,Website,Non-member,
TH-Theatre-440004,noah.king86@yahoo.co.uk,PL6 4 BM,Noah King,Live Performance,2026-01-09,Ocean Cultural Theatre,1,Premium,Website,Non-member,
TH-Theatre-389389,thomas.bennett10@outlook.com,PL5 2 DA,Thomas Bennett,Live Performance,2026-01-09,Ocean Cultural Theatre,2,Restricted,Website,Non-member,
TH-Theatre-458954,lucy.perry93@yahoo.co.uk,PL3 9 XF,Lucy Perry,Live Performance,2026-01-09,Ocean Cultural Theatre,2,Restricted,Website,Member,
TH-Theatre-888324,george.wood21@yahoo.co.uk,PL7 7 XF,George Wood,Live Performance,2026-01-09,Ocean Cultural Theatre,2,Premium,Website,Non-member,
TH-Theatre-853284,samuel.smith86@gmail.com,PL7 1 BW,Samuel Smith,Live Performance,2026-01-09,Ocean Cultural Theatre,2,Standard,Website,Non-member,
TH-Theatre-307098,max.jackson59@icloud.com,TA6 7 MY,Max Jackson,Live Performance,2026-01-09,Ocean Cultural Theatre,1,Standard,Walk-up,Non-member,
TH-Theatre-683233,sophie.cook15@yahoo.co.uk,PL6 2 IP,Sophie Cook,Live Performance,2026-01-09,Ocean Cultural Theatre,1,Premium,Walk-up,Non-member,
TH-Theatre-950725,grace.morgan53@icloud.com,PL2 3 PE,Grace Morgan,Live Performance,2026-01-09,Ocean Cultural Theatre,1,Restricted,Website,Non-member,
TH-Theatre-528500,joshua.bennett24@hotmail.co.uk,TR7 2 EM,Joshua Bennett,Live Performance,2026-01-09,Ocean Cultural Theatre,1,Standard,Phone,Non-member,
TH-Theatre-107553,james.hill51@gmail.com,TR1 7 XB,James Hill,Live Performance,2026-01-09,Ocean Cultural Theatre,4,Premium,Website,Non-member,
TH-Theatre-778022,olivia.patel42@gmail.com,PL7 1 PD,Olivia Patel,Annual Celebration,2026-02-20,Ocean Cultural Theatre,1,Standard,Walk-up,Non-member,1
TH-Theatre-869980,sophie.cook15@yahoo.co.uk,PL6 2 IP,Sophie Cook,Annual Celebration,2026-02-20,Ocean Cultural Theatre,1,Premium,Website,Non-member,1
TH-Theatre-339434,alice.morgan92@icloud.com,PL7 6 KH,Alice Morgan,Annual Celebration,2026-02-20,Ocean Cultural Theatre,2,Restricted,Website,Non-member,2
TH-Theatre-942078,sophie.smith85@hotmail.co.uk,PL14 1 NX,Sophie Smith,Annual Celebration,2026-02-20,Ocean Cultural Theatre,1,Premium,Website,Non-member,1
TH-Theatre-303051,phoebe.johnson96@yahoo.co.uk,PL19 5 RP,Phoebe Johnson,Annual Celebration,2026-02-20,Ocean Cultural Theatre,10,Restricted,Website,Member,10
TH-Theatre-750608,samuel.jackson39@gmail.com,PL9 1 PL,Samuel Jackson,Annual Celebration,2026-02-20,Ocean Cultural Theatre,3,Standard,Website,Member,3
TH-Theatre-786402,george.white93@outlook.com,PL5 7 HL,George White,Annual Celebration,2026-02-20,Ocean Cultural Theatre,1,Restricted,Website,Non-member,1
TH-Theatre-663347,evie.brown31@yahoo.co.uk,PL1 3 WX,Evie Brown,Annual Celebration,2026-02-20,Ocean Cultural Theatre,4,Restricted,Website,Non-member,4
TH-Theatre-114446,ethan.jones59@outlook.com,EX1 4 QU,Ethan Jones,Annual Celebration,2026-02-20,Ocean Cultural Theatre,1,Restricted,Website,Non-member,0
TH-Theatre-176186,george.hall80@outlook.com,PL5 6 KW,George Hall,Annual Celebration,2026-02-20,Ocean Cultural Theatre,3,Restricted,Phone,Non-member,3
TH-Theatre-705472,henry.singh85@icloud.com,PL6 6 PR,Henry Singh,Annual Celebration,2026-02-20,Ocean Cultural Theatre,2,Standard,Website,Non-member,2
TH-Theatre-500846,jessica.jones14@icloud.com,PL9 3 PZ,Jessica Jones,Annual Celebration,2026-02-20,Ocean Cultural Theatre,2,Standard,Website,Non-member,2
TH-Theatre-450288,charlie.scott77@icloud.com,PL9 5 JJ,Charlie Scott,Annual Celebration,2026-02-20,Ocean Cultural Theatre,4,Standard,Website,Non-member,4
TH-Theatre-873883,emily.turner48@hotmail.co.uk,PL5 5 YD,Emily Turner,Annual Celebration,2026-02-20,Ocean Cultural Theatre,1,Standard,Walk-up,Non-member,0
TH-Theatre-515530,thomas.young1@hotmail.co.uk,PL7 6 HK,Thomas Young,Annual Celebration,2026-02-20,Ocean Cultural Theatre,1,Restricted,Website,Non-member,1
TH-Theatre-910788,ethan.bennett66@outlook.com,PL19 4 RP,Ethan Bennett,Annual Celebration,2026-02-20,Ocean Cultural Theatre,1,Premium,Website,Non-member,1
TH-Theatre-933499,emily.allen50@hotmail.co.uk,PL21 2 KC,Emily Allen,Annual Celebration,2026-02-20,Ocean Cultural Theatre,2,Premium,Website,Non-member,2
TH-Theatre-618624,evie.clarke58@icloud.com,PL12 6 FO,Evie Clarke,Annual Celebration,2026-02-20,Ocean Cultural Theatre,4,Standard,Phone,Non-member,3
TH-Theatre-223568,jacob.wilson76@gmail.com,PL4 2 VZ,Jacob Wilson,Annual Celebration,2026-02-20,Ocean Cultural Theatre,1,Premium,Website,Non-member,0
TH-Theatre-294521,max.baker81@hotmail.co.uk,TQ2 3 NN,Max Baker,Annual Celebration,2026-02-20,Ocean Cultural Theatre,1,Premium,Walk-up,Non-member,1
TH-Theatre-900041,poppy.cooper20@outlook.com,PL6 1 TY,Poppy Cooper,Annual Celebration,2026-02-20,Ocean Cultural Theatre,1,Premium,Website,Non-member,1
TH-Theatre-497013,joshua.white38@outlook.com,PL19 4 WV,Joshua White,Annual Celebration,2026-02-20,Ocean Cultural Theatre,1,Standard,Website,Member,1
TH-Theatre-852233,lily.perry88@yahoo.co.uk,PL7 7 OS,Lily Perry,Annual Celebration,2026-02-20,Ocean Cultural Theatre,3,Restricted,Website,Non-member,3
TH-Theatre-424184,chloe.thomas50@outlook.com,TQ4 5 ZM,Chloe Thomas,Annual Celebration,2026-02-20,Ocean Cultural Theatre,1,Standard,Website,Member,1
TH-Theatre-262944,jessica.king53@hotmail.co.uk,PL5 8 IB,Jessica King,Annual Celebration,2026-02-20,Ocean Cultural Theatre,1,Premium,Phone,Member,1
TH-Theatre-134474,ruby.patel72@yahoo.co.uk,TQ4 5 ZN,Ruby Patel,Annual Celebration,2026-02-20,Ocean Cultural Theatre,3,Restricted,Phone,Non-member,3
TH-Theatre-440622,william.ahmed43@yahoo.co.uk,TA1 1 SG,William Ahmed,Annual Celebration,2026-02-20,Ocean Cultural Theatre,4,Standard,Phone,Member,4
TH-Theatre-242109,sophie.white30@gmail.com,TA1 8 ZO,Sophie White,Annual Celebration,2026-02-20,Ocean Cultural Theatre,1,Premium,Website,Non-member,1
TH-Theatre-898088,charlotte.collins58@gmail.com,TA6 6 GJ,Charlotte Collins,Annual Celebration,2026-02-20,Ocean Cultural Theatre,1,Restricted,Website,Non-member,1
TH-Theatre-545506,harry.perry29@icloud.com,PL3 3 UH,Harry Perry,Annual Celebration,2026-02-20,Ocean Cultural Theatre,2,Premium,Website,Member,2
TH-Theatre-295463,daniel.patel39@gmail.com,PL4 9 PJ,Daniel Patel,Annual Celebration,2026-02-20,Ocean Cultural Theatre,1,Premium,Website,Non-member,1
TH-Theatre-973636,lucas.turner41@outlook.com,PL7 3 FX,Lucas Turner,Annual Celebration,2026-02-20,Ocean Cultural Theatre,4,Premium,Phone,Non-member,4
TH-Theatre-640399,megan.evans71@icloud.com,PL6 3 HU,Megan Evans,Annual Celebration,2026-02-20,Ocean Cultural Theatre,2,Standard,Walk-up,Member,2
TH-Theatre-288074,ella.singh83@yahoo.co.uk,PL9 9 GO,Ella Singh,Annual Celebration,2026-02-20,Ocean Cultural Theatre,2,Standard,Website,Non-member,2
TH-Theatre-208582,alice.wilson15@icloud.com,PL6 7 MW,Alice Wilson,Annual Celebration,2026-02-20,Ocean Cultural Theatre,1,Standard,Walk-up,Non-member,1
TH-Theatre-126907,lily.hall31@gmail.com,PL1 8 TE,Lily Hall,Annual Celebration,2026-02-20,Ocean Cultural Theatre,2,Standard,Phone,Non-member,2
TH-Theatre-614602,oliver.evans37@outlook.com,TA6 8 DE,Oliver Evans,Annual Celebration,2026-02-20,Ocean Cultural Theatre,1,Standard,Walk-up,Non-member,1
TH-Theatre-537576,ruby.clarke85@icloud.com,PL4 7 HM,Ruby Clarke,Annual Celebration,2026-02-20,Ocean Cultural Theatre,5,Standard,Website,Non-member,3
TH-Theatre-518997,oliver.hill55@hotmail.co.uk,PL1 5 AC,Oliver Hill,Annual Celebration,2026-02-20,Ocean Cultural Theatre,4,Standard,Website,Member,4
TH-Theatre-970636,max.allen53@outlook.com,TQ12 6 IZ,Max Allen,Theatre Night,2026-03-03,Ocean Cultural Theatre,1,Premium,Phone,Non-member,
TH-Theatre-366212,phoebe.hill55@hotmail.co.uk,PL5 2 JL,Phoebe Hill,Theatre Night,2026-03-03,Ocean Cultural Theatre,20,Premium,Website,Member,
TH-Theatre-618483,ella.davies91@yahoo.co.uk,PL3 6 EC,Ella Davies,Theatre Night,2026-03-03,Ocean Cultural Theatre,2,Standard,Website,Non-member,
TH-Theatre-797727,henry.allen72@icloud.com,TA1 4 IF,Henry Allen,Theatre Night,2026-03-03,Ocean Cultural Theatre,2,Restricted,Phone,Member,
TH-Theatre-207243,ethan.king91@gmail.com,EX2 9 GF,Ethan King,Theatre Night,2026-03-03,Ocean Cultural Theatre,1,Premium,Walk-up,Non-member,
TH-Theatre-489323,emma.roberts59@hotmail.co.uk,PL14 8 AW,Emma Roberts,Theatre Night,2026-03-03,Ocean Cultural Theatre,2,Premium,Website,Non-member,
TH-Theatre-910734,alice.allen88@hotmail.co.uk,TA6 3 ZR,Alice Allen,Theatre Night,2026-03-03,Ocean Cultural Theatre,2,Premium,Website,Non-member,
TH-Theatre-774762,oliver.patel97@gmail.com,PL14 9 JU,Oliver Patel,Theatre Night,2026-03-03,Ocean Cultural Theatre,4,Restricted,Phone,Non-member,
TH-Theatre-799060,max.hill35@yahoo.co.uk,PL1 1 TF,Max Hill,Theatre Night,2026-03-03,Ocean Cultural Theatre,2,Restricted,Website,Non-member,
TH-Theatre-795333,leo.wilson30@yahoo.co.uk,PL12 7 WO,Leo Wilson,Theatre Night,2026-03-03,Ocean Cultural Theatre,3,Restricted,Website,Non-member,
TH-Theatre-927283,jessica.taylor81@gmail.com,PL7 6 ZD,Jessica Taylor,Theatre Night,2026-03-03,Ocean Cultural Theatre,1,Premium,Website,Member,
TH-Theatre-680202,lucas.turner41@outlook.com,PL7 3 FX,Lucas Turner,Theatre Night,2026-03-03,Ocean Cultural Theatre,2,Standard,Phone,Non-member,
TH-Theatre-274604,thomas.bell25@hotmail.co.uk,PL1 3 XK,Thomas Bell,Theatre Night,2026-03-03,Ocean Cultural Theatre,1,Standard,Phone,Non-member,
TH-Theatre-599703,ethan.scott79@hotmail.co.uk,PL7 1 BV,Ethan Scott,Theatre Night,2026-03-03,Ocean Cultural Theatre,4,Premium,Website,Non-member,
TH-Theatre-124293,megan.hall87@icloud.com,PL7 6 AU,Megan Hall,Theatre Night,2026-03-03,Ocean Cultural Theatre,2,Standard,Walk-up,Non-member,
TH-Theatre-805796,samuel.hall42@icloud.com,PL2 7 AY,Samuel Hall,Theatre Night,2026-03-03,Ocean Cultural Theatre,2,Premium,Website,Non-member,
TH-Theatre-981249,leo.williams80@yahoo.co.uk,PL2 3 EC,Leo Williams,Theatre Night,2026-03-03,Ocean Cultural Theatre,1,Restricted,Phone,Non-member,
TH-Theatre-297370,charlotte.white8@yahoo.co.uk,PL6 9 FO,Charlotte White,Theatre Night,2026-03-03,Ocean Cultural Theatre,2,Standard,Walk-up,Member,
TH-Theatre-210552,george.hill41@hotmail.co.uk,PL5 5 EU,George Hill,Theatre Night,2026-03-03,Ocean Cultural Theatre,3,Premium,Phone,Non-member,
TH-Theatre-354815,olivia.clarke94@gmail.com,PL9 7 JC,Olivia Clarke,Theatre Night,2026-03-03,Ocean Cultural Theatre,10,Premium,Walk-up,Non-member,
TH-Theatre-480026,ruby.wood29@outlook.com,TA1 9 AJ,Ruby Wood,Theatre Night,2026-03-03,Ocean Cultural Theatre,4,Restricted,Website,Non-member,
TH-Theatre-439824,jacob.hill72@icloud.com,TQ12 7 HP,Jacob Hill,Theatre Night,2026-03-03,Ocean Cultural Theatre,1,Restricted,Website,Non-member,
TH-Theatre-800140,jacob.collins12@gmail.com,PL7 8 AI,Jacob Collins,Theatre Night,2026-03-03,Ocean Cultural Theatre,2,Premium,Website,Non-member,
TH-Theatre-443389,chloe.hall80@icloud.com,PL2 3 TF,Chloe Hall,Theatre Night,2026-03-03,Ocean Cultural Theatre,2,Restricted,Website,Member,
TH-Theatre-728577,charlotte.allen79@outlook.com,EX1 6 TQ,Charlotte Allen,Theatre Night,2026-03-03,Ocean Cultural Theatre,1,Premium,Website,Non-member,
TH-Theatre-582867,oscar.brown63@hotmail.co.uk,TR7 1 IK,Oscar Brown,Theatre Night,2026-03-03,Ocean Cultural Theatre,1,Premium,Phone,Non-member,
TH-Theatre-486691,thomas.clarke47@icloud.com,PL2 8 EB,Thomas Clarke,Theatre Night,2026-03-03,Ocean Cultural Theatre,5,Premium,Website,Non-member,
TH-Theatre-224548,mia.patel53@yahoo.co.uk,TQ4 2 SL,Mia Patel,Theatre Night,2026-03-03,Ocean Cultural Theatre,1,Restricted,Website,Non-member,
TH-Theatre-726335,megan.green75@outlook.com,TQ2 2 PO,Megan Green,Theatre Night,2026-03-03,Ocean Cultural Theatre,1,Premium,Website,Non-member,
TH-Theatre-934870,daniel.johnson24@hotmail.co.uk,PL5 8 YW,Daniel Johnson,Theatre Night,2026-03-03,Ocean Cultural Theatre,2,Premium,Website,Non-member,
TH-Theatre-776475,emma.clarke30@gmail.com,PL3 1 NR,Emma Clarke,Theatre Night,2026-03-03,Ocean Cultural Theatre,3,Standard,Website,Non-member,
TH-Theatre-334697,mia.young58@gmail.com,TQ3 6 ZM,Mia Young,Theatre Night,2026-03-03,Ocean Cultural Theatre,1,Standard,Website,Non-member,
TH-Theatre-699049,phoebe.johnson96@yahoo.co.uk,PL19 5 RP,Phoebe Johnson,Theatre Night,2026-03-03,Ocean Cultural Theatre,2,Restricted,Walk-up,Non-member,
TH-Theatre-122648,charlotte.walker81@outlook.com,TR1 5 UC,Charlotte Walker,Theatre Night,2026-03-03,Ocean Cultural Theatre,2,Premium,Website,Non-member,
TH-Theatre-681486,daniel.turner67@gmail.com,TR7 1 RW,Daniel Turner,Theatre Night,2026-03-03,Ocean Cultural Theatre,1,Restricted,Website,Member,
TH-Theatre-566906,thomas.walker84@hotmail.co.uk,PL9 3 SG,Thomas Walker,Theatre Night,2026-03-03,Ocean Cultural Theatre,2,Premium,Website,Non-member,
TH-Theatre-816554,george.walker63@yahoo.co.uk,PL2 3 YH,George Walker,Theatre Night,2026-03-03,Ocean Cultural Theatre,3,Restricted,Website,Member,
TH-Theatre-498791,sophie.harris61@gmail.com,PL9 5 RN,Sophie Harris,Theatre Night,2026-03-03,Ocean Cultural Theatre,2,Premium,Phone,Non-member,
TH-Theatre-858130,amelia.scott65@yahoo.co.uk,PL9 2 RR,Amelia Scott,Music Showcase,2026-05-24,Ocean Cultural Theatre,2,Premium,Walk-up,Non-member,1
TH-Theatre-854809,ruby.hill51@hotmail.co.uk,PL1 2 DK,Ruby Hill,Music Showcase,2026-05-24,Ocean Cultural Theatre,1,Premium,Website,Non-member,1
TH-Theatre-177432,chloe.hall80@icloud.com,PL2 3 TF,Chloe Hall,Music Showcase,2026-05-24,Ocean Cultural Theatre,2,Restricted,Website,Member,2
TH-Theatre-237682,sophie.white30@gmail.com,TA1 8 ZO,Sophie White,Music Showcase,2026-05-24,Ocean Cultural Theatre,1,Restricted,Website,Non-member,0
TH-Theatre-362764,joshua.perry43@outlook.com,EX4 1 GQ,Joshua Perry,Music Showcase,2026-05-24,Ocean Cultural Theatre,1,Standard,Walk-up,Member,1
TH-Theatre-231650,freya.evans89@yahoo.co.uk,PL4 7 GV,Freya Evans,Music Showcase,2026-05-24,Ocean Cultural Theatre,2,Premium,Website,Non-member,2
TH-Theatre-806157,leo.bennett20@yahoo.co.uk,PL2 6 SR,Leo Bennett,Music Showcase,2026-05-24,Ocean Cultural Theatre,1,Standard,Phone,Non-member,1
TH-Theatre-502942,chloe.davies23@hotmail.co.uk,PL5 6 FD,Chloe Davies,Music Showcase,2026-05-24,Ocean Cultural Theatre,1,Restricted,Website,Non-member,1
TH-Theatre-416150,oliver.green1@hotmail.co.uk,PL7 3 YP,Oliver Green,Music Showcase,2026-05-24,Ocean Cultural Theatre,3,Premium,Website,Non-member,2
TH-Theatre-578111,william.ahmed43@yahoo.co.uk,TA1 1 SG,William Ahmed,Music Showcase,2026-05-24,Ocean Cultural Theatre,4,Restricted,Website,Non-member,1
TH-Theatre-171858,alfie.cooper65@icloud.com,PL21 8 KN,Alfie Cooper,Music Showcase,2026-05-24,Ocean Cultural Theatre,1,Premium,Phone,Non-member,1
TH-Theatre-311762,mia.turner29@icloud.com,TQ4 9 IU,Mia Turner,Music Showcase,2026-05-24,Ocean Cultural Theatre,1,Restricted,Website,Non-member,1
TH-Theatre-764936,oscar.morgan15@icloud.com,PL5 8 VP,Oscar Morgan,Music Showcase,2026-05-24,Ocean Cultural Theatre,2,Premium,Website,Non-member,2
TH-Theatre-178149,harry.cooper85@yahoo.co.uk,PL3 9 TK,Harry Cooper,Music Showcase,2026-05-24,Ocean Cultural Theatre,4,Restricted,Website,Non-member,3
TH-Theatre-116915,grace.green57@gmail.com,PL7 5 LD,Grace Green,Music Showcase,2026-05-24,Ocean Cultural Theatre,1,Restricted,Website,Non-member,1
TH-Theatre-556349,lucy.bennett73@yahoo.co.uk,PL4 6 NU,Lucy Bennett,Music Showcase,2026-05-24,Ocean Cultural Theatre,1,Restricted,Website,Member,1
TH-Theatre-683522,samuel.jackson39@gmail.com,PL9 1 PL,Samuel Jackson,Music Showcase,2026-05-24,Ocean Cultural Theatre,2,Standard,Website,Member,2
TH-Theatre-562129,charlotte.wood32@gmail.com,EX1 3 KG,Charlotte Wood,Music Showcase,2026-05-24,Ocean Cultural Theatre,2,Restricted,Website,Member,2
TH-Theatre-459508,phoebe.hill55@hotmail.co.uk,PL5 2 JL,Phoebe Hill,Music Showcase,2026-05-24,Ocean Cultural Theatre,2,Restricted,Website,Non-member,2
TH-Theatre-929247,ella.perry57@hotmail.co.uk,PL6 4 RI,Ella Perry,Guest Speaker,2026-05-26,Ocean Cultural Theatre,2,Premium,Phone,Non-member,2
TH-Theatre-896747,thomas.smith67@outlook.com,PL9 1 XX,Thomas Smith,Guest Speaker,2026-05-26,Ocean Cultural Theatre,1,Premium,Website,Non-member,1
TH-Theatre-355470,joshua.morgan27@yahoo.co.uk,TQ12 6 GG,Joshua Morgan,Guest Speaker,2026-05-26,Ocean Cultural Theatre,2,Restricted,Walk-up,Member,2
TH-Theatre-225513,lily.martin59@outlook.com,TQ3 3 RL,Lily Martin,Guest Speaker,2026-05-26,Ocean Cultural Theatre,1,Premium,Website,Member,1
TH-Theatre-352304,henry.white85@icloud.com,TQ1 8 SS,Henry White,Guest Speaker,2026-05-26,Ocean Cultural Theatre,1,Restricted,Website,Non-member,0
TH-Theatre-691965,megan.green75@outlook.com,TQ2 2 PO,Megan Green,Guest Speaker,2026-05-26,Ocean Cultural Theatre,1,Premium,Website,Non-member,1
TH-Theatre-683537,mia.cook76@yahoo.co.uk,TQ12 2 QM,Mia Cook,Guest Speaker,2026-05-26,Ocean Cultural Theatre,1,Premium,Walk-up,Non-member,1
TH-Theatre-271728,grace.hill96@gmail.com,TA1 6 WU,Grace Hill,Cultural Evening,2026-05-27,Ocean Cultural Theatre,2,Premium,Website,Non-member,
TH-Theatre-637367,ruby.bell77@hotmail.co.uk,PL5 7 IQ,Ruby Bell,Cultural Evening,2026-05-27,Ocean Cultural Theatre,2,Premium,Website,Non-member,
TH-Theatre-898776,lucas.ahmed94@gmail.com,TA1 3 UZ,Lucas Ahmed,Cultural Evening,2026-05-27,Ocean Cultural Theatre,3,Premium,Website,Member,
TH-Theatre-482602,jack.bennett55@icloud.com,PL4 3 HY,Jack Bennett,Cultural Evening,2026-05-27,Ocean Cultural Theatre,1,Restricted,Website,Non-member,
TH-Theatre-164411,emily.smith97@outlook.com,PL1 8 EQ,Emily Smith,Cultural Evening,2026-05-27,Ocean Cultural Theatre,1,Premium,Website,Non-member,
TH-Theatre-603593,alfie.perry93@yahoo.co.uk,PL7 9 UG,Alfie Perry,Cultural Evening,2026-05-27,Ocean Cultural Theatre,3,Standard,Website,Non-member,
TH-Theatre-885050,joshua.clarke41@yahoo.co.uk,PL3 9 RU,Joshua Clarke,Cultural Evening,2026-05-27,Ocean Cultural Theatre,1,Standard,Website,Member,
TH-Theatre-733488,oscar.baker49@icloud.com,PL2 8 ZV,Oscar Baker,Cultural Evening,2026-05-27,Ocean Cultural Theatre,4,Premium,Phone,Non-member,
TH-Theatre-120955,lily.walker80@outlook.com,TR1 6 FE,Lily Walker,Cultural Evening,2026-05-27,Ocean Cultural Theatre,1,Restricted,Website,Non-member,
TH-Theatre-810203,ethan.taylor79@outlook.com,PL1 4 VO,Ethan Taylor,Cultural Evening,2026-05-27,Ocean Cultural Theatre,1,Restricted,Walk-up,Non-member,
TH-Theatre-402941,evie.patel25@icloud.com,TQ1 5 UK,Evie Patel,Cultural Evening,2026-05-27,Ocean Cultural Theatre,5,Restricted,Website,Member,
TH-Theatre-654913,ella.perry57@hotmail.co.uk,PL6 4 RI,Ella Perry,Artist Residency Event,2026-06-12,Ocean Cultural Theatre,1,Restricted,Website,Member,1
TH-Theatre-415241,noah.clarke21@gmail.com,PL9 2 FB,Noah Clarke,Artist Residency Event,2026-06-12,Ocean Cultural Theatre,3,Standard,Website,Non-member,3
TH-Theatre-851858,harry.green35@gmail.com,PL2 2 IU,Harry Green,Artist Residency Event,2026-06-12,Ocean Cultural Theatre,1,Premium,Phone,Non-member,1
TH-Theatre-358009,phoebe.cook46@gmail.com,PL3 9 XN,Phoebe Cook,Artist Residency Event,2026-06-12,Ocean Cultural Theatre,3,Standard,Website,Non-member,2
TH-Theatre-519495,charlotte.collins58@gmail.com,TA6 6 GJ,Charlotte Collins,Artist Residency Event,2026-06-12,Ocean Cultural Theatre,1,Standard,Website,Non-member,1
TH-Theatre-421829,sophie.murphy8@icloud.com,PL3 9 CM,Sophie Murphy,Artist Residency Event,2026-06-12,Ocean Cultural Theatre,1,Premium,Website,Non-member,1
TH-Theatre-307548,emily.clarke29@outlook.com,PL3 9 DQ,Emily Clarke,Artist Residency Event,2026-06-12,Ocean Cultural Theatre,1,Restricted,Website,Non-member,1
TH-Theatre-381667,lucas.turner41@outlook.com,PL7 3 FX,Lucas Turner,Artist Residency Event,2026-06-12,Ocean Cultural Theatre,1,Premium,Website,Member,1
TH-Theatre-993273,jacob.cooper56@icloud.com,PL4 6 UP,Jacob Cooper,Artist Residency Event,2026-06-12,Ocean Cultural Theatre,2,Premium,Website,Non-member,2
TH-Theatre-807155,grace.turner60@hotmail.co.uk,PL2 4 SN,Grace Turner,Artist Residency Event,2026-06-12,Ocean Cultural Theatre,1,Restricted,Walk-up,Non-member,1
TH-Theatre-296865,joshua.wilson78@icloud.com,TR1 5 OM,Joshua Wilson,Artist Residency Event,2026-06-12,Ocean Cultural Theatre,2,Standard,Website,Non-member,2
TH-Theatre-402233,grace.jones45@gmail.com,PL9 6 NF,Grace Jones,Artist Residency Event,2026-06-12,Ocean Cultural Theatre,2,Standard,Website,Non-member,1
TH-Theatre-977717,alice.hall94@hotmail.co.uk,PL7 5 UC,Alice Hall,Artist Residency Event,2026-06-12,Ocean Cultural Theatre,1,Premium,Website,Non-member,1
TH-Theatre-398944,max.hill24@yahoo.co.uk,PL4 6 AV,Max Hill,Artist Residency Event,2026-06-12,Ocean Cultural Theatre,2,Premium,Website,Non-member,2
TH-Theatre-675917,olivia.moore9@yahoo.co.uk,TR1 9 NT,Olivia Moore,Artist Residency Event,2026-06-12,Ocean Cultural Theatre,5,Premium,Website,Non-member,5
TH-Theatre-893528,leo.cook40@gmail.com,PL4 2 MU,Leo Cook,Artist Residency Event,2026-06-12,Ocean Cultural Theatre,4,Standard,Walk-up,Non-member,4
TH-Theatre-204752,jack.bennett55@icloud.com,PL4 3 HY,Jack Bennett,Artist Residency Event,2026-06-12,Ocean Cultural Theatre,3,Restricted,Website,Member,3
TH-Theatre-159021,emma.cook51@gmail.com,PL5 6 HD,Emma Cook,Artist Residency Event,2026-06-12,Ocean Cultural Theatre,1,Standard,Phone,Non-member,1
TH-Theatre-902755,jacob.turner45@icloud.com,PL9 7 AA,Jacob Turner,Artist Residency Event,2026-06-12,Ocean Cultural Theatre,1,Premium,Walk-up,Non-member,1
TH-Theatre-203103,emily.taylor37@icloud.com,PL2 5 JS,Emily Taylor,Artist Residency Event,2026-06-12,Ocean Cultural Theatre,4,Restricted,Website,Non-member,4
TH-Theatre-831581,emily.smith42@icloud.com,PL5 5 XI,Emily Smith,Artist Residency Event,2026-06-12,Ocean Cultural Theatre,5,Standard,Website,Non-member,5
TH-Theatre-958208,oliver.green1@hotmail.co.uk,PL7 3 YP,Oliver Green,Artist Residency Event,2026-06-12,Ocean Cultural Theatre,2,Premium,Website,Non-member,1
TH-Theatre-287730,alice.ahmed89@gmail.com,EX4 2 GV,Alice Ahmed,Artist Residency Event,2026-06-12,Ocean Cultural Theatre,2,Premium,Website,Non-member,2
TH-Theatre-444556,grace.baker98@gmail.com,PL7 9 YH,Grace Baker,Artist Residency Event,2026-06-12,Ocean Cultural Theatre,2,Restricted,Website,Non-member,2
TH-Theatre-190439,samuel.williams15@yahoo.co.uk,PL6 8 IP,Samuel Williams,Artist Residency Event,2026-06-12,Ocean Cultural Theatre,4,Premium,Website,Member,4
TH-Theatre-368632,sophie.hill41@yahoo.co.uk,PL9 1 YY,Sophie Hill,Community Performance,2026-08-23,Ocean Cultural Theatre,3,Premium,Walk-up,Non-member,2
TH-Theatre-919561,jacob.young17@gmail.com,TQ4 7 OH,Jacob Young,Community Performance,2026-08-23,Ocean Cultural Theatre,2,Restricted,Website,Non-member,2
TH-Theatre-808658,emily.turner48@hotmail.co.uk,PL5 5 YD,Emily Turner,Community Performance,2026-08-23,Ocean Cultural Theatre,2,Restricted,Website,Non-member,2
TH-Theatre-178061,thomas.scott72@hotmail.co.uk,TR7 8 VI,Thomas Scott,Community Performance,2026-08-23,Ocean Cultural Theatre,2,Restricted,Website,Non-member,2
TH-Theatre-722128,william.bell4@yahoo.co.uk,PL5 5 RN,William Bell,Community Performance,2026-08-23,Ocean Cultural Theatre,3,Standard,Website,Non-member,2
TH-Theatre-867426,samuel.hall42@icloud.com,PL2 7 AY,Samuel Hall,Community Performance,2026-08-23,Ocean Cultural Theatre,4,Premium,Website,Member,3
TH-Theatre-187573,olivia.roberts75@hotmail.co.uk,PL14 8 ES,Olivia Roberts,Community Performance,2026-08-23,Ocean Cultural Theatre,1,Standard,Website,Non-member,1
TH-Theatre-141328,alfie.jackson94@icloud.com,PL21 7 GX,Alfie Jackson,Community Performance,2026-08-23,Ocean Cultural Theatre,3,Restricted,Website,Member,3
TH-Theatre-192621,lily.williams76@yahoo.co.uk,TR7 1 FP,Lily Williams,Community Performance,2026-08-23,Ocean Cultural Theatre,2,Standard,Website,Non-member,2
TH-Theatre-816778,james.cooper98@hotmail.co.uk,PL19 4 GM,James Cooper,Community Performance,2026-08-23,Ocean Cultural Theatre,2,Premium,Phone,Member,1
TH-Theatre-791805,samuel.hall15@outlook.com,PL5 8 QW,Samuel Hall,Community Performance,2026-08-23,Ocean Cultural Theatre,1,Standard,Website,Non-member,1
TH-Theatre-435247,olivia.roberts57@yahoo.co.uk,EX3 2 ZL,Olivia Roberts,Community Performance,2026-08-23,Ocean Cultural Theatre,10,Standard,Website,Non-member,9
TH-Theatre-419437,sophie.white30@gmail.com,TA1 8 ZO,Sophie White,Community Performance,2026-08-23,Ocean Cultural Theatre,2,Standard,Website,Member,2
TH-Theatre-653007,emma.roberts87@hotmail.co.uk,PL7 4 HE,Emma Roberts,Community Performance,2026-08-23,Ocean Cultural Theatre,40,Premium,Website,Non-member,35
TH-Theatre-691277,emma.collins17@hotmail.co.uk,PL3 9 PK,Emma Collins,Community Performance,2026-08-23,Ocean Cultural Theatre,1,Standard,Website,Member,1
TH-Theatre-589344,jessica.patel99@icloud.com,PL9 9 KT,Jessica Patel,Community Performance,2026-08-23,Ocean Cultural Theatre,1,Premium,Website,Non-member,0
TH-Theatre-864454,samuel.ward99@gmail.com,EX4 9 BJ,Samuel Ward,Community Performance,2026-08-23,Ocean Cultural Theatre,1,Restricted,Phone,Non-member,1
TH-Theatre-839722,phoebe.hill55@hotmail.co.uk,PL5 2 JL,Phoebe Hill,Community Performance,2026-08-23,Ocean Cultural Theatre,1,Restricted,Website,Non-member,1
TH-Theatre-880678,james.murphy11@gmail.com,TA6 7 SC,James Murphy,Community Performance,2026-08-23,Ocean Cultural Theatre,10,Restricted,Website,Non-member,10
TH-Theatre-587821,lucy.jackson96@icloud.com,PL2 5 ON,Lucy Jackson,Community Performance,2026-08-23,Ocean Cultural Theatre,4,Restricted,Website,Non-member,4
TH-Theatre-717295,thomas.clarke47@icloud.com,PL2 8 EB,Thomas Clarke,Community Performance,2026-08-23,Ocean Cultural Theatre,1,Restricted,Website,Non-member,1
TH-Theatre-420923,charlie.roberts9@yahoo.co.uk,EX3 1 QV,Charlie Roberts,Community Performance,2026-08-23,Ocean Cultural Theatre,2,Premium,Website,Non-member,1
TH-Theatre-423442,jacob.ahmed26@icloud.com,PL3 7 PO,Jacob Ahmed,Community Performance,2026-08-23,Ocean Cultural Theatre,2,Standard,Website,Member,2
TH-Theatre-193052,ella.jackson65@outlook.com,PL1 9 GO,Ella Jackson,Community Performance,2026-08-23,Ocean Cultural Theatre,1,Premium,Website,Non-member,0
TH-Theatre-746403,sophie.jackson86@yahoo.co.uk,PL6 6 SK,Sophie Jackson,Community Performance,2026-08-23,Ocean Cultural Theatre,1,Restricted,Website,Non-member,1
TH-Theatre-793921,george.walker63@yahoo.co.uk,PL7 2 MD,George Walker,Community Performance,2026-08-23,Ocean Cultural Theatre,1,Restricted,Website,Member,0
TH-Theatre-578618,megan.wood91@outlook.com,PL1 4 TG,Megan Wood,Community Performance,2026-08-23,Ocean Cultural Theatre,3,Premium,Website,Non-member,3
TH-Theatre-885382,olivia.cooper94@outlook.com,TR7 1 SW,Olivia Cooper,Community Performance,2026-08-23,Ocean Cultural Theatre,3,Restricted,Website,Member,3
TH-Theatre-204222,emily.taylor37@icloud.com,PL2 5 JS,Emily Taylor,Community Performance,2026-08-23,Ocean Cultural Theatre,1,Premium,Website,Non-member,1
TH-Theatre-781253,poppy.wood34@icloud.com,PL1 1 TA,Poppy Wood,Community Performance,2026-08-23,Ocean Cultural Theatre,2,Standard,Website,Non-member,2
TH-Theatre-213922,mia.harris36@outlook.com,PL14 4 TO,Mia Harris,Season Launch,2026-10-22,Ocean Cultural Theatre,2,Restricted,Website,Non-member,2
TH-Theatre-342005,charlie.harris1@yahoo.co.uk,PL5 6 BG,Charlie Harris,Season Launch,2026-10-22,Ocean Cultural Theatre,3,Premium,Website,Member,2
TH-Theatre-739065,oliver.walker42@gmail.com,PL9 6 NG,Oliver Walker,Season Launch,2026-10-22,Ocean Cultural Theatre,1,Standard,Website,Non-member,1
TH-Theatre-947244,alice.jackson80@yahoo.co.uk,PL5 1 NL,Alice Jackson,Season Launch,2026-10-22,Ocean Cultural Theatre,1,Premium,Website,Non-member,1
TH-Theatre-383649,joshua.morgan27@yahoo.co.uk,TQ12 6 GG,Joshua Morgan,Season Launch,2026-10-22,Ocean Cultural Theatre,1,Premium,Website,Non-member,1
TH-Theatre-958923,noah.wilson93@outlook.com,PL3 6 TO,Noah Wilson,Season Launch,2026-10-22,Ocean Cultural Theatre,5,Premium,Phone,Non-member,5
TH-Theatre-619373,george.turner11@icloud.com,PL9 3 VJ,George Turner,Season Launch,2026-10-22,Ocean Cultural Theatre,3,Restricted,Website,Member,3
TH-Theatre-821018,lucy.allen95@yahoo.co.uk,PL3 1 RU,Lucy Allen,Season Launch,2026-10-22,Ocean Cultural Theatre,1,Standard,Website,Non-member,1
TH-Theatre-885109,lily.ahmed35@hotmail.co.uk,PL14 1 IX,Lily Ahmed,Season Launch,2026-10-22,Ocean Cultural Theatre,1,Premium,Website,Member,1
TH-Theatre-363942,jessica.wood35@yahoo.co.uk,PL6 7 US,Jessica Wood,Comedy Performance,2026-12-07,Ocean Cultural Theatre,1,Standard,Phone,Non-member,
TH-Theatre-410765,alice.allen88@hotmail.co.uk,TA6 3 ZR,Alice Allen,Comedy Performance,2026-12-07,Ocean Cultural Theatre,3,Restricted,Website,Non-member,
TH-Theatre-584278,lucas.turner41@outlook.com,PL7 3 FX,Lucas Turner,Comedy Performance,2026-12-07,Ocean Cultural Theatre,2,Restricted,Website,Non-member,
TH-Theatre-227510,ruby.morgan75@icloud.com,PL6 4 AR,Ruby Morgan,Comedy Performance,2026-12-07,Ocean Cultural Theatre,4,Premium,Website,Member,
TH-Theatre-377559,ethan.jones59@outlook.com,EX1 4 QU,Ethan Jones,Comedy Performance,2026-12-07,Ocean Cultural Theatre,4,Standard,Walk-up,Non-member,
TH-Theatre-227600,joshua.wilson78@icloud.com,TR1 5 OM,Joshua Wilson,Comedy Performance,2026-12-07,Ocean Cultural Theatre,4,Restricted,Website,Non-member,
TH-Theatre-470121,evie.brown31@yahoo.co.uk,PL1 3 WX,Evie Brown,Comedy Performance,2026-12-07,Ocean Cultural Theatre,4,Premium,Website,Non-member,
TH-Theatre-381588,oliver.green25@gmail.com,PL2 7 ZI,Oliver Green,Comedy Performance,2026-12-07,Ocean Cultural Theatre,1,Premium,Website,Non-member,
TH-Theatre-960936,grace.jones77@icloud.com,PL1 1 HY,Grace Jones,Comedy Performance,2026-12-07,Ocean Cultural Theatre,2,Restricted,Website,Non-member,
TH-Theatre-143030,oscar.perry96@gmail.com,PL9 4 UM,Oscar Perry,Comedy Performance,2026-12-07,Ocean Cultural Theatre,2,Standard,Phone,Member,
TH-Theatre-877606,freya.brown19@outlook.com,PL4 1 AD,Freya Brown,Comedy Performance,2026-12-07,Ocean Cultural Theatre,1,Restricted,Phone,Non-member,
TH-Theatre-583705,ethan.bennett66@outlook.com,PL19 4 RP,Ethan Bennett,Comedy Performance,2026-12-07,Ocean Cultural Theatre,2,Restricted,Website,Non-member,
TH-Theatre-219043,evie.ahmed53@hotmail.co.uk,PL6 7 KZ,Evie Ahmed,Comedy Performance,2026-12-07,Ocean Cultural Theatre,1,Standard,Website,Member,
TH-Theatre-657749,jessica.smith8@gmail.com,PL5 6 WV,Jessica Smith,Comedy Performance,2026-12-07,Ocean Cultural Theatre,2,Standard,Phone,Member,
TH-Theatre-412382,george.wood21@yahoo.co.uk,PL7 7 XF,George Wood,Comedy Performance,2026-12-07,Ocean Cultural Theatre,2,Restricted,Website,Non-member,
TH-Theatre-787686,chloe.cook5@hotmail.co.uk,PL9 5 BL,Chloe Cook,Comedy Performance,2026-12-07,Ocean Cultural Theatre,2,Premium,Walk-up,Non-member,
TH-Theatre-623227,evie.clarke58@icloud.com,PL12 6 FO,Evie Clarke,Comedy Performance,2026-12-07,Ocean Cultural Theatre,5,Premium,Phone,Non-member,
TH-Theatre-554781,megan.green40@yahoo.co.uk,PL7 7 LR,Megan Green,Comedy Performance,2026-12-07,Ocean Cultural Theatre,1,Standard,Walk-up,Member,
TH-Theatre-948079,ethan.wood62@outlook.com,PL12 8 RI,Ethan Wood,Comedy Performance,2026-12-07,Ocean Cultural Theatre,4,Standard,Website,Non-member,
TH-Theatre-741644,evie.evans44@outlook.com,TA6 8 JE,Evie Evans,Comedy Performance,2026-12-07,Ocean Cultural Theatre,1,Restricted,Phone,Non-member,
TH-Theatre-440962,amelia.murphy13@icloud.com,PL1 3 VD,Amelia Murphy,Comedy Performance,2026-12-07,Ocean Cultural Theatre,3,Premium,Website,Member,
TH-Theatre-769301,megan.evans71@icloud.com,PL6 3 HU,Megan Evans,Comedy Performance,2026-12-07,Ocean Cultural Theatre,1,Standard,Website,Non-member,
TH-Theatre-639604,henry.brown55@outlook.com,PL7 8 UZ,Henry Brown,Comedy Performance,2026-12-07,Ocean Cultural Theatre,5,Premium,Website,Non-member,
TH-Theatre-551906,emily.singh78@yahoo.co.uk,PL7 7 TH,Emily Singh,Comedy Performance,2026-12-07,Ocean Cultural Theatre,2,Restricted,Website,Non-member,
TH-Theatre-440850,max.allen53@outlook.com,TQ12 6 IZ,Max Allen,Comedy Performance,2026-12-07,Ocean Cultural Theatre,3,Premium,Website,Non-member,
TH-Theatre-867946,freya.evans58@icloud.com,TA1 8 KR,Freya Evans,Comedy Performance,2026-12-07,Ocean Cultural Theatre,1,Restricted,Walk-up,Non-member,
TH-Theatre-958008,sophie.allen14@gmail.com,PL12 3 RY,Sophie Allen,Comedy Performance,2026-12-07,Ocean Cultural Theatre,1,Restricted,Website,Non-member,
TH-Theatre-253708,george.bell40@gmail.com,PL4 2 PD,George Bell,Comedy Performance,2026-12-07,Ocean Cultural Theatre,2,Restricted,Website,Non-member,
TH-Theatre-161305,jack.martin66@hotmail.co.uk,EX3 2 WR,Jack Martin,Comedy Performance,2026-12-07,Ocean Cultural Theatre,2,Premium,Website,Non-member,
TH-Theatre-910746,ella.jackson65@outlook.com,PL1 9 GO,Ella Jackson,Comedy Performance,2026-12-07,Ocean Cultural Theatre,1,Premium,Website,Non-member,
TH-Theatre-746774,alice.murphy44@outlook.com,PL9 2 UJ,Alice Murphy,Digital Arts Exhibition,2026-01-31,Union Corner,2,Standard,Website,Non-member,1
TH-Theatre-479206,emma.jackson67@icloud.com,TR7 6 OO,Emma Jackson,Digital Arts Exhibition,2026-01-31,Union Corner,4,Premium,Website,Member,4
TH-Theatre-803375,lucas.cooper21@gmail.com,TQ4 2 YU,Lucas Cooper,Creative Workshop,2026-03-20,Plymouth Arts Centre,1,Standard,Walk-up,Non-member,
TH-Theatre-404441,james.smith76@outlook.com,PL3 1 KD,James Smith,Creative Workshop,2026-03-20,Plymouth Arts Centre,1,Restricted,Walk-up,Non-member,
TH-Theatre-208712,charlie.roberts84@hotmail.co.uk,PL4 6 OT,Charlie Roberts,Creative Workshop,2026-03-20,Plymouth Arts Centre,2,Restricted,Walk-up,Non-member,
TH-Theatre-800021,joshua.king73@yahoo.co.uk,PL7 7 VJ,Joshua King,Community Arts Festival,2026-04-12,Union Corner,1,Premium,Walk-up,Member,1
TH-Theatre-811545,phoebe.johnson96@yahoo.co.uk,PL19 5 RP,Phoebe Johnson,Community Arts Festival,2026-04-12,Union Corner,2,Restricted,Website,Member,2
TH-Theatre-467537,oliver.walker20@icloud.com,PL2 7 UH,Oliver Walker,Contemporary Art Evening,2026-04-15,Theatre Royal Studio,10,Standard,Website,Non-member,
TH-Theatre-942410,james.cooper98@hotmail.co.uk,PL19 4 GM,James Cooper,Contemporary Art Evening,2026-04-15,Theatre Royal Studio,2,Standard,Website,Non-member,
TH-Theatre-925332,joshua.ward63@hotmail.co.uk,PL5 2 NG,Joshua Ward,Contemporary Art Evening,2026-04-15,Theatre Royal Studio,5,Standard,Website,Non-member,
TH-Theatre-985737,alfie.walker51@hotmail.co.uk,PL4 3 TZ,Alfie Walker,Contemporary Art Evening,2026-04-15,Theatre Royal Studio,2,Standard,Website,Non-member,
TH-Theatre-484418,joshua.johnson32@outlook.com,PL2 3 ZV,Joshua Johnson,Contemporary Art Evening,2026-04-15,Theatre Royal Studio,10,Standard,Website,Member,
TH-Theatre-981990,evie.evans44@outlook.com,TA6 8 JE,Evie Evans,Local Artists Showcase,2026-06-29,Plymouth Arts Centre,1,Restricted,Website,Non-member,
TH-Theatre-931597,mia.harris28@icloud.com,TA6 3 SB,Mia Harris,Local Artists Showcase,2026-06-29,Plymouth Arts Centre,1,Restricted,Website,Non-member,
TH-Theatre-693275,olivia.patel84@hotmail.co.uk,PL5 7 ZJ,Olivia Patel,Family Activity Day,2026-01-15,Community Hub,1,Premium,Phone,Non-member,1
TH-Theatre-304217,poppy.johnson97@yahoo.co.uk,PL6 9 QO,Poppy Johnson,Family Activity Day,2026-01-15,Community Hub,1,Standard,Website,Member,1
TH-Theatre-682684,sophie.hill41@yahoo.co.uk,PL9 1 YY,Sophie Hill,Family Activity Day,2026-01-15,Community Hub,2,Restricted,Website,Non-member,2
TH-Theatre-654171,william.martin35@outlook.com,PL1 8 HY,William Martin,Family Activity Day,2026-01-15,Community Hub,1,Premium,Website,Member,0
TH-Theatre-451773,george.wood13@icloud.com,PL3 8 MT,George Wood,Family Activity Day,2026-01-15,Community Hub,2,Premium,Website,Non-member,2
TH-Theatre-358836,lily.williams76@yahoo.co.uk,TR7 1 FP,Lily Williams,Family Activity Day,2026-01-15,Community Hub,1,Restricted,Website,Non-member,1
TH-Theatre-996307,joshua.jackson25@hotmail.co.uk,PL5 5 OJ,Joshua Jackson,Community Showcase,2026-02-24,Library Meeting Room,3,Premium,Website,Non-member,3
TH-Theatre-374704,charlotte.singh74@gmail.com,TR1 8 KQ,Charlotte Singh,Community Showcase,2026-02-24,Library Meeting Room,1,Premium,Website,Non-member,1
TH-Theatre-314132,ruby.bell77@hotmail.co.uk,PL5 7 IQ,Ruby Bell,Community Showcase,2026-02-24,Library Meeting Room,10,Standard,Website,Non-member,10
TH-Theatre-664422,ella.singh83@yahoo.co.uk,PL9 9 GO,Ella Singh,Community Showcase,2026-02-24,Library Meeting Room,1,Standard,Phone,Non-member,1
TH-Theatre-876585,jessica.king53@hotmail.co.uk,PL5 8 IB,Jessica King,Community Showcase,2026-02-24,Library Meeting Room,1,Standard,Website,Member,0
TH-Theatre-493061,samuel.ward15@hotmail.co.uk,TA1 7 YN,Samuel Ward,Community Showcase,2026-02-24,Library Meeting Room,2,Premium,Website,Non-member,2
TH-Theatre-567770,charlie.scott77@icloud.com,PL9 5 JJ,Charlie Scott,Community Showcase,2026-02-24,Library Meeting Room,2,Standard,Walk-up,Member,2
TH-Theatre-281693,grace.baker98@gmail.com,PL7 9 YH,Grace Baker,Community Showcase,2026-02-24,Library Meeting Room,1,Standard,Website,Non-member,1
TH-Theatre-147493,max.walker81@hotmail.co.uk,TQ3 3 LL,Max Walker,Public Forum,2026-03-11,Community Hub,1,Restricted,Website,Non-member,1
TH-Theatre-647017,chloe.davies23@hotmail.co.uk,PL5 6 FD,Chloe Davies,Public Forum,2026-03-11,Community Hub,4,Standard,Website,Non-member,4
TH-Theatre-420334,george.harris49@icloud.com,PL3 6 XG,George Harris,Public Forum,2026-03-11,Community Hub,2,Restricted,Phone,Non-member,2
TH-Theatre-610744,sophie.murphy87@hotmail.co.uk,PL3 2 HF,Sophie Murphy,Public Forum,2026-03-11,Community Hub,3,Standard,Website,Non-member,3
TH-Theatre-735785,olivia.patel42@gmail.com,PL7 1 PD,Olivia Patel,Public Forum,2026-03-11,Community Hub,1,Premium,Website,Non-member,1
TH-Theatre-639141,emily.taylor37@icloud.com,PL2 5 JS,Emily Taylor,Neighbourhood Project,2026-07-30,Community Hub,1,Standard,Website,Non-member,1
TH-Theatre-518278,grace.jones77@icloud.com,PL1 1 HY,Grace Jones,Neighbourhood Project,2026-07-30,Community Hub,20,Restricted,Website,Non-member,19
TH-Theatre-954224,oscar.patel16@icloud.com,PL4 6 LA,Oscar Patel,Neighbourhood Project,2026-07-30,Community Hub,1,Restricted,Website,Non-member,1
TH-Theatre-234903,ella.baker14@hotmail.co.uk,PL1 2 VT,Ella Baker,Neighbourhood Project,2026-07-30,Community Hub,2,Restricted,Website,Non-member,2
TH-Theatre-882264,amelia.smith8@outlook.com,PL1 8 WE,Amelia Smith,Neighbourhood Project,2026-07-30,Community Hub,1,Premium,Website,Non-member,1
TH-Theatre-740042,olivia.johnson35@icloud.com,PL1 6 OV,Olivia Johnson,Neighbourhood Project,2026-07-30,Community Hub,3,Premium,Walk-up,Non-member,3
TH-Theatre-517371,alice.ahmed89@gmail.com,EX4 2 GV,Alice Ahmed,Neighbourhood Project,2026-07-30,Community Hub,1,Restricted,Website,Non-member,1
TH-Theatre-496280,alfie.jackson94@icloud.com,PL21 7 GX,Alfie Jackson,Neighbourhood Project,2026-07-30,Community Hub,1,Premium,Website,Non-member,1
TH-Theatre-148263,daniel.bennett30@gmail.com,PL6 5 SR,Daniel Bennett,Neighbourhood Project,2026-07-30,Community Hub,3,Restricted,Website,Member,2
TH-Theatre-745352,mia.morgan95@outlook.com,PL4 9 ZV,Mia Morgan,Skills Workshop,2026-10-01,Community Hub,1,Standard,Walk-up,Member,1
TH-Theatre-810672,ruby.evans33@hotmail.co.uk,PL21 8 DY,Ruby Evans,Skills Workshop,2026-10-01,Community Hub,1,Standard,Phone,Non-member,1
TH-Theatre-637418,ella.johnson21@gmail.com,TQ2 4 XZ,Ella Johnson,Skills Workshop,2026-10-01,Community Hub,3,Standard,Website,Member,2
TH-Theatre-500734,alfie.martin79@icloud.com,PL6 2 MO,Alfie Martin,Skills Workshop,2026-10-01,Community Hub,1,Standard,Website,Non-member,1
TH-Theatre-562355,daniel.patel24@icloud.com,PL6 6 NB,Daniel Patel,Community Conversation,2026-10-15,Youth Centre,4,Restricted,Website,Non-member,
TH-Theatre-101478,emma.smith54@outlook.com,PL21 7 LL,Emma Smith,Community Conversation,2026-10-15,Youth Centre,1,Premium,Website,Non-member,
TH-Theatre-392136,grace.taylor78@icloud.com,PL2 6 HH,Grace Taylor,Community Conversation,2026-10-15,Youth Centre,1,Restricted,Walk-up,Non-member,
TH-Theatre-830346,samuel.hall15@outlook.com,PL5 8 QW,Samuel Hall,Community Conversation,2026-10-15,Youth Centre,1,Standard,Website,Non-member,
TH-Theatre-521907,joshua.jackson25@hotmail.co.uk,PL5 5 OJ,Joshua Jackson,Community Conversation,2026-10-15,Youth Centre,1,Restricted,Phone,Non-member,
TH-Theatre-358060,evie.white58@icloud.com,PL21 8 SG,Evie White,Community Conversation,2026-10-15,Youth Centre,1,Restricted,Website,Member,
TH-Theatre-363971,ella.ward31@yahoo.co.uk,PL1 9 KH,Ella Ward,Community Conversation,2026-10-15,Youth Centre,1,Restricted,Website,Non-member,
TH-Theatre-711101,ethan.harris31@icloud.com,PL5 4 VT,Ethan Harris,Community Conversation,2026-10-15,Youth Centre,1,Standard,Website,Non-member,
TH-Theatre-183059,daniel.moore40@yahoo.co.uk,PL9 5 WM,Daniel Moore,Community Conversation,2026-10-15,Youth Centre,40,Standard,Website,Non-member,
TH-Theatre-838917,william.hall70@yahoo.co.uk,PL9 4 YU,William Hall,Community Conversation,2026-10-15,Youth Centre,20,Standard,Walk-up,Non-member,
TH-Theatre-958792,oliver.evans37@outlook.com,TA6 8 DE,Oliver Evans,Creative Wellbeing,2026-10-26,Library Meeting Room,1,Premium,Website,Member,
TH-Theatre-131585,amelia.turner15@yahoo.co.uk,PL5 6 YX,Amelia Turner,Creative Wellbeing,2026-10-26,Library Meeting Room,2,Premium,Website,Non-member,
TH-Theatre-330782,jack.bennett30@outlook.com,EX2 7 RH,Jack Bennett,Creative Wellbeing,2026-10-26,Library Meeting Room,3,Standard,Phone,Non-member,
TH-Theatre-433574,thomas.taylor31@icloud.com,PL1 7 VK,Thomas Taylor,Local Stories,2026-04-03,Theatre Royal Plymouth,1,Premium,Website,Non-member,
TH-Theatre-601836,harry.green35@gmail.com,PL2 2 IU,Harry Green,Local Stories,2026-04-03,Theatre Royal Plymouth,1,Premium,Website,Member,
TH-Theatre-927671,charlie.roberts84@hotmail.co.uk,PL4 6 OT,Charlie Roberts,Local Stories,2026-04-03,Theatre Royal Plymouth,1,Premium,Website,Non-member,
TH-Theatre-234970,lucy.harris14@icloud.com,PL6 3 NW,Lucy Harris,Local Stories,2026-04-03,Theatre Royal Plymouth,2,Standard,Phone,Non-member,
TH-Theatre-920228,charlotte.walker81@outlook.com,TR1 5 UC,Charlotte Walker,Local Stories,2026-04-03,Theatre Royal Plymouth,2,Premium,Website,Non-member,
TH-Theatre-721772,ella.harris33@yahoo.co.uk,PL4 6 UM,Ella Harris,Local Stories,2026-04-03,Theatre Royal Plymouth,3,Restricted,Website,Member,
TH-Theatre-115445,freya.evans58@icloud.com,TA1 8 KR,Freya Evans,Local Stories,2026-04-03,Theatre Royal Plymouth,3,Restricted,Website,Member,
TH-Theatre-890949,alice.hall94@hotmail.co.uk,PL7 5 UC,Alice Hall,Local Stories,2026-04-03,Theatre Royal Plymouth,1,Standard,Website,Member,
TH-Theatre-432378,ruby.jones98@gmail.com,PL1 5 VW,Ruby Jones,Local Stories,2026-04-03,Theatre Royal Plymouth,20,Premium,Website,Member,
TH-Theatre-505256,charlotte.collins58@gmail.com,TA6 6 GJ,Charlotte Collins,Local Stories,2026-04-03,Theatre Royal Plymouth,1,Restricted,Website,Non-member,
TH-Theatre-790231,jack.jones21@outlook.com,PL9 1 RJ,Jack Jones,Local Stories,2026-04-03,Theatre Royal Plymouth,1,Standard,Website,Non-member,
TH-Theatre-960556,jacob.turner45@icloud.com,PL9 7 AA,Jacob Turner,Local Stories,2026-04-03,Theatre Royal Plymouth,2,Premium,Website,Non-member,
TH-Theatre-997835,ruby.evans33@hotmail.co.uk,PL21 8 DY,Ruby Evans,Local Stories,2026-04-03,Theatre Royal Plymouth,2,Standard,Phone,Non-member,
TH-Theatre-453416,freya.thomas65@outlook.com,PL14 6 PY,Freya Thomas,Local Stories,2026-04-03,Theatre Royal Plymouth,2,Restricted,Walk-up,Non-member,
TH-Theatre-454534,henry.murphy33@hotmail.co.uk,PL9 8 VO,Henry Murphy,Local Stories,2026-04-03,Theatre Royal Plymouth,1,Standard,Website,Non-member,
TH-Theatre-254274,emma.hill75@yahoo.co.uk,TA6 8 AB,Emma Hill,Local Stories,2026-04-03,Theatre Royal Plymouth,2,Restricted,Website,Non-member,
TH-Theatre-105290,daniel.johnson24@hotmail.co.uk,PL5 8 YW,Daniel Johnson,Local Stories,2026-04-03,Theatre Royal Plymouth,2,Premium,Website,Member,
TH-Theatre-169996,freya.cook64@yahoo.co.uk,PL2 4 CZ,Freya Cook,Local Stories,2026-04-03,Theatre Royal Plymouth,3,Standard,Walk-up,Member,
TH-Theatre-263918,leo.williams3@yahoo.co.uk,PL6 7 HO,Leo Williams,Local Stories,2026-04-03,Theatre Royal Plymouth,1,Restricted,Website,Non-member,
TH-Theatre-556979,poppy.martin17@yahoo.co.uk,PL5 2 CU,Poppy Martin,Local Stories,2026-04-03,Theatre Royal Plymouth,1,Restricted,Phone,Member,
TH-Theatre-467152,jacob.morgan8@hotmail.co.uk,EX4 8 KH,Jacob Morgan,Local Stories,2026-04-03,Theatre Royal Plymouth,40,Standard,Website,Member,
TH-Theatre-743239,sophie.cooper23@outlook.com,PL4 2 TP,Sophie Cooper,Local Stories,2026-04-03,Theatre Royal Plymouth,1,Restricted,Phone,Non-member,
TH-Theatre-546807,alfie.turner82@outlook.com,PL1 8 JY,Alfie Turner,Local Stories,2026-04-03,Theatre Royal Plymouth,1,Restricted,Website,Non-member,
TH-Theatre-544941,alfie.wilson73@hotmail.co.uk,TA6 7 WU,Alfie Wilson,Local Stories,2026-04-03,Theatre Royal Plymouth,2,Restricted,Website,Member,
TH-Theatre-386217,grace.patel2@hotmail.co.uk,PL9 2 XB,Grace Patel,Local Stories,2026-04-03,Theatre Royal Plymouth,2,Premium,Website,Non-member,
TH-Theatre-886148,thomas.young1@hotmail.co.uk,PL7 6 HK,Thomas Young,Local Stories,2026-04-03,Theatre Royal Plymouth,1,Standard,Website,Non-member,
TH-Theatre-732337,emma.smith54@outlook.com,PL21 7 LL,Emma Smith,Local Stories,2026-04-03,Theatre Royal Plymouth,10,Premium,Website,Non-member,
TH-Theatre-657357,sophie.smith85@hotmail.co.uk,PL14 1 NX,Sophie Smith,Local Stories,2026-04-03,Theatre Royal Plymouth,4,Premium,Website,Non-member,
TH-Theatre-402109,samuel.singh95@icloud.com,PL9 7 PF,Samuel Singh,Local Stories,2026-04-03,Theatre Royal Plymouth,1,Premium,Website,Non-member,
TH-Theatre-134154,noah.wilson93@outlook.com,PL3 6 TO,Noah Wilson,Local Stories,2026-04-03,Theatre Royal Plymouth,3,Standard,Website,Non-member,
TH-Theatre-396303,jack.smith74@hotmail.co.uk,PL19 3 OB,Jack Smith,Local Stories,2026-04-03,Theatre Royal Plymouth,2,Standard,Website,Member,
TH-Theatre-321496,leo.white34@outlook.com,PL3 6 HW,Leo White,Local Stories,2026-04-03,Theatre Royal Plymouth,1,Standard,Phone,Non-member,
TH-Theatre-690089,charlie.patel29@hotmail.co.uk,PL4 9 KS,Charlie Patel,Local Stories,2026-04-03,Theatre Royal Plymouth,1,Standard,Website,Member,
TH-Theatre-554164,jack.martin66@hotmail.co.uk,EX3 2 WR,Jack Martin,Local Stories,2026-04-03,Theatre Royal Plymouth,5,Standard,Website,Non-member,
TH-Theatre-681377,william.smith71@yahoo.co.uk,PL1 3 HN,William Smith,Local Stories,2026-04-03,Theatre Royal Plymouth,2,Restricted,Website,Non-member,
TH-Theatre-242767,emma.cook51@gmail.com,PL5 6 HD,Emma Cook,Local Stories,2026-04-03,Theatre Royal Plymouth,2,Restricted,Website,Member,
TH-Theatre-545461,harry.davies24@gmail.com,PL2 3 ZY,Harry Davies,Local Stories,2026-04-03,Theatre Royal Plymouth,1,Standard,Website,Non-member,
TH-Theatre-273858,amelia.patel26@gmail.com,PL9 6 IT,Amelia Patel,Local Stories,2026-04-03,Theatre Royal Plymouth,20,Restricted,Website,Non-member,
TH-Theatre-675364,james.ahmed57@yahoo.co.uk,PL5 1 FZ,James Ahmed,Local Stories,2026-04-03,Theatre Royal Plymouth,1,Premium,Website,Non-member,
TH-Theatre-409478,emily.taylor37@icloud.com,PL2 5 JS,Emily Taylor,Local Stories,2026-04-03,Theatre Royal Plymouth,1,Restricted,Website,Non-member,
TH-Theatre-568900,mia.evans46@hotmail.co.uk,PL5 9 ST,Mia Evans,Local Stories,2026-04-03,Theatre Royal Plymouth,2,Restricted,Walk-up,Non-member,
TH-Theatre-963098,thomas.evans95@yahoo.co.uk,PL9 3 UI,Thomas Evans,Local Stories,2026-04-03,Theatre Royal Plymouth,2,Premium,Website,Non-member,
TH-Theatre-125850,max.davies31@yahoo.co.uk,TA1 9 DZ,Max Davies,Local Stories,2026-04-03,Theatre Royal Plymouth,1,Restricted,Website,Non-member,
TH-Theatre-418791,alice.young22@hotmail.co.uk,PL3 8 GK,Alice Young,Local Stories,2026-04-03,Theatre Royal Plymouth,5,Standard,Website,Non-member,
TH-Theatre-961419,alice.collins60@gmail.com,TQ12 3 MQ,Alice Collins,Local Stories,2026-04-03,Theatre Royal Plymouth,20,Standard,Website,Non-member,
TH-Theatre-341406,jack.baker56@yahoo.co.uk,PL3 7 XS,Jack Baker,Local Stories,2026-04-03,Theatre Royal Plymouth,2,Standard,Website,Member,
TH-Theatre-266847,william.hall70@yahoo.co.uk,PL9 4 YU,William Hall,Local Stories,2026-04-03,Theatre Royal Plymouth,2,Premium,Website,Member,
TH-Theatre-752951,alice.cook39@gmail.com,PL4 8 CG,Alice Cook,Local Stories,2026-04-03,Theatre Royal Plymouth,3,Restricted,Walk-up,Non-member,
TH-Theatre-631746,emily.walker25@gmail.com,PL12 1 ZS,Emily Walker,Local Stories,2026-04-03,Theatre Royal Plymouth,2,Restricted,Website,Member,
TH-Theatre-882300,freya.evans89@yahoo.co.uk,PL4 7 GV,Freya Evans,Local Stories,2026-04-03,Theatre Royal Plymouth,2,Restricted,Website,Non-member,
TH-Theatre-558361,charlotte.williams51@gmail.com,PL9 3 IQ,Charlotte Williams,Local Stories,2026-04-03,Theatre Royal Plymouth,1,Restricted,Website,Non-member,
TH-Theatre-753202,emily.baker80@hotmail.co.uk,PL4 8 SN,Emily Baker,Local Stories,2026-04-03,Theatre Royal Plymouth,1,Restricted,Walk-up,Non-member,
TH-Theatre-373096,george.hill41@hotmail.co.uk,PL5 5 EU,George Hill,Local Stories,2026-04-03,Theatre Royal Plymouth,5,Restricted,Website,Non-member,
TH-Theatre-148647,lily.davies66@hotmail.co.uk,PL6 3 CA,Lily Davies,Local Stories,2026-04-03,Theatre Royal Plymouth,1,Restricted,Walk-up,Non-member,
TH-Theatre-854104,ruby.bell77@hotmail.co.uk,PL5 7 IQ,Ruby Bell,Local Stories,2026-04-03,Theatre Royal Plymouth,2,Restricted,Phone,Non-member,
TH-Theatre-789340,james.wood98@hotmail.co.uk,PL2 4 XL,James Wood,Local Stories,2026-04-03,Theatre Royal Plymouth,2,Standard,Website,Non-member,
TH-Theatre-489954,evie.perry21@gmail.com,PL9 5 SD,Evie Perry,Local Stories,2026-04-03,Theatre Royal Plymouth,1,Premium,Website,Non-member,
TH-Theatre-685462,joshua.bennett60@icloud.com,PL1 9 VK,Joshua Bennett,Local Stories,2026-04-03,Theatre Royal Plymouth,2,Standard,Phone,Non-member,
TH-Theatre-788589,ruby.thomas33@outlook.com,PL5 4 SJ,Ruby Thomas,Local Stories,2026-04-03,Theatre Royal Plymouth,1,Restricted,Website,Non-member,
TH-Theatre-915640,thomas.moore58@hotmail.co.uk,PL2 5 CZ,Thomas Moore,Local Stories,2026-04-03,Theatre Royal Plymouth,1,Premium,Website,Non-member,
TH-Theatre-641203,sophie.hall71@gmail.com,PL6 9 MH,Sophie Hall,Local Stories,2026-04-03,Theatre Royal Plymouth,1,Standard,Website,Non-member,
TH-Theatre-658245,joshua.johnson32@outlook.com,PL2 3 ZV,Joshua Johnson,Local Stories,2026-04-03,Theatre Royal Plymouth,1,Restricted,Website,Non-member,
TH-Theatre-597590,sophie.murphy8@icloud.com,PL3 9 CM,Sophie Murphy,Local Stories,2026-04-03,Theatre Royal Plymouth,10,Premium,Website,Non-member,
TH-Theatre-238906,freya.hall71@icloud.com,PL4 1 NK,Freya Hall,Local Stories,2026-04-03,Theatre Royal Plymouth,1,Standard,Website,Member,
TH-Theatre-479755,jacob.collins48@gmail.com,PL6 2 NO,Jacob Collins,Local Stories,2026-04-03,Theatre Royal Plymouth,5,Restricted,Website,Non-member,
TH-Theatre-102766,evie.bell66@outlook.com,PL6 1 HV,Evie Bell,Musical Celebration,2026-04-30,The Lyric,1,Premium,Website,Non-member,1
TH-Theatre-513534,olivia.bell85@gmail.com,EX1 8 CX,Olivia Bell,Musical Celebration,2026-04-30,The Lyric,2,Premium,Website,Member,2
TH-Theatre-445334,poppy.white91@icloud.com,PL3 7 JJ,Poppy White,Musical Celebration,2026-04-30,The Lyric,3,Restricted,Walk-up,Non-member,3
TH-Theatre-129102,jacob.smith93@outlook.com,TR7 5 AZ,Jacob Smith,Musical Celebration,2026-04-30,The Lyric,1,Standard,Website,Member,0
TH-Theatre-223776,daniel.ward52@hotmail.co.uk,PL5 3 YZ,Daniel Ward,Musical Celebration,2026-04-30,The Lyric,10,Standard,Website,Member,9
TH-Theatre-340668,harry.baker63@outlook.com,PL2 3 ZL,Harry Baker,Musical Celebration,2026-04-30,The Lyric,1,Premium,Website,Member,1
TH-Theatre-970390,charlotte.smith54@gmail.com,TQ12 2 JR,Charlotte Smith,Musical Celebration,2026-04-30,The Lyric,5,Standard,Phone,Non-member,5
TH-Theatre-394638,grace.baker98@gmail.com,PL7 9 YH,Grace Baker,Musical Celebration,2026-04-30,The Lyric,3,Premium,Website,Non-member,3
TH-Theatre-530099,max.hill24@yahoo.co.uk,PL4 6 AV,Max Hill,Musical Celebration,2026-04-30,The Lyric,3,Premium,Website,Non-member,2
TH-Theatre-348475,william.ahmed43@yahoo.co.uk,TA1 1 SG,William Ahmed,Musical Celebration,2026-04-30,The Lyric,1,Premium,Website,Member,1
TH-Theatre-962416,george.turner11@icloud.com,PL9 3 VJ,George Turner,Musical Celebration,2026-04-30,The Lyric,2,Premium,Website,Non-member,2
TH-Theatre-585571,sophie.jackson86@yahoo.co.uk,PL6 6 SK,Sophie Jackson,Musical Celebration,2026-04-30,The Lyric,1,Standard,Website,Non-member,1
TH-Theatre-958169,jacob.young44@yahoo.co.uk,PL6 7 ZW,Jacob Young,Musical Celebration,2026-04-30,The Lyric,4,Standard,Phone,Non-member,4
TH-Theatre-283280,lucy.bell92@gmail.com,PL2 1 XI,Lucy Bell,Musical Celebration,2026-04-30,The Lyric,10,Standard,Website,Non-member,8
TH-Theatre-933826,lily.cook68@yahoo.co.uk,PL2 5 GB,Lily Cook,Musical Celebration,2026-04-30,The Lyric,2,Standard,Website,Non-member,2
TH-Theatre-675891,emily.allen50@hotmail.co.uk,PL21 2 KC,Emily Allen,Musical Celebration,2026-04-30,The Lyric,2,Restricted,Website,Non-member,2
TH-Theatre-979906,lucy.harris14@icloud.com,PL6 3 NW,Lucy Harris,Musical Celebration,2026-04-30,The Lyric,1,Premium,Walk-up,Non-member,1
TH-Theatre-443654,grace.taylor78@icloud.com,PL2 6 HH,Grace Taylor,Musical Celebration,2026-04-30,The Lyric,1,Standard,Phone,Non-member,1
TH-Theatre-145263,joshua.bennett24@hotmail.co.uk,TR7 2 EM,Joshua Bennett,Musical Celebration,2026-04-30,The Lyric,2,Standard,Phone,Non-member,2
TH-Theatre-399926,emma.taylor84@outlook.com,PL9 8 GW,Emma Taylor,Musical Celebration,2026-04-30,The Lyric,2,Restricted,Website,Non-member,2
TH-Theatre-639898,jessica.patel99@icloud.com,PL9 9 KT,Jessica Patel,Musical Celebration,2026-04-30,The Lyric,2,Restricted,Website,Non-member,2
TH-Theatre-496220,chloe.thomas50@outlook.com,TQ4 5 ZM,Chloe Thomas,Musical Celebration,2026-04-30,The Lyric,3,Premium,Website,Member,3
TH-Theatre-487232,sophie.murphy8@icloud.com,PL3 9 CM,Sophie Murphy,Musical Celebration,2026-04-30,The Lyric,4,Premium,Website,Non-member,4
TH-Theatre-864444,joshua.jackson92@hotmail.co.uk,PL7 9 DB,Joshua Jackson,Musical Celebration,2026-04-30,The Lyric,20,Premium,Website,Member,18
TH-Theatre-708425,ruby.wood29@outlook.com,TA1 9 AJ,Ruby Wood,Musical Celebration,2026-04-30,The Lyric,2,Premium,Phone,Non-member,2
TH-Theatre-471401,alfie.jackson86@hotmail.co.uk,PL9 3 AG,Alfie Jackson,Musical Celebration,2026-04-30,The Lyric,4,Standard,Website,Non-member,3
TH-Theatre-852837,leo.jones73@outlook.com,PL1 4 JO,Leo Jones,Musical Celebration,2026-04-30,The Lyric,2,Standard,Website,Non-member,2
TH-Theatre-560085,grace.jones77@icloud.com,PL1 1 HY,Grace Jones,Musical Celebration,2026-04-30,The Lyric,2,Restricted,Website,Non-member,2
TH-Theatre-797681,leo.brown77@outlook.com,PL1 6 KU,Leo Brown,Musical Celebration,2026-04-30,The Lyric,2,Restricted,Website,Non-member,2
TH-Theatre-175402,george.white93@outlook.com,PL5 7 HL,George White,Musical Celebration,2026-04-30,The Lyric,1,Restricted,Website,Non-member,1
TH-Theatre-628809,evie.thomas46@gmail.com,PL5 5 DM,Evie Thomas,Musical Celebration,2026-04-30,The Lyric,3,Standard,Website,Non-member,3
TH-Theatre-386302,emily.scott40@yahoo.co.uk,PL4 8 OJ,Emily Scott,Musical Celebration,2026-04-30,The Lyric,3,Standard,Website,Non-member,2
TH-Theatre-211855,alfie.jones79@gmail.com,TR7 7 WA,Alfie Jones,Musical Celebration,2026-04-30,The Lyric,3,Restricted,Website,Non-member,3
TH-Theatre-746285,thomas.white23@icloud.com,PL19 1 LE,Thomas White,Musical Celebration,2026-04-30,The Lyric,3,Restricted,Website,Member,3
TH-Theatre-794555,ruby.morgan75@icloud.com,PL6 4 AR,Ruby Morgan,Musical Celebration,2026-04-30,The Lyric,2,Premium,Website,Member,2
TH-Theatre-818210,evie.brown31@yahoo.co.uk,PL1 3 WX,Evie Brown,Musical Celebration,2026-04-30,The Lyric,2,Restricted,Website,Non-member,2
TH-Theatre-753284,sophie.cooper23@outlook.com,PL4 2 TP,Sophie Cooper,Musical Celebration,2026-04-30,The Lyric,2,Premium,Website,Non-member,2
TH-Theatre-869767,thomas.taylor31@icloud.com,PL1 7 VK,Thomas Taylor,Musical Celebration,2026-04-30,The Lyric,2,Premium,Website,Non-member,2
TH-Theatre-530157,daniel.hall1@outlook.com,TA1 8 ON,Daniel Hall,Musical Celebration,2026-04-30,The Lyric,2,Standard,Phone,Member,2
TH-Theatre-116232,lily.davies66@hotmail.co.uk,PL6 3 CA,Lily Davies,Musical Celebration,2026-04-30,The Lyric,1,Standard,Website,Non-member,1
TH-Theatre-729746,oliver.cook75@icloud.com,PL9 8 QB,Oliver Cook,Musical Celebration,2026-04-30,The Lyric,2,Premium,Website,Non-member,2
TH-Theatre-616173,lily.walker80@outlook.com,TR1 6 FE,Lily Walker,Musical Celebration,2026-04-30,The Lyric,2,Restricted,Website,Non-member,2
TH-Theatre-499264,emma.bell29@outlook.com,PL3 3 ZB,Emma Bell,Musical Celebration,2026-04-30,The Lyric,1,Standard,Phone,Non-member,1
TH-Theatre-946462,jack.young46@hotmail.co.uk,PL3 5 IX,Jack Young,Musical Celebration,2026-04-30,The Lyric,1,Standard,Website,Non-member,1
TH-Theatre-869290,grace.green57@gmail.com,PL7 5 LD,Grace Green,Musical Celebration,2026-04-30,The Lyric,4,Standard,Website,Non-member,4
TH-Theatre-398894,ethan.taylor79@outlook.com,PL1 4 VO,Ethan Taylor,Musical Celebration,2026-04-30,The Lyric,2,Standard,Phone,Non-member,2
TH-Theatre-629656,ethan.scott79@hotmail.co.uk,PL7 1 BV,Ethan Scott,Musical Celebration,2026-04-30,The Lyric,1,Restricted,Website,Non-member,1
TH-Theatre-431171,samuel.taylor25@gmail.com,EX2 3 HL,Samuel Taylor,Musical Celebration,2026-04-30,The Lyric,2,Standard,Phone,Non-member,2
TH-Theatre-799080,mia.evans46@hotmail.co.uk,PL5 9 ST,Mia Evans,Musical Celebration,2026-04-30,The Lyric,20,Standard,Website,Non-member,18
TH-Theatre-224814,grace.davies53@yahoo.co.uk,TQ1 6 DV,Grace Davies,Musical Celebration,2026-04-30,The Lyric,1,Standard,Website,Non-member,1
TH-Theatre-290382,olivia.turner1@yahoo.co.uk,PL1 1 CI,Olivia Turner,Musical Celebration,2026-04-30,The Lyric,1,Standard,Website,Member,1
TH-Theatre-415827,olivia.roberts57@yahoo.co.uk,EX3 2 ZL,Olivia Roberts,Musical Celebration,2026-04-30,The Lyric,1,Premium,Phone,Non-member,0
TH-Theatre-453228,leo.taylor6@outlook.com,TR7 9 PD,Leo Taylor,Musical Celebration,2026-04-30,The Lyric,1,Restricted,Website,Non-member,1
TH-Theatre-543061,noah.singh18@hotmail.co.uk,PL2 4 DN,Noah Singh,Musical Celebration,2026-04-30,The Lyric,1,Restricted,Website,Non-member,1
TH-Theatre-919569,alice.young22@hotmail.co.uk,PL3 8 GK,Alice Young,Musical Celebration,2026-04-30,The Lyric,1,Standard,Website,Non-member,1
TH-Theatre-995728,daniel.taylor85@hotmail.co.uk,PL7 6 XS,Daniel Taylor,Musical Celebration,2026-04-30,The Lyric,1,Restricted,Website,Non-member,1
TH-Theatre-560378,charlotte.white8@yahoo.co.uk,PL6 9 FO,Charlotte White,Musical Celebration,2026-04-30,The Lyric,2,Standard,Website,Non-member,2
TH-Theatre-452950,charlotte.cook25@hotmail.co.uk,PL5 6 YV,Charlotte Cook,Musical Celebration,2026-04-30,The Lyric,5,Restricted,Website,Non-member,4
TH-Theatre-252948,jack.smith74@hotmail.co.uk,PL19 3 OB,Jack Smith,Musical Celebration,2026-04-30,The Lyric,1,Standard,Website,Non-member,1
TH-Theatre-974023,emily.martin94@outlook.com,PL3 6 FZ,Emily Martin,Musical Celebration,2026-04-30,The Lyric,2,Premium,Website,Non-member,2
TH-Theatre-877565,lucy.allen95@yahoo.co.uk,PL3 1 RU,Lucy Allen,Musical Celebration,2026-04-30,The Lyric,1,Restricted,Phone,Member,1
TH-Theatre-361903,leo.ward87@hotmail.co.uk,PL3 1 ZB,Leo Ward,Musical Celebration,2026-04-30,The Lyric,4,Restricted,Website,Non-member,4
TH-Theatre-841436,sophie.cook15@yahoo.co.uk,PL6 2 IP,Sophie Cook,Musical Celebration,2026-04-30,The Lyric,3,Standard,Website,Non-member,3
TH-Theatre-800629,charlotte.williams51@gmail.com,PL9 3 IQ,Charlotte Williams,Musical Celebration,2026-04-30,The Lyric,10,Premium,Website,Member,8
TH-Theatre-983874,lucy.murphy28@outlook.com,PL7 1 PM,Lucy Murphy,Musical Celebration,2026-04-30,The Lyric,1,Restricted,Website,Non-member,1
TH-Theatre-389779,lucas.perry91@gmail.com,PL9 6 NO,Lucas Perry,Musical Celebration,2026-04-30,The Lyric,1,Standard,Website,Non-member,1
TH-Theatre-148531,evie.harris83@gmail.com,PL6 9 AH,Evie Harris,Musical Celebration,2026-04-30,The Lyric,1,Restricted,Website,Non-member,0
TH-Theatre-751198,henry.taylor1@yahoo.co.uk,PL5 4 VL,Henry Taylor,Musical Celebration,2026-04-30,The Lyric,3,Standard,Phone,Non-member,2
TH-Theatre-589659,max.williams64@gmail.com,PL14 3 DY,Max Williams,Musical Celebration,2026-04-30,The Lyric,10,Standard,Website,Non-member,9
TH-Theatre-224325,ruby.bell77@hotmail.co.uk,PL5 7 IQ,Ruby Bell,Musical Celebration,2026-04-30,The Lyric,2,Premium,Phone,Non-member,2
TH-Theatre-718561,grace.cooper66@gmail.com,EX3 3 AU,Grace Cooper,Musical Celebration,2026-04-30,The Lyric,4,Premium,Website,Non-member,4
TH-Theatre-217057,lily.evans55@outlook.com,PL4 7 IH,Lily Evans,Musical Celebration,2026-04-30,The Lyric,2,Restricted,Website,Non-member,2
TH-Theatre-103893,lily.martin59@outlook.com,TQ3 3 RL,Lily Martin,Musical Celebration,2026-04-30,The Lyric,2,Standard,Phone,Member,2
TH-Theatre-771071,poppy.ahmed47@yahoo.co.uk,PL3 9 RN,Poppy Ahmed,Musical Celebration,2026-04-30,The Lyric,1,Restricted,Website,Non-member,1
TH-Theatre-377360,thomas.clarke47@icloud.com,PL2 8 EB,Thomas Clarke,Musical Celebration,2026-04-30,The Lyric,1,Standard,Website,Non-member,1
TH-Theatre-136636,amelia.smith8@outlook.com,PL1 8 WE,Amelia Smith,The Comedy Hour,2026-06-18,The Lyric,2,Premium,Phone,Non-member,2
TH-Theatre-590928,samuel.smith37@gmail.com,PL5 8 XL,Samuel Smith,The Comedy Hour,2026-06-18,The Lyric,2,Standard,Website,Non-member,2
TH-Theatre-259329,alfie.murphy2@outlook.com,TA6 5 PV,Alfie Murphy,The Comedy Hour,2026-06-18,The Lyric,2,Standard,Website,Non-member,2
TH-Theatre-244137,alice.morgan92@icloud.com,PL7 6 KH,Alice Morgan,The Comedy Hour,2026-06-18,The Lyric,1,Premium,Website,Non-member,1
TH-Theatre-360586,mia.moore83@gmail.com,EX2 8 XK,Mia Moore,The Comedy Hour,2026-06-18,The Lyric,20,Restricted,Website,Non-member,18
TH-Theatre-215483,henry.taylor1@yahoo.co.uk,PL5 4 VL,Henry Taylor,The Comedy Hour,2026-06-18,The Lyric,4,Standard,Website,Non-member,4
TH-Theatre-962465,olivia.taylor16@yahoo.co.uk,PL7 1 YA,Olivia Taylor,The Comedy Hour,2026-06-18,The Lyric,4,Restricted,Website,Member,3
TH-Theatre-462055,henry.brown55@outlook.com,PL7 8 UZ,Henry Brown,The Comedy Hour,2026-06-18,The Lyric,10,Standard,Website,Non-member,10
TH-Theatre-134147,megan.evans12@outlook.com,PL21 2 ID,Megan Evans,The Comedy Hour,2026-06-18,The Lyric,2,Restricted,Website,Non-member,2
TH-Theatre-745880,charlie.johnson74@icloud.com,PL7 1 EQ,Charlie Johnson,The Comedy Hour,2026-06-18,The Lyric,2,Restricted,Website,Non-member,2
TH-Theatre-811794,james.cook19@gmail.com,PL2 8 VR,James Cook,The Comedy Hour,2026-06-18,The Lyric,1,Restricted,Website,Non-member,0
TH-Theatre-489089,daniel.johnson24@hotmail.co.uk,PL5 8 YW,Daniel Johnson,The Comedy Hour,2026-06-18,The Lyric,1,Premium,Website,Non-member,1
TH-Theatre-670016,henry.smith9@gmail.com,PL14 9 AM,Henry Smith,The Comedy Hour,2026-06-18,The Lyric,3,Premium,Website,Non-member,3
TH-Theatre-470953,poppy.johnson97@yahoo.co.uk,PL6 9 QO,Poppy Johnson,The Comedy Hour,2026-06-18,The Lyric,2,Standard,Website,Non-member,2
TH-Theatre-521084,emily.turner48@hotmail.co.uk,PL5 5 YD,Emily Turner,The Comedy Hour,2026-06-18,The Lyric,1,Premium,Website,Non-member,1
TH-Theatre-980583,harry.clarke31@hotmail.co.uk,PL9 6 NA,Harry Clarke,The Comedy Hour,2026-06-18,The Lyric,10,Premium,Walk-up,Non-member,9
TH-Theatre-572017,oscar.thomas28@yahoo.co.uk,TA1 1 IS,Oscar Thomas,The Comedy Hour,2026-06-18,The Lyric,40,Premium,Phone,Member,34
TH-Theatre-600055,poppy.bennett49@gmail.com,TR1 1 HN,Poppy Bennett,The Comedy Hour,2026-06-18,The Lyric,1,Premium,Website,Non-member,1
TH-Theatre-968874,olivia.jackson80@gmail.com,PL2 1 RP,Olivia Jackson,The Comedy Hour,2026-06-18,The Lyric,1,Restricted,Website,Non-member,1
TH-Theatre-773404,megan.jones89@gmail.com,TQ4 5 LC,Megan Jones,The Comedy Hour,2026-06-18,The Lyric,3,Premium,Website,Non-member,3
TH-Theatre-510116,emma.bennett94@gmail.com,PL5 6 AQ,Emma Bennett,The Comedy Hour,2026-06-18,The Lyric,1,Premium,Website,Non-member,1
TH-Theatre-893805,lucy.moore17@gmail.com,PL7 6 IC,Lucy Moore,The Comedy Hour,2026-06-18,The Lyric,1,Standard,Website,Non-member,1
TH-Theatre-618931,james.cooper98@hotmail.co.uk,PL19 4 GM,James Cooper,The Comedy Hour,2026-06-18,The Lyric,4,Premium,Phone,Non-member,4
TH-Theatre-910420,amelia.bennett79@hotmail.co.uk,PL3 3 UK,Amelia Bennett,The Comedy Hour,2026-06-18,The Lyric,1,Premium,Phone,Non-member,1
TH-Theatre-778520,jacob.smith93@outlook.com,TR7 5 AZ,Jacob Smith,The Comedy Hour,2026-06-18,The Lyric,2,Restricted,Website,Non-member,2
TH-Theatre-243199,lucy.bennett73@yahoo.co.uk,PL4 6 NU,Lucy Bennett,The Comedy Hour,2026-06-18,The Lyric,1,Premium,Phone,Non-member,1
TH-Theatre-396775,samuel.allen66@outlook.com,PL9 4 FG,Samuel Allen,The Comedy Hour,2026-06-18,The Lyric,2,Standard,Website,Non-member,2
TH-Theatre-634765,jessica.ahmed61@icloud.com,PL6 1 ZU,Jessica Ahmed,The Comedy Hour,2026-06-18,The Lyric,1,Restricted,Website,Non-member,1
TH-Theatre-853894,amelia.murphy13@icloud.com,PL1 3 VD,Amelia Murphy,The Comedy Hour,2026-06-18,The Lyric,1,Restricted,Walk-up,Non-member,1
TH-Theatre-950596,george.cooper98@yahoo.co.uk,TR1 4 QC,George Cooper,The Comedy Hour,2026-06-18,The Lyric,2,Standard,Phone,Non-member,2
TH-Theatre-994669,alfie.turner82@outlook.com,PL1 8 JY,Alfie Turner,The Comedy Hour,2026-06-18,The Lyric,1,Restricted,Website,Member,1
TH-Theatre-357880,jessica.allen36@gmail.com,PL9 9 LW,Jessica Allen,The Comedy Hour,2026-06-18,The Lyric,1,Restricted,Website,Non-member,0
TH-Theatre-987518,emma.bell29@outlook.com,PL3 3 ZB,Emma Bell,The Comedy Hour,2026-06-18,The Lyric,1,Standard,Website,Non-member,1
TH-Theatre-377057,ruby.white53@outlook.com,PL6 7 MJ,Ruby White,The Comedy Hour,2026-06-18,The Lyric,20,Restricted,Website,Member,20
TH-Theatre-806168,ethan.harris31@icloud.com,PL5 4 VT,Ethan Harris,The Comedy Hour,2026-06-18,The Lyric,1,Standard,Phone,Non-member,0
TH-Theatre-705430,harry.perry29@icloud.com,PL3 3 UH,Harry Perry,The Comedy Hour,2026-06-18,The Lyric,5,Restricted,Phone,Non-member,4
TH-Theatre-965989,ella.johnson21@gmail.com,TQ2 4 XZ,Ella Johnson,The Comedy Hour,2026-06-18,The Lyric,1,Premium,Website,Non-member,1
TH-Theatre-591597,william.baker1@gmail.com,PL3 9 UZ,William Baker,The Comedy Hour,2026-06-18,The Lyric,20,Standard,Phone,Non-member,18
TH-Theatre-631389,lucy.thomas11@icloud.com,PL1 4 RM,Lucy Thomas,The Comedy Hour,2026-06-18,The Lyric,1,Restricted,Website,Member,1
TH-Theatre-845392,max.baker81@hotmail.co.uk,TQ2 3 NN,Max Baker,The Comedy Hour,2026-06-18,The Lyric,4,Standard,Website,Non-member,4
TH-Theatre-777773,ella.harris75@icloud.com,PL2 3 CE,Ella Harris,The Comedy Hour,2026-06-18,The Lyric,1,Restricted,Phone,Non-member,1
TH-Theatre-432647,ella.davies91@yahoo.co.uk,PL3 6 EC,Ella Davies,The Comedy Hour,2026-06-18,The Lyric,2,Restricted,Website,Non-member,2
TH-Theatre-461959,amelia.bell8@outlook.com,TA1 1 RR,Amelia Bell,Winter Performance,2026-07-21,The Lyric,1,Premium,Website,Non-member,1
TH-Theatre-636167,ruby.jones98@gmail.com,PL1 5 VW,Ruby Jones,Winter Performance,2026-07-21,The Lyric,1,Restricted,Website,Non-member,1
TH-Theatre-485465,phoebe.bell23@icloud.com,PL6 4 SO,Phoebe Bell,Winter Performance,2026-07-21,The Lyric,1,Standard,Website,Non-member,1
TH-Theatre-646248,grace.davies53@yahoo.co.uk,TQ1 6 DV,Grace Davies,Winter Performance,2026-07-21,The Lyric,2,Premium,Phone,Non-member,2
TH-Theatre-524899,thomas.scott62@gmail.com,PL19 1 QA,Thomas Scott,Winter Performance,2026-07-21,The Lyric,1,Premium,Phone,Non-member,1
TH-Theatre-222143,sophie.murphy8@icloud.com,PL3 9 CM,Sophie Murphy,Winter Performance,2026-07-21,The Lyric,1,Standard,Website,Non-member,1
TH-Theatre-523679,harry.baker63@outlook.com,PL2 3 ZL,Harry Baker,Winter Performance,2026-07-21,The Lyric,3,Restricted,Phone,Non-member,3
TH-Theatre-169473,alice.cook39@gmail.com,PL4 8 CG,Alice Cook,Winter Performance,2026-07-21,The Lyric,10,Restricted,Website,Non-member,10
TH-Theatre-982832,evie.turner8@icloud.com,EX1 9 TA,Evie Turner,Winter Performance,2026-07-21,The Lyric,1,Premium,Website,Member,1
TH-Theatre-561491,jacob.jackson54@gmail.com,TR7 3 SG,Jacob Jackson,Winter Performance,2026-07-21,The Lyric,4,Premium,Website,Non-member,4
TH-Theatre-614548,olivia.evans37@hotmail.co.uk,PL1 3 VN,Olivia Evans,Winter Performance,2026-07-21,The Lyric,10,Restricted,Website,Member,10
TH-Theatre-637334,noah.wood21@yahoo.co.uk,PL2 7 WD,Noah Wood,Winter Performance,2026-07-21,The Lyric,2,Restricted,Website,Non-member,2
TH-Theatre-555843,jacob.morgan8@hotmail.co.uk,EX4 8 KH,Jacob Morgan,Winter Performance,2026-07-21,The Lyric,1,Standard,Website,Non-member,1
TH-Theatre-364635,harry.clarke31@hotmail.co.uk,PL9 6 NA,Harry Clarke,Winter Performance,2026-07-21,The Lyric,10,Restricted,Website,Non-member,9
TH-Theatre-978557,jacob.morgan6@icloud.com,TA1 7 KB,Jacob Morgan,Winter Performance,2026-07-21,The Lyric,2,Standard,Website,Non-member,2
TH-Theatre-419379,sophie.hall71@gmail.com,PL6 9 MH,Sophie Hall,Winter Performance,2026-07-21,The Lyric,10,Premium,Website,Non-member,10
TH-Theatre-769830,ella.jackson65@outlook.com,PL1 9 GO,Ella Jackson,Winter Performance,2026-07-21,The Lyric,5,Restricted,Website,Member,5
TH-Theatre-487328,freya.white74@gmail.com,PL1 7 KS,Freya White,Winter Performance,2026-07-21,The Lyric,2,Standard,Website,Non-member,2
TH-Theatre-420354,ethan.taylor64@yahoo.co.uk,TR1 9 QB,Ethan Taylor,Winter Performance,2026-07-21,The Lyric,1,Premium,Website,Member,1
TH-Theatre-748060,thomas.morgan81@outlook.com,PL1 5 GJ,Thomas Morgan,Winter Performance,2026-07-21,The Lyric,10,Standard,Website,Non-member,9
TH-Theatre-298020,freya.jones38@yahoo.co.uk,PL1 2 SK,Freya Jones,Winter Performance,2026-07-21,The Lyric,1,Premium,Website,Non-member,1
TH-Theatre-754826,phoebe.walker46@outlook.com,TQ2 2 IW,Phoebe Walker,Winter Performance,2026-07-21,The Lyric,1,Standard,Website,Member,1
TH-Theatre-921204,phoebe.moore96@gmail.com,TQ4 8 CT,Phoebe Moore,Winter Performance,2026-07-21,The Lyric,2,Premium,Website,Non-member,1
TH-Theatre-165791,amelia.patel26@gmail.com,PL9 6 IT,Amelia Patel,Winter Performance,2026-07-21,The Lyric,1,Restricted,Walk-up,Non-member,1
TH-Theatre-697049,poppy.ahmed47@yahoo.co.uk,PL3 9 RN,Poppy Ahmed,Winter Performance,2026-07-21,The Lyric,2,Restricted,Phone,Member,2
TH-Theatre-965694,ruby.white53@outlook.com,PL6 7 MJ,Ruby White,Winter Performance,2026-07-21,The Lyric,1,Premium,Website,Non-member,1
TH-Theatre-622054,jessica.evans48@icloud.com,PL3 1 GS,Jessica Evans,Winter Performance,2026-07-21,The Lyric,1,Restricted,Website,Non-member,1
TH-Theatre-555697,jack.young46@hotmail.co.uk,PL3 5 IX,Jack Young,Winter Performance,2026-07-21,The Lyric,4,Premium,Website,Non-member,4
TH-Theatre-856867,samuel.thomas43@hotmail.co.uk,TQ4 2 QB,Samuel Thomas,Winter Performance,2026-07-21,The Lyric,1,Restricted,Website,Non-member,1
TH-Theatre-369732,emily.smith42@icloud.com,PL5 5 XI,Emily Smith,Winter Performance,2026-07-21,The Lyric,1,Standard,Website,Non-member,1
TH-Theatre-377391,jack.bennett39@icloud.com,PL6 1 QF,Jack Bennett,Winter Performance,2026-07-21,The Lyric,3,Standard,Website,Non-member,3
TH-Theatre-360136,amelia.bennett79@hotmail.co.uk,PL3 3 UK,Amelia Bennett,Winter Performance,2026-07-21,The Lyric,3,Standard,Phone,Non-member,3
TH-Theatre-441303,charlotte.thomas57@icloud.com,PL9 6 BP,Charlotte Thomas,Winter Performance,2026-07-21,The Lyric,1,Standard,Website,Non-member,1
TH-Theatre-369949,samuel.wilson73@outlook.com,TA6 1 QA,Samuel Wilson,Winter Performance,2026-07-21,The Lyric,1,Standard,Website,Member,0
TH-Theatre-882277,thomas.ward11@hotmail.co.uk,TQ12 5 BV,Thomas Ward,Winter Performance,2026-07-21,The Lyric,1,Restricted,Phone,Member,1
TH-Theatre-632141,george.cooper98@yahoo.co.uk,TR1 4 QC,George Cooper,Winter Performance,2026-07-21,The Lyric,1,Premium,Website,Non-member,1
TH-Theatre-134036,poppy.walker46@hotmail.co.uk,PL3 1 CO,Poppy Walker,Winter Performance,2026-07-21,The Lyric,1,Standard,Website,Non-member,1
TH-Theatre-106400,oliver.perry84@yahoo.co.uk,PL7 1 TN,Oliver Perry,Winter Performance,2026-07-21,The Lyric,4,Restricted,Phone,Non-member,4
TH-Theatre-645503,joshua.king73@yahoo.co.uk,PL7 7 VJ,Joshua King,Winter Performance,2026-07-21,The Lyric,1,Restricted,Website,Non-member,1
TH-Theatre-800142,ella.turner79@yahoo.co.uk,PL9 6 QX,Ella Turner,Winter Performance,2026-07-21,The Lyric,1,Premium,Walk-up,Non-member,1
TH-Theatre-602667,george.white93@outlook.com,PL5 7 HL,George White,Winter Performance,2026-07-21,The Lyric,3,Standard,Website,Non-member,3
TH-Theatre-272722,william.perry92@icloud.com,PL9 8 JZ,William Perry,Winter Performance,2026-07-21,The Lyric,4,Restricted,Website,Non-member,4
TH-Theatre-699377,charlie.johnson74@icloud.com,PL7 1 EQ,Charlie Johnson,Winter Performance,2026-07-21,The Lyric,1,Restricted,Website,Non-member,1
TH-Theatre-171196,james.cooper41@yahoo.co.uk,PL4 8 TP,James Cooper,Winter Performance,2026-07-21,The Lyric,1,Restricted,Website,Non-member,1
TH-Theatre-573603,lily.moore17@gmail.com,PL1 4 AH,Lily Moore,Winter Performance,2026-07-21,The Lyric,1,Standard,Phone,Non-member,1
TH-Theatre-655417,lily.ward28@gmail.com,PL4 2 PH,Lily Ward,Winter Performance,2026-07-21,The Lyric,1,Standard,Website,Non-member,1
TH-Theatre-565134,jack.king12@hotmail.co.uk,TQ1 1 HU,Jack King,Winter Performance,2026-07-21,The Lyric,1,Premium,Website,Non-member,1
TH-Theatre-101951,william.wood63@icloud.com,PL3 1 BV,William Wood,Winter Performance,2026-07-21,The Lyric,1,Restricted,Website,Non-member,1
TH-Theatre-652438,joshua.clarke41@yahoo.co.uk,PL3 9 RU,Joshua Clarke,Winter Performance,2026-07-21,The Lyric,1,Premium,Website,Non-member,1
TH-Theatre-371993,jacob.singh79@hotmail.co.uk,PL4 3 YZ,Jacob Singh,Winter Performance,2026-07-21,The Lyric,20,Restricted,Website,Non-member,17
TH-Theatre-499839,charlie.walker32@yahoo.co.uk,PL6 7 NH,Charlie Walker,Winter Performance,2026-07-21,The Lyric,1,Restricted,Website,Non-member,1
TH-Theatre-460620,henry.ward56@gmail.com,PL7 6 YC,Henry Ward,Winter Performance,2026-07-21,The Lyric,2,Premium,Website,Member,2
TH-Theatre-457173,freya.white79@gmail.com,TA1 3 HJ,Freya White,Winter Performance,2026-07-21,The Lyric,1,Restricted,Website,Non-member,1
TH-Theatre-707774,olivia.bell85@gmail.com,EX1 8 CX,Olivia Bell,Winter Performance,2026-07-21,The Lyric,3,Standard,Website,Non-member,3
TH-Theatre-461118,oliver.walker42@gmail.com,PL9 6 NG,Oliver Walker,Winter Performance,2026-07-21,The Lyric,2,Premium,Website,Member,2
TH-Theatre-105682,ethan.harris31@icloud.com,PL5 4 VT,Ethan Harris,Winter Performance,2026-07-21,The Lyric,1,Premium,Walk-up,Non-member,1
TH-Theatre-921557,noah.king86@yahoo.co.uk,PL6 4 BM,Noah King,Winter Performance,2026-07-21,The Lyric,4,Restricted,Phone,Member,3
TH-Theatre-610667,olivia.clarke94@gmail.com,PL9 7 JC,Olivia Clarke,Winter Performance,2026-07-21,The Lyric,1,Restricted,Phone,Non-member,1
TH-Theatre-280465,lucy.murphy28@outlook.com,PL7 1 PM,Lucy Murphy,Winter Performance,2026-07-21,The Lyric,4,Premium,Phone,Non-member,3
TH-Theatre-960727,megan.jones89@gmail.com,TQ4 5 LC,Megan Jones,Winter Performance,2026-07-21,The Lyric,3,Premium,Phone,Non-member,3
TH-Theatre-247147,chloe.hall80@icloud.com,PL2 3 TF,Chloe Hall,Winter Performance,2026-07-21,The Lyric,1,Restricted,Website,Non-member,1
TH-Theatre-903046,henry.brown45@outlook.com,PL6 1 KW,Henry Brown,Winter Performance,2026-07-21,The Lyric,5,Premium,Website,Non-member,5
TH-Theatre-955642,thomas.taylor94@hotmail.co.uk,PL7 6 PA,Thomas Taylor,Winter Performance,2026-07-21,The Lyric,2,Standard,Walk-up,Member,2
TH-Theatre-985528,jessica.king76@outlook.com,PL2 4 QP,Jessica King,Winter Performance,2026-07-21,The Lyric,2,Standard,Phone,Member,2
TH-Theatre-770097,sophie.smith85@hotmail.co.uk,PL14 1 NX,Sophie Smith,Winter Performance,2026-07-21,The Lyric,3,Standard,Website,Non-member,3
TH-Theatre-625106,james.smith76@outlook.com,PL3 1 KD,James Smith,Winter Performance,2026-07-21,The Lyric,4,Premium,Phone,Member,4
TH-Theatre-464787,george.roberts43@gmail.com,PL9 4 PD,George Roberts,Winter Performance,2026-07-21,The Lyric,10,Premium,Website,Non-member,9
TH-Theatre-554934,jessica.king53@hotmail.co.uk,PL5 8 IB,Jessica King,Winter Performance,2026-07-21,The Lyric,3,Standard,Website,Non-member,3
TH-Theatre-819591,samuel.allen66@outlook.com,PL9 4 FG,Samuel Allen,Winter Performance,2026-07-21,The Lyric,1,Restricted,Website,Non-member,1
TH-Theatre-217027,daniel.taylor85@hotmail.co.uk,PL7 6 XS,Daniel Taylor,Winter Performance,2026-07-21,The Lyric,2,Standard,Website,Non-member,2
TH-Theatre-295404,phoebe.hill54@icloud.com,TA1 2 EE,Phoebe Hill,Winter Performance,2026-07-21,The Lyric,2,Standard,Website,Member,2
TH-Theatre-260284,oliver.walker41@hotmail.co.uk,EX3 1 ZS,Oliver Walker,Winter Performance,2026-07-21,The Lyric,2,Standard,Website,Non-member,2
TH-Theatre-317387,joshua.morgan27@yahoo.co.uk,TQ12 6 GG,Joshua Morgan,Winter Performance,2026-07-21,The Lyric,5,Premium,Website,Non-member,5
TH-Theatre-167925,ethan.scott79@hotmail.co.uk,PL7 1 BV,Ethan Scott,Winter Performance,2026-07-21,The Lyric,2,Restricted,Website,Non-member,2
TH-Theatre-461072,henry.murphy33@hotmail.co.uk,PL9 8 VO,Henry Murphy,Winter Performance,2026-07-21,The Lyric,3,Premium,Website,Non-member,3
TH-Theatre-206736,jacob.smith93@outlook.com,TR7 5 AZ,Jacob Smith,Winter Performance,2026-07-21,The Lyric,1,Standard,Website,Non-member,1
TH-Theatre-370097,william.hall70@yahoo.co.uk,PL9 4 YU,William Hall,Winter Performance,2026-07-21,The Lyric,1,Restricted,Website,Non-member,1
TH-Theatre-350776,jack.smith74@hotmail.co.uk,PL19 3 OB,Jack Smith,Winter Performance,2026-07-21,The Lyric,2,Premium,Website,Non-member,2
TH-Theatre-353854,thomas.taylor31@icloud.com,PL1 7 VK,Thomas Taylor,Winter Performance,2026-07-21,The Lyric,10,Restricted,Phone,Non-member,9
TH-Theatre-384134,samuel.bennett33@outlook.com,PL3 1 MK,Samuel Bennett,Winter Performance,2026-07-21,The Lyric,1,Standard,Website,Non-member,1
TH-Theatre-817889,charlotte.harris91@icloud.com,PL4 4 XO,Charlotte Harris,Winter Performance,2026-07-21,The Lyric,2,Standard,Website,Non-member,2
TH-Theatre-556308,joshua.hill99@hotmail.co.uk,PL1 5 DH,Joshua Hill,Winter Performance,2026-07-21,The Lyric,1,Standard,Website,Non-member,1
TH-Theatre-966885,oliver.hill55@hotmail.co.uk,PL1 5 AC,Oliver Hill,Winter Performance,2026-07-21,The Lyric,5,Premium,Website,Non-member,5
TH-Theatre-520360,freya.evans89@yahoo.co.uk,PL4 7 GV,Freya Evans,Winter Performance,2026-07-21,The Lyric,1,Premium,Website,Non-member,0
TH-Theatre-176974,amelia.roberts1@icloud.com,PL5 5 TO,Amelia Roberts,Winter Performance,2026-07-21,The Lyric,20,Restricted,Walk-up,Non-member,19
TH-Theatre-680854,thomas.moore51@gmail.com,PL3 4 XQ,Thomas Moore,Winter Performance,2026-07-21,The Lyric,1,Premium,Walk-up,Non-member,1
TH-Theatre-104506,lucy.taylor40@outlook.com,PL3 7 ZY,Lucy Taylor,Winter Performance,2026-07-21,The Lyric,1,Standard,Website,Non-member,1
TH-Theatre-956423,amelia.scott65@yahoo.co.uk,PL9 2 RR,Amelia Scott,Winter Performance,2026-07-21,The Lyric,5,Restricted,Website,Non-member,4
TH-Theatre-253058,chloe.davies23@hotmail.co.uk,PL5 6 FD,Chloe Davies,Winter Performance,2026-07-21,The Lyric,1,Restricted,Phone,Non-member,1
TH-Theatre-843925,megan.baker62@gmail.com,PL1 6 MS,Megan Baker,Winter Performance,2026-07-21,The Lyric,2,Standard,Website,Non-member,2
TH-Theatre-536377,daniel.johnson24@hotmail.co.uk,PL5 8 YW,Daniel Johnson,Winter Performance,2026-07-21,The Lyric,1,Restricted,Website,Non-member,1
TH-Theatre-497133,mia.patel53@yahoo.co.uk,TQ4 2 SL,Mia Patel,Winter Performance,2026-07-21,The Lyric,1,Premium,Website,Non-member,1
TH-Theatre-566079,alice.cooper31@gmail.com,PL5 8 BE,Alice Cooper,Winter Performance,2026-07-21,The Lyric,3,Premium,Walk-up,Member,3
TH-Theatre-159961,lucy.morgan40@hotmail.co.uk,PL7 4 OB,Lucy Morgan,Winter Performance,2026-07-21,The Lyric,1,Premium,Website,Non-member,1
TH-Theatre-398201,ruby.bell77@hotmail.co.uk,PL5 7 IQ,Ruby Bell,Winter Performance,2026-07-21,The Lyric,4,Premium,Walk-up,Non-member,4
TH-Theatre-161382,olivia.taylor16@yahoo.co.uk,PL7 1 YA,Olivia Taylor,Winter Performance,2026-07-21,The Lyric,1,Restricted,Website,Member,1
TH-Theatre-415077,charlotte.collins58@gmail.com,TA6 6 GJ,Charlotte Collins,Winter Performance,2026-07-21,The Lyric,3,Standard,Website,Member,3
TH-Theatre-853339,jack.ahmed30@yahoo.co.uk,TA6 8 OX,Jack Ahmed,Winter Performance,2026-07-21,The Lyric,2,Premium,Website,Non-member,2
TH-Theatre-544138,charlie.roberts84@hotmail.co.uk,PL4 6 OT,Charlie Roberts,Winter Performance,2026-07-21,The Lyric,3,Standard,Website,Non-member,3
TH-Theatre-775942,olivia.allen6@outlook.com,PL6 5 CG,Olivia Allen,Winter Performance,2026-07-21,The Lyric,10,Premium,Website,Non-member,10
TH-Theatre-731138,emily.king5@yahoo.co.uk,PL5 4 PH,Emily King,Drama Workshop,2026-08-14,Theatre Royal Plymouth,4,Standard,Website,Member,
TH-Theatre-127757,leo.murphy1@gmail.com,PL6 2 JQ,Leo Murphy,Drama Workshop,2026-08-14,Theatre Royal Plymouth,2,Premium,Website,Non-member,
TH-Theatre-701879,poppy.walker46@hotmail.co.uk,PL3 1 CO,Poppy Walker,Drama Workshop,2026-08-14,Theatre Royal Plymouth,2,Premium,Walk-up,Non-member,
TH-Theatre-581532,jack.martin66@hotmail.co.uk,EX3 2 WR,Jack Martin,Drama Workshop,2026-08-14,Theatre Royal Plymouth,3,Restricted,Website,Non-member,
TH-Theatre-283514,jacob.hill72@icloud.com,TQ12 7 HP,Jacob Hill,Drama Workshop,2026-08-14,Theatre Royal Plymouth,1,Restricted,Website,Member,
TH-Theatre-733090,jack.ward56@gmail.com,PL6 2 LB,Jack Ward,Drama Workshop,2026-08-14,Theatre Royal Plymouth,1,Premium,Phone,Non-member,
TH-Theatre-432241,evie.evans44@outlook.com,TA6 8 JE,Evie Evans,Drama Workshop,2026-08-14,Theatre Royal Plymouth,3,Premium,Website,Non-member,
TH-Theatre-772562,megan.baker62@gmail.com,PL1 6 MS,Megan Baker,Drama Workshop,2026-08-14,Theatre Royal Plymouth,1,Restricted,Phone,Non-member,
TH-Theatre-826044,jack.king12@hotmail.co.uk,TQ1 1 HU,Jack King,Drama Workshop,2026-08-14,Theatre Royal Plymouth,1,Standard,Website,Non-member,
TH-Theatre-149444,phoebe.hill55@hotmail.co.uk,PL5 2 JL,Phoebe Hill,Drama Workshop,2026-08-14,Theatre Royal Plymouth,1,Restricted,Website,Non-member,
TH-Theatre-779386,joshua.king73@yahoo.co.uk,PL7 7 VJ,Joshua King,Drama Workshop,2026-08-14,Theatre Royal Plymouth,5,Premium,Website,Non-member,
TH-Theatre-511608,emily.singh78@yahoo.co.uk,PL7 7 TH,Emily Singh,Drama Workshop,2026-08-14,Theatre Royal Plymouth,2,Premium,Website,Non-member,
TH-Theatre-942285,max.allen53@outlook.com,TQ12 6 IZ,Max Allen,Drama Workshop,2026-08-14,Theatre Royal Plymouth,1,Premium,Walk-up,Non-member,
TH-Theatre-367080,lily.cook68@yahoo.co.uk,PL2 5 GB,Lily Cook,Drama Workshop,2026-08-14,Theatre Royal Plymouth,2,Premium,Website,Non-member,
TH-Theatre-775306,henry.smith9@gmail.com,PL14 9 AM,Henry Smith,Drama Workshop,2026-08-14,Theatre Royal Plymouth,2,Restricted,Website,Non-member,
TH-Theatre-745836,harry.ward13@hotmail.co.uk,PL7 7 GP,Harry Ward,Drama Workshop,2026-08-14,Theatre Royal Plymouth,2,Standard,Website,Member,
TH-Theatre-818764,phoebe.moore96@gmail.com,TQ4 8 CT,Phoebe Moore,Drama Workshop,2026-08-14,Theatre Royal Plymouth,2,Premium,Phone,Non-member,
TH-Theatre-347341,joshua.cooper32@gmail.com,PL2 7 PA,Joshua Cooper,Drama Workshop,2026-08-14,Theatre Royal Plymouth,1,Standard,Website,Non-member,
TH-Theatre-758623,mia.morgan95@outlook.com,PL4 9 ZV,Mia Morgan,Drama Workshop,2026-08-14,Theatre Royal Plymouth,4,Restricted,Phone,Non-member,
TH-Theatre-674718,lily.ward28@gmail.com,PL4 2 PH,Lily Ward,Drama Workshop,2026-08-14,Theatre Royal Plymouth,2,Restricted,Website,Non-member,
TH-Theatre-676947,samuel.thomas43@hotmail.co.uk,TQ4 2 QB,Samuel Thomas,Drama Workshop,2026-08-14,Theatre Royal Plymouth,3,Restricted,Website,Non-member,
TH-Theatre-265147,daniel.moore40@yahoo.co.uk,PL9 5 WM,Daniel Moore,Drama Workshop,2026-08-14,Theatre Royal Plymouth,2,Premium,Website,Non-member,
TH-Theatre-773674,william.baker1@gmail.com,PL3 9 UZ,William Baker,Drama Workshop,2026-08-14,Theatre Royal Plymouth,1,Restricted,Website,Non-member,
TH-Theatre-601419,george.young96@hotmail.co.uk,PL9 8 NP,George Young,Drama Workshop,2026-08-14,Theatre Royal Plymouth,20,Standard,Website,Non-member,
TH-Theatre-420966,jack.baker56@yahoo.co.uk,PL3 7 XS,Jack Baker,Drama Workshop,2026-08-14,Theatre Royal Plymouth,5,Premium,Phone,Non-member,
TH-Theatre-761258,chloe.allen30@yahoo.co.uk,PL9 4 IR,Chloe Allen,Drama Workshop,2026-08-14,Theatre Royal Plymouth,1,Standard,Website,Member,
TH-Theatre-194787,chloe.ward84@yahoo.co.uk,PL2 1 FX,Chloe Ward,Drama Workshop,2026-08-14,Theatre Royal Plymouth,1,Standard,Walk-up,Non-member,
TH-Theatre-509988,henry.morgan30@icloud.com,PL3 9 XE,Henry Morgan,Drama Workshop,2026-08-14,Theatre Royal Plymouth,1,Standard,Website,Non-member,
TH-Theatre-766274,ruby.wood29@outlook.com,TA1 9 AJ,Ruby Wood,Drama Workshop,2026-08-14,Theatre Royal Plymouth,1,Premium,Website,Non-member,
TH-Theatre-143132,emma.collins17@hotmail.co.uk,PL3 9 PK,Emma Collins,Drama Workshop,2026-08-14,Theatre Royal Plymouth,1,Premium,Walk-up,Non-member,
TH-Theatre-333652,oscar.baker57@outlook.com,PL3 6 QP,Oscar Baker,Drama Workshop,2026-08-14,Theatre Royal Plymouth,20,Standard,Website,Non-member,
TH-Theatre-447055,oscar.green83@outlook.com,PL7 5 FX,Oscar Green,Drama Workshop,2026-08-14,Theatre Royal Plymouth,10,Restricted,Website,Non-member,
TH-Theatre-458806,evie.brown31@yahoo.co.uk,PL1 3 WX,Evie Brown,Drama Workshop,2026-08-14,Theatre Royal Plymouth,2,Standard,Walk-up,Member,
TH-Theatre-477061,thomas.white23@icloud.com,PL19 1 LE,Thomas White,Drama Workshop,2026-08-14,Theatre Royal Plymouth,2,Restricted,Website,Member,
TH-Theatre-178048,charlie.bell8@hotmail.co.uk,PL9 1 FX,Charlie Bell,Drama Workshop,2026-08-14,Theatre Royal Plymouth,2,Restricted,Website,Member,
TH-Theatre-999456,thomas.jones92@icloud.com,PL1 5 DP,Thomas Jones,Drama Workshop,2026-08-14,Theatre Royal Plymouth,1,Restricted,Walk-up,Non-member,
TH-Theatre-517924,olivia.bell85@gmail.com,EX1 8 CX,Olivia Bell,Drama Workshop,2026-08-14,Theatre Royal Plymouth,10,Standard,Website,Non-member,
TH-Theatre-992166,charlie.johnson74@icloud.com,PL7 1 EQ,Charlie Johnson,Drama Workshop,2026-08-14,Theatre Royal Plymouth,1,Restricted,Website,Non-member,
TH-Theatre-485722,henry.smith1@yahoo.co.uk,PL7 8 RH,Henry Smith,Dance Showcase,2026-08-15,Theatre Royal Plymouth,2,Standard,Website,Non-member,
TH-Theatre-330378,ella.johnson21@gmail.com,TQ2 4 XZ,Ella Johnson,Dance Showcase,2026-08-15,Theatre Royal Plymouth,3,Standard,Website,Non-member,
TH-Theatre-289918,lily.ward28@gmail.com,PL4 2 PH,Lily Ward,Dance Showcase,2026-08-15,Theatre Royal Plymouth,1,Standard,Website,Non-member,
TH-Theatre-470719,samuel.smith37@gmail.com,PL5 8 XL,Samuel Smith,Dance Showcase,2026-08-15,Theatre Royal Plymouth,10,Restricted,Website,Non-member,
TH-Theatre-191084,freya.white74@gmail.com,PL1 7 KS,Freya White,Dance Showcase,2026-08-15,Theatre Royal Plymouth,1,Restricted,Website,Non-member,
TH-Theatre-942702,joshua.white38@outlook.com,PL19 4 WV,Joshua White,Dance Showcase,2026-08-15,Theatre Royal Plymouth,1,Standard,Website,Non-member,
TH-Theatre-741925,jessica.allen36@gmail.com,PL9 9 LW,Jessica Allen,Dance Showcase,2026-08-15,Theatre Royal Plymouth,1,Restricted,Website,Member,
TH-Theatre-875202,thomas.clarke47@icloud.com,PL2 8 EB,Thomas Clarke,Dance Showcase,2026-08-15,Theatre Royal Plymouth,1,Restricted,Website,Member,
TH-Theatre-309319,oscar.baker57@outlook.com,PL3 6 QP,Oscar Baker,Dance Showcase,2026-08-15,Theatre Royal Plymouth,1,Restricted,Website,Non-member,
TH-Theatre-621673,ella.perry55@icloud.com,PL7 5 VN,Ella Perry,Dance Showcase,2026-08-15,Theatre Royal Plymouth,4,Premium,Website,Non-member,
TH-Theatre-916676,george.roberts43@gmail.com,PL9 4 PD,George Roberts,Dance Showcase,2026-08-15,Theatre Royal Plymouth,1,Premium,Phone,Non-member,
TH-Theatre-118667,amelia.singh20@outlook.com,PL9 1 JL,Amelia Singh,Dance Showcase,2026-08-15,Theatre Royal Plymouth,1,Standard,Website,Non-member,
TH-Theatre-332558,emily.jones38@hotmail.co.uk,PL1 5 CA,Emily Jones,Dance Showcase,2026-08-15,Theatre Royal Plymouth,1,Standard,Walk-up,Non-member,
TH-Theatre-530622,grace.jones77@icloud.com,PL1 1 HY,Grace Jones,Dance Showcase,2026-08-15,Theatre Royal Plymouth,3,Premium,Website,Non-member,
TH-Theatre-671903,alice.wilson15@icloud.com,PL6 7 MW,Alice Wilson,Dance Showcase,2026-08-15,Theatre Royal Plymouth,2,Standard,Phone,Non-member,
TH-Theatre-448757,george.hall80@outlook.com,PL5 6 KW,George Hall,Dance Showcase,2026-08-15,Theatre Royal Plymouth,1,Standard,Website,Non-member,
TH-Theatre-571885,jacob.brown32@hotmail.co.uk,PL4 1 NE,Jacob Brown,Dance Showcase,2026-08-15,Theatre Royal Plymouth,1,Restricted,Website,Non-member,
TH-Theatre-777535,chloe.scott88@yahoo.co.uk,PL5 4 GK,Chloe Scott,Dance Showcase,2026-08-15,Theatre Royal Plymouth,2,Standard,Phone,Non-member,
TH-Theatre-848540,jacob.smith93@outlook.com,TR7 5 AZ,Jacob Smith,Dance Showcase,2026-08-15,Theatre Royal Plymouth,4,Standard,Website,Member,
TH-Theatre-858183,joshua.king73@yahoo.co.uk,PL7 7 VJ,Joshua King,Dance Showcase,2026-08-15,Theatre Royal Plymouth,1,Premium,Website,Non-member,
TH-Theatre-436408,jessica.ward44@outlook.com,PL2 2 KV,Jessica Ward,Dance Showcase,2026-08-15,Theatre Royal Plymouth,2,Standard,Website,Non-member,
TH-Theatre-353719,emma.roberts87@hotmail.co.uk,PL7 4 HE,Emma Roberts,Dance Showcase,2026-08-15,Theatre Royal Plymouth,2,Restricted,Website,Non-member,
TH-Theatre-500679,oscar.hall32@outlook.com,PL2 9 ZL,Oscar Hall,Dance Showcase,2026-08-15,Theatre Royal Plymouth,1,Standard,Website,Non-member,
TH-Theatre-522537,ethan.king91@gmail.com,EX2 9 GF,Ethan King,Dance Showcase,2026-08-15,Theatre Royal Plymouth,4,Restricted,Website,Non-member,
TH-Theatre-681882,megan.white84@outlook.com,TQ2 4 CN,Megan White,Dance Showcase,2026-08-15,Theatre Royal Plymouth,2,Premium,Phone,Non-member,
TH-Theatre-287451,ella.davies91@yahoo.co.uk,PL3 6 EC,Ella Davies,Dance Showcase,2026-08-15,Theatre Royal Plymouth,2,Restricted,Website,Member,
TH-Theatre-825109,sophie.white30@gmail.com,TA1 8 ZO,Sophie White,Dance Showcase,2026-08-15,Theatre Royal Plymouth,1,Standard,Website,Non-member,
TH-Theatre-656248,evie.thomas46@gmail.com,PL5 5 DM,Evie Thomas,Dance Showcase,2026-08-15,Theatre Royal Plymouth,3,Restricted,Phone,Non-member,
TH-Theatre-524901,lily.walker80@outlook.com,TR1 6 FE,Lily Walker,Dance Showcase,2026-08-15,Theatre Royal Plymouth,2,Premium,Website,Non-member,
TH-Theatre-180078,freya.evans89@yahoo.co.uk,PL4 7 GV,Freya Evans,Dance Showcase,2026-08-15,Theatre Royal Plymouth,1,Restricted,Walk-up,Member,
TH-Theatre-920522,charlotte.williams51@gmail.com,PL9 3 IQ,Charlotte Williams,Dance Showcase,2026-08-15,Theatre Royal Plymouth,1,Standard,Website,Non-member,
TH-Theatre-502168,lucy.jackson96@icloud.com,PL2 5 ON,Lucy Jackson,Dance Showcase,2026-08-15,Theatre Royal Plymouth,1,Standard,Website,Non-member,
TH-Theatre-464549,harry.johnson78@outlook.com,PL7 2 OH,Harry Johnson,Dance Showcase,2026-08-15,Theatre Royal Plymouth,2,Standard,Website,Member,
TH-Theatre-356415,ethan.smith89@yahoo.co.uk,PL2 1 PI,Ethan Smith,Dance Showcase,2026-08-15,Theatre Royal Plymouth,1,Restricted,Website,Non-member,
TH-Theatre-659347,jacob.ahmed26@icloud.com,PL3 7 PO,Jacob Ahmed,Dance Showcase,2026-08-15,Theatre Royal Plymouth,1,Standard,Website,Non-member,
TH-Theatre-891210,oliver.evans37@outlook.com,TA6 8 DE,Oliver Evans,Dance Showcase,2026-08-15,Theatre Royal Plymouth,2,Restricted,Website,Non-member,
TH-Theatre-470139,william.patel75@icloud.com,PL9 7 VK,William Patel,Dance Showcase,2026-08-15,Theatre Royal Plymouth,2,Standard,Phone,Non-member,
TH-Theatre-643308,henry.brown55@outlook.com,PL7 8 UZ,Henry Brown,Dance Showcase,2026-08-15,Theatre Royal Plymouth,40,Restricted,Website,Non-member,
TH-Theatre-729804,amelia.bennett91@gmail.com,TQ3 1 QR,Amelia Bennett,Dance Showcase,2026-08-15,Theatre Royal Plymouth,3,Standard,Phone,Non-member,
TH-Theatre-414322,sophie.allen14@gmail.com,PL12 3 RY,Sophie Allen,Dance Showcase,2026-08-15,Theatre Royal Plymouth,3,Restricted,Website,Member,
TH-Theatre-357293,alfie.jackson86@hotmail.co.uk,PL9 3 AG,Alfie Jackson,Dance Showcase,2026-08-15,Theatre Royal Plymouth,2,Premium,Website,Non-member,
TH-Theatre-685113,joshua.jackson92@hotmail.co.uk,PL7 9 DB,Joshua Jackson,Dance Showcase,2026-08-15,Theatre Royal Plymouth,1,Restricted,Website,Non-member,
TH-Theatre-777830,james.murphy11@gmail.com,TA6 7 SC,James Murphy,Dance Showcase,2026-08-15,Theatre Royal Plymouth,1,Premium,Website,Non-member,
TH-Theatre-257531,alice.collins60@gmail.com,TQ12 3 MQ,Alice Collins,Dance Showcase,2026-08-15,Theatre Royal Plymouth,1,Restricted,Website,Non-member,
TH-Theatre-617220,sophie.harris61@gmail.com,PL9 5 RN,Sophie Harris,Dance Showcase,2026-08-15,Theatre Royal Plymouth,20,Restricted,Website,Non-member,
TH-Theatre-272834,charlie.johnson74@icloud.com,PL7 1 EQ,Charlie Johnson,Dance Showcase,2026-08-15,Theatre Royal Plymouth,2,Standard,Phone,Non-member,
TH-Theatre-760751,oscar.brown63@hotmail.co.uk,TR7 1 IK,Oscar Brown,Dance Showcase,2026-08-15,Theatre Royal Plymouth,2,Premium,Website,Non-member,
TH-Theatre-819016,oliver.walker42@gmail.com,PL9 6 NG,Oliver Walker,Dance Showcase,2026-08-15,Theatre Royal Plymouth,2,Premium,Website,Non-member,
TH-Theatre-909202,ethan.taylor79@outlook.com,PL1 4 VO,Ethan Taylor,Dance Showcase,2026-08-15,Theatre Royal Plymouth,1,Premium,Website,Non-member,
TH-Theatre-612522,alice.harris58@yahoo.co.uk,PL2 2 WD,Alice Harris,Dance Showcase,2026-08-15,Theatre Royal Plymouth,1,Restricted,Website,Member,
TH-Theatre-166966,mia.green86@icloud.com,PL6 7 BI,Mia Green,Dance Showcase,2026-08-15,Theatre Royal Plymouth,1,Premium,Phone,Non-member,
TH-Theatre-621862,freya.white79@gmail.com,TA1 3 HJ,Freya White,Dance Showcase,2026-08-15,Theatre Royal Plymouth,1,Restricted,Website,Non-member,
TH-Theatre-837250,william.perry92@icloud.com,PL9 8 JZ,William Perry,Dance Showcase,2026-08-15,Theatre Royal Plymouth,1,Restricted,Website,Non-member,
TH-Theatre-329904,alice.hall94@hotmail.co.uk,PL7 5 UC,Alice Hall,Dance Showcase,2026-08-15,Theatre Royal Plymouth,5,Premium,Phone,Non-member,
TH-Theatre-749809,samuel.hall42@icloud.com,PL2 7 AY,Samuel Hall,Dance Showcase,2026-08-15,Theatre Royal Plymouth,1,Restricted,Walk-up,Non-member,
TH-Theatre-754224,grace.hill96@gmail.com,TA1 6 WU,Grace Hill,Dance Showcase,2026-08-15,Theatre Royal Plymouth,2,Restricted,Walk-up,Non-member,
TH-Theatre-735057,charlotte.white6@yahoo.co.uk,PL4 5 VK,Charlotte White,Dance Showcase,2026-08-15,Theatre Royal Plymouth,1,Standard,Website,Non-member,
TH-Theatre-182508,lucy.white41@outlook.com,PL21 5 IO,Lucy White,Spring Festival,2026-08-22,Theatre Royal Plymouth,3,Standard,Website,Non-member,
TH-Theatre-794420,samuel.allen66@outlook.com,PL9 4 FG,Samuel Allen,Spring Festival,2026-08-22,Theatre Royal Plymouth,1,Restricted,Phone,Non-member,
TH-Theatre-253858,lily.perry88@yahoo.co.uk,PL7 7 OS,Lily Perry,Spring Festival,2026-08-22,Theatre Royal Plymouth,2,Premium,Website,Non-member,
TH-Theatre-839884,mia.morgan95@outlook.com,PL4 9 ZV,Mia Morgan,Spring Festival,2026-08-22,Theatre Royal Plymouth,2,Restricted,Walk-up,Non-member,
TH-Theatre-495540,harry.johnson78@outlook.com,PL7 2 OH,Harry Johnson,Spring Festival,2026-08-22,Theatre Royal Plymouth,1,Premium,Website,Non-member,
TH-Theatre-947005,jack.jones21@outlook.com,PL9 1 RJ,Jack Jones,Spring Festival,2026-08-22,Theatre Royal Plymouth,3,Standard,Website,Member,
TH-Theatre-225042,jessica.ahmed61@icloud.com,PL6 1 ZU,Jessica Ahmed,Spring Festival,2026-08-22,Theatre Royal Plymouth,1,Standard,Website,Non-member,
TH-Theatre-627649,jacob.morgan8@hotmail.co.uk,EX4 8 KH,Jacob Morgan,Spring Festival,2026-08-22,Theatre Royal Plymouth,1,Premium,Website,Non-member,
TH-Theatre-900352,jacob.wood65@outlook.com,PL7 1 QG,Jacob Wood,Spring Festival,2026-08-22,Theatre Royal Plymouth,1,Restricted,Website,Member,
TH-Theatre-329474,emma.bell29@outlook.com,PL3 3 ZB,Emma Bell,Spring Festival,2026-08-22,Theatre Royal Plymouth,1,Premium,Phone,Non-member,
TH-Theatre-663947,william.johnson3@hotmail.co.uk,PL9 3 FV,William Johnson,Spring Festival,2026-08-22,Theatre Royal Plymouth,2,Standard,Website,Non-member,
TH-Theatre-203153,olivia.johnson35@icloud.com,PL1 6 OV,Olivia Johnson,Spring Festival,2026-08-22,Theatre Royal Plymouth,4,Standard,Website,Member,
TH-Theatre-742026,evie.clarke58@icloud.com,PL12 6 FO,Evie Clarke,Spring Festival,2026-08-22,Theatre Royal Plymouth,1,Standard,Website,Non-member,
TH-Theatre-138424,olivia.allen6@outlook.com,PL6 5 CG,Olivia Allen,Spring Festival,2026-08-22,Theatre Royal Plymouth,2,Premium,Website,Non-member,
TH-Theatre-545817,ella.jones77@icloud.com,TA6 8 JH,Ella Jones,Spring Festival,2026-08-22,Theatre Royal Plymouth,2,Standard,Walk-up,Non-member,
TH-Theatre-985112,mia.turner29@icloud.com,TQ4 9 IU,Mia Turner,Spring Festival,2026-08-22,Theatre Royal Plymouth,2,Premium,Website,Member,
TH-Theatre-587973,olivia.white18@yahoo.co.uk,PL1 3 FZ,Olivia White,Spring Festival,2026-08-22,Theatre Royal Plymouth,1,Standard,Website,Non-member,
TH-Theatre-599423,sophie.smith85@hotmail.co.uk,PL14 1 NX,Sophie Smith,Spring Festival,2026-08-22,Theatre Royal Plymouth,2,Standard,Website,Non-member,
TH-Theatre-822436,thomas.hill87@yahoo.co.uk,TQ3 5 ZK,Thomas Hill,Spring Festival,2026-08-22,Theatre Royal Plymouth,2,Restricted,Walk-up,Non-member,
TH-Theatre-717761,samuel.williams15@yahoo.co.uk,PL6 8 IP,Samuel Williams,Spring Festival,2026-08-22,Theatre Royal Plymouth,1,Restricted,Website,Non-member,
TH-Theatre-209205,evie.white58@icloud.com,PL21 8 SG,Evie White,Spring Festival,2026-08-22,Theatre Royal Plymouth,1,Restricted,Website,Non-member,
TH-Theatre-676013,james.cooper98@hotmail.co.uk,PL19 4 GM,James Cooper,Spring Festival,2026-08-22,Theatre Royal Plymouth,2,Standard,Website,Non-member,
TH-Theatre-757591,george.young96@hotmail.co.uk,PL9 8 NP,George Young,Spring Festival,2026-08-22,Theatre Royal Plymouth,2,Premium,Website,Member,
TH-Theatre-179663,thomas.white23@icloud.com,PL19 1 LE,Thomas White,Spring Festival,2026-08-22,Theatre Royal Plymouth,1,Premium,Website,Non-member,
TH-Theatre-524844,lucy.allen88@outlook.com,PL2 7 TL,Lucy Allen,Spring Festival,2026-08-22,Theatre Royal Plymouth,1,Standard,Website,Non-member,
TH-Theatre-646051,max.allen53@outlook.com,TQ12 6 IZ,Max Allen,Spring Festival,2026-08-22,Theatre Royal Plymouth,2,Restricted,Website,Non-member,
TH-Theatre-359190,olivia.cooper94@outlook.com,TR7 1 SW,Olivia Cooper,Spring Festival,2026-08-22,Theatre Royal Plymouth,1,Premium,Website,Member,
TH-Theatre-687051,alfie.walker51@hotmail.co.uk,PL4 3 TZ,Alfie Walker,Spring Festival,2026-08-22,Theatre Royal Plymouth,2,Standard,Website,Non-member,
TH-Theatre-624200,noah.wilson93@outlook.com,PL3 6 TO,Noah Wilson,Spring Festival,2026-08-22,Theatre Royal Plymouth,1,Restricted,Website,Non-member,
TH-Theatre-538833,harry.baker63@outlook.com,PL2 3 ZL,Harry Baker,Spring Festival,2026-08-22,Theatre Royal Plymouth,1,Standard,Website,Non-member,
TH-Theatre-394765,grace.patel2@hotmail.co.uk,PL9 2 XB,Grace Patel,Spring Festival,2026-08-22,Theatre Royal Plymouth,1,Premium,Phone,Non-member,
TH-Theatre-737624,thomas.white47@hotmail.co.uk,PL7 7 HO,Thomas White,Spring Festival,2026-08-22,Theatre Royal Plymouth,4,Standard,Website,Non-member,
TH-Theatre-173712,chloe.hall73@icloud.com,PL2 2 PK,Chloe Hall,Spring Festival,2026-08-22,Theatre Royal Plymouth,2,Restricted,Website,Non-member,
TH-Theatre-714221,jacob.turner45@icloud.com,PL9 7 AA,Jacob Turner,Spring Festival,2026-08-22,Theatre Royal Plymouth,2,Premium,Website,Non-member,
TH-Theatre-561401,lucy.taylor40@outlook.com,PL3 7 ZY,Lucy Taylor,Spring Festival,2026-08-22,Theatre Royal Plymouth,3,Premium,Website,Non-member,
TH-Theatre-835865,ella.perry57@hotmail.co.uk,PL6 4 RI,Ella Perry,Spring Festival,2026-08-22,Theatre Royal Plymouth,1,Standard,Website,Non-member,
TH-Theatre-961525,evie.bell66@outlook.com,PL6 1 HV,Evie Bell,Spring Festival,2026-08-22,Theatre Royal Plymouth,1,Premium,Website,Non-member,
TH-Theatre-823524,sophie.harris90@gmail.com,PL19 9 UN,Sophie Harris,Spring Festival,2026-08-22,Theatre Royal Plymouth,2,Restricted,Phone,Non-member,
TH-Theatre-761270,emma.collins17@hotmail.co.uk,PL3 9 PK,Emma Collins,Spring Festival,2026-08-22,Theatre Royal Plymouth,1,Restricted,Website,Non-member,
TH-Theatre-678460,samuel.hall15@outlook.com,PL5 8 QW,Samuel Hall,Spring Festival,2026-08-22,Theatre Royal Plymouth,1,Restricted,Phone,Non-member,
TH-Theatre-191336,phoebe.evans92@yahoo.co.uk,PL4 5 DD,Phoebe Evans,Spring Festival,2026-08-22,Theatre Royal Plymouth,1,Restricted,Website,Non-member,
TH-Theatre-630233,max.hill35@yahoo.co.uk,PL1 1 TF,Max Hill,Spring Festival,2026-08-22,Theatre Royal Plymouth,3,Restricted,Walk-up,Non-member,
TH-Theatre-619514,freya.jones38@yahoo.co.uk,PL1 2 SK,Freya Jones,Spring Festival,2026-08-22,Theatre Royal Plymouth,1,Standard,Website,Non-member,
TH-Theatre-611622,chloe.ward84@yahoo.co.uk,PL2 1 FX,Chloe Ward,Spring Festival,2026-08-22,Theatre Royal Plymouth,1,Premium,Phone,Member,
TH-Theatre-697295,lily.moore17@gmail.com,PL1 4 AH,Lily Moore,Spring Festival,2026-08-22,Theatre Royal Plymouth,2,Restricted,Website,Non-member,
TH-Theatre-927676,max.baker81@hotmail.co.uk,TQ2 3 NN,Max Baker,Spring Festival,2026-08-22,Theatre Royal Plymouth,10,Standard,Website,Non-member,
TH-Theatre-654732,ella.davies91@yahoo.co.uk,PL3 6 EC,Ella Davies,Spring Festival,2026-08-22,Theatre Royal Plymouth,2,Premium,Website,Non-member,
TH-Theatre-561764,jack.ward91@yahoo.co.uk,PL2 5 EF,Jack Ward,Spring Festival,2026-08-22,Theatre Royal Plymouth,3,Standard,Website,Non-member,
TH-Theatre-309943,phoebe.king34@hotmail.co.uk,PL9 5 EQ,Phoebe King,Spring Festival,2026-08-22,Theatre Royal Plymouth,2,Restricted,Website,Non-member,
TH-Theatre-825873,william.bell4@yahoo.co.uk,PL5 5 RN,William Bell,Spring Festival,2026-08-22,Theatre Royal Plymouth,4,Restricted,Website,Non-member,
TH-Theatre-459658,amelia.bennett79@hotmail.co.uk,PL3 3 UK,Amelia Bennett,Spring Festival,2026-08-22,Theatre Royal Plymouth,1,Standard,Walk-up,Non-member,
TH-Theatre-361801,max.walker81@hotmail.co.uk,TQ3 3 LL,Max Walker,Spring Festival,2026-08-22,Theatre Royal Plymouth,1,Restricted,Website,Non-member,
TH-Theatre-342868,charlie.patel78@icloud.com,TQ12 7 ST,Charlie Patel,Spring Festival,2026-08-22,Theatre Royal Plymouth,20,Standard,Walk-up,Member,
TH-Theatre-511180,jessica.moore19@icloud.com,TQ1 9 AL,Jessica Moore,Spring Festival,2026-08-22,Theatre Royal Plymouth,4,Premium,Walk-up,Non-member,
TH-Theatre-195101,emily.king5@yahoo.co.uk,PL5 4 PH,Emily King,Spring Festival,2026-08-22,Theatre Royal Plymouth,10,Standard,Website,Member,
TH-Theatre-313985,phoebe.cook46@gmail.com,PL3 9 XN,Phoebe Cook,Spring Festival,2026-08-22,Theatre Royal Plymouth,3,Standard,Phone,Non-member,
TH-Theatre-392627,alice.ahmed89@gmail.com,EX4 2 GV,Alice Ahmed,Spring Festival,2026-08-22,Theatre Royal Plymouth,1,Standard,Website,Non-member,
TH-Theatre-132847,thomas.clarke47@icloud.com,PL2 8 EB,Thomas Clarke,Spring Festival,2026-08-22,Theatre Royal Plymouth,2,Restricted,Website,Non-member,
TH-Theatre-760781,joshua.cooper81@yahoo.co.uk,PL2 7 EQ,Joshua Cooper,Spring Festival,2026-08-22,Theatre Royal Plymouth,1,Premium,Website,Non-member,
TH-Theatre-415875,jessica.evans21@outlook.com,PL3 2 KP,Jessica Evans,Spring Festival,2026-08-22,Theatre Royal Plymouth,1,Restricted,Phone,Member,
TH-Theatre-466728,alice.allen88@hotmail.co.uk,TA6 3 ZR,Alice Allen,Spring Festival,2026-08-22,Theatre Royal Plymouth,10,Standard,Website,Non-member,
TH-Theatre-366519,noah.king86@yahoo.co.uk,PL6 4 BM,Noah King,Spring Festival,2026-08-22,Theatre Royal Plymouth,1,Premium,Website,Non-member,
TH-Theatre-213661,thomas.moore51@gmail.com,PL3 4 XQ,Thomas Moore,Spring Festival,2026-08-22,Theatre Royal Plymouth,1,Standard,Website,Member,
TH-Theatre-984421,alice.cooper31@gmail.com,PL5 8 BE,Alice Cooper,Spring Festival,2026-08-22,Theatre Royal Plymouth,1,Premium,Website,Non-member,
TH-Theatre-749005,ella.ward91@yahoo.co.uk,PL3 2 UR,Ella Ward,Spring Festival,2026-08-22,Theatre Royal Plymouth,20,Restricted,Website,Non-member,
TH-Theatre-382204,henry.murphy33@hotmail.co.uk,PL9 8 VO,Henry Murphy,Spring Festival,2026-08-22,Theatre Royal Plymouth,3,Restricted,Phone,Non-member,
TH-Theatre-662696,alice.wood48@yahoo.co.uk,PL3 1 UM,Alice Wood,Spring Festival,2026-08-22,Theatre Royal Plymouth,4,Restricted,Walk-up,Member,
TH-Theatre-311064,oliver.davies65@outlook.com,PL1 3 TB,Oliver Davies,Spring Festival,2026-08-22,Theatre Royal Plymouth,3,Standard,Website,Non-member,
TH-Theatre-531298,george.roberts43@gmail.com,PL9 4 PD,George Roberts,Spring Festival,2026-08-22,Theatre Royal Plymouth,2,Restricted,Website,Non-member,
TH-Theatre-701653,phoebe.hill55@hotmail.co.uk,PL5 2 JL,Phoebe Hill,Spring Festival,2026-08-22,Theatre Royal Plymouth,5,Premium,Website,Non-member,
TH-Theatre-889375,megan.thomas59@yahoo.co.uk,TQ1 9 YM,Megan Thomas,Spring Festival,2026-08-22,Theatre Royal Plymouth,1,Premium,Website,Non-member,
TH-Theatre-634060,max.singh73@yahoo.co.uk,TR7 5 LC,Max Singh,Spring Festival,2026-08-22,Theatre Royal Plymouth,2,Restricted,Phone,Non-member,
TH-Theatre-905889,lucy.moore17@gmail.com,PL7 6 IC,Lucy Moore,Spring Festival,2026-08-22,Theatre Royal Plymouth,4,Standard,Phone,Non-member,
TH-Theatre-298138,jack.bennett55@icloud.com,PL4 3 HY,Jack Bennett,Spring Festival,2026-08-22,Theatre Royal Plymouth,3,Restricted,Walk-up,Non-member,
TH-Theatre-480688,mia.cook76@yahoo.co.uk,TQ12 2 QM,Mia Cook,Spring Festival,2026-08-22,Theatre Royal Plymouth,1,Restricted,Website,Non-member,
TH-Theatre-302752,lucy.collins49@gmail.com,PL3 3 YC,Lucy Collins,Spring Festival,2026-08-22,Theatre Royal Plymouth,1,Standard,Website,Non-member,
TH-Theatre-250161,freya.hall71@icloud.com,PL4 1 NK,Freya Hall,Spring Festival,2026-08-22,Theatre Royal Plymouth,1,Standard,Website,Non-member,
TH-Theatre-378139,henry.white23@outlook.com,PL9 5 SA,Henry White,Spring Festival,2026-08-22,Theatre Royal Plymouth,1,Standard,Website,Non-member,
TH-Theatre-933169,alice.jackson80@yahoo.co.uk,PL5 1 NL,Alice Jackson,Spring Festival,2026-08-22,Theatre Royal Plymouth,3,Standard,Phone,Non-member,
TH-Theatre-394729,emily.allen50@hotmail.co.uk,PL21 2 KC,Emily Allen,Spring Festival,2026-08-22,Theatre Royal Plymouth,2,Premium,Website,Non-member,
TH-Theatre-736630,phoebe.walker46@outlook.com,TQ2 2 IW,Phoebe Walker,Spring Festival,2026-08-22,Theatre Royal Plymouth,20,Premium,Website,Non-member,
TH-Theatre-486488,olivia.bell85@gmail.com,EX1 8 CX,Olivia Bell,Spring Festival,2026-08-22,Theatre Royal Plymouth,1,Standard,Website,Non-member,
TH-Theatre-653206,leo.white34@outlook.com,PL3 6 HW,Leo White,Spring Festival,2026-08-22,Theatre Royal Plymouth,1,Standard,Website,Non-member,
TH-Theatre-802865,henry.singh85@icloud.com,PL6 6 PR,Henry Singh,Spring Festival,2026-08-22,Theatre Royal Plymouth,2,Premium,Website,Non-member,
TH-Theatre-604256,amelia.scott11@gmail.com,PL1 5 BB,Amelia Scott,Spring Festival,2026-08-22,Theatre Royal Plymouth,4,Restricted,Website,Non-member,
TH-Theatre-670967,thomas.evans98@yahoo.co.uk,PL2 6 KA,Thomas Evans,Spring Festival,2026-08-22,Theatre Royal Plymouth,1,Standard,Website,Non-member,
TH-Theatre-245474,alice.cook58@hotmail.co.uk,PL6 4 SY,Alice Cook,Spring Festival,2026-08-22,Theatre Royal Plymouth,2,Restricted,Website,Non-member,
TH-Theatre-423595,freya.cook64@yahoo.co.uk,PL2 4 CZ,Freya Cook,Spring Festival,2026-08-22,Theatre Royal Plymouth,1,Restricted,Website,Non-member,
TH-Theatre-232214,henry.evans60@yahoo.co.uk,PL6 8 SB,Henry Evans,Spring Festival,2026-08-22,Theatre Royal Plymouth,3,Premium,Phone,Non-member,
TH-Theatre-157273,megan.hall87@icloud.com,PL7 6 AU,Megan Hall,Spring Festival,2026-08-22,Theatre Royal Plymouth,2,Premium,Website,Non-member,
TH-Theatre-744445,evie.thomas46@gmail.com,PL5 5 DM,Evie Thomas,Spring Festival,2026-08-22,Theatre Royal Plymouth,2,Restricted,Website,Non-member,
TH-Theatre-268664,megan.white84@outlook.com,TQ2 4 CN,Megan White,Spring Festival,2026-08-22,Theatre Royal Plymouth,2,Premium,Website,Non-member,
TH-Theatre-746367,oscar.perry96@gmail.com,PL9 4 UM,Oscar Perry,Spring Festival,2026-08-22,Theatre Royal Plymouth,2,Premium,Website,Non-member,
TH-Theatre-406068,grace.green57@gmail.com,PL7 5 LD,Grace Green,Spring Festival,2026-08-22,Theatre Royal Plymouth,1,Restricted,Website,Member,
TH-Theatre-255235,grace.cook86@icloud.com,TA6 4 LL,Grace Cook,Spring Festival,2026-08-22,Theatre Royal Plymouth,1,Premium,Walk-up,Member,
TH-Theatre-343517,emma.hill90@icloud.com,PL2 6 DI,Emma Hill,Spring Festival,2026-08-22,Theatre Royal Plymouth,5,Standard,Website,Non-member,
TH-Theatre-627550,lily.walker80@outlook.com,TR1 6 FE,Lily Walker,Spring Festival,2026-08-22,Theatre Royal Plymouth,1,Restricted,Walk-up,Non-member,
TH-Theatre-715876,george.wood21@yahoo.co.uk,PL7 7 XF,George Wood,Spring Festival,2026-08-22,Theatre Royal Plymouth,3,Premium,Website,Non-member,
TH-Theatre-267487,thomas.scott72@hotmail.co.uk,TR7 8 VI,Thomas Scott,Spring Festival,2026-08-22,Theatre Royal Plymouth,2,Premium,Website,Non-member,
TH-Theatre-912153,poppy.johnson97@yahoo.co.uk,PL6 9 QO,Poppy Johnson,Spring Festival,2026-08-22,Theatre Royal Plymouth,1,Standard,Website,Non-member,
TH-Theatre-683845,harry.ward13@hotmail.co.uk,PL7 7 GP,Harry Ward,Spring Festival,2026-08-22,Theatre Royal Plymouth,1,Standard,Website,Non-member,
TH-Theatre-365056,george.walker63@yahoo.co.uk,PL7 2 MD,George Walker,Spring Festival,2026-08-22,Theatre Royal Plymouth,3,Premium,Website,Non-member,
TH-Theatre-370628,grace.morgan53@icloud.com,PL2 3 PE,Grace Morgan,Spring Festival,2026-08-22,Theatre Royal Plymouth,5,Standard,Walk-up,Non-member,
TH-Theatre-688124,oscar.hall32@outlook.com,PL2 9 ZL,Oscar Hall,Spring Festival,2026-08-22,Theatre Royal Plymouth,1,Premium,Website,Non-member,
TH-Theatre-466280,thomas.bennett10@outlook.com,PL5 2 DA,Thomas Bennett,Spring Festival,2026-08-22,Theatre Royal Plymouth,3,Restricted,Phone,Member,
TH-Theatre-543305,jacob.cooper56@icloud.com,PL4 6 UP,Jacob Cooper,Spring Festival,2026-08-22,Theatre Royal Plymouth,4,Premium,Walk-up,Non-member,
TH-Theatre-704291,joshua.bennett24@hotmail.co.uk,TR7 2 EM,Joshua Bennett,Spring Festival,2026-08-22,Theatre Royal Plymouth,1,Standard,Website,Non-member,
TH-Theatre-744801,alice.collins60@gmail.com,TQ12 3 MQ,Alice Collins,Classic Revisited,2026-10-27,Theatre Royal Plymouth,1,Standard,Website,Non-member,
TH-Theatre-828579,ella.turner79@yahoo.co.uk,PL9 6 QX,Ella Turner,Classic Revisited,2026-10-27,Theatre Royal Plymouth,1,Premium,Website,Non-member,
TH-Theatre-698424,emily.collins94@hotmail.co.uk,PL3 6 XN,Emily Collins,Classic Revisited,2026-10-27,Theatre Royal Plymouth,4,Standard,Walk-up,Non-member,
TH-Theatre-294125,oliver.green25@gmail.com,PL2 7 ZI,Oliver Green,Classic Revisited,2026-10-27,Theatre Royal Plymouth,1,Standard,Website,Non-member,
TH-Theatre-326898,amelia.smith8@outlook.com,PL1 8 WE,Amelia Smith,Classic Revisited,2026-10-27,Theatre Royal Plymouth,3,Standard,Website,Non-member,
TH-Theatre-498595,chloe.davies23@hotmail.co.uk,PL5 6 FD,Chloe Davies,Classic Revisited,2026-10-27,Theatre Royal Plymouth,2,Premium,Phone,Non-member,
TH-Theatre-880611,jacob.wilson76@gmail.com,PL4 2 VZ,Jacob Wilson,Classic Revisited,2026-10-27,Theatre Royal Plymouth,3,Premium,Website,Member,
TH-Theatre-794872,alice.cook58@hotmail.co.uk,PL6 4 SY,Alice Cook,Classic Revisited,2026-10-27,Theatre Royal Plymouth,2,Premium,Website,Non-member,
TH-Theatre-766006,emma.cook51@gmail.com,PL5 6 HD,Emma Cook,Classic Revisited,2026-10-27,Theatre Royal Plymouth,1,Premium,Website,Non-member,
TH-Theatre-205567,alice.murphy44@outlook.com,PL9 2 UJ,Alice Murphy,Classic Revisited,2026-10-27,Theatre Royal Plymouth,1,Restricted,Phone,Non-member,
TH-Theatre-972563,james.jackson95@gmail.com,TQ4 1 CQ,James Jackson,Classic Revisited,2026-10-27,Theatre Royal Plymouth,2,Premium,Website,Non-member,
TH-Theatre-825431,grace.scott3@outlook.com,PL2 3 NW,Grace Scott,Classic Revisited,2026-10-27,Theatre Royal Plymouth,1,Premium,Phone,Member,
TH-Theatre-101126,thomas.moore51@gmail.com,PL3 4 XQ,Thomas Moore,Classic Revisited,2026-10-27,Theatre Royal Plymouth,3,Restricted,Phone,Non-member,
TH-Theatre-203496,phoebe.king34@hotmail.co.uk,PL9 5 EQ,Phoebe King,Classic Revisited,2026-10-27,Theatre Royal Plymouth,1,Restricted,Walk-up,Non-member,
TH-Theatre-401497,daniel.cook34@gmail.com,PL3 7 SX,Daniel Cook,Classic Revisited,2026-10-27,Theatre Royal Plymouth,2,Standard,Website,Non-member,
TH-Theatre-705690,phoebe.moore96@gmail.com,TQ4 8 CT,Phoebe Moore,Classic Revisited,2026-10-27,Theatre Royal Plymouth,1,Premium,Website,Non-member,
TH-Theatre-766198,oliver.walker41@hotmail.co.uk,EX3 1 ZS,Oliver Walker,Classic Revisited,2026-10-27,Theatre Royal Plymouth,4,Standard,Website,Non-member,
TH-Theatre-380924,henry.smith1@yahoo.co.uk,PL7 8 RH,Henry Smith,Classic Revisited,2026-10-27,Theatre Royal Plymouth,2,Premium,Website,Non-member,
TH-Theatre-865932,megan.wood91@outlook.com,PL1 4 TG,Megan Wood,Classic Revisited,2026-10-27,Theatre Royal Plymouth,1,Standard,Website,Non-member,
TH-Theatre-507662,samuel.smith37@gmail.com,PL5 8 XL,Samuel Smith,Classic Revisited,2026-10-27,Theatre Royal Plymouth,2,Premium,Walk-up,Non-member,
TH-Theatre-145903,ella.baker14@hotmail.co.uk,PL1 2 VT,Ella Baker,Classic Revisited,2026-10-27,Theatre Royal Plymouth,1,Restricted,Phone,Member,
TH-Theatre-215028,joshua.wilson78@icloud.com,TR1 5 OM,Joshua Wilson,Classic Revisited,2026-10-27,Theatre Royal Plymouth,2,Standard,Walk-up,Non-member,
TH-Theatre-746212,ella.brown49@icloud.com,PL2 3 PZ,Ella Brown,Classic Revisited,2026-10-27,Theatre Royal Plymouth,1,Premium,Website,Member,
TH-Theatre-293350,ruby.cook29@yahoo.co.uk,PL19 7 RJ,Ruby Cook,Classic Revisited,2026-10-27,Theatre Royal Plymouth,5,Standard,Website,Non-member,
TH-Theatre-158780,henry.ward56@gmail.com,PL7 6 YC,Henry Ward,Classic Revisited,2026-10-27,Theatre Royal Plymouth,1,Premium,Website,Non-member,
TH-Theatre-161503,evie.collins40@hotmail.co.uk,PL2 2 QT,Evie Collins,Classic Revisited,2026-10-27,Theatre Royal Plymouth,1,Standard,Website,Non-member,
TH-Theatre-402313,lily.perry88@yahoo.co.uk,PL7 7 OS,Lily Perry,Classic Revisited,2026-10-27,Theatre Royal Plymouth,4,Premium,Walk-up,Non-member,
TH-Theatre-357803,grace.turner60@hotmail.co.uk,PL2 4 SN,Grace Turner,Classic Revisited,2026-10-27,Theatre Royal Plymouth,1,Premium,Website,Member,
TH-Theatre-130622,alfie.evans65@hotmail.co.uk,PL1 5 SX,Alfie Evans,Classic Revisited,2026-10-27,Theatre Royal Plymouth,2,Premium,Website,Non-member,
TH-Theatre-564010,alice.harris58@yahoo.co.uk,PL2 2 WD,Alice Harris,Classic Revisited,2026-10-27,Theatre Royal Plymouth,3,Standard,Website,Non-member,
TH-Theatre-143475,emma.smith54@outlook.com,PL21 7 LL,Emma Smith,Classic Revisited,2026-10-27,Theatre Royal Plymouth,2,Standard,Website,Member,
TH-Theatre-442152,ella.roberts95@hotmail.co.uk,PL1 7 BQ,Ella Roberts,Classic Revisited,2026-10-27,Theatre Royal Plymouth,1,Standard,Website,Non-member,
TH-Theatre-863347,harry.perry29@icloud.com,PL3 3 UH,Harry Perry,Classic Revisited,2026-10-27,Theatre Royal Plymouth,1,Premium,Website,Non-member,
TH-Theatre-549367,olivia.johnson35@icloud.com,PL1 6 OV,Olivia Johnson,Classic Revisited,2026-10-27,Theatre Royal Plymouth,3,Standard,Website,Non-member,
TH-Theatre-771888,ethan.scott79@hotmail.co.uk,PL7 1 BV,Ethan Scott,Classic Revisited,2026-10-27,Theatre Royal Plymouth,3,Premium,Website,Non-member,
TH-Theatre-140998,william.ahmed43@yahoo.co.uk,TA1 1 SG,William Ahmed,Classic Revisited,2026-10-27,Theatre Royal Plymouth,1,Premium,Website,Non-member,
TH-Theatre-458922,samuel.singh95@icloud.com,PL9 7 PF,Samuel Singh,Classic Revisited,2026-10-27,Theatre Royal Plymouth,10,Restricted,Website,Non-member,
TH-Theatre-867377,samuel.johnson67@hotmail.co.uk,TQ1 3 YE,Samuel Johnson,Classic Revisited,2026-10-27,Theatre Royal Plymouth,4,Restricted,Website,Non-member,
TH-Theatre-638931,thomas.ahmed93@icloud.com,PL4 7 ZA,Thomas Ahmed,Classic Revisited,2026-10-27,Theatre Royal Plymouth,2,Restricted,Website,Non-member,
TH-Theatre-343025,jessica.walker87@outlook.com,TQ12 2 TQ,Jessica Walker,Classic Revisited,2026-10-27,Theatre Royal Plymouth,1,Premium,Walk-up,Non-member,
TH-Theatre-418607,george.jackson59@outlook.com,TQ2 5 CG,George Jackson,Classic Revisited,2026-10-27,Theatre Royal Plymouth,3,Standard,Website,Non-member,
TH-Theatre-416505,grace.jones77@icloud.com,PL1 1 HY,Grace Jones,Classic Revisited,2026-10-27,Theatre Royal Plymouth,1,Standard,Website,Non-member,
TH-Theatre-781857,jacob.collins12@gmail.com,PL7 8 AI,Jacob Collins,Classic Revisited,2026-10-27,Theatre Royal Plymouth,1,Standard,Website,Non-member,
TH-Theatre-125465,evie.bell66@outlook.com,PL6 1 HV,Evie Bell,Classic Revisited,2026-10-27,Theatre Royal Plymouth,2,Restricted,Website,Non-member,
TH-Theatre-863455,jacob.collins48@gmail.com,PL6 2 NO,Jacob Collins,Classic Revisited,2026-10-27,Theatre Royal Plymouth,1,Standard,Walk-up,Non-member,
TH-Theatre-607041,amelia.ahmed2@hotmail.co.uk,PL19 2 KD,Amelia Ahmed,Classic Revisited,2026-10-27,Theatre Royal Plymouth,1,Restricted,Website,Non-member,
TH-Theatre-628412,daniel.turner67@gmail.com,TR7 1 RW,Daniel Turner,Classic Revisited,2026-10-27,Theatre Royal Plymouth,1,Restricted,Website,Member,
TH-Theatre-846908,lily.ward28@gmail.com,PL4 2 PH,Lily Ward,Classic Revisited,2026-10-27,Theatre Royal Plymouth,1,Restricted,Website,Member,
TH-Theatre-612687,alice.williams16@gmail.com,PL6 3 FK,Alice Williams,Classic Revisited,2026-10-27,Theatre Royal Plymouth,1,Restricted,Walk-up,Non-member,
TH-Theatre-894116,sophie.allen14@gmail.com,PL12 3 RY,Sophie Allen,Classic Revisited,2026-10-27,Theatre Royal Plymouth,2,Restricted,Website,Non-member,
TH-Theatre-101525,george.harris49@icloud.com,PL3 6 XG,George Harris,Classic Revisited,2026-10-27,Theatre Royal Plymouth,1,Restricted,Website,Non-member,
TH-Theatre-551089,thomas.hill87@yahoo.co.uk,TQ3 5 ZK,Thomas Hill,Classic Revisited,2026-10-27,Theatre Royal Plymouth,1,Premium,Website,Non-member,
TH-Theatre-780657,jack.bennett55@icloud.com,PL4 3 HY,Jack Bennett,Classic Revisited,2026-10-27,Theatre Royal Plymouth,1,Standard,Website,Non-member,
TH-Theatre-898244,james.cooper98@hotmail.co.uk,PL19 4 GM,James Cooper,Hamlet,2026-11-01,Theatre Royal Plymouth,1,Restricted,Website,Member,
TH-Theatre-209590,leo.ward87@hotmail.co.uk,PL3 1 ZB,Leo Ward,Hamlet,2026-11-01,Theatre Royal Plymouth,1,Standard,Website,Non-member,
TH-Theatre-392933,evie.bell66@outlook.com,PL6 1 HV,Evie Bell,Hamlet,2026-11-01,Theatre Royal Plymouth,10,Restricted,Website,Non-member,
TH-Theatre-860881,alfie.perry93@yahoo.co.uk,PL7 9 UG,Alfie Perry,Hamlet,2026-11-01,Theatre Royal Plymouth,3,Standard,Walk-up,Non-member,
TH-Theatre-126371,jessica.allen36@gmail.com,PL9 9 LW,Jessica Allen,Hamlet,2026-11-01,Theatre Royal Plymouth,1,Premium,Walk-up,Member,
TH-Theatre-406103,sophie.hill41@yahoo.co.uk,PL9 1 YY,Sophie Hill,Hamlet,2026-11-01,Theatre Royal Plymouth,3,Restricted,Website,Non-member,
TH-Theatre-421971,ella.turner79@yahoo.co.uk,PL9 6 QX,Ella Turner,Hamlet,2026-11-01,Theatre Royal Plymouth,4,Standard,Website,Member,
TH-Theatre-762024,jessica.evans21@outlook.com,PL3 2 KP,Jessica Evans,Hamlet,2026-11-01,Theatre Royal Plymouth,1,Standard,Website,Non-member,
TH-Theatre-135318,emma.collins17@hotmail.co.uk,PL3 9 PK,Emma Collins,Hamlet,2026-11-01,Theatre Royal Plymouth,2,Standard,Website,Non-member,
TH-Theatre-489572,harry.davies24@gmail.com,PL2 3 ZY,Harry Davies,Hamlet,2026-11-01,Theatre Royal Plymouth,1,Standard,Website,Non-member,
TH-Theatre-917435,lucas.green51@gmail.com,TR7 9 MN,Lucas Green,Hamlet,2026-11-01,Theatre Royal Plymouth,5,Restricted,Website,Non-member,
TH-Theatre-962711,thomas.white23@icloud.com,PL19 1 LE,Thomas White,Hamlet,2026-11-01,Theatre Royal Plymouth,2,Restricted,Website,Non-member,
TH-Theatre-290200,daniel.moore40@yahoo.co.uk,PL9 5 WM,Daniel Moore,Hamlet,2026-11-01,Theatre Royal Plymouth,3,Standard,Website,Non-member,
TH-Theatre-768324,sophie.collins91@outlook.com,TR1 4 WL,Sophie Collins,Hamlet,2026-11-01,Theatre Royal Plymouth,2,Standard,Website,Non-member,
TH-Theatre-212570,alfie.turner43@hotmail.co.uk,PL2 6 LZ,Alfie Turner,Hamlet,2026-11-01,Theatre Royal Plymouth,2,Premium,Website,Member,
TH-Theatre-209028,charlotte.allen79@outlook.com,EX1 6 TQ,Charlotte Allen,Hamlet,2026-11-01,Theatre Royal Plymouth,10,Standard,Website,Non-member,
TH-Theatre-486595,joshua.clarke41@yahoo.co.uk,PL3 9 RU,Joshua Clarke,Hamlet,2026-11-01,Theatre Royal Plymouth,1,Restricted,Website,Non-member,
TH-Theatre-797786,jessica.king76@outlook.com,PL2 4 QP,Jessica King,Hamlet,2026-11-01,Theatre Royal Plymouth,3,Premium,Website,Non-member,
TH-Theatre-329590,george.bell40@gmail.com,PL4 2 PD,George Bell,Hamlet,2026-11-01,Theatre Royal Plymouth,2,Restricted,Website,Non-member,
TH-Theatre-844781,joshua.moore53@yahoo.co.uk,PL2 3 XX,Joshua Moore,Hamlet,2026-11-01,Theatre Royal Plymouth,2,Restricted,Walk-up,Non-member,
TH-Theatre-649855,charlotte.walker81@outlook.com,TR1 5 UC,Charlotte Walker,Hamlet,2026-11-01,Theatre Royal Plymouth,3,Premium,Phone,Non-member,
TH-Theatre-888269,george.walker63@yahoo.co.uk,PL2 3 YH,George Walker,Hamlet,2026-11-01,Theatre Royal Plymouth,1,Standard,Phone,Member,
TH-Theatre-282823,emily.collins94@hotmail.co.uk,PL3 6 XN,Emily Collins,Hamlet,2026-11-01,Theatre Royal Plymouth,2,Restricted,Website,Non-member,
TH-Theatre-176867,ella.roberts95@hotmail.co.uk,PL1 7 BQ,Ella Roberts,Hamlet,2026-11-01,Theatre Royal Plymouth,10,Premium,Website,Non-member,
TH-Theatre-760541,ruby.wood29@outlook.com,TA1 9 AJ,Ruby Wood,Hamlet,2026-11-01,Theatre Royal Plymouth,1,Restricted,Website,Non-member,
TH-Theatre-481272,phoebe.hill54@icloud.com,TA1 2 EE,Phoebe Hill,Hamlet,2026-11-01,Theatre Royal Plymouth,1,Standard,Phone,Non-member,
TH-Theatre-185235,henry.hill23@outlook.com,PL7 5 YT,Henry Hill,Hamlet,2026-11-01,Theatre Royal Plymouth,4,Premium,Website,Non-member,
TH-Theatre-736758,leo.williams3@yahoo.co.uk,PL6 7 HO,Leo Williams,Hamlet,2026-11-01,Theatre Royal Plymouth,5,Premium,Website,Non-member,
TH-Theatre-891771,emily.smith97@outlook.com,PL1 8 EQ,Emily Smith,Hamlet,2026-11-01,Theatre Royal Plymouth,2,Restricted,Website,Member,
TH-Theatre-900570,samuel.taylor25@gmail.com,EX2 3 HL,Samuel Taylor,Hamlet,2026-11-01,Theatre Royal Plymouth,1,Restricted,Website,Non-member,
TH-Theatre-865441,megan.hall87@icloud.com,PL7 6 AU,Megan Hall,Hamlet,2026-11-01,Theatre Royal Plymouth,2,Premium,Website,Non-member,
TH-Theatre-516479,harry.clarke31@hotmail.co.uk,PL9 6 NA,Harry Clarke,Hamlet,2026-11-01,Theatre Royal Plymouth,1,Standard,Website,Non-member,
TH-Theatre-503021,ruby.morgan75@icloud.com,PL6 4 AR,Ruby Morgan,Hamlet,2026-11-01,Theatre Royal Plymouth,2,Premium,Phone,Non-member,
TH-Theatre-884425,henry.taylor1@yahoo.co.uk,PL5 4 VL,Henry Taylor,Hamlet,2026-11-01,Theatre Royal Plymouth,1,Restricted,Website,Non-member,
TH-Theatre-101939,lucas.allen54@yahoo.co.uk,EX2 3 IJ,Lucas Allen,Hamlet,2026-11-01,Theatre Royal Plymouth,5,Standard,Website,Non-member,
TH-Theatre-847504,thomas.jones92@icloud.com,PL1 5 DP,Thomas Jones,Hamlet,2026-11-01,Theatre Royal Plymouth,20,Standard,Phone,Non-member,
TH-Theatre-759838,william.bell4@yahoo.co.uk,PL5 5 RN,William Bell,Hamlet,2026-11-01,Theatre Royal Plymouth,2,Premium,Walk-up,Non-member,
TH-Theatre-264504,ruby.white28@icloud.com,EX1 7 LF,Ruby White,Hamlet,2026-11-01,Theatre Royal Plymouth,1,Premium,Website,Non-member,
TH-Theatre-683001,daniel.turner67@gmail.com,TR7 1 RW,Daniel Turner,Hamlet,2026-11-01,Theatre Royal Plymouth,2,Standard,Website,Non-member,
TH-Theatre-489905,emily.jones38@hotmail.co.uk,PL1 5 CA,Emily Jones,Hamlet,2026-11-01,Theatre Royal Plymouth,1,Restricted,Walk-up,Non-member,
TH-Theatre-706614,william.hall70@yahoo.co.uk,PL9 4 YU,William Hall,Hamlet,2026-11-01,Theatre Royal Plymouth,1,Restricted,Website,Non-member,
TH-Theatre-142678,poppy.ahmed16@hotmail.co.uk,PL6 5 HZ,Poppy Ahmed,Hamlet,2026-11-01,Theatre Royal Plymouth,1,Premium,Website,Non-member,
TH-Theatre-295738,charlotte.thomas57@icloud.com,PL9 6 BP,Charlotte Thomas,Hamlet,2026-11-01,Theatre Royal Plymouth,3,Restricted,Phone,Non-member,
TH-Theatre-667860,lily.green25@yahoo.co.uk,TQ2 1 XE,Lily Green,Hamlet,2026-11-01,Theatre Royal Plymouth,3,Restricted,Phone,Non-member,
TH-Theatre-608411,phoebe.hill55@hotmail.co.uk,PL5 2 JL,Phoebe Hill,Hamlet,2026-11-01,Theatre Royal Plymouth,1,Restricted,Website,Non-member,
TH-Theatre-435999,megan.morgan10@outlook.com,PL3 3 GR,Megan Morgan,Hamlet,2026-11-01,Theatre Royal Plymouth,1,Standard,Website,Non-member,
TH-Theatre-616192,lucy.thomas11@icloud.com,PL1 4 RM,Lucy Thomas,Hamlet,2026-11-01,Theatre Royal Plymouth,1,Premium,Phone,Non-member,
TH-Theatre-819291,mia.king46@hotmail.co.uk,TA1 3 IK,Mia King,Hamlet,2026-11-01,Theatre Royal Plymouth,3,Premium,Phone,Non-member,
TH-Theatre-901415,alfie.martin79@icloud.com,PL6 2 MO,Alfie Martin,Hamlet,2026-11-01,Theatre Royal Plymouth,2,Standard,Website,Non-member,
TH-Theatre-394477,oscar.brown63@hotmail.co.uk,TR7 1 IK,Oscar Brown,Hamlet,2026-11-01,Theatre Royal Plymouth,1,Standard,Website,Non-member,
TH-Theatre-235738,james.jackson95@gmail.com,TQ4 1 CQ,James Jackson,Hamlet,2026-11-01,Theatre Royal Plymouth,2,Premium,Walk-up,Member,
TH-Theatre-761302,jessica.ward44@outlook.com,PL2 2 KV,Jessica Ward,Hamlet,2026-11-01,Theatre Royal Plymouth,2,Premium,Website,Non-member,
TH-Theatre-324236,evie.brown31@yahoo.co.uk,PL1 3 WX,Evie Brown,Hamlet,2026-11-01,Theatre Royal Plymouth,1,Restricted,Phone,Non-member,
TH-Theatre-809858,ruby.bell77@hotmail.co.uk,PL5 7 IQ,Ruby Bell,Hamlet,2026-11-01,Theatre Royal Plymouth,2,Restricted,Website,Non-member,
TH-Theatre-454555,megan.johnson63@outlook.com,TQ4 1 FQ,Megan Johnson,Hamlet,2026-11-01,Theatre Royal Plymouth,1,Premium,Website,Non-member,
TH-Theatre-594956,emma.bell29@outlook.com,PL3 3 ZB,Emma Bell,Hamlet,2026-11-01,Theatre Royal Plymouth,3,Standard,Website,Non-member,
TH-Theatre-271461,ella.baker14@hotmail.co.uk,PL1 2 VT,Ella Baker,Hamlet,2026-11-01,Theatre Royal Plymouth,2,Premium,Website,Non-member,
TH-Theatre-622386,lily.ward28@gmail.com,PL4 2 PH,Lily Ward,Hamlet,2026-11-01,Theatre Royal Plymouth,1,Restricted,Website,Non-member,
TH-Theatre-405539,evie.turner8@icloud.com,EX1 9 TA,Evie Turner,Hamlet,2026-11-01,Theatre Royal Plymouth,1,Standard,Website,Non-member,
TH-Theatre-488284,joshua.white38@outlook.com,PL19 4 WV,Joshua White,Hamlet,2026-11-01,Theatre Royal Plymouth,3,Standard,Website,Non-member,
TH-Theatre-255204,max.hill24@yahoo.co.uk,PL4 6 AV,Max Hill,Hamlet,2026-11-01,Theatre Royal Plymouth,2,Restricted,Website,Non-member,
TH-Theatre-682888,joshua.hill99@hotmail.co.uk,PL1 5 DH,Joshua Hill,Family Adventures,2026-11-11,Drake Theatre,1,Restricted,Website,Non-member,1
TH-Theatre-195765,thomas.cooper87@yahoo.co.uk,PL3 9 HJ,Thomas Cooper,Family Adventures,2026-11-11,Drake Theatre,1,Restricted,Website,Non-member,0
TH-Theatre-952328,emma.cook51@gmail.com,PL5 6 HD,Emma Cook,Family Adventures,2026-11-11,Drake Theatre,1,Standard,Website,Member,1
TH-Theatre-115313,grace.green57@gmail.com,PL7 5 LD,Grace Green,Family Adventures,2026-11-11,Drake Theatre,40,Premium,Website,Non-member,39
TH-Theatre-284198,lucy.jackson96@icloud.com,PL2 5 ON,Lucy Jackson,Family Adventures,2026-11-11,Drake Theatre,1,Standard,Website,Non-member,1
TH-Theatre-515463,leo.jones73@outlook.com,PL1 4 JO,Leo Jones,Family Adventures,2026-11-11,Drake Theatre,2,Restricted,Walk-up,Non-member,2
TH-Theatre-546445,lily.williams76@yahoo.co.uk,TR7 1 FP,Lily Williams,Family Adventures,2026-11-11,Drake Theatre,3,Restricted,Website,Non-member,2
TH-Theatre-627518,samuel.taylor25@gmail.com,EX2 3 HL,Samuel Taylor,Family Adventures,2026-11-11,Drake Theatre,1,Premium,Phone,Non-member,0
TH-Theatre-827679,olivia.patel84@hotmail.co.uk,PL5 7 ZJ,Olivia Patel,Family Adventures,2026-11-11,Drake Theatre,2,Standard,Website,Non-member,2
TH-Theatre-153129,freya.thomas65@outlook.com,PL14 6 PY,Freya Thomas,Family Adventures,2026-11-11,Drake Theatre,1,Premium,Website,Non-member,1
TH-Theatre-403036,olivia.roberts57@yahoo.co.uk,EX3 2 ZL,Olivia Roberts,Family Adventures,2026-11-11,Drake Theatre,1,Premium,Phone,Non-member,1
TH-Theatre-805844,samuel.bennett33@outlook.com,PL3 1 MK,Samuel Bennett,Family Adventures,2026-11-11,Drake Theatre,2,Standard,Website,Non-member,2
TH-Theatre-326933,thomas.ahmed93@icloud.com,PL4 7 ZA,Thomas Ahmed,Family Adventures,2026-11-11,Drake Theatre,1,Standard,Website,Non-member,1
TH-Theatre-246626,george.baker40@icloud.com,PL7 4 EF,George Baker,Family Adventures,2026-11-11,Drake Theatre,4,Premium,Website,Non-member,4
TH-Theatre-125846,george.bell40@gmail.com,PL4 2 PD,George Bell,Family Adventures,2026-11-11,Drake Theatre,4,Standard,Walk-up,Member,3
TH-Theatre-520901,jack.bennett39@icloud.com,PL6 1 QF,Jack Bennett,Family Adventures,2026-11-11,Drake Theatre,1,Premium,Phone,Non-member,0
TH-Theatre-262037,mia.king46@hotmail.co.uk,TA1 3 IK,Mia King,Family Adventures,2026-11-11,Drake Theatre,1,Restricted,Phone,Non-member,1
TH-Theatre-540392,oliver.king19@hotmail.co.uk,PL7 1 BS,Oliver King,Family Adventures,2026-11-11,Drake Theatre,2,Standard,Website,Non-member,2
TH-Theatre-941523,emily.clarke29@outlook.com,PL3 9 DQ,Emily Clarke,Family Adventures,2026-11-11,Drake Theatre,5,Premium,Phone,Non-member,3
TH-Theatre-886945,emily.smith97@outlook.com,PL1 8 EQ,Emily Smith,Family Adventures,2026-11-11,Drake Theatre,1,Restricted,Website,Member,1
TH-Theatre-441848,samuel.ward15@hotmail.co.uk,TA1 7 YN,Samuel Ward,Family Adventures,2026-11-11,Drake Theatre,2,Standard,Website,Non-member,1
TH-Theatre-515904,george.moore51@icloud.com,PL6 4 UV,George Moore,Family Adventures,2026-11-11,Drake Theatre,3,Standard,Website,Non-member,3
TH-Theatre-843586,samuel.hall42@icloud.com,PL2 7 AY,Samuel Hall,Family Adventures,2026-11-11,Drake Theatre,4,Restricted,Website,Non-member,3
TH-Theatre-513384,emily.smith42@icloud.com,PL5 5 XI,Emily Smith,Family Adventures,2026-11-11,Drake Theatre,1,Restricted,Website,Non-member,1
TH-Theatre-176844,alice.hall94@hotmail.co.uk,PL7 5 UC,Alice Hall,Family Adventures,2026-11-11,Drake Theatre,1,Premium,Phone,Non-member,1
TH-Theatre-838998,lucy.harris14@icloud.com,PL6 3 NW,Lucy Harris,Family Adventures,2026-11-11,Drake Theatre,40,Standard,Phone,Non-member,36
TH-Theatre-884861,ethan.jones59@outlook.com,EX1 4 QU,Ethan Jones,Family Adventures,2026-11-11,Drake Theatre,10,Standard,Website,Non-member,8
TH-Theatre-232207,alice.morgan92@icloud.com,PL7 6 KH,Alice Morgan,Family Adventures,2026-11-11,Drake Theatre,2,Restricted,Website,Non-member,1
TH-Theatre-645635,charlotte.harris91@icloud.com,PL4 4 XO,Charlotte Harris,Family Adventures,2026-11-11,Drake Theatre,1,Premium,Phone,Non-member,1
TH-Theatre-816927,mia.evans70@hotmail.co.uk,PL1 5 IW,Mia Evans,Family Adventures,2026-11-11,Drake Theatre,2,Restricted,Website,Non-member,2
TH-Theatre-684673,grace.scott25@yahoo.co.uk,PL12 8 BE,Grace Scott,Family Adventures,2026-11-11,Drake Theatre,2,Premium,Website,Member,2
TH-Theatre-754511,jack.jones21@outlook.com,PL9 1 RJ,Jack Jones,Family Adventures,2026-11-11,Drake Theatre,3,Restricted,Website,Non-member,3
TH-Theatre-546458,leo.brown77@outlook.com,PL1 6 KU,Leo Brown,Family Adventures,2026-11-11,Drake Theatre,1,Premium,Website,Non-member,1
TH-Theatre-997031,sophie.harris61@gmail.com,PL9 5 RN,Sophie Harris,Family Adventures,2026-11-11,Drake Theatre,1,Standard,Website,Non-member,0
TH-Theatre-634550,phoebe.davies76@gmail.com,PL2 9 SE,Phoebe Davies,Family Adventures,2026-11-11,Drake Theatre,1,Restricted,Website,Non-member,1
TH-Theatre-540089,jessica.allen36@gmail.com,PL9 9 LW,Jessica Allen,Family Adventures,2026-11-11,Drake Theatre,2,Standard,Website,Non-member,2
TH-Theatre-451525,lily.davies66@hotmail.co.uk,PL6 3 CA,Lily Davies,Family Adventures,2026-11-11,Drake Theatre,2,Standard,Website,Non-member,2
TH-Theatre-412797,chloe.cooper79@outlook.com,PL2 8 IB,Chloe Cooper,Family Adventures,2026-11-11,Drake Theatre,10,Premium,Website,Non-member,10
TH-Theatre-136201,george.harris49@icloud.com,PL3 6 XG,George Harris,Family Adventures,2026-11-11,Drake Theatre,2,Restricted,Website,Non-member,2
TH-Theatre-982892,william.martin71@gmail.com,PL2 7 AL,William Martin,Family Adventures,2026-11-11,Drake Theatre,2,Premium,Website,Non-member,2
TH-Theatre-286168,grace.jones45@gmail.com,PL9 6 NF,Grace Jones,Family Adventures,2026-11-11,Drake Theatre,1,Standard,Website,Non-member,1
TH-Theatre-673933,joshua.johnson32@outlook.com,PL2 3 ZV,Joshua Johnson,Family Adventures,2026-11-11,Drake Theatre,3,Premium,Website,Non-member,2
TH-Theatre-650528,noah.johnson48@icloud.com,PL4 7 MX,Noah Johnson,Family Adventures,2026-11-11,Drake Theatre,1,Standard,Phone,Non-member,0
TH-Theatre-951697,emma.smith54@outlook.com,PL21 7 LL,Emma Smith,Family Adventures,2026-11-11,Drake Theatre,1,Restricted,Website,Member,1
TH-Theatre-735888,lily.bennett65@outlook.com,PL7 2 YO,Lily Bennett,Family Adventures,2026-11-11,Drake Theatre,1,Premium,Website,Non-member,1
TH-Theatre-952193,thomas.evans98@yahoo.co.uk,PL2 6 KA,Thomas Evans,Family Adventures,2026-11-11,Drake Theatre,2,Premium,Website,Non-member,2
TH-Theatre-732015,emma.bell29@outlook.com,PL3 3 ZB,Emma Bell,Family Adventures,2026-11-11,Drake Theatre,1,Restricted,Website,Non-member,0
TH-Theatre-818850,jacob.turner45@icloud.com,PL9 7 AA,Jacob Turner,Family Adventures,2026-11-11,Drake Theatre,1,Standard,Walk-up,Member,0
TH-Theatre-124565,jessica.patel99@icloud.com,PL9 9 KT,Jessica Patel,Family Adventures,2026-11-11,Drake Theatre,2,Restricted,Website,Member,2
TH-Theatre-964813,alice.ahmed76@gmail.com,PL4 6 CC,Alice Ahmed,Family Adventures,2026-11-11,Drake Theatre,2,Standard,Website,Non-member,2
TH-Theatre-527376,ella.harris75@icloud.com,PL2 3 CE,Ella Harris,Family Adventures,2026-11-11,Drake Theatre,4,Restricted,Website,Member,4
TH-Theatre-336561,joshua.morgan27@yahoo.co.uk,TQ12 6 GG,Joshua Morgan,Family Adventures,2026-11-11,Drake Theatre,1,Premium,Website,Non-member,0
TH-Theatre-176929,joshua.moore53@yahoo.co.uk,PL2 3 XX,Joshua Moore,Family Adventures,2026-11-11,Drake Theatre,2,Premium,Walk-up,Non-member,2
TH-Theatre-170071,megan.patel14@gmail.com,PL5 9 XO,Megan Patel,Family Adventures,2026-11-11,Drake Theatre,3,Restricted,Website,Non-member,3
TH-Theatre-387456,emma.clarke30@gmail.com,PL3 1 NR,Emma Clarke,Family Adventures,2026-11-11,Drake Theatre,1,Standard,Website,Non-member,0
TH-Theatre-510026,george.cooper98@yahoo.co.uk,TR1 4 QC,George Cooper,Family Adventures,2026-11-11,Drake Theatre,1,Restricted,Walk-up,Non-member,1
TH-Theatre-528953,charlie.jackson19@gmail.com,PL9 1 IP,Charlie Jackson,Family Adventures,2026-11-11,Drake Theatre,4,Restricted,Website,Member,4
TH-Theatre-203409,phoebe.walker46@outlook.com,TQ2 2 IW,Phoebe Walker,Family Adventures,2026-11-11,Drake Theatre,1,Standard,Website,Member,1
TH-Theatre-557935,poppy.bennett49@gmail.com,TR1 1 HN,Poppy Bennett,Family Adventures,2026-11-11,Drake Theatre,1,Restricted,Website,Non-member,1
TH-Theatre-381385,william.clarke55@hotmail.co.uk,PL14 6 ET,William Clarke,Family Adventures,2026-11-11,Drake Theatre,1,Standard,Website,Non-member,1
TH-Theatre-878071,charlie.walker32@yahoo.co.uk,PL6 7 NH,Charlie Walker,Family Adventures,2026-11-11,Drake Theatre,2,Standard,Phone,Non-member,1
TH-Theatre-590569,mia.turner29@icloud.com,TQ4 9 IU,Mia Turner,Family Adventures,2026-11-11,Drake Theatre,1,Standard,Website,Non-member,1
TH-Theatre-801154,leo.johnson41@gmail.com,PL2 7 TR,Leo Johnson,Family Adventures,2026-11-11,Drake Theatre,1,Standard,Phone,Non-member,1
TH-Theatre-902900,charlotte.collins58@gmail.com,TA6 6 GJ,Charlotte Collins,Family Adventures,2026-11-11,Drake Theatre,1,Standard,Website,Non-member,1
TH-Theatre-276709,joshua.clarke41@yahoo.co.uk,PL3 9 RU,Joshua Clarke,Family Adventures,2026-11-11,Drake Theatre,1,Premium,Website,Non-member,1
TH-Theatre-476626,lucy.taylor40@outlook.com,PL3 7 ZY,Lucy Taylor,Family Adventures,2026-11-11,Drake Theatre,3,Standard,Website,Member,2
TH-Theatre-129063,george.bennett54@hotmail.co.uk,PL3 8 XT,George Bennett,Family Adventures,2026-11-11,Drake Theatre,3,Restricted,Phone,Member,3
TH-Theatre-895927,alfie.jones79@gmail.com,TR7 7 WA,Alfie Jones,Family Adventures,2026-11-11,Drake Theatre,40,Restricted,Website,Non-member,35
TH-Theatre-699186,emily.baker80@hotmail.co.uk,PL4 8 SN,Emily Baker,Family Adventures,2026-11-11,Drake Theatre,1,Premium,Website,Non-member,1
TH-Theatre-740831,leo.ward87@hotmail.co.uk,PL3 1 ZB,Leo Ward,Family Adventures,2026-11-11,Drake Theatre,1,Premium,Website,Non-member,1
TH-Theatre-995396,grace.cook25@gmail.com,EX2 8 HS,Grace Cook,Family Adventures,2026-11-11,Drake Theatre,1,Premium,Walk-up,Non-member,0
TH-Theatre-349950,harry.green35@gmail.com,PL2 2 IU,Harry Green,New Writing Night,2026-11-29,Theatre Royal Plymouth,1,Restricted,Website,Non-member,
TH-Theatre-426608,ruby.morgan75@icloud.com,PL6 4 AR,Ruby Morgan,New Writing Night,2026-11-29,Theatre Royal Plymouth,1,Premium,Website,Member,
TH-Theatre-294496,ella.johnson21@gmail.com,TQ2 4 XZ,Ella Johnson,New Writing Night,2026-11-29,Theatre Royal Plymouth,1,Standard,Website,Non-member,
TH-Theatre-476862,lily.moore17@gmail.com,PL1 4 AH,Lily Moore,New Writing Night,2026-11-29,Theatre Royal Plymouth,2,Premium,Website,Non-member,
TH-Theatre-489495,chloe.hall80@icloud.com,PL2 3 TF,Chloe Hall,New Writing Night,2026-11-29,Theatre Royal Plymouth,1,Standard,Website,Member,
TH-Theatre-730811,samuel.smith86@gmail.com,PL7 1 BW,Samuel Smith,New Writing Night,2026-11-29,Theatre Royal Plymouth,1,Standard,Phone,Non-member,
TH-Theatre-457793,evie.harris83@gmail.com,PL6 9 AH,Evie Harris,New Writing Night,2026-11-29,Theatre Royal Plymouth,4,Restricted,Walk-up,Member,
TH-Theatre-293306,samuel.bennett33@outlook.com,PL3 1 MK,Samuel Bennett,New Writing Night,2026-11-29,Theatre Royal Plymouth,1,Premium,Website,Non-member,
TH-Theatre-899811,henry.murphy33@hotmail.co.uk,PL9 8 VO,Henry Murphy,New Writing Night,2026-11-29,Theatre Royal Plymouth,3,Standard,Website,Non-member,
TH-Theatre-541691,poppy.cooper20@outlook.com,PL6 1 TY,Poppy Cooper,New Writing Night,2026-11-29,Theatre Royal Plymouth,2,Premium,Phone,Non-member,
TH-Theatre-998638,olivia.white18@yahoo.co.uk,PL1 3 FZ,Olivia White,New Writing Night,2026-11-29,Theatre Royal Plymouth,40,Restricted,Walk-up,Member,
TH-Theatre-380742,oliver.evans37@outlook.com,TA6 8 DE,Oliver Evans,New Writing Night,2026-11-29,Theatre Royal Plymouth,1,Standard,Website,Non-member,
TH-Theatre-992714,lily.bennett65@outlook.com,PL7 2 YO,Lily Bennett,New Writing Night,2026-11-29,Theatre Royal Plymouth,3,Standard,Website,Member,
TH-Theatre-171866,alfie.jackson94@icloud.com,PL21 7 GX,Alfie Jackson,New Writing Night,2026-11-29,Theatre Royal Plymouth,2,Restricted,Walk-up,Non-member,
TH-Theatre-272709,henry.morgan30@icloud.com,PL3 9 XE,Henry Morgan,New Writing Night,2026-11-29,Theatre Royal Plymouth,4,Standard,Website,Member,
TH-Theatre-895267,chloe.hall73@icloud.com,PL2 2 PK,Chloe Hall,New Writing Night,2026-11-29,Theatre Royal Plymouth,1,Standard,Website,Non-member,
TH-Theatre-102375,thomas.taylor31@icloud.com,PL1 7 VK,Thomas Taylor,New Writing Night,2026-11-29,Theatre Royal Plymouth,1,Standard,Website,Non-member,
TH-Theatre-413979,megan.baker62@gmail.com,PL1 6 MS,Megan Baker,New Writing Night,2026-11-29,Theatre Royal Plymouth,2,Premium,Website,Member,
TH-Theatre-648253,ella.jones77@icloud.com,TA6 8 JH,Ella Jones,New Writing Night,2026-11-29,Theatre Royal Plymouth,5,Standard,Website,Non-member,
TH-Theatre-127890,evie.patel25@icloud.com,TQ1 5 UK,Evie Patel,New Writing Night,2026-11-29,Theatre Royal Plymouth,1,Premium,Website,Non-member,
TH-Theatre-782598,megan.wood91@outlook.com,PL1 4 TG,Megan Wood,New Writing Night,2026-11-29,Theatre Royal Plymouth,2,Premium,Website,Non-member,
TH-Theatre-452338,lucas.perry91@gmail.com,PL9 6 NO,Lucas Perry,New Writing Night,2026-11-29,Theatre Royal Plymouth,3,Restricted,Website,Non-member,
TH-Theatre-997099,emily.walker25@gmail.com,PL12 1 ZS,Emily Walker,New Writing Night,2026-11-29,Theatre Royal Plymouth,10,Premium,Website,Member,
TH-Theatre-716637,alfie.walker51@hotmail.co.uk,PL4 3 TZ,Alfie Walker,New Writing Night,2026-11-29,Theatre Royal Plymouth,5,Restricted,Website,Non-member,
TH-Theatre-267236,lucy.jackson96@icloud.com,PL2 5 ON,Lucy Jackson,New Writing Night,2026-11-29,Theatre Royal Plymouth,2,Premium,Website,Member,
TH-Theatre-898179,thomas.evans6@hotmail.co.uk,TQ1 2 TB,Thomas Evans,New Writing Night,2026-11-29,Theatre Royal Plymouth,2,Restricted,Website,Non-member,
TH-Theatre-421312,daniel.patel24@icloud.com,PL6 6 NB,Daniel Patel,New Writing Night,2026-11-29,Theatre Royal Plymouth,1,Premium,Website,Non-member,
TH-Theatre-226213,henry.smith9@gmail.com,PL14 9 AM,Henry Smith,New Writing Night,2026-11-29,Theatre Royal Plymouth,10,Restricted,Website,Member,
TH-Theatre-195530,emily.jones38@hotmail.co.uk,PL1 5 CA,Emily Jones,New Writing Night,2026-11-29,Theatre Royal Plymouth,2,Premium,Website,Non-member,
TH-Theatre-485312,emma.roberts87@hotmail.co.uk,PL7 4 HE,Emma Roberts,New Writing Night,2026-11-29,Theatre Royal Plymouth,2,Restricted,Website,Non-member,
TH-Theatre-916251,joshua.hill99@hotmail.co.uk,PL1 5 DH,Joshua Hill,New Writing Night,2026-11-29,Theatre Royal Plymouth,20,Restricted,Website,Non-member,
TH-Theatre-402829,charlotte.white8@yahoo.co.uk,PL6 9 FO,Charlotte White,New Writing Night,2026-11-29,Theatre Royal Plymouth,1,Standard,Phone,Non-member,
TH-Theatre-617218,max.hill24@yahoo.co.uk,PL4 6 AV,Max Hill,New Writing Night,2026-11-29,Theatre Royal Plymouth,1,Standard,Phone,Member,
TH-Theatre-464177,phoebe.evans92@yahoo.co.uk,PL4 5 DD,Phoebe Evans,New Writing Night,2026-11-29,Theatre Royal Plymouth,3,Premium,Walk-up,Non-member,
TH-Theatre-857512,oliver.walker41@hotmail.co.uk,EX3 1 ZS,Oliver Walker,New Writing Night,2026-11-29,Theatre Royal Plymouth,1,Restricted,Walk-up,Non-member,
TH-Theatre-666883,phoebe.walker46@outlook.com,TQ2 2 IW,Phoebe Walker,New Writing Night,2026-11-29,Theatre Royal Plymouth,2,Standard,Walk-up,Non-member,
TH-Theatre-957220,emily.smith42@icloud.com,PL5 5 XI,Emily Smith,New Writing Night,2026-11-29,Theatre Royal Plymouth,3,Standard,Phone,Non-member,
TH-Theatre-689736,oscar.baker57@outlook.com,PL3 6 QP,Oscar Baker,New Writing Night,2026-11-29,Theatre Royal Plymouth,1,Standard,Website,Non-member,
TH-Theatre-718600,jessica.smith8@gmail.com,PL5 6 WV,Jessica Smith,New Writing Night,2026-11-29,Theatre Royal Plymouth,1,Restricted,Website,Member,
TH-Theatre-916625,george.wood13@icloud.com,PL3 8 MT,George Wood,New Writing Night,2026-11-29,Theatre Royal Plymouth,2,Standard,Website,Non-member,
TH-Theatre-949390,henry.white85@icloud.com,TQ1 8 SS,Henry White,New Writing Night,2026-11-29,Theatre Royal Plymouth,20,Standard,Website,Non-member,
TH-Theatre-157527,joshua.king73@yahoo.co.uk,PL7 7 VJ,Joshua King,New Writing Night,2026-11-29,Theatre Royal Plymouth,3,Premium,Phone,Non-member,
TH-Theatre-394232,oscar.morgan15@icloud.com,PL5 8 VP,Oscar Morgan,New Writing Night,2026-11-29,Theatre Royal Plymouth,2,Restricted,Website,Member,
TH-Theatre-465556,ethan.taylor64@yahoo.co.uk,TR1 9 QB,Ethan Taylor,New Writing Night,2026-11-29,Theatre Royal Plymouth,1,Restricted,Website,Non-member,
TH-Theatre-339982,thomas.cooper87@yahoo.co.uk,PL3 9 HJ,Thomas Cooper,New Writing Night,2026-11-29,Theatre Royal Plymouth,1,Restricted,Website,Non-member,
TH-Theatre-304583,max.baker81@hotmail.co.uk,TQ2 3 NN,Max Baker,New Writing Night,2026-11-29,Theatre Royal Plymouth,1,Premium,Website,Non-member,
TH-Theatre-725619,samuel.taylor25@gmail.com,EX2 3 HL,Samuel Taylor,New Writing Night,2026-11-29,Theatre Royal Plymouth,2,Standard,Phone,Non-member,
TH-Theatre-783414,jacob.morgan6@icloud.com,TA1 7 KB,Jacob Morgan,New Writing Night,2026-11-29,Theatre Royal Plymouth,1,Restricted,Phone,Non-member,
TH-Theatre-348513,thomas.walker84@hotmail.co.uk,PL9 3 SG,Thomas Walker,New Writing Night,2026-11-29,Theatre Royal Plymouth,5,Restricted,Website,Non-member,
TH-Theatre-704463,evie.thomas46@gmail.com,PL5 5 DM,Evie Thomas,New Writing Night,2026-11-29,Theatre Royal Plymouth,1,Premium,Website,Non-member,
TH-Theatre-364665,evie.turner8@icloud.com,EX1 9 TA,Evie Turner,New Writing Night,2026-11-29,Theatre Royal Plymouth,1,Restricted,Website,Non-member,
TH-Theatre-920482,jacob.singh79@hotmail.co.uk,PL4 3 YZ,Jacob Singh,New Writing Night,2026-11-29,Theatre Royal Plymouth,1,Standard,Walk-up,Non-member,
TH-Theatre-389280,megan.green40@yahoo.co.uk,PL7 7 LR,Megan Green,New Writing Night,2026-11-29,Theatre Royal Plymouth,1,Restricted,Website,Non-member,
TH-Theatre-271605,leo.bennett20@yahoo.co.uk,PL2 6 SR,Leo Bennett,New Writing Night,2026-11-29,Theatre Royal Plymouth,1,Standard,Website,Non-member,
TH-Theatre-468708,mia.patel53@yahoo.co.uk,TQ4 2 SL,Mia Patel,New Writing Night,2026-11-29,Theatre Royal Plymouth,2,Restricted,Walk-up,Non-member,
TH-Theatre-804763,mia.harris36@outlook.com,PL14 4 TO,Mia Harris,New Writing Night,2026-11-29,Theatre Royal Plymouth,2,Premium,Website,Non-member,
TH-Theatre-718890,emily.scott40@yahoo.co.uk,PL4 8 OJ,Emily Scott,New Writing Night,2026-11-29,Theatre Royal Plymouth,1,Restricted,Website,Non-member,
TH-Theatre-725920,phoebe.moore96@gmail.com,TQ4 8 CT,Phoebe Moore,New Writing Night,2026-11-29,Theatre Royal Plymouth,2,Standard,Website,Non-member,
TH-Theatre-242608,lily.ahmed35@hotmail.co.uk,PL14 1 IX,Lily Ahmed,New Writing Night,2026-11-29,Theatre Royal Plymouth,2,Standard,Website,Member,
TH-Theatre-383964,leo.jones73@outlook.com,PL1 4 JO,Leo Jones,New Writing Night,2026-11-29,Theatre Royal Plymouth,2,Standard,Website,Non-member,
TH-Theatre-907984,william.bell4@yahoo.co.uk,PL5 5 RN,William Bell,New Writing Night,2026-11-29,Theatre Royal Plymouth,1,Premium,Website,Non-member,
TH-Theatre-414648,george.harris49@icloud.com,PL3 6 XG,George Harris,New Writing Night,2026-11-29,Theatre Royal Plymouth,1,Standard,Website,Non-member,
TH-Theatre-758525,sophie.cook15@yahoo.co.uk,PL6 2 IP,Sophie Cook,New Writing Night,2026-11-29,Theatre Royal Plymouth,4,Restricted,Phone,Member,
TH-Theatre-240776,james.murphy11@gmail.com,TA6 7 SC,James Murphy,New Writing Night,2026-11-29,Theatre Royal Plymouth,3,Restricted,Phone,Non-member,
TH-Theatre-653382,ethan.roberts47@gmail.com,PL5 6 IB,Ethan Roberts,New Writing Night,2026-11-29,Theatre Royal Plymouth,2,Restricted,Website,Non-member,
TH-Theatre-477317,mia.evans46@hotmail.co.uk,PL5 9 ST,Mia Evans,New Writing Night,2026-11-29,Theatre Royal Plymouth,1,Restricted,Website,Non-member,
TH-Theatre-377096,amelia.bell8@outlook.com,TA1 1 RR,Amelia Bell,New Writing Night,2026-11-29,Theatre Royal Plymouth,1,Premium,Website,Non-member,
TH-Theatre-824610,phoebe.hill54@icloud.com,TA1 2 EE,Phoebe Hill,New Writing Night,2026-11-29,Theatre Royal Plymouth,1,Standard,Website,Non-member,
TH-Theatre-662756,chloe.scott88@yahoo.co.uk,PL5 4 GK,Chloe Scott,New Writing Night,2026-11-29,Theatre Royal Plymouth,1,Premium,Website,Non-member,
TH-Theatre-480402,samuel.thomas43@hotmail.co.uk,TQ4 2 QB,Samuel Thomas,New Writing Night,2026-11-29,Theatre Royal Plymouth,1,Premium,Website,Member,
TH-Theatre-496966,lucy.moore17@gmail.com,PL7 6 IC,Lucy Moore,New Writing Night,2026-11-29,Theatre Royal Plymouth,1,Standard,Website,Non-member,
TH-Theatre-954315,alfie.evans65@hotmail.co.uk,PL1 5 SX,Alfie Evans,New Writing Night,2026-11-29,Theatre Royal Plymouth,2,Standard,Website,Non-member,
TH-Theatre-817909,evie.bell66@outlook.com,PL6 1 HV,Evie Bell,New Writing Night,2026-11-29,Theatre Royal Plymouth,1,Standard,Website,Non-member,
TH-Theatre-373794,phoebe.jackson95@yahoo.co.uk,PL5 7 NB,Phoebe Jackson,Youth Theatre,2026-12-20,Theatre Royal Plymouth,1,Restricted,Website,Non-member,
TH-Theatre-338012,charlie.patel29@hotmail.co.uk,PL4 9 KS,Charlie Patel,Youth Theatre,2026-12-20,Theatre Royal Plymouth,1,Restricted,Website,Member,
TH-Theatre-666001,ethan.king91@gmail.com,EX2 9 GF,Ethan King,Youth Theatre,2026-12-20,Theatre Royal Plymouth,2,Restricted,Website,Non-member,
TH-Theatre-541184,daniel.patel39@gmail.com,PL4 9 PJ,Daniel Patel,Youth Theatre,2026-12-20,Theatre Royal Plymouth,3,Premium,Website,Non-member,
TH-Theatre-524302,megan.baker62@gmail.com,PL1 6 MS,Megan Baker,Youth Theatre,2026-12-20,Theatre Royal Plymouth,2,Restricted,Walk-up,Member,
TH-Theatre-619067,thomas.jones54@yahoo.co.uk,PL7 4 RE,Thomas Jones,Youth Theatre,2026-12-20,Theatre Royal Plymouth,1,Restricted,Website,Member,
TH-Theatre-237439,evie.ahmed80@hotmail.co.uk,PL7 4 JI,Evie Ahmed,Youth Theatre,2026-12-20,Theatre Royal Plymouth,1,Standard,Website,Non-member,
TH-Theatre-234011,sophie.allen14@gmail.com,PL12 3 RY,Sophie Allen,Youth Theatre,2026-12-20,Theatre Royal Plymouth,1,Standard,Website,Member,
TH-Theatre-759398,thomas.moore51@gmail.com,PL3 4 XQ,Thomas Moore,Youth Theatre,2026-12-20,Theatre Royal Plymouth,1,Restricted,Website,Member,
TH-Theatre-531409,lucy.allen95@yahoo.co.uk,PL3 1 RU,Lucy Allen,Youth Theatre,2026-12-20,Theatre Royal Plymouth,1,Restricted,Website,Non-member,
TH-Theatre-905099,daniel.bennett30@gmail.com,PL6 5 SR,Daniel Bennett,Youth Theatre,2026-12-20,Theatre Royal Plymouth,1,Restricted,Website,Member,
TH-Theatre-516431,olivia.roberts57@yahoo.co.uk,EX3 2 ZL,Olivia Roberts,Youth Theatre,2026-12-20,Theatre Royal Plymouth,2,Restricted,Website,Non-member,
TH-Theatre-258209,henry.evans60@yahoo.co.uk,PL6 8 SB,Henry Evans,Youth Theatre,2026-12-20,Theatre Royal Plymouth,1,Standard,Website,Non-member,
TH-Theatre-584853,lily.williams76@yahoo.co.uk,TR7 1 FP,Lily Williams,Youth Theatre,2026-12-20,Theatre Royal Plymouth,1,Restricted,Website,Non-member,
TH-Theatre-537727,freya.thomas65@outlook.com,PL14 6 PY,Freya Thomas,Youth Theatre,2026-12-20,Theatre Royal Plymouth,2,Restricted,Phone,Non-member,
TH-Theatre-713277,oliver.perry84@yahoo.co.uk,PL7 1 TN,Oliver Perry,Youth Theatre,2026-12-20,Theatre Royal Plymouth,3,Restricted,Website,Non-member,
TH-Theatre-514944,mia.green86@icloud.com,PL6 7 BI,Mia Green,Youth Theatre,2026-12-20,Theatre Royal Plymouth,1,Restricted,Website,Non-member,
TH-Theatre-276972,max.hill24@yahoo.co.uk,PL4 6 AV,Max Hill,Youth Theatre,2026-12-20,Theatre Royal Plymouth,3,Standard,Website,Non-member,
TH-Theatre-120880,olivia.jackson80@gmail.com,PL2 1 RP,Olivia Jackson,Youth Theatre,2026-12-20,Theatre Royal Plymouth,1,Premium,Website,Non-member,
TH-Theatre-209987,noah.perry17@hotmail.co.uk,PL1 1 JN,Noah Perry,Youth Theatre,2026-12-20,Theatre Royal Plymouth,1,Premium,Walk-up,Non-member,
TH-Theatre-896061,mia.harris36@outlook.com,PL14 4 TO,Mia Harris,Youth Theatre,2026-12-20,Theatre Royal Plymouth,1,Standard,Walk-up,Non-member,
TH-Theatre-135117,evie.turner8@icloud.com,EX1 9 TA,Evie Turner,Youth Theatre,2026-12-20,Theatre Royal Plymouth,1,Restricted,Website,Non-member,
TH-Theatre-618805,jack.smith74@hotmail.co.uk,PL19 3 OB,Jack Smith,Youth Theatre,2026-12-20,Theatre Royal Plymouth,3,Standard,Website,Non-member,
TH-Theatre-927201,thomas.perry48@hotmail.co.uk,TQ2 6 QB,Thomas Perry,Youth Theatre,2026-12-20,Theatre Royal Plymouth,1,Premium,Website,Non-member,
TH-Theatre-127705,megan.thomas59@yahoo.co.uk,TQ1 9 YM,Megan Thomas,Youth Theatre,2026-12-20,Theatre Royal Plymouth,1,Standard,Phone,Non-member,
TH-Theatre-291124,emma.clarke30@gmail.com,PL3 1 NR,Emma Clarke,Youth Theatre,2026-12-20,Theatre Royal Plymouth,1,Restricted,Website,Non-member,
TH-Theatre-927786,lily.davies66@hotmail.co.uk,PL6 3 CA,Lily Davies,Youth Theatre,2026-12-20,Theatre Royal Plymouth,2,Standard,Website,Non-member,
TH-Theatre-402045,sophie.collins54@hotmail.co.uk,PL9 1 WX,Sophie Collins,Youth Theatre,2026-12-20,Theatre Royal Plymouth,4,Standard,Website,Member,
TH-Theatre-331940,oliver.walker41@hotmail.co.uk,EX3 1 ZS,Oliver Walker,Youth Theatre,2026-12-20,Theatre Royal Plymouth,1,Restricted,Website,Non-member,
TH-Theatre-835561,evie.bell66@outlook.com,PL6 1 HV,Evie Bell,Youth Theatre,2026-12-20,Theatre Royal Plymouth,1,Premium,Website,Non-member,
TH-Theatre-565931,thomas.perry51@yahoo.co.uk,TQ12 6 GM,Thomas Perry,Youth Theatre,2026-12-20,Theatre Royal Plymouth,10,Restricted,Website,Non-member,
TH-Theatre-712986,ella.jackson65@outlook.com,PL1 9 GO,Ella Jackson,Youth Theatre,2026-12-20,Theatre Royal Plymouth,2,Restricted,Walk-up,Non-member,
TH-Theatre-200178,lucas.turner41@outlook.com,PL7 3 FX,Lucas Turner,Youth Theatre,2026-12-20,Theatre Royal Plymouth,1,Restricted,Website,Non-member,
TH-Theatre-710893,lily.moore30@hotmail.co.uk,PL9 5 NC,Lily Moore,Youth Theatre,2026-12-20,Theatre Royal Plymouth,1,Standard,Phone,Non-member,
TH-Theatre-205003,daniel.ward52@hotmail.co.uk,PL5 3 YZ,Daniel Ward,Youth Theatre,2026-12-20,Theatre Royal Plymouth,2,Restricted,Website,Non-member,
TH-Theatre-786581,samuel.singh95@icloud.com,PL9 7 PF,Samuel Singh,Youth Theatre,2026-12-20,Theatre Royal Plymouth,2,Standard,Walk-up,Non-member,
TH-Theatre-217962,olivia.moore9@yahoo.co.uk,TR1 9 NT,Olivia Moore,Youth Theatre,2026-12-20,Theatre Royal Plymouth,2,Standard,Website,Member,
TH-Theatre-990540,james.cooper98@hotmail.co.uk,PL19 4 GM,James Cooper,Youth Theatre,2026-12-20,Theatre Royal Plymouth,4,Restricted,Phone,Member,
TH-Theatre-898027,george.cooper98@yahoo.co.uk,TR1 4 QC,George Cooper,Youth Theatre,2026-12-20,Theatre Royal Plymouth,1,Restricted,Website,Non-member,
TH-Theatre-481416,grace.scott3@outlook.com,PL2 3 NW,Grace Scott,Youth Theatre,2026-12-20,Theatre Royal Plymouth,1,Premium,Walk-up,Non-member,
TH-Theatre-418176,leo.bennett20@yahoo.co.uk,PL2 6 SR,Leo Bennett,Youth Theatre,2026-12-20,Theatre Royal Plymouth,1,Standard,Website,Non-member,
TH-Theatre-602579,grace.davies53@yahoo.co.uk,TQ1 6 DV,Grace Davies,Youth Theatre,2026-12-20,Theatre Royal Plymouth,4,Premium,Website,Non-member,
TH-Theatre-445443,emma.bennett94@gmail.com,PL5 6 AQ,Emma Bennett,Youth Theatre,2026-12-20,Theatre Royal Plymouth,1,Restricted,Website,Member,
TH-Theatre-142345,mia.morgan95@outlook.com,PL4 9 ZV,Mia Morgan,Youth Theatre,2026-12-20,Theatre Royal Plymouth,1,Restricted,Website,Non-member,
TH-Theatre-356407,jacob.collins12@gmail.com,PL7 8 AI,Jacob Collins,Youth Theatre,2026-12-20,Theatre Royal Plymouth,4,Standard,Website,Non-member,
TH-Theatre-870456,freya.hall71@icloud.com,PL4 1 NK,Freya Hall,Youth Theatre,2026-12-20,Theatre Royal Plymouth,1,Standard,Website,Non-member,
TH-Theatre-860360,olivia.bell85@gmail.com,EX1 8 CX,Olivia Bell,Youth Theatre,2026-12-20,Theatre Royal Plymouth,2,Premium,Website,Non-member,
TH-Theatre-590060,max.jackson59@icloud.com,TA6 7 MY,Max Jackson,Youth Theatre,2026-12-20,Theatre Royal Plymouth,3,Premium,Walk-up,Non-member,
TH-Theatre-465141,emily.king5@yahoo.co.uk,PL5 4 PH,Emily King,Youth Theatre,2026-12-20,Theatre Royal Plymouth,2,Standard,Website,Member,
TH-Theatre-305210,lily.young59@yahoo.co.uk,PL2 4 MN,Lily Young,Youth Theatre,2026-12-20,Theatre Royal Plymouth,10,Standard,Phone,Member,
TH-Theatre-570698,ethan.taylor64@yahoo.co.uk,TR1 9 QB,Ethan Taylor,Youth Theatre,2026-12-20,Theatre Royal Plymouth,2,Standard,Website,Non-member,
TH-Theatre-192635,chloe.turner28@icloud.com,PL5 3 TZ,Chloe Turner,Youth Theatre,2026-12-20,Theatre Royal Plymouth,1,Premium,Website,Non-member,
TH-Theatre-186755,megan.evans12@outlook.com,PL21 2 ID,Megan Evans,Youth Theatre,2026-12-20,Theatre Royal Plymouth,1,Restricted,Phone,Non-member,
TH-Theatre-683782,samuel.smith37@gmail.com,PL5 8 XL,Samuel Smith,Youth Theatre,2026-12-20,Theatre Royal Plymouth,4,Restricted,Website,Non-member,
TH-Theatre-545223,megan.hall87@icloud.com,PL7 6 AU,Megan Hall,Youth Theatre,2026-12-20,Theatre Royal Plymouth,1,Standard,Website,Non-member,
TH-Theatre-284585,thomas.young1@hotmail.co.uk,PL7 6 HK,Thomas Young,Youth Theatre,2026-12-20,Theatre Royal Plymouth,3,Premium,Phone,Non-member,
TH-Theatre-686508,sophie.harris90@gmail.com,PL19 9 UN,Sophie Harris,Youth Theatre,2026-12-20,Theatre Royal Plymouth,3,Restricted,Website,Non-member,
TH-Theatre-761823,jessica.hall41@yahoo.co.uk,PL2 4 NJ,Jessica Hall,Youth Theatre,2026-12-20,Theatre Royal Plymouth,1,Premium,Website,Non-member,
TH-Theatre-917535,jessica.patel99@icloud.com,PL9 9 KT,Jessica Patel,Youth Theatre,2026-12-20,Theatre Royal Plymouth,1,Standard,Website,Non-member,
TH-Theatre-410318,thomas.ahmed93@icloud.com,PL4 7 ZA,Thomas Ahmed,Youth Theatre,2026-12-20,Theatre Royal Plymouth,4,Standard,Website,Non-member,
TH-Theatre-156093,jacob.morgan8@hotmail.co.uk,EX4 8 KH,Jacob Morgan,Youth Theatre,2026-12-20,Theatre Royal Plymouth,1,Standard,Website,Non-member,
TH-Theatre-120030,joshua.wilson78@icloud.com,TR1 5 OM,Joshua Wilson,Youth Theatre,2026-12-20,Theatre Royal Plymouth,1,Premium,Website,Non-member,
TH-Theatre-931354,emily.allen50@hotmail.co.uk,PL21 2 KC,Emily Allen,Youth Theatre,2026-12-20,Theatre Royal Plymouth,10,Standard,Website,Non-member,
TH-Theatre-398948,thomas.hill87@yahoo.co.uk,TQ3 5 ZK,Thomas Hill,Youth Theatre,2026-12-20,Theatre Royal Plymouth,10,Restricted,Website,Non-member,
TH-Theatre-113200,james.murphy11@gmail.com,TA6 7 SC,James Murphy,Youth Theatre,2026-12-20,Theatre Royal Plymouth,1,Premium,Walk-up,Member,
TH-Theatre-354509,sophie.cook15@yahoo.co.uk,PL6 2 IP,Sophie Cook,Youth Theatre,2026-12-20,Theatre Royal Plymouth,1,Restricted,Phone,Member,
TH-Theatre-967773,freya.evans58@icloud.com,TA1 8 KR,Freya Evans,Youth Theatre,2026-12-20,Theatre Royal Plymouth,1,Standard,Website,Non-member,
TH-Theatre-696085,alfie.jackson94@icloud.com,PL21 7 GX,Alfie Jackson,Youth Theatre,2026-12-20,Theatre Royal Plymouth,1,Standard,Phone,Member,
TH-Theatre-545545,lucy.harris14@icloud.com,PL6 3 NW,Lucy Harris,Youth Theatre,2026-12-20,Theatre Royal Plymouth,1,Premium,Website,Non-member,
TH-Theatre-534270,jessica.moore19@icloud.com,TQ1 9 AL,Jessica Moore,Youth Theatre,2026-12-20,Theatre Royal Plymouth,2,Standard,Website,Non-member,
TH-Theatre-493561,charlie.ward21@gmail.com,PL21 5 KU,Charlie Ward,Youth Theatre,2026-12-20,Theatre Royal Plymouth,1,Standard,Website,Non-member,
TH-Theatre-528388,alice.cook58@hotmail.co.uk,PL6 4 SY,Alice Cook,Youth Theatre,2026-12-20,Theatre Royal Plymouth,2,Premium,Phone,Non-member,
TH-Theatre-415971,george.roberts43@gmail.com,PL9 4 PD,George Roberts,Youth Theatre,2026-12-20,Theatre Royal Plymouth,4,Standard,Phone,Non-member,
TH-Theatre-954232,james.cook19@gmail.com,PL2 8 VR,James Cook,Youth Theatre,2026-12-20,Theatre Royal Plymouth,1,Restricted,Phone,Member,
TH-Theatre-192769,jessica.jones14@icloud.com,PL9 3 PZ,Jessica Jones,Youth Theatre,2026-12-20,Theatre Royal Plymouth,1,Standard,Phone,Member,
TH-Theatre-930990,lucy.jackson96@icloud.com,PL2 5 ON,Lucy Jackson,Youth Theatre,2026-12-20,Theatre Royal Plymouth,2,Restricted,Website,Non-member,
TH-Theatre-406311,james.cooper41@yahoo.co.uk,PL4 8 TP,James Cooper,Youth Theatre,2026-12-20,Theatre Royal Plymouth,2,Premium,Walk-up,Non-member,
TH-Theatre-898474,henry.taylor1@yahoo.co.uk,PL5 4 VL,Henry Taylor,Youth Theatre,2026-12-20,Theatre Royal Plymouth,2,Restricted,Phone,Non-member,
TH-Theatre-234477,poppy.walker46@hotmail.co.uk,PL3 1 CO,Poppy Walker,Youth Theatre,2026-12-20,Theatre Royal Plymouth,10,Standard,Website,Non-member,
TH-Theatre-872761,joshua.cooper81@yahoo.co.uk,PL2 7 EQ,Joshua Cooper,Youth Theatre,2026-12-20,Theatre Royal Plymouth,2,Restricted,Website,Member,
TH-Theatre-569899,harry.johnson78@outlook.com,PL7 2 OH,Harry Johnson,Youth Theatre,2026-12-20,Theatre Royal Plymouth,1,Premium,Website,Non-member,
TH-Theatre-218184,thomas.clarke47@icloud.com,PL2 8 EB,Thomas Clarke,Youth Theatre,2026-12-20,Theatre Royal Plymouth,1,Restricted,Website,Non-member,
TH-Theatre-193158,ella.ward91@yahoo.co.uk,PL3 2 UR,Ella Ward,Youth Theatre,2026-12-20,Theatre Royal Plymouth,4,Premium,Website,Non-member,
TH-Theatre-985243,samuel.hall15@outlook.com,PL5 8 QW,Samuel Hall,Youth Theatre,2026-12-20,Theatre Royal Plymouth,2,Standard,Website,Non-member,
TH-Theatre-829906,james.jackson95@gmail.com,TQ4 1 CQ,James Jackson,Youth Theatre,2026-12-20,Theatre Royal Plymouth,5,Standard,Website,Non-member,
TH-Theatre-854835,lily.young90@icloud.com,PL6 5 ME,Lily Young,Youth Theatre,2026-12-20,Theatre Royal Plymouth,3,Standard,Phone,Non-member,
TH-Theatre-580592,ruby.hill51@hotmail.co.uk,PL1 2 DK,Ruby Hill,Youth Theatre,2026-12-20,Theatre Royal Plymouth,1,Premium,Website,Non-member,
TH-Theatre-226631,samuel.allen66@outlook.com,PL9 4 FG,Samuel Allen,Youth Theatre,2026-12-20,Theatre Royal Plymouth,1,Standard,Website,Non-member,
TH-Theatre-261035,joshua.ward63@hotmail.co.uk,PL5 2 NG,Joshua Ward,Youth Theatre,2026-12-20,Theatre Royal Plymouth,2,Restricted,Website,Non-member,
TH-Theatre-766015,max.walker81@hotmail.co.uk,TQ3 3 LL,Max Walker,Youth Theatre,2026-12-20,Theatre Royal Plymouth,3,Restricted,Website,Non-member,
TH-Theatre-483914,emma.roberts87@hotmail.co.uk,PL7 4 HE,Emma Roberts,Youth Theatre,2026-12-20,Theatre Royal Plymouth,1,Standard,Website,Non-member,
TH-Theatre-307027,samuel.wilson73@outlook.com,TA6 1 QA,Samuel Wilson,Youth Theatre,2026-12-20,Theatre Royal Plymouth,3,Standard,Website,Non-member,
TH-Theatre-589645,jack.bennett39@icloud.com,PL6 1 QF,Jack Bennett,Youth Theatre,2026-12-20,Theatre Royal Plymouth,3,Premium,Website,Non-member,
TH-Theatre-631091,emily.singh78@yahoo.co.uk,PL7 7 TH,Emily Singh,Youth Theatre,2026-12-20,Theatre Royal Plymouth,2,Premium,Phone,Non-member,
TH-Theatre-807945,jack.ward56@gmail.com,PL6 2 LB,Jack Ward,Youth Theatre,2026-12-20,Theatre Royal Plymouth,3,Standard,Website,Non-member,
TH-Theatre-243768,harry.baker63@outlook.com,PL2 3 ZL,Harry Baker,Youth Theatre,2026-12-20,Theatre Royal Plymouth,1,Standard,Phone,Non-member,
TH-Theatre-649027,jessica.bell6@hotmail.co.uk,PL9 8 MP,Jessica Bell,Youth Theatre,2026-12-20,Theatre Royal Plymouth,2,Standard,Website,Non-member,
TH-Theatre-110092,george.hall15@gmail.com,PL4 8 BW,George Hall,Youth Theatre,2026-12-20,Theatre Royal Plymouth,3,Premium,Website,Non-member,
TH-Theatre-839740,emily.jones38@hotmail.co.uk,PL1 5 CA,Emily Jones,Youth Theatre,2026-12-20,Theatre Royal Plymouth,1,Standard,Phone,Non-member,
TH-Theatre-981808,grace.turner60@hotmail.co.uk,PL2 4 SN,Grace Turner,Youth Theatre,2026-12-20,Theatre Royal Plymouth,1,Standard,Website,Non-member,
TH-Theatre-301090,samuel.hall42@icloud.com,PL2 7 AY,Samuel Hall,Youth Theatre,2026-12-20,Theatre Royal Plymouth,1,Restricted,Website,Non-member,
TH-Theatre-595530,alice.murphy44@outlook.com,PL9 2 UJ,Alice Murphy,Youth Theatre,2026-12-20,Theatre Royal Plymouth,2,Restricted,Website,Non-member,
TH-Theatre-428046,amelia.ahmed2@hotmail.co.uk,PL19 2 KD,Amelia Ahmed,Youth Theatre,2026-12-20,Theatre Royal Plymouth,2,Premium,Website,Member,
TH-Theatre-160269,ella.davies91@yahoo.co.uk,PL3 6 EC,Ella Davies,Youth Theatre,2026-12-20,Theatre Royal Plymouth,3,Premium,Website,Non-member,
TH-Theatre-531057,daniel.cook34@gmail.com,PL3 7 SX,Daniel Cook,Youth Theatre,2026-12-20,Theatre Royal Plymouth,2,Premium,Phone,Non-member,
TH-Theatre-778854,charlie.patel78@icloud.com,TQ12 7 ST,Charlie Patel,Youth Theatre,2026-12-20,Theatre Royal Plymouth,3,Restricted,Website,Non-member,
TH-Theatre-349100,george.turner11@icloud.com,PL9 3 VJ,George Turner,Youth Theatre,2026-12-20,Theatre Royal Plymouth,1,Restricted,Website,Non-member,
TH-Theatre-709362,alfie.cooper65@icloud.com,PL21 8 KN,Alfie Cooper,Youth Theatre,2026-12-20,Theatre Royal Plymouth,4,Restricted,Website,Non-member,
TH-Theatre-428504,lily.walker80@outlook.com,TR1 6 FE,Lily Walker,Youth Theatre,2026-12-20,Theatre Royal Plymouth,1,Restricted,Phone,Non-member,
TH-Theatre-730468,freya.evans89@yahoo.co.uk,PL4 7 GV,Freya Evans,Youth Theatre,2026-12-20,Theatre Royal Plymouth,1,Standard,Walk-up,Non-member,
TH-Theatre-587402,daniel.hall1@outlook.com,TA1 8 ON,Daniel Hall,Youth Theatre,2026-12-20,Theatre Royal Plymouth,1,Standard,Website,Non-member,
TH-Theatre-999189,megan.harris64@gmail.com,PL3 4 WG,Megan Harris,Youth Theatre,2026-12-20,Theatre Royal Plymouth,2,Restricted,Website,Non-member,
TH-Theatre-522585,poppy.johnson97@yahoo.co.uk,PL6 9 QO,Poppy Johnson,Youth Theatre,2026-12-20,Theatre Royal Plymouth,2,Premium,Website,Non-member,
TH-Theatre-896659,chloe.allen30@yahoo.co.uk,PL9 4 IR,Chloe Allen,Youth Theatre,2026-12-20,Theatre Royal Plymouth,10,Premium,Walk-up,Non-member,
TH-Theatre-543095,leo.taylor6@outlook.com,TR7 9 PD,Leo Taylor,Youth Theatre,2026-12-20,Theatre Royal Plymouth,5,Standard,Website,Member,
TH-Theatre-605908,emma.hill90@icloud.com,PL2 6 DI,Emma Hill,Youth Theatre,2026-12-20,Theatre Royal Plymouth,3,Standard,Website,Non-member,
TH-Theatre-232616,lucas.green51@gmail.com,TR7 9 MN,Lucas Green,Youth Theatre,2026-12-20,Theatre Royal Plymouth,3,Premium,Website,Non-member,
