Item,Contact_Name,Email,Postcode,Event,Event_Date,Status,Comments
RI-RI-974450,Phoebe Hill,phoebe.hill54@icloud.com,TA1 2 EE,Artist Talk,2026-03-26,Confirmed,Follow up required
RI-RI-781993,Olivia Roberts,olivia.roberts2@hotmail.co.uk,PL2 3 WW,Artist Talk,2026-03-26,Attended,Community partner
RI-RI-962014,Jessica Clarke,jessica.clarke38@outlook.com,PL2 8 WO,Creative Drop-in,2026-04-14,Confirmed,Repeat attendee
RI-RI-746423,Lily Cook,lily.cook53@hotmail.co.uk,EX3 1 UB,Creative Drop-in,2026-04-14,Attended,Follow up required
RI-RI-845440,Phoebe Cook,phoebe.cook23@outlook.com,PL2 3 KB,Creative Drop-in,2026-04-14,Confirmed,Community partner
RI-RI-254760,Olivia Hill,olivia.hill34@hotmail.co.uk,PL12 9 GC,Creative Drop-in,2026-04-14,Attended,
RI-RI-810201,Noah Moore,noah.moore85@icloud.com,PL6 5 AF,Creative Drop-in,2026-04-14,Confirmed,Repeat attendee
RI-RI-547212,Thomas Moore,thomas.moore14@gmail.com,PL19 1 MQ,Creative Drop-in,2026-04-14,Confirmed,Community partner
RI-RI-564940,Ruby Cook,ruby.cook79@outlook.com,PL6 1 GD,Creative Drop-in,2026-04-14,Attended,
RI-RI-296213,Charlie Jackson,charlie.jackson30@gmail.com,PL6 4 FA,Creative Drop-in,2026-04-14,Confirmed,
RI-RI-918797,Lucy Scott,lucy.scott49@gmail.com,PL12 4 EN,Creative Drop-in,2026-04-14,Cancelled,Follow up required
RI-RI-966086,Daniel Wood,daniel.wood30@icloud.com,PL1 6 PY,Creative Drop-in,2026-04-14,Confirmed,Follow up required
RI-RI-157308,Lily Jones,lily.jones3@gmail.com,PL5 7 HQ,Creative Drop-in,2026-04-14,Confirmed,Community partner
RI-RI-734504,Harry White,harry.white84@yahoo.co.uk,PL19 7 HU,Creative Drop-in,2026-04-14,Confirmed,
RI-RI-847432,Ruby Patel,ruby.patel72@yahoo.co.uk,TQ4 5 ZN,Creative Drop-in,2026-04-14,Attended,Follow up required
RI-RI-989055,Grace Baker,grace.baker98@gmail.com,PL7 9 YH,Creative Drop-in,2026-04-14,Confirmed,Follow up required
RI-RI-478919,Charlotte Jones,charlotte.jones84@outlook.com,PL6 5 UJ,Open Studio Day,2026-05-28,Confirmed,Follow up required
RI-RI-765693,Thomas Allen,thomas.allen54@yahoo.co.uk,PL3 2 WX,Open Studio Day,2026-05-28,Confirmed,
RI-RI-670523,Olivia Singh,olivia.singh79@icloud.com,PL3 4 CP,Open Studio Day,2026-05-28,Attended,Follow up required
RI-RI-735971,Emily Baker,emily.baker53@icloud.com,PL4 2 UB,Open Studio Day,2026-05-28,Confirmed,Repeat attendee
RI-RI-371941,Ella Bennett,ella.bennett80@outlook.com,PL4 5 LI,Open Studio Day,2026-05-28,Attended,Repeat attendee
RI-RI-307537,Grace Turner,grace.turner25@gmail.com,PL2 7 ZY,Community Exhibition,2026-10-04,Confirmed,Repeat attendee
RI-RI-845317,Henry Thomas,henry.thomas66@hotmail.co.uk,PL5 7 LU,Community Exhibition,2026-10-04,Attended,Repeat attendee
RI-RI-716708,Lucy Perry,lucy.perry2@gmail.com,PL4 9 ZW,Community Exhibition,2026-10-04,Confirmed,
RI-RI-967498,Charlie Green,charlie.green1@outlook.com,PL9 4 ID,Community Exhibition,2026-10-04,Cancelled,Follow up required
RI-RI-744053,Megan Walker,megan.walker44@hotmail.co.uk,PL7 2 BU,Community Exhibition,2026-10-04,Attended,
RI-RI-857129,Charlotte Jones,charlotte.jones84@outlook.com,PL6 5 UJ,Community Exhibition,2026-10-04,Attended,Community partner
RI-RI-842752,Daniel Hall,daniel.hall37@yahoo.co.uk,PL4 2 VM,Community Exhibition,2026-10-04,Confirmed,Follow up required
RI-RI-721614,Joshua Brown,joshua.brown82@hotmail.co.uk,PL4 7 KB,Community Exhibition,2026-10-04,Attended,
RI-RI-700353,Daniel Hall,daniel.hall37@yahoo.co.uk,PL4 2 VM,Neighbourhood Arts Session,2026-11-05,Confirmed,
RI-RI-616595,Jacob Young,jacob.young28@hotmail.co.uk,TQ1 5 LG,Neighbourhood Arts Session,2026-11-05,Attended,Community partner
RI-RI-674716,Olivia Wood,olivia.wood18@outlook.com,PL9 1 JZ,Neighbourhood Arts Session,2026-11-05,Confirmed,Community partner
RI-RI-330493,Chloe White,chloe.white97@yahoo.co.uk,EX2 4 BT,Neighbourhood Arts Session,2026-11-05,Confirmed,
RI-RI-124549,Ruby Patel,ruby.patel72@yahoo.co.uk,TQ4 5 ZN,Neighbourhood Arts Session,2026-11-05,Attended,
RI-RI-979111,Chloe Taylor,chloe.taylor18@icloud.com,PL4 4 YM,Neighbourhood Arts Session,2026-11-05,Attended,Community partner
RI-RI-159983,Harry Scott,harry.scott32@icloud.com,EX2 9 QY,Neighbourhood Arts Session,2026-11-05,Confirmed,Repeat attendee
RI-RI-232534,Megan Moore,megan.moore3@gmail.com,EX4 5 OP,Museum Discovery Session,2026-02-11,Attended,
RI-RI-306129,Sophie King,sophie.king54@yahoo.co.uk,PL5 5 KB,Museum Discovery Session,2026-02-11,Confirmed,
RI-RI-958077,Evie Bennett,evie.bennett24@hotmail.co.uk,PL9 2 EF,Museum Discovery Session,2026-02-11,Confirmed,Community partner
RI-RI-809041,Noah Bell,noah.bell4@icloud.com,PL5 8 DK,Museum Discovery Session,2026-02-11,Confirmed,
RI-RI-725914,Phoebe Harris,phoebe.harris61@gmail.com,PL4 6 YB,Museum Discovery Session,2026-02-11,Confirmed,Community partner
RI-RI-226503,Harry Singh,harry.singh37@yahoo.co.uk,TA1 5 US,Family Gallery Trail,2026-03-03,Confirmed,Repeat attendee
RI-RI-750624,Jacob Wilson,jacob.wilson65@hotmail.co.uk,PL7 9 ML,Family Gallery Trail,2026-03-03,Confirmed,Repeat attendee
RI-RI-712569,Alice Young,alice.young57@icloud.com,TQ12 9 MN,Family Gallery Trail,2026-03-03,Confirmed,Repeat attendee
RI-RI-379642,Oscar Evans,oscar.evans87@gmail.com,PL2 7 AG,Family Gallery Trail,2026-03-03,Confirmed,Repeat attendee
RI-RI-633652,George Young,george.young37@outlook.com,PL5 8 RI,Family Gallery Trail,2026-03-03,Confirmed,Follow up required
RI-RI-314860,Oscar Hall,oscar.hall95@icloud.com,PL5 5 WP,Family Gallery Trail,2026-03-03,Confirmed,Repeat attendee
RI-RI-956529,William Ahmed,william.ahmed98@outlook.com,PL21 5 TK,Family Gallery Trail,2026-03-03,Confirmed,Follow up required
RI-RI-330095,Alice Bell,alice.bell86@yahoo.co.uk,PL4 6 VU,Family Gallery Trail,2026-03-03,Confirmed,Repeat attendee
RI-RI-872036,James Evans,james.evans62@icloud.com,TQ1 4 XE,Family Gallery Trail,2026-03-03,Confirmed,Repeat attendee
RI-RI-176413,Noah Walker,noah.walker50@outlook.com,PL2 3 VP,Object Handling Session,2026-05-24,Confirmed,Follow up required
RI-RI-207524,Daniel Collins,daniel.collins63@outlook.com,PL4 1 UH,Object Handling Session,2026-05-24,Attended,Repeat attendee
RI-RI-833079,Lucas Hall,lucas.hall67@icloud.com,TQ2 5 FY,Object Handling Session,2026-05-24,Confirmed,Repeat attendee
RI-RI-503521,Oliver Murphy,oliver.murphy56@yahoo.co.uk,PL3 7 RM,Object Handling Session,2026-05-24,Attended,Community partner
RI-RI-492169,Henry Ahmed,henry.ahmed38@gmail.com,PL2 8 EC,Object Handling Session,2026-05-24,Attended,Repeat attendee
RI-RI-417176,Jessica Jones,jessica.jones75@yahoo.co.uk,PL9 6 BG,Object Handling Session,2026-05-24,Attended,
RI-RI-319725,Phoebe Wilson,phoebe.wilson65@hotmail.co.uk,EX4 6 PY,Archive Visit,2026-07-19,Cancelled,Community partner
RI-RI-903649,Oscar Allen,oscar.allen55@hotmail.co.uk,PL5 8 HM,Archive Visit,2026-07-19,Attended,Follow up required
RI-RI-300692,Thomas Davies,thomas.davies23@icloud.com,TA1 6 PV,Archive Visit,2026-07-19,Confirmed,
RI-RI-448435,Daniel Scott,daniel.scott94@icloud.com,PL5 3 VK,Archive Visit,2026-07-19,Confirmed,Follow up required
RI-RI-807521,Mia Murphy,mia.murphy50@gmail.com,PL4 8 JT,Archive Visit,2026-07-19,Attended,Follow up required
RI-RI-805067,Ethan Bell,ethan.bell72@yahoo.co.uk,TR7 4 XB,Archive Visit,2026-07-19,Confirmed,Community partner
RI-RI-331475,Charlie Hall,charlie.hall90@outlook.com,PL14 3 YC,Archive Visit,2026-07-19,Confirmed,
RI-RI-809826,Jack Jackson,jack.jackson63@icloud.com,PL5 2 AC,Archive Visit,2026-07-19,Attended,Repeat attendee
RI-RI-939760,Ethan Turner,ethan.turner72@icloud.com,TQ3 7 AU,Archive Visit,2026-07-19,Confirmed,Follow up required
RI-RI-847962,Max Bell,max.bell1@yahoo.co.uk,PL3 9 JV,Archive Visit,2026-07-19,Confirmed,Community partner
RI-RI-861873,Lucas Patel,lucas.patel11@hotmail.co.uk,PL4 4 BA,Archive Visit,2026-07-19,Confirmed,Follow up required
RI-RI-775006,Oscar Turner,oscar.turner26@gmail.com,TQ1 6 PY,Archive Visit,2026-07-19,Confirmed,
RI-RI-491330,Alice Young,alice.young93@hotmail.co.uk,TA1 9 MH,Archive Visit,2026-07-19,Cancelled,Community partner
RI-RI-637042,Megan Hill,megan.hill11@outlook.com,PL3 9 RU,Archive Visit,2026-07-19,Confirmed,Repeat attendee
RI-RI-121768,Lucas Morgan,lucas.morgan77@yahoo.co.uk,PL5 9 HI,Archive Visit,2026-07-19,Confirmed,Follow up required
RI-RI-315735,Harry Turner,harry.turner76@yahoo.co.uk,PL2 2 BZ,Archive Visit,2026-07-19,Confirmed,Community partner
RI-RI-306796,Daniel Martin,daniel.martin57@hotmail.co.uk,TQ1 6 DQ,Archive Visit,2026-07-19,Attended,
RI-RI-187852,Harry Scott,harry.scott32@icloud.com,EX2 9 QY,Archive Visit,2026-07-19,Attended,
RI-RI-268270,Jack Murphy,jack.murphy89@gmail.com,PL6 5 LE,Local History Talk,2026-07-26,Attended,Community partner
RI-RI-273940,Sophie King,sophie.king54@yahoo.co.uk,PL5 5 KB,Local History Talk,2026-07-26,Attended,Repeat attendee
RI-RI-417285,George Taylor,george.taylor28@hotmail.co.uk,PL7 7 XQ,Local History Talk,2026-07-26,Attended,
RI-RI-618534,Chloe Bennett,chloe.bennett1@yahoo.co.uk,PL9 3 JM,Local History Talk,2026-07-26,Confirmed,
RI-RI-631339,Charlie Green,charlie.green1@outlook.com,PL9 4 ID,Behind the Scenes Tour,2026-09-21,Confirmed,Follow up required
RI-RI-836462,Lily Baker,lily.baker28@outlook.com,PL1 8 JJ,Behind the Scenes Tour,2026-09-21,Attended,Repeat attendee
RI-RI-514034,Lily Allen,lily.allen61@gmail.com,PL9 8 ZS,Behind the Scenes Tour,2026-09-21,Confirmed,Community partner
RI-RI-128218,Joshua Evans,joshua.evans43@gmail.com,TQ2 9 TZ,Behind the Scenes Tour,2026-09-21,Attended,Follow up required
RI-RI-803474,Max Scott,max.scott44@hotmail.co.uk,PL5 1 AM,Behind the Scenes Tour,2026-09-21,Attended,Follow up required
RI-RI-261287,William Johnson,william.johnson3@hotmail.co.uk,PL9 3 FV,Behind the Scenes Tour,2026-09-21,Confirmed,
RI-RI-214419,Max Walker,max.walker81@hotmail.co.uk,TQ3 3 LL,Behind the Scenes Tour,2026-09-21,Confirmed,
RI-RI-582183,Oliver Young,oliver.young50@yahoo.co.uk,PL5 7 JW,Community Collection Day,2026-10-07,Cancelled,
RI-RI-745865,Olivia Wood,olivia.wood18@outlook.com,PL9 1 JZ,Community Collection Day,2026-10-07,Confirmed,
RI-RI-792991,Poppy Evans,poppy.evans4@icloud.com,PL14 5 XS,Community Collection Day,2026-10-07,Confirmed,Community partner
RI-RI-170791,Mia Brown,mia.brown18@yahoo.co.uk,TQ12 3 NT,Community Collection Day,2026-10-07,Confirmed,Repeat attendee
RI-RI-673288,William Wood,william.wood73@outlook.com,PL9 3 IR,Community Collection Day,2026-10-07,Attended,
RI-RI-721155,Emma Ward,emma.ward8@gmail.com,PL2 1 LA,School Holiday Activity,2026-10-11,Confirmed,Follow up required
RI-RI-457133,Ethan Roberts,ethan.roberts34@hotmail.co.uk,PL7 5 CO,Exhibition Tour,2026-12-01,Confirmed,
RI-RI-559982,Jacob White,jacob.white23@gmail.com,EX3 6 TJ,Exhibition Tour,2026-12-01,Confirmed,Community partner
RI-RI-429698,Emma Clarke,emma.clarke12@yahoo.co.uk,TQ4 3 WJ,Exhibition Tour,2026-12-01,Confirmed,Follow up required
RI-RI-643170,Samuel Bell,samuel.bell89@gmail.com,PL4 2 FS,Exhibition Tour,2026-12-01,Attended,Community partner
RI-RI-928361,Jack Walker,jack.walker44@icloud.com,PL4 6 ME,Exhibition Tour,2026-12-01,Confirmed,Community partner
RI-RI-891839,Freya Hall,freya.hall37@icloud.com,PL3 6 II,Exhibition Tour,2026-12-01,Confirmed,Follow up required
RI-RI-172199,Freya Wood,freya.wood53@yahoo.co.uk,TQ12 5 AU,Exhibition Tour,2026-12-01,Confirmed,
RI-RI-855797,Evie Murphy,evie.murphy16@hotmail.co.uk,EX2 1 UP,Exhibition Tour,2026-12-01,Attended,Community partner
RI-RI-621081,Charlie Brown,charlie.brown92@gmail.com,PL3 1 IJ,Exhibition Tour,2026-12-01,Confirmed,Follow up required
RI-RI-957411,Harry Taylor,harry.taylor16@yahoo.co.uk,PL9 2 RB,Exhibition Tour,2026-12-01,Confirmed,Follow up required
RI-RI-187453,Leo Moore,leo.moore80@outlook.com,EX4 9 JE,Exhibition Tour,2026-12-01,Confirmed,
RI-RI-697368,Megan Walker,megan.walker44@hotmail.co.uk,PL7 2 BU,History Workshop,2026-12-28,Confirmed,Community partner
RI-RI-535189,Poppy Allen,poppy.allen30@icloud.com,PL6 8 ZX,History Workshop,2026-12-28,Confirmed,Follow up required
RI-RI-746209,Jack Hill,jack.hill68@yahoo.co.uk,PL9 1 LR,History Workshop,2026-12-28,Confirmed,Repeat attendee
RI-RI-793513,William Johnson,william.johnson3@hotmail.co.uk,PL9 3 FV,History Workshop,2026-12-28,Confirmed,
RI-RI-983607,Ruby Cook,ruby.cook79@outlook.com,PL6 1 GD,History Workshop,2026-12-28,Confirmed,Community partner
RI-RI-673870,Harry Singh,harry.singh37@yahoo.co.uk,TA1 5 US,History Workshop,2026-12-28,Confirmed,
RI-RI-685024,William Patel,william.patel75@icloud.com,PL9 7 VK,History Workshop,2026-12-28,Cancelled,Community partner
RI-RI-958191,Ruby Brown,ruby.brown24@icloud.com,PL1 7 KA,History Workshop,2026-12-28,Confirmed,
RI-RI-832823,Emma Taylor,emma.taylor26@outlook.com,EX4 3 EE,History Workshop,2026-12-28,Confirmed,
RI-RI-619131,Sophie Hill,sophie.hill41@yahoo.co.uk,PL9 1 YY,History Workshop,2026-12-28,Confirmed,Repeat attendee
RI-RI-905132,George Allen,george.allen39@gmail.com,PL3 9 EP,History Workshop,2026-12-28,Confirmed,Community partner
RI-RI-252712,Lucas Green,lucas.green35@icloud.com,PL19 3 GR,History Workshop,2026-12-28,Attended,Follow up required
RI-RI-207958,Ruby Morgan,ruby.morgan84@icloud.com,PL2 3 EV,History Workshop,2026-12-28,Confirmed,Follow up required
RI-RI-508478,Joshua Perry,joshua.perry25@outlook.com,PL2 4 LM,History Workshop,2026-12-28,Confirmed,Community partner
RI-RI-179921,Charlie Morgan,charlie.morgan40@gmail.com,PL5 6 AK,Live Performance,2026-01-09,Attended,
RI-RI-239789,Evie Bell,evie.bell35@yahoo.co.uk,PL5 9 YN,Live Performance,2026-01-09,Confirmed,
RI-RI-855255,Ruby Patel,ruby.patel1@gmail.com,PL9 5 ET,Live Performance,2026-01-09,Confirmed,Follow up required
RI-RI-852747,Noah Wilson,noah.wilson85@yahoo.co.uk,PL2 8 PE,Live Performance,2026-01-09,Confirmed,
RI-RI-460656,Jack Wood,jack.wood68@yahoo.co.uk,PL4 4 ZB,Live Performance,2026-01-09,Confirmed,Community partner
RI-RI-918455,Poppy Singh,poppy.singh31@outlook.com,EX1 7 UE,Live Performance,2026-01-09,Confirmed,Community partner
RI-RI-479567,Daniel Cook,daniel.cook84@gmail.com,PL21 8 ZQ,Live Performance,2026-01-09,Confirmed,Repeat attendee
RI-RI-935911,Alice Young,alice.young57@icloud.com,TQ12 9 MN,Live Performance,2026-01-09,Attended,Community partner
RI-RI-148413,Sophie Clarke,sophie.clarke50@hotmail.co.uk,PL6 3 JP,Live Performance,2026-01-09,Confirmed,
RI-RI-798531,Amelia Jackson,amelia.jackson72@yahoo.co.uk,TQ2 4 ZF,Live Performance,2026-01-09,Attended,Follow up required
RI-RI-435696,Thomas Thomas,thomas.thomas29@yahoo.co.uk,PL6 5 PB,Live Performance,2026-01-09,Confirmed,Repeat attendee
RI-RI-331382,Poppy Singh,poppy.singh13@gmail.com,PL6 2 QI,Live Performance,2026-01-09,Cancelled,Follow up required
RI-RI-544389,George Perry,george.perry62@gmail.com,PL14 8 GG,Live Performance,2026-01-09,Confirmed,Community partner
RI-RI-887430,Max Walker,max.walker81@hotmail.co.uk,TQ3 3 LL,Live Performance,2026-01-09,Confirmed,Follow up required
RI-RI-887076,Chloe Moore,chloe.moore59@yahoo.co.uk,PL3 6 EW,Live Performance,2026-01-09,Confirmed,
RI-RI-319851,Daniel Jackson,daniel.jackson15@icloud.com,PL4 5 RI,Live Performance,2026-01-09,Cancelled,Community partner
RI-RI-521326,Alice Jackson,alice.jackson80@yahoo.co.uk,PL5 1 NL,Live Performance,2026-01-09,Confirmed,Repeat attendee
RI-RI-734415,Lucy Collins,lucy.collins23@gmail.com,PL6 8 AQ,Live Performance,2026-01-09,Confirmed,
RI-RI-235035,Henry Taylor,henry.taylor60@hotmail.co.uk,PL9 9 AN,Live Performance,2026-01-09,Confirmed,
RI-RI-332526,Joshua Ward,joshua.ward63@hotmail.co.uk,PL5 2 NG,Live Performance,2026-01-09,Confirmed,
RI-RI-697796,Max Bell,max.bell45@hotmail.co.uk,PL21 1 WJ,Live Performance,2026-01-09,Attended,
RI-RI-815898,James Jackson,james.jackson95@gmail.com,TQ4 1 CQ,Live Performance,2026-01-09,Confirmed,Community partner
RI-RI-416359,Lily Cook,lily.cook53@hotmail.co.uk,EX3 1 UB,Live Performance,2026-01-09,Confirmed,Community partner
RI-RI-714086,Mia Turner,mia.turner29@icloud.com,TQ4 9 IU,Annual Celebration,2026-02-20,Confirmed,Community partner
RI-RI-138542,Chloe Bennett,chloe.bennett6@icloud.com,PL6 2 IR,Annual Celebration,2026-02-20,Confirmed,Community partner
RI-RI-984366,Ruby Smith,ruby.smith17@icloud.com,PL4 4 NJ,Annual Celebration,2026-02-20,Confirmed,Follow up required
RI-RI-530050,Henry Cook,henry.cook2@yahoo.co.uk,PL6 7 EJ,Annual Celebration,2026-02-20,Confirmed,Community partner
RI-RI-160525,Ella Baker,ella.baker14@hotmail.co.uk,PL1 2 VT,Annual Celebration,2026-02-20,Confirmed,Community partner
RI-RI-369234,George Walker,george.walker58@hotmail.co.uk,PL7 3 YQ,Annual Celebration,2026-02-20,Cancelled,Follow up required
RI-RI-510064,Poppy Evans,poppy.evans4@icloud.com,PL14 5 XS,Annual Celebration,2026-02-20,Attended,Repeat attendee
RI-RI-236328,Megan White,megan.white84@outlook.com,TQ2 4 CN,Annual Celebration,2026-02-20,Confirmed,
RI-RI-990544,Henry Davies,henry.davies88@gmail.com,PL6 4 YU,Annual Celebration,2026-02-20,Confirmed,
RI-RI-422200,Mia Hill,mia.hill33@outlook.com,PL2 6 UU,Annual Celebration,2026-02-20,Confirmed,
RI-RI-537494,Jacob Davies,jacob.davies54@hotmail.co.uk,TA6 3 YT,Annual Celebration,2026-02-20,Confirmed,Follow up required
RI-RI-448058,Lucas Evans,lucas.evans88@gmail.com,PL9 2 TU,Annual Celebration,2026-02-20,Attended,Community partner
RI-RI-344579,Alfie Singh,alfie.singh60@gmail.com,PL1 3 ZL,Annual Celebration,2026-02-20,Confirmed,Repeat attendee
RI-RI-172865,Mia Hill,mia.hill85@outlook.com,PL5 1 IV,Annual Celebration,2026-02-20,Confirmed,Community partner
RI-RI-412896,Alice Young,alice.young57@icloud.com,TQ12 9 MN,Annual Celebration,2026-02-20,Attended,Community partner
RI-RI-703080,Megan Thomas,megan.thomas52@yahoo.co.uk,PL6 7 ZX,Annual Celebration,2026-02-20,Confirmed,Follow up required
RI-RI-904375,Sophie Martin,sophie.martin85@icloud.com,EX3 5 FM,Annual Celebration,2026-02-20,Confirmed,Community partner
RI-RI-605801,Mia Cooper,mia.cooper74@hotmail.co.uk,PL9 5 HO,Annual Celebration,2026-02-20,Confirmed,
RI-RI-190782,Megan Moore,megan.moore3@gmail.com,EX4 5 OP,Annual Celebration,2026-02-20,Attended,
RI-RI-112898,Max Hill,max.hill97@outlook.com,PL2 8 TV,Annual Celebration,2026-02-20,Confirmed,Follow up required
RI-RI-459393,Jacob Collins,jacob.collins48@hotmail.co.uk,PL1 9 MR,Annual Celebration,2026-02-20,Confirmed,
RI-RI-140925,Joshua Roberts,joshua.roberts93@gmail.com,EX4 3 IF,Annual Celebration,2026-02-20,Confirmed,Follow up required
RI-RI-866830,Lily Jones,lily.jones60@hotmail.co.uk,EX4 6 RZ,Annual Celebration,2026-02-20,Confirmed,Repeat attendee
RI-RI-265428,Olivia Bennett,olivia.bennett30@yahoo.co.uk,PL6 4 RF,Annual Celebration,2026-02-20,Confirmed,Repeat attendee
RI-RI-388799,Alice Allen,alice.allen50@yahoo.co.uk,PL3 3 DT,Annual Celebration,2026-02-20,Confirmed,
RI-RI-527315,Lucas Jackson,lucas.jackson46@gmail.com,PL4 6 RG,Annual Celebration,2026-02-20,Confirmed,
RI-RI-716065,Henry Williams,henry.williams63@outlook.com,PL9 3 CG,Annual Celebration,2026-02-20,Confirmed,
RI-RI-879319,Evie Bell,evie.bell35@yahoo.co.uk,PL5 9 YN,Annual Celebration,2026-02-20,Confirmed,
RI-RI-738169,Charlie Scott,charlie.scott71@outlook.com,TR7 5 KG,Annual Celebration,2026-02-20,Attended,Follow up required
RI-RI-746439,Sophie Hall,sophie.hall71@gmail.com,PL6 9 MH,Annual Celebration,2026-02-20,Confirmed,Repeat attendee
RI-RI-176185,Oliver Wilson,oliver.wilson35@yahoo.co.uk,PL1 3 WS,Annual Celebration,2026-02-20,Confirmed,
RI-RI-108264,Charlie Ward,charlie.ward33@gmail.com,PL9 6 BI,Annual Celebration,2026-02-20,Cancelled,Follow up required
RI-RI-760571,William Johnson,william.johnson3@hotmail.co.uk,PL9 3 FV,Annual Celebration,2026-02-20,Attended,Community partner
RI-RI-436552,Emma Collins,emma.collins17@hotmail.co.uk,PL3 9 PK,Annual Celebration,2026-02-20,Confirmed,Follow up required
RI-RI-112119,Chloe Martin,chloe.martin45@outlook.com,PL4 1 DN,Annual Celebration,2026-02-20,Confirmed,
RI-RI-740423,Oscar Cooper,oscar.cooper29@hotmail.co.uk,PL7 8 SL,Annual Celebration,2026-02-20,Attended,Follow up required
RI-RI-485510,Thomas White,thomas.white51@outlook.com,PL2 7 BA,Annual Celebration,2026-02-20,Confirmed,Community partner
RI-RI-870840,Jessica Smith,jessica.smith26@outlook.com,PL6 4 QO,Annual Celebration,2026-02-20,Cancelled,Repeat attendee
RI-RI-678072,Ella Bell,ella.bell87@icloud.com,PL9 2 TO,Annual Celebration,2026-02-20,Confirmed,Follow up required
RI-RI-151007,Noah Moore,noah.moore85@icloud.com,PL6 5 AF,Annual Celebration,2026-02-20,Attended,Follow up required
RI-RI-568470,Freya Ahmed,freya.ahmed35@outlook.com,TA1 1 HR,Annual Celebration,2026-02-20,Confirmed,
RI-RI-879981,Emma Bell,emma.bell29@outlook.com,PL3 3 ZB,Annual Celebration,2026-02-20,Confirmed,Community partner
RI-RI-658233,Sophie Cook,sophie.cook15@yahoo.co.uk,PL6 2 IP,Annual Celebration,2026-02-20,Attended,Follow up required
RI-RI-407144,George Evans,george.evans23@outlook.com,PL1 8 NP,Annual Celebration,2026-02-20,Attended,
RI-RI-607227,Thomas Davies,thomas.davies23@icloud.com,TA1 6 PV,Annual Celebration,2026-02-20,Confirmed,
RI-RI-179170,Chloe White,chloe.white97@yahoo.co.uk,EX2 4 BT,Annual Celebration,2026-02-20,Confirmed,Follow up required
RI-RI-604725,Phoebe Collins,phoebe.collins62@icloud.com,PL4 8 OY,Annual Celebration,2026-02-20,Confirmed,Repeat attendee
RI-RI-477984,Charlie Wilson,charlie.wilson53@outlook.com,PL6 2 MB,Annual Celebration,2026-02-20,Attended,Community partner
RI-RI-565273,Lucas Scott,lucas.scott92@gmail.com,TA6 8 CW,Annual Celebration,2026-02-20,Confirmed,Follow up required
RI-RI-780637,Sophie Collins,sophie.collins91@outlook.com,TR1 4 WL,Theatre Night,2026-03-03,Cancelled,Follow up required
RI-RI-589550,Jessica Clarke,jessica.clarke26@yahoo.co.uk,PL7 6 PU,Theatre Night,2026-03-03,Attended,Repeat attendee
RI-RI-771993,Lucas Murphy,lucas.murphy54@gmail.com,TR1 5 EC,Theatre Night,2026-03-03,Attended,
RI-RI-963091,Charlotte Brown,charlotte.brown71@hotmail.co.uk,TQ4 3 XL,Theatre Night,2026-03-03,Attended,
RI-RI-869051,Lucy Thomas,lucy.thomas92@yahoo.co.uk,PL4 5 IO,Theatre Night,2026-03-03,Confirmed,Follow up required
RI-RI-219111,Chloe Young,chloe.young72@yahoo.co.uk,PL3 2 OH,Theatre Night,2026-03-03,Attended,Follow up required
RI-RI-658796,Joshua Walker,joshua.walker88@yahoo.co.uk,PL7 5 HI,Theatre Night,2026-03-03,Attended,
RI-RI-878885,Alfie Morgan,alfie.morgan77@outlook.com,TA1 9 NT,Theatre Night,2026-03-03,Attended,
RI-RI-153876,Ethan Roberts,ethan.roberts36@yahoo.co.uk,TQ1 7 FH,Theatre Night,2026-03-03,Confirmed,Community partner
RI-RI-793157,Lucy Evans,lucy.evans98@yahoo.co.uk,PL7 8 WL,Theatre Night,2026-03-03,Confirmed,Community partner
RI-RI-851488,Henry Ahmed,henry.ahmed38@gmail.com,PL2 8 EC,Theatre Night,2026-03-03,Confirmed,
RI-RI-427049,Alfie Walker,alfie.walker51@hotmail.co.uk,PL4 3 TZ,Theatre Night,2026-03-03,Confirmed,
RI-RI-807415,Charlie Jackson,charlie.jackson30@gmail.com,PL6 4 FA,Theatre Night,2026-03-03,Cancelled,
RI-RI-571070,Evie Ward,evie.ward29@hotmail.co.uk,PL2 3 HH,Theatre Night,2026-03-03,Attended,
RI-RI-258292,Ethan Hill,ethan.hill55@outlook.com,PL9 4 JF,Theatre Night,2026-03-03,Attended,Community partner
RI-RI-441923,Jack Murphy,jack.murphy89@gmail.com,PL6 5 LE,Theatre Night,2026-03-03,Cancelled,
RI-RI-126925,Olivia Walker,olivia.walker12@icloud.com,PL5 9 ZT,Theatre Night,2026-03-03,Confirmed,
RI-RI-603200,Chloe Taylor,chloe.taylor18@icloud.com,PL4 4 YM,Theatre Night,2026-03-03,Confirmed,
RI-RI-111500,Thomas Thomas,thomas.thomas29@yahoo.co.uk,PL6 5 PB,Theatre Night,2026-03-03,Confirmed,Community partner
RI-RI-324855,Sophie Allen,sophie.allen58@hotmail.co.uk,TQ1 2 TM,Theatre Night,2026-03-03,Confirmed,Follow up required
RI-RI-562644,Henry Green,henry.green57@icloud.com,PL3 5 XF,Theatre Night,2026-03-03,Attended,Follow up required
RI-RI-887926,Jessica Williams,jessica.williams28@hotmail.co.uk,TA1 2 DX,Theatre Night,2026-03-03,Confirmed,Community partner
RI-RI-331928,Chloe Martin,chloe.martin45@outlook.com,PL4 1 DN,Theatre Night,2026-03-03,Confirmed,Follow up required
RI-RI-324745,Charlie Walker,charlie.walker32@yahoo.co.uk,PL6 7 NH,Theatre Night,2026-03-03,Confirmed,
RI-RI-827661,Olivia Singh,olivia.singh79@icloud.com,PL3 4 CP,Theatre Night,2026-03-03,Confirmed,Repeat attendee
RI-RI-697949,Evie Cooper,evie.cooper32@outlook.com,PL1 5 RC,Theatre Night,2026-03-03,Confirmed,
RI-RI-460853,Max Scott,max.scott44@hotmail.co.uk,PL5 1 AM,Theatre Night,2026-03-03,Attended,Repeat attendee
RI-RI-678806,Henry Moore,henry.moore73@icloud.com,EX1 2 FF,Theatre Night,2026-03-03,Confirmed,Community partner
RI-RI-122318,Oscar Johnson,oscar.johnson58@outlook.com,TQ12 6 HA,Theatre Night,2026-03-03,Confirmed,Community partner
RI-RI-366082,Lily Jones,lily.jones60@hotmail.co.uk,EX4 6 RZ,Theatre Night,2026-03-03,Confirmed,
RI-RI-467826,Ethan Bell,ethan.bell17@icloud.com,PL7 8 FU,Theatre Night,2026-03-03,Confirmed,Repeat attendee
RI-RI-674307,Amelia Cooper,amelia.cooper1@gmail.com,TQ4 1 CY,Theatre Night,2026-03-03,Cancelled,Community partner
RI-RI-704428,William Hill,william.hill9@icloud.com,PL9 9 MQ,Theatre Night,2026-03-03,Confirmed,Community partner
RI-RI-901456,Evie Perry,evie.perry88@hotmail.co.uk,PL3 9 CL,Theatre Night,2026-03-03,Attended,
RI-RI-104900,Charlie Wilson,charlie.wilson53@outlook.com,PL6 2 MB,Theatre Night,2026-03-03,Attended,Community partner
RI-RI-516232,Lucas Roberts,lucas.roberts56@gmail.com,PL2 7 EF,Music Showcase,2026-05-24,Attended,
RI-RI-790719,Jessica Smith,jessica.smith8@gmail.com,PL5 6 WV,Music Showcase,2026-05-24,Cancelled,Community partner
RI-RI-134752,Emma Wood,emma.wood27@icloud.com,PL14 1 MO,Music Showcase,2026-05-24,Confirmed,Follow up required
RI-RI-184788,Oscar Cook,oscar.cook64@icloud.com,PL7 2 PY,Music Showcase,2026-05-24,Attended,Repeat attendee
RI-RI-671053,Leo Martin,leo.martin44@yahoo.co.uk,PL4 5 MX,Music Showcase,2026-05-24,Confirmed,Community partner
RI-RI-584251,Charlie Wilson,charlie.wilson11@hotmail.co.uk,PL7 7 QT,Music Showcase,2026-05-24,Attended,Repeat attendee
RI-RI-110459,Samuel Ahmed,samuel.ahmed46@hotmail.co.uk,PL4 1 CT,Music Showcase,2026-05-24,Attended,Follow up required
RI-RI-857215,Chloe Green,chloe.green60@icloud.com,PL9 3 GZ,Music Showcase,2026-05-24,Confirmed,Community partner
RI-RI-390658,Thomas Jones,thomas.jones81@icloud.com,TQ1 4 TR,Music Showcase,2026-05-24,Confirmed,Repeat attendee
RI-RI-719476,Poppy Clarke,poppy.clarke51@outlook.com,PL7 4 OQ,Music Showcase,2026-05-24,Attended,Repeat attendee
RI-RI-571285,Ruby Jones,ruby.jones98@gmail.com,PL1 5 VW,Music Showcase,2026-05-24,Attended,Community partner
RI-RI-419879,Joshua White,joshua.white87@icloud.com,PL3 6 IB,Music Showcase,2026-05-24,Attended,Follow up required
RI-RI-140291,Henry Taylor,henry.taylor60@hotmail.co.uk,PL9 9 AN,Music Showcase,2026-05-24,Confirmed,
RI-RI-501485,Alice Hill,alice.hill7@icloud.com,PL3 7 WN,Music Showcase,2026-05-24,Attended,Follow up required
RI-RI-940063,Grace Thomas,grace.thomas90@gmail.com,TR7 2 AV,Music Showcase,2026-05-24,Confirmed,Repeat attendee
RI-RI-716981,Phoebe Roberts,phoebe.roberts11@hotmail.co.uk,PL7 4 KL,Music Showcase,2026-05-24,Cancelled,Follow up required
RI-RI-493866,Harry Scott,harry.scott32@icloud.com,EX2 9 QY,Music Showcase,2026-05-24,Confirmed,Follow up required
RI-RI-485490,Freya Ahmed,freya.ahmed35@outlook.com,TA1 1 HR,Music Showcase,2026-05-24,Attended,Follow up required
RI-RI-294040,Mia Allen,mia.allen90@yahoo.co.uk,PL1 9 EC,Music Showcase,2026-05-24,Confirmed,Follow up required
RI-RI-364275,Phoebe Hill,phoebe.hill54@icloud.com,TA1 2 EE,Music Showcase,2026-05-24,Confirmed,Repeat attendee
RI-RI-793096,Noah Wilson,noah.wilson85@yahoo.co.uk,PL2 8 PE,Music Showcase,2026-05-24,Confirmed,Repeat attendee
RI-RI-185057,Daniel Wilson,daniel.wilson9@icloud.com,TA6 8 AV,Music Showcase,2026-05-24,Confirmed,Follow up required
RI-RI-698572,Charlotte Williams,charlotte.williams94@icloud.com,PL1 8 IG,Music Showcase,2026-05-24,Confirmed,
RI-RI-944992,Joshua Bennett,joshua.bennett60@icloud.com,PL1 9 VK,Music Showcase,2026-05-24,Confirmed,Repeat attendee
RI-RI-685874,William Cook,william.cook95@gmail.com,PL1 3 ZM,Music Showcase,2026-05-24,Attended,Follow up required
RI-RI-797747,Harry Singh,harry.singh54@gmail.com,TQ2 5 DK,Music Showcase,2026-05-24,Confirmed,Follow up required
RI-RI-646037,Emma Ward,emma.ward8@gmail.com,PL2 1 LA,Music Showcase,2026-05-24,Confirmed,Community partner
RI-RI-659700,George Harris,george.harris49@icloud.com,PL3 6 XG,Guest Speaker,2026-05-26,Confirmed,Community partner
RI-RI-447570,Amelia Allen,amelia.allen11@icloud.com,TA1 2 XT,Guest Speaker,2026-05-26,Attended,Follow up required
RI-RI-930084,Sophie Perry,sophie.perry12@icloud.com,TQ4 7 DD,Guest Speaker,2026-05-26,Confirmed,Repeat attendee
RI-RI-641857,Noah Bell,noah.bell29@yahoo.co.uk,PL6 4 SQ,Guest Speaker,2026-05-26,Confirmed,Community partner
RI-RI-720862,Daniel Martin,daniel.martin49@yahoo.co.uk,PL6 7 MK,Guest Speaker,2026-05-26,Confirmed,Community partner
RI-RI-825128,Jacob Cooper,jacob.cooper46@icloud.com,TA6 1 JZ,Guest Speaker,2026-05-26,Confirmed,Repeat attendee
RI-RI-962392,Sophie Murphy,sophie.murphy87@hotmail.co.uk,PL3 2 HF,Guest Speaker,2026-05-26,Attended,Community partner
RI-RI-969674,Lucy Perry,lucy.perry67@hotmail.co.uk,TQ2 9 DQ,Guest Speaker,2026-05-26,Confirmed,
RI-RI-319217,Charlie Wilson,charlie.wilson11@hotmail.co.uk,PL7 7 QT,Guest Speaker,2026-05-26,Confirmed,
RI-RI-711009,Jessica Hall,jessica.hall41@yahoo.co.uk,PL2 4 NJ,Guest Speaker,2026-05-26,Confirmed,Community partner
RI-RI-866889,Charlie Brown,charlie.brown92@gmail.com,PL3 1 IJ,Guest Speaker,2026-05-26,Confirmed,Community partner
RI-RI-240045,Grace Baker,grace.baker34@hotmail.co.uk,PL1 9 AR,Cultural Evening,2026-05-27,Attended,Follow up required
RI-RI-571303,Chloe Young,chloe.young72@yahoo.co.uk,PL3 2 OH,Cultural Evening,2026-05-27,Attended,Community partner
RI-RI-844966,Ella Taylor,ella.taylor14@icloud.com,PL4 7 LF,Cultural Evening,2026-05-27,Confirmed,Repeat attendee
RI-RI-225822,Megan Thomas,megan.thomas3@outlook.com,TQ2 2 BX,Cultural Evening,2026-05-27,Confirmed,
RI-RI-149893,Henry Moore,henry.moore73@icloud.com,EX1 2 FF,Cultural Evening,2026-05-27,Confirmed,
RI-RI-109581,Grace Wilson,grace.wilson32@outlook.com,PL5 1 YS,Cultural Evening,2026-05-27,Confirmed,Follow up required
RI-RI-407121,Freya Jones,freya.jones7@gmail.com,PL7 4 RU,Cultural Evening,2026-05-27,Confirmed,
RI-RI-219149,Oliver Bennett,oliver.bennett26@gmail.com,PL9 2 FR,Cultural Evening,2026-05-27,Attended,
RI-RI-490768,Evie Green,evie.green25@hotmail.co.uk,PL5 4 HV,Cultural Evening,2026-05-27,Attended,Community partner
RI-RI-703348,Leo Moore,leo.moore80@outlook.com,EX4 9 JE,Artist Residency Event,2026-06-12,Confirmed,Repeat attendee
RI-RI-288043,Alice Harris,alice.harris58@yahoo.co.uk,PL2 2 WD,Artist Residency Event,2026-06-12,Confirmed,Follow up required
RI-RI-818242,Joshua Evans,joshua.evans63@icloud.com,PL6 2 HZ,Artist Residency Event,2026-06-12,Attended,Community partner
RI-RI-743798,Joshua Davies,joshua.davies22@icloud.com,PL6 4 LX,Artist Residency Event,2026-06-12,Attended,Community partner
RI-RI-889078,Sophie Ward,sophie.ward13@yahoo.co.uk,PL4 9 SF,Artist Residency Event,2026-06-12,Confirmed,Community partner
RI-RI-521045,George Baker,george.baker47@hotmail.co.uk,TA6 9 GS,Artist Residency Event,2026-06-12,Attended,
RI-RI-527954,Poppy Johnson,poppy.johnson97@yahoo.co.uk,PL6 9 QO,Artist Residency Event,2026-06-12,Confirmed,Follow up required
RI-RI-816593,Alice Scott,alice.scott87@hotmail.co.uk,PL3 3 ET,Artist Residency Event,2026-06-12,Attended,Repeat attendee
RI-RI-845946,Amelia Bell,amelia.bell84@yahoo.co.uk,TQ4 6 PG,Artist Residency Event,2026-06-12,Confirmed,Repeat attendee
RI-RI-872480,Jessica Johnson,jessica.johnson26@hotmail.co.uk,PL3 1 WH,Artist Residency Event,2026-06-12,Confirmed,Follow up required
RI-RI-153524,Jacob Martin,jacob.martin9@yahoo.co.uk,PL7 9 NY,Artist Residency Event,2026-06-12,Attended,
RI-RI-522517,Chloe Baker,chloe.baker49@hotmail.co.uk,EX3 7 AX,Artist Residency Event,2026-06-12,Confirmed,
RI-RI-638987,Ella Allen,ella.allen9@icloud.com,PL2 3 ST,Artist Residency Event,2026-06-12,Cancelled,
RI-RI-299713,William Baker,william.baker1@gmail.com,PL3 9 UZ,Artist Residency Event,2026-06-12,Confirmed,
RI-RI-306065,Charlie Walker,charlie.walker32@yahoo.co.uk,PL6 7 NH,Artist Residency Event,2026-06-12,Confirmed,Follow up required
RI-RI-421651,Ruby Jones,ruby.jones98@gmail.com,PL1 5 VW,Artist Residency Event,2026-06-12,Attended,Community partner
RI-RI-648441,Lucy Perry,lucy.perry2@gmail.com,PL4 9 ZW,Artist Residency Event,2026-06-12,Confirmed,Repeat attendee
RI-RI-950568,Emma Bell,emma.bell29@outlook.com,PL3 3 ZB,Artist Residency Event,2026-06-12,Confirmed,Follow up required
RI-RI-291852,Oliver Thomas,oliver.thomas73@yahoo.co.uk,PL4 2 SM,Artist Residency Event,2026-06-12,Confirmed,Follow up required
RI-RI-212387,Phoebe Harris,phoebe.harris61@gmail.com,PL4 6 YB,Community Performance,2026-08-23,Confirmed,Follow up required
RI-RI-399303,Ruby Baker,ruby.baker61@gmail.com,PL2 3 UY,Community Performance,2026-08-23,Confirmed,Community partner
RI-RI-844046,Ella Taylor,ella.taylor14@icloud.com,PL4 7 LF,Community Performance,2026-08-23,Attended,Repeat attendee
RI-RI-437789,Jessica Evans,jessica.evans26@gmail.com,PL2 9 HR,Community Performance,2026-08-23,Confirmed,Follow up required
RI-RI-927273,Lucy Perry,lucy.perry67@hotmail.co.uk,TQ2 9 DQ,Community Performance,2026-08-23,Confirmed,Follow up required
RI-RI-530220,Amelia Bell,amelia.bell84@yahoo.co.uk,TQ4 6 PG,Community Performance,2026-08-23,Confirmed,Repeat attendee
RI-RI-177822,Daniel Collins,daniel.collins63@outlook.com,PL4 1 UH,Community Performance,2026-08-23,Confirmed,Follow up required
RI-RI-553823,Noah Bennett,noah.bennett91@gmail.com,PL21 8 BU,Community Performance,2026-08-23,Confirmed,Follow up required
RI-RI-743002,Max Bell,max.bell1@yahoo.co.uk,PL3 9 JV,Community Performance,2026-08-23,Confirmed,
RI-RI-440298,George Wood,george.wood56@icloud.com,PL6 3 DT,Community Performance,2026-08-23,Confirmed,Repeat attendee
RI-RI-942645,Ethan Roberts,ethan.roberts34@hotmail.co.uk,PL7 5 CO,Community Performance,2026-08-23,Confirmed,
RI-RI-730901,William Evans,william.evans47@hotmail.co.uk,PL3 5 DE,Community Performance,2026-08-23,Confirmed,Community partner
RI-RI-353528,Jessica Hall,jessica.hall41@yahoo.co.uk,PL2 4 NJ,Community Performance,2026-08-23,Confirmed,Follow up required
RI-RI-956500,Thomas Scott,thomas.scott72@hotmail.co.uk,TR7 8 VI,Community Performance,2026-08-23,Confirmed,
RI-RI-114566,Alice Bell,alice.bell86@yahoo.co.uk,PL4 6 VU,Season Launch,2026-10-22,Confirmed,Repeat attendee
RI-RI-270482,Ethan Hill,ethan.hill55@outlook.com,PL9 4 JF,Season Launch,2026-10-22,Confirmed,Community partner
RI-RI-769447,Lucy Patel,lucy.patel25@yahoo.co.uk,PL6 3 HW,Season Launch,2026-10-22,Confirmed,
RI-RI-479704,Mia Evans,mia.evans58@outlook.com,PL1 8 XA,Season Launch,2026-10-22,Attended,
RI-RI-271942,Noah Baker,noah.baker94@yahoo.co.uk,PL9 1 SD,Season Launch,2026-10-22,Confirmed,Community partner
RI-RI-484026,Freya Wood,freya.wood53@yahoo.co.uk,TQ12 5 AU,Season Launch,2026-10-22,Confirmed,Community partner
RI-RI-262139,Sophie Collins,sophie.collins91@outlook.com,TR1 4 WL,Season Launch,2026-10-22,Confirmed,Repeat attendee
RI-RI-378087,Charlie Hill,charlie.hill17@hotmail.co.uk,PL1 7 DB,Season Launch,2026-10-22,Confirmed,Follow up required
RI-RI-933049,James Turner,james.turner33@outlook.com,PL3 2 EY,Season Launch,2026-10-22,Confirmed,Community partner
RI-RI-892288,Jack White,jack.white60@gmail.com,PL2 1 FI,Season Launch,2026-10-22,Confirmed,
RI-RI-165601,Megan Walker,megan.walker44@hotmail.co.uk,PL7 2 BU,Season Launch,2026-10-22,Confirmed,Community partner
RI-RI-102351,Ethan Bell,ethan.bell72@yahoo.co.uk,TR7 4 XB,Comedy Performance,2026-12-07,Attended,
RI-RI-379263,Jacob Ward,jacob.ward30@hotmail.co.uk,PL9 4 FF,Comedy Performance,2026-12-07,Attended,Follow up required
RI-RI-732471,James Allen,james.allen95@yahoo.co.uk,PL7 9 GG,Comedy Performance,2026-12-07,Confirmed,Community partner
RI-RI-804310,Thomas White,thomas.white51@outlook.com,PL2 7 BA,Comedy Performance,2026-12-07,Confirmed,Repeat attendee
RI-RI-371900,Alice Harris,alice.harris92@hotmail.co.uk,PL1 9 WI,Comedy Performance,2026-12-07,Confirmed,
RI-RI-671342,Daniel Wood,daniel.wood30@icloud.com,PL1 6 PY,Comedy Performance,2026-12-07,Confirmed,Community partner
RI-RI-237037,Henry Taylor,henry.taylor1@yahoo.co.uk,PL5 4 VL,Comedy Performance,2026-12-07,Confirmed,Community partner
RI-RI-278635,Alice Hill,alice.hill7@icloud.com,PL3 7 WN,Comedy Performance,2026-12-07,Confirmed,Repeat attendee
RI-RI-911609,Sophie Bell,sophie.bell90@icloud.com,TQ4 2 QO,Comedy Performance,2026-12-07,Confirmed,Community partner
RI-RI-901534,Amelia Jackson,amelia.jackson97@outlook.com,PL21 9 IB,Comedy Performance,2026-12-07,Confirmed,Follow up required
RI-RI-245537,Lucy Scott,lucy.scott49@gmail.com,PL12 4 EN,Comedy Performance,2026-12-07,Confirmed,Community partner
RI-RI-453789,William Ahmed,william.ahmed6@outlook.com,TQ1 8 GB,Comedy Performance,2026-12-07,Confirmed,Community partner
RI-RI-794488,Charlie Williams,charlie.williams42@outlook.com,PL7 9 ZS,Comedy Performance,2026-12-07,Confirmed,Follow up required
RI-RI-767282,Amelia Cooper,amelia.cooper1@gmail.com,TQ4 1 CY,Comedy Performance,2026-12-07,Confirmed,
RI-RI-848560,Charlie Green,charlie.green1@outlook.com,PL9 4 ID,Comedy Performance,2026-12-07,Attended,
RI-RI-502079,Samuel Evans,samuel.evans74@gmail.com,PL5 2 BU,Comedy Performance,2026-12-07,Cancelled,
RI-RI-538708,Ethan Morgan,ethan.morgan29@outlook.com,PL1 7 OD,Comedy Performance,2026-12-07,Confirmed,Follow up required
RI-RI-818912,Harry Scott,harry.scott32@icloud.com,EX2 9 QY,Comedy Performance,2026-12-07,Confirmed,Follow up required
RI-RI-897957,Megan Hill,megan.hill11@outlook.com,PL3 9 RU,Comedy Performance,2026-12-07,Confirmed,Follow up required
RI-RI-959670,Daniel Hall,daniel.hall37@yahoo.co.uk,PL4 2 VM,Comedy Performance,2026-12-07,Confirmed,Follow up required
RI-RI-511331,Megan White,megan.white84@outlook.com,TQ2 4 CN,Comedy Performance,2026-12-07,Attended,Repeat attendee
RI-RI-476887,Harry Clarke,harry.clarke96@outlook.com,PL1 1 MU,Comedy Performance,2026-12-07,Confirmed,
RI-RI-253770,Max Bell,max.bell45@hotmail.co.uk,PL21 1 WJ,Comedy Performance,2026-12-07,Confirmed,Community partner
RI-RI-852198,James White,james.white91@yahoo.co.uk,PL1 5 KE,Comedy Performance,2026-12-07,Attended,Follow up required
RI-RI-643659,George Bennett,george.bennett34@hotmail.co.uk,PL9 1 EC,Comedy Performance,2026-12-07,Attended,
RI-RI-518608,Noah Williams,noah.williams17@gmail.com,PL4 9 UE,Comedy Performance,2026-12-07,Attended,Follow up required
RI-RI-105787,Joshua Martin,joshua.martin64@gmail.com,PL4 8 KZ,Comedy Performance,2026-12-07,Confirmed,Repeat attendee
RI-RI-653650,Alfie Wood,alfie.wood17@gmail.com,PL14 6 XB,Comedy Performance,2026-12-07,Confirmed,Follow up required
RI-RI-249972,Freya Hall,freya.hall37@icloud.com,PL3 6 II,Comedy Performance,2026-12-07,Cancelled,
RI-RI-651863,Phoebe Baker,phoebe.baker95@outlook.com,PL5 3 MG,Comedy Performance,2026-12-07,Cancelled,Community partner
RI-RI-222027,Thomas Davies,thomas.davies23@icloud.com,TA1 6 PV,Comedy Performance,2026-12-07,Confirmed,
RI-RI-426899,Joshua Clarke,joshua.clarke64@hotmail.co.uk,PL2 2 YA,Comedy Performance,2026-12-07,Confirmed,Community partner
RI-RI-481805,Mia Brown,mia.brown18@yahoo.co.uk,TQ12 3 NT,Comedy Performance,2026-12-07,Cancelled,Repeat attendee
RI-RI-163204,Leo Ward,leo.ward80@outlook.com,PL6 3 KC,Comedy Performance,2026-12-07,Attended,Follow up required
RI-RI-854848,Thomas Hill,thomas.hill31@hotmail.co.uk,PL6 7 WQ,Comedy Performance,2026-12-07,Confirmed,
RI-RI-638394,Phoebe Taylor,phoebe.taylor35@gmail.com,PL6 3 TV,Comedy Performance,2026-12-07,Confirmed,Repeat attendee
RI-RI-415673,Freya Smith,freya.smith60@icloud.com,TA6 6 AP,Digital Arts Exhibition,2026-01-31,Confirmed,Community partner
RI-RI-829282,Jacob Ward,jacob.ward30@hotmail.co.uk,PL9 4 FF,Creative Workshop,2026-03-20,Attended,Repeat attendee
RI-RI-635638,Sophie Murphy,sophie.murphy87@hotmail.co.uk,PL3 2 HF,Creative Workshop,2026-03-20,Confirmed,Follow up required
RI-RI-615777,Jack Perry,jack.perry88@hotmail.co.uk,PL7 1 MT,Community Arts Festival,2026-04-12,Confirmed,Community partner
RI-RI-148929,Jacob Jackson,jacob.jackson98@gmail.com,EX1 4 OD,Community Arts Festival,2026-04-12,Confirmed,Repeat attendee
RI-RI-415595,Lily Ward,lily.ward72@gmail.com,PL12 8 RL,Contemporary Art Evening,2026-04-15,Confirmed,Follow up required
RI-RI-125830,Sophie Martin,sophie.martin85@icloud.com,EX3 5 FM,Contemporary Art Evening,2026-04-15,Confirmed,Follow up required
RI-RI-919615,Olivia Morgan,olivia.morgan84@icloud.com,PL7 2 LR,Local Artists Showcase,2026-06-29,Attended,
RI-RI-730746,Lucas Clarke,lucas.clarke35@outlook.com,PL5 7 UQ,Family Activity Day,2026-01-15,Confirmed,Repeat attendee
RI-RI-213947,Joshua King,joshua.king64@yahoo.co.uk,TQ1 3 RK,Family Activity Day,2026-01-15,Confirmed,Repeat attendee
RI-RI-170564,James Hill,james.hill51@gmail.com,TR1 7 XB,Family Activity Day,2026-01-15,Confirmed,Follow up required
RI-RI-689663,Emily Perry,emily.perry91@hotmail.co.uk,PL3 1 BZ,Family Activity Day,2026-01-15,Attended,Repeat attendee
RI-RI-582077,Poppy Singh,poppy.singh13@gmail.com,PL6 2 QI,Community Showcase,2026-02-24,Confirmed,Community partner
RI-RI-663561,Lily Baker,lily.baker28@outlook.com,PL1 8 JJ,Community Showcase,2026-02-24,Confirmed,Follow up required
RI-RI-859012,Harry White,harry.white84@yahoo.co.uk,PL19 7 HU,Community Showcase,2026-02-24,Attended,Community partner
RI-RI-503298,Amelia Smith,amelia.smith94@outlook.com,PL9 7 MA,Community Showcase,2026-02-24,Confirmed,
RI-RI-522391,Emma White,emma.white98@icloud.com,PL1 2 BO,Community Showcase,2026-02-24,Confirmed,Repeat attendee
RI-RI-581887,Jack Smith,jack.smith19@gmail.com,PL4 3 BQ,Community Showcase,2026-02-24,Confirmed,
RI-RI-902015,Alice Bell,alice.bell86@yahoo.co.uk,PL4 6 VU,Community Showcase,2026-02-24,Confirmed,Follow up required
RI-RI-390874,Megan White,megan.white84@outlook.com,TQ2 4 CN,Community Showcase,2026-02-24,Confirmed,Follow up required
RI-RI-894687,Phoebe Jones,phoebe.jones16@hotmail.co.uk,TA1 8 GZ,Public Forum,2026-03-11,Attended,Follow up required
RI-RI-473591,James Murphy,james.murphy9@outlook.com,PL3 8 WN,Public Forum,2026-03-11,Confirmed,
RI-RI-684517,Evie Morgan,evie.morgan72@hotmail.co.uk,TQ4 8 LU,Public Forum,2026-03-11,Confirmed,Repeat attendee
RI-RI-193591,Max Bell,max.bell1@yahoo.co.uk,PL3 9 JV,Public Forum,2026-03-11,Confirmed,Community partner
RI-RI-578024,Emma White,emma.white98@icloud.com,PL1 2 BO,Public Forum,2026-03-11,Confirmed,
RI-RI-311881,William Ahmed,william.ahmed98@outlook.com,PL21 5 TK,Public Forum,2026-03-11,Confirmed,Community partner
RI-RI-688754,Daniel Jackson,daniel.jackson15@icloud.com,PL4 5 RI,Neighbourhood Project,2026-07-30,Attended,Community partner
RI-RI-942115,Harry Singh,harry.singh54@gmail.com,TQ2 5 DK,Neighbourhood Project,2026-07-30,Confirmed,Repeat attendee
RI-RI-740403,Amelia Ahmed,amelia.ahmed28@icloud.com,PL2 5 MM,Neighbourhood Project,2026-07-30,Confirmed,Follow up required
RI-RI-857673,Charlotte Patel,charlotte.patel59@icloud.com,PL6 9 TQ,Neighbourhood Project,2026-07-30,Confirmed,Follow up required
RI-RI-655786,Jacob Jackson,jacob.jackson98@gmail.com,EX1 4 OD,Neighbourhood Project,2026-07-30,Confirmed,Follow up required
RI-RI-234705,Poppy Johnson,poppy.johnson17@yahoo.co.uk,PL7 7 MR,Neighbourhood Project,2026-07-30,Confirmed,Repeat attendee
RI-RI-974672,Poppy Brown,poppy.brown99@outlook.com,PL2 1 IQ,Neighbourhood Project,2026-07-30,Confirmed,Community partner
RI-RI-586054,William Williams,william.williams77@yahoo.co.uk,TQ3 2 FN,Neighbourhood Project,2026-07-30,Cancelled,Follow up required
RI-RI-438430,Poppy Johnson,poppy.johnson97@yahoo.co.uk,PL6 9 QO,Local Voices,2026-09-10,Confirmed,Community partner
RI-RI-737245,Mia Clarke,mia.clarke72@outlook.com,PL2 3 RW,Local Voices,2026-09-10,Attended,Repeat attendee
RI-RI-471477,Jacob Wilson,jacob.wilson19@gmail.com,PL2 3 AE,Local Voices,2026-09-10,Confirmed,
RI-RI-371467,Thomas White,thomas.white51@outlook.com,PL2 7 BA,Skills Workshop,2026-10-01,Confirmed,Community partner
RI-RI-471047,Evie Murphy,evie.murphy16@hotmail.co.uk,EX2 1 UP,Skills Workshop,2026-10-01,Confirmed,
RI-RI-752173,Charlotte Taylor,charlotte.taylor72@hotmail.co.uk,PL2 2 TG,Skills Workshop,2026-10-01,Attended,
RI-RI-129624,Evie Brown,evie.brown37@outlook.com,PL7 1 XB,Skills Workshop,2026-10-01,Confirmed,Repeat attendee
RI-RI-622093,Mia Evans,mia.evans58@outlook.com,PL1 8 XA,Community Conversation,2026-10-15,Attended,Community partner
RI-RI-445095,Oscar Evans,oscar.evans87@gmail.com,PL2 7 AG,Community Conversation,2026-10-15,Confirmed,
RI-RI-506767,Amelia Ahmed,amelia.ahmed28@icloud.com,PL2 5 MM,Community Conversation,2026-10-15,Confirmed,Community partner
RI-RI-381103,Emma Roberts,emma.roberts80@gmail.com,EX1 9 HV,Creative Wellbeing,2026-10-26,Confirmed,Repeat attendee
RI-RI-682121,Emma Collins,emma.collins17@hotmail.co.uk,PL3 9 PK,Local Stories,2026-04-03,Confirmed,Community partner
RI-RI-397353,Amelia Ahmed,amelia.ahmed28@icloud.com,PL2 5 MM,Local Stories,2026-04-03,Confirmed,Community partner
RI-RI-580607,Jack Bennett,jack.bennett56@hotmail.co.uk,PL6 9 DI,Local Stories,2026-04-03,Confirmed,Follow up required
RI-RI-294272,Lucas Scott,lucas.scott92@gmail.com,TA6 8 CW,Local Stories,2026-04-03,Attended,Repeat attendee
RI-RI-799586,Chloe Martin,chloe.martin45@outlook.com,PL4 1 DN,Local Stories,2026-04-03,Confirmed,Repeat attendee
RI-RI-402364,Noah Bennett,noah.bennett91@gmail.com,PL21 8 BU,Local Stories,2026-04-03,Confirmed,Repeat attendee
RI-RI-227291,Oliver Thomas,oliver.thomas73@yahoo.co.uk,PL4 2 SM,Local Stories,2026-04-03,Confirmed,Follow up required
RI-RI-699816,Mia Hill,mia.hill85@outlook.com,PL5 1 IV,Local Stories,2026-04-03,Attended,
RI-RI-307821,Mia Taylor,mia.taylor93@outlook.com,PL4 9 NR,Local Stories,2026-04-03,Confirmed,Community partner
RI-RI-708608,Henry Bennett,henry.bennett57@hotmail.co.uk,PL9 9 DD,Local Stories,2026-04-03,Confirmed,Follow up required
RI-RI-326436,Daniel Martin,daniel.martin49@yahoo.co.uk,PL6 7 MK,Local Stories,2026-04-03,Attended,
RI-RI-885936,Poppy Singh,poppy.singh13@gmail.com,PL6 2 QI,Local Stories,2026-04-03,Attended,Community partner
RI-RI-957975,Samuel Evans,samuel.evans74@gmail.com,PL5 2 BU,Local Stories,2026-04-03,Attended,Repeat attendee
RI-RI-961395,Ella Harris,ella.harris31@yahoo.co.uk,PL2 5 IF,Local Stories,2026-04-03,Attended,
RI-RI-587065,Evie Harris,evie.harris68@icloud.com,PL9 4 PU,Local Stories,2026-04-03,Confirmed,Community partner
RI-RI-983287,Megan Hall,megan.hall76@yahoo.co.uk,PL3 2 UY,Local Stories,2026-04-03,Confirmed,Repeat attendee
RI-RI-209285,Joshua Davies,joshua.davies22@icloud.com,PL6 4 LX,Local Stories,2026-04-03,Confirmed,
RI-RI-898492,Sophie Cook,sophie.cook60@outlook.com,PL2 5 AS,Local Stories,2026-04-03,Confirmed,
RI-RI-629407,Sophie Clarke,sophie.clarke50@hotmail.co.uk,PL6 3 JP,Local Stories,2026-04-03,Attended,
RI-RI-879498,Mia Cooper,mia.cooper74@hotmail.co.uk,PL9 5 HO,Local Stories,2026-04-03,Confirmed,Follow up required
RI-RI-947102,Sophie Clarke,sophie.clarke50@outlook.com,TQ2 6 XD,Local Stories,2026-04-03,Confirmed,Repeat attendee
RI-RI-558447,Lucas Murphy,lucas.murphy54@gmail.com,TR1 5 EC,Local Stories,2026-04-03,Confirmed,Follow up required
RI-RI-981115,Oliver Wilson,oliver.wilson35@yahoo.co.uk,PL1 3 WS,Local Stories,2026-04-03,Confirmed,Community partner
RI-RI-255624,Phoebe Turner,phoebe.turner53@outlook.com,PL2 3 NC,Local Stories,2026-04-03,Cancelled,Community partner
RI-RI-229408,Samuel Walker,samuel.walker98@hotmail.co.uk,PL1 5 ED,Local Stories,2026-04-03,Confirmed,
RI-RI-903188,Oliver Evans,oliver.evans37@outlook.com,TA6 8 DE,Local Stories,2026-04-03,Confirmed,Repeat attendee
RI-RI-969601,Megan Walker,megan.walker44@hotmail.co.uk,PL7 2 BU,Local Stories,2026-04-03,Confirmed,
RI-RI-184177,Leo Ward,leo.ward80@outlook.com,PL6 3 KC,Local Stories,2026-04-03,Confirmed,
RI-RI-985429,Phoebe Singh,phoebe.singh31@yahoo.co.uk,PL2 4 RB,Local Stories,2026-04-03,Confirmed,Community partner
RI-RI-427532,George Young,george.young37@outlook.com,PL5 8 RI,Local Stories,2026-04-03,Attended,Community partner
RI-RI-148679,Jacob Wilson,jacob.wilson19@gmail.com,PL2 3 AE,Local Stories,2026-04-03,Confirmed,Community partner
RI-RI-901642,Max Wilson,max.wilson66@gmail.com,TA1 7 VM,Local Stories,2026-04-03,Confirmed,Community partner
RI-RI-493530,Jessica Smith,jessica.smith58@outlook.com,PL3 1 YF,Local Stories,2026-04-03,Attended,
RI-RI-499082,George Turner,george.turner11@icloud.com,PL9 3 VJ,Local Stories,2026-04-03,Attended,
RI-RI-503712,Daniel Jackson,daniel.jackson15@icloud.com,PL4 5 RI,Local Stories,2026-04-03,Confirmed,
RI-RI-594615,Sophie Collins,sophie.collins91@outlook.com,TR1 4 WL,Local Stories,2026-04-03,Attended,
RI-RI-158305,Henry Thomas,henry.thomas66@hotmail.co.uk,PL5 7 LU,Local Stories,2026-04-03,Confirmed,Follow up required
RI-RI-782450,Emma Clarke,emma.clarke12@yahoo.co.uk,TQ4 3 WJ,Local Stories,2026-04-03,Attended,
RI-RI-313000,Poppy Brown,poppy.brown53@hotmail.co.uk,TR7 4 FW,Local Stories,2026-04-03,Attended,Follow up required
RI-RI-497850,Daniel Collins,daniel.collins63@outlook.com,PL4 1 UH,Local Stories,2026-04-03,Confirmed,
RI-RI-584934,Oscar Allen,oscar.allen97@hotmail.co.uk,EX2 4 IX,Local Stories,2026-04-03,Confirmed,Repeat attendee
RI-RI-124751,Charlotte Brown,charlotte.brown24@hotmail.co.uk,PL2 6 OD,Local Stories,2026-04-03,Attended,
RI-RI-636022,Emma Taylor,emma.taylor26@outlook.com,EX4 3 EE,Local Stories,2026-04-03,Attended,Follow up required
RI-RI-910515,Sophie Ward,sophie.ward13@yahoo.co.uk,PL4 9 SF,Local Stories,2026-04-03,Confirmed,Follow up required
RI-RI-125784,Charlie Wilson,charlie.wilson11@hotmail.co.uk,PL7 7 QT,Local Stories,2026-04-03,Confirmed,Community partner
RI-RI-151991,Freya Hall,freya.hall92@outlook.com,PL6 7 NQ,Local Stories,2026-04-03,Confirmed,
RI-RI-222490,William Ahmed,william.ahmed43@yahoo.co.uk,TA1 1 SG,Local Stories,2026-04-03,Attended,Community partner
RI-RI-145762,Charlotte Wilson,charlotte.wilson42@hotmail.co.uk,PL1 8 LB,Local Stories,2026-04-03,Attended,Community partner
RI-RI-394193,Charlotte Smith,charlotte.smith99@gmail.com,PL19 2 VD,Local Stories,2026-04-03,Confirmed,Follow up required
RI-RI-748680,Freya Turner,freya.turner96@hotmail.co.uk,TQ1 8 WU,Local Stories,2026-04-03,Confirmed,Follow up required
RI-RI-457011,Lucas Allen,lucas.allen76@gmail.com,PL6 6 JQ,Local Stories,2026-04-03,Confirmed,Repeat attendee
RI-RI-570124,Olivia Walker,olivia.walker16@gmail.com,TA1 7 RD,Local Stories,2026-04-03,Confirmed,Community partner
RI-RI-428324,Henry Davies,henry.davies88@gmail.com,PL6 4 YU,Local Stories,2026-04-03,Attended,Repeat attendee
RI-RI-872256,George Wood,george.wood56@icloud.com,PL6 3 DT,Local Stories,2026-04-03,Confirmed,
RI-RI-787633,Charlie Hall,charlie.hall90@outlook.com,PL14 3 YC,Musical Celebration,2026-04-30,Confirmed,Community partner
RI-RI-946056,James Evans,james.evans62@icloud.com,TQ1 4 XE,Musical Celebration,2026-04-30,Confirmed,Follow up required
RI-RI-217762,Samuel Williams,samuel.williams78@gmail.com,PL2 2 UC,Musical Celebration,2026-04-30,Confirmed,Repeat attendee
RI-RI-976766,Joshua Perry,joshua.perry43@outlook.com,EX4 1 GQ,Musical Celebration,2026-04-30,Confirmed,Follow up required
RI-RI-920531,Emily Morgan,emily.morgan20@hotmail.co.uk,PL4 7 IX,Musical Celebration,2026-04-30,Confirmed,Community partner
RI-RI-920520,Mia Allen,mia.allen59@hotmail.co.uk,PL5 3 EY,Musical Celebration,2026-04-30,Confirmed,Community partner
RI-RI-249003,Joshua Walker,joshua.walker88@yahoo.co.uk,PL7 5 HI,Musical Celebration,2026-04-30,Confirmed,Follow up required
RI-RI-127326,Phoebe Cook,phoebe.cook46@gmail.com,PL3 9 XN,Musical Celebration,2026-04-30,Attended,Follow up required
RI-RI-285985,Harry Cook,harry.cook22@hotmail.co.uk,TQ3 4 MJ,Musical Celebration,2026-04-30,Confirmed,Follow up required
RI-RI-391402,Ethan Hill,ethan.hill55@outlook.com,PL9 4 JF,Musical Celebration,2026-04-30,Attended,Repeat attendee
RI-RI-951616,Harry Taylor,harry.taylor16@yahoo.co.uk,PL9 2 RB,Musical Celebration,2026-04-30,Confirmed,Community partner
RI-RI-613060,Amelia Allen,amelia.allen11@icloud.com,TA1 2 XT,Musical Celebration,2026-04-30,Cancelled,Community partner
RI-RI-486298,Jack Wood,jack.wood68@yahoo.co.uk,PL4 4 ZB,Musical Celebration,2026-04-30,Confirmed,Follow up required
RI-RI-403247,Phoebe Clarke,phoebe.clarke10@hotmail.co.uk,PL9 1 QT,Musical Celebration,2026-04-30,Confirmed,Community partner
RI-RI-817694,Lucas Jones,lucas.jones55@gmail.com,PL14 3 RJ,Musical Celebration,2026-04-30,Confirmed,Repeat attendee
RI-RI-866469,Emma Murphy,emma.murphy58@outlook.com,PL9 9 HY,Musical Celebration,2026-04-30,Confirmed,
RI-RI-371170,Olivia King,olivia.king91@outlook.com,PL5 5 ZT,Musical Celebration,2026-04-30,Confirmed,Follow up required
RI-RI-790956,Oliver Perry,oliver.perry50@icloud.com,PL3 3 EP,Musical Celebration,2026-04-30,Attended,
RI-RI-118159,Chloe Bennett,chloe.bennett1@yahoo.co.uk,PL9 3 JM,Musical Celebration,2026-04-30,Confirmed,Repeat attendee
RI-RI-178638,Amelia Ahmed,amelia.ahmed28@icloud.com,PL2 5 MM,Musical Celebration,2026-04-30,Attended,Community partner
RI-RI-262274,Lucy Young,lucy.young70@outlook.com,PL2 8 TA,Musical Celebration,2026-04-30,Confirmed,Follow up required
RI-RI-568020,Amelia Brown,amelia.brown31@hotmail.co.uk,PL5 2 QN,Musical Celebration,2026-04-30,Confirmed,Community partner
RI-RI-853571,Ethan Wood,ethan.wood45@yahoo.co.uk,PL9 5 VP,Musical Celebration,2026-04-30,Confirmed,Repeat attendee
RI-RI-884759,Oliver Hill,oliver.hill94@yahoo.co.uk,TR1 1 SV,Musical Celebration,2026-04-30,Confirmed,Repeat attendee
RI-RI-775205,Jessica Smith,jessica.smith58@outlook.com,PL3 1 YF,Musical Celebration,2026-04-30,Attended,Community partner
RI-RI-666301,Mia Jackson,mia.jackson25@hotmail.co.uk,PL2 5 TP,Musical Celebration,2026-04-30,Confirmed,Community partner
RI-RI-392544,Chloe Bennett,chloe.bennett59@hotmail.co.uk,PL4 8 RZ,Musical Celebration,2026-04-30,Confirmed,Community partner
RI-RI-213834,Alfie Brown,alfie.brown33@icloud.com,PL1 3 UJ,Musical Celebration,2026-04-30,Attended,Community partner
RI-RI-131163,Samuel Williams,samuel.williams30@gmail.com,TR7 2 IJ,Musical Celebration,2026-04-30,Attended,
RI-RI-343792,Oliver Young,oliver.young30@outlook.com,PL9 1 TP,Musical Celebration,2026-04-30,Attended,
RI-RI-225633,Thomas White,thomas.white51@outlook.com,PL2 7 BA,Musical Celebration,2026-04-30,Confirmed,Community partner
RI-RI-383932,Mia Taylor,mia.taylor93@outlook.com,PL4 9 NR,Musical Celebration,2026-04-30,Confirmed,
RI-RI-174044,Thomas Hill,thomas.hill31@hotmail.co.uk,PL6 7 WQ,Musical Celebration,2026-04-30,Confirmed,Community partner
RI-RI-688805,Jack Ward,jack.ward40@gmail.com,PL2 3 RN,Musical Celebration,2026-04-30,Attended,Repeat attendee
RI-RI-159942,Charlie Walker,charlie.walker32@yahoo.co.uk,PL6 7 NH,Musical Celebration,2026-04-30,Confirmed,Follow up required
RI-RI-827015,Harry Clarke,harry.clarke96@outlook.com,PL1 1 MU,Musical Celebration,2026-04-30,Confirmed,Community partner
RI-RI-111332,Thomas Moore,thomas.moore14@gmail.com,PL19 1 MQ,Musical Celebration,2026-04-30,Confirmed,Follow up required
RI-RI-240742,Amelia Bell,amelia.bell84@yahoo.co.uk,TQ4 6 PG,Musical Celebration,2026-04-30,Confirmed,Follow up required
RI-RI-446541,Oliver Bennett,oliver.bennett26@gmail.com,PL9 2 FR,Musical Celebration,2026-04-30,Confirmed,
RI-RI-646526,Amelia Baker,amelia.baker45@gmail.com,PL9 8 CQ,Musical Celebration,2026-04-30,Confirmed,Follow up required
RI-RI-741890,Ella Green,ella.green5@yahoo.co.uk,PL6 2 WK,Musical Celebration,2026-04-30,Confirmed,Community partner
RI-RI-158957,Noah Johnson,noah.johnson42@gmail.com,PL21 5 DX,Musical Celebration,2026-04-30,Attended,Community partner
RI-RI-945290,Evie Roberts,evie.roberts11@outlook.com,PL7 6 LM,Musical Celebration,2026-04-30,Confirmed,Community partner
RI-RI-357468,Joshua King,joshua.king64@yahoo.co.uk,TQ1 3 RK,Musical Celebration,2026-04-30,Confirmed,Repeat attendee
RI-RI-404559,Charlie Ward,charlie.ward33@gmail.com,PL9 6 BI,Musical Celebration,2026-04-30,Confirmed,Follow up required
RI-RI-830312,George Taylor,george.taylor28@hotmail.co.uk,PL7 7 XQ,Musical Celebration,2026-04-30,Confirmed,Repeat attendee
RI-RI-539692,Megan Thomas,megan.thomas3@outlook.com,TQ2 2 BX,Musical Celebration,2026-04-30,Confirmed,Repeat attendee
RI-RI-498373,Emma Morgan,emma.morgan80@gmail.com,TR7 2 HE,Musical Celebration,2026-04-30,Confirmed,Follow up required
RI-RI-896571,Freya Smith,freya.smith39@hotmail.co.uk,PL2 9 WB,Musical Celebration,2026-04-30,Attended,Community partner
RI-RI-687075,William Hill,william.hill9@icloud.com,PL9 9 MQ,Musical Celebration,2026-04-30,Attended,
RI-RI-777644,Phoebe Taylor,phoebe.taylor35@gmail.com,PL6 3 TV,Musical Celebration,2026-04-30,Confirmed,
RI-RI-309684,Oliver Brown,oliver.brown9@gmail.com,PL4 7 CF,Musical Celebration,2026-04-30,Confirmed,
RI-RI-732691,Jack Jackson,jack.jackson63@icloud.com,PL5 2 AC,Musical Celebration,2026-04-30,Confirmed,Follow up required
RI-RI-305736,Lucy Thomas,lucy.thomas92@yahoo.co.uk,PL4 5 IO,Musical Celebration,2026-04-30,Confirmed,Repeat attendee
RI-RI-977869,Mia Harris,mia.harris43@gmail.com,PL21 7 IF,Musical Celebration,2026-04-30,Confirmed,Repeat attendee
RI-RI-306008,Samuel Bennett,samuel.bennett59@hotmail.co.uk,TR7 8 VV,Musical Celebration,2026-04-30,Attended,Follow up required
RI-RI-565938,George Perry,george.perry62@gmail.com,PL14 8 GG,Musical Celebration,2026-04-30,Confirmed,Community partner
RI-RI-331919,Phoebe Martin,phoebe.martin22@outlook.com,PL2 6 PX,Musical Celebration,2026-04-30,Confirmed,
RI-RI-285247,Freya Walker,freya.walker13@outlook.com,PL2 8 TI,Musical Celebration,2026-04-30,Confirmed,Follow up required
RI-RI-962513,Megan Hall,megan.hall76@yahoo.co.uk,PL3 2 UY,Musical Celebration,2026-04-30,Confirmed,Community partner
RI-RI-278422,Alice Hill,alice.hill7@icloud.com,PL3 7 WN,Musical Celebration,2026-04-30,Cancelled,Repeat attendee
RI-RI-286351,Olivia Bennett,olivia.bennett30@yahoo.co.uk,PL6 4 RF,Musical Celebration,2026-04-30,Confirmed,Community partner
RI-RI-110616,Ethan King,ethan.king54@outlook.com,PL7 6 XT,Musical Celebration,2026-04-30,Attended,Follow up required
RI-RI-146678,Freya Smith,freya.smith60@icloud.com,TA6 6 AP,Musical Celebration,2026-04-30,Confirmed,Community partner
RI-RI-294751,Oliver Jones,oliver.jones16@outlook.com,PL9 1 SI,Musical Celebration,2026-04-30,Confirmed,Repeat attendee
RI-RI-648866,Grace Thomas,grace.thomas90@gmail.com,TR7 2 AV,Musical Celebration,2026-04-30,Attended,Community partner
RI-RI-363352,Ella Jones,ella.jones20@hotmail.co.uk,PL5 8 OE,Musical Celebration,2026-04-30,Confirmed,Follow up required
RI-RI-550580,Mia Allen,mia.allen90@yahoo.co.uk,PL1 9 EC,Musical Celebration,2026-04-30,Cancelled,Follow up required
RI-RI-703993,Noah Baker,noah.baker94@yahoo.co.uk,PL9 1 SD,Musical Celebration,2026-04-30,Confirmed,
RI-RI-981777,Harry Singh,harry.singh54@gmail.com,TQ2 5 DK,The Comedy Hour,2026-06-18,Attended,
RI-RI-506282,Megan Hall,megan.hall76@yahoo.co.uk,PL3 2 UY,The Comedy Hour,2026-06-18,Confirmed,Repeat attendee
RI-RI-865243,Ella Green,ella.green5@yahoo.co.uk,PL6 2 WK,The Comedy Hour,2026-06-18,Attended,Community partner
RI-RI-614990,Joshua Bennett,joshua.bennett60@icloud.com,PL1 9 VK,The Comedy Hour,2026-06-18,Confirmed,Repeat attendee
RI-RI-754331,Jacob Martin,jacob.martin9@yahoo.co.uk,PL7 9 NY,The Comedy Hour,2026-06-18,Confirmed,Repeat attendee
RI-RI-853335,Noah Moore,noah.moore85@icloud.com,PL6 5 AF,The Comedy Hour,2026-06-18,Attended,Follow up required
RI-RI-972935,Evie Roberts,evie.roberts11@outlook.com,PL7 6 LM,The Comedy Hour,2026-06-18,Confirmed,Repeat attendee
RI-RI-511499,Thomas Moore,thomas.moore51@gmail.com,PL3 4 XQ,The Comedy Hour,2026-06-18,Confirmed,Follow up required
RI-RI-294599,Emma Patel,emma.patel50@yahoo.co.uk,TQ2 2 ZM,The Comedy Hour,2026-06-18,Confirmed,Follow up required
RI-RI-221929,Olivia Hall,olivia.hall10@outlook.com,PL14 5 KE,The Comedy Hour,2026-06-18,Cancelled,Repeat attendee
RI-RI-474983,Noah Williams,noah.williams65@icloud.com,PL4 4 YQ,The Comedy Hour,2026-06-18,Confirmed,Community partner
RI-RI-258927,Jessica Williams,jessica.williams28@hotmail.co.uk,TA1 2 DX,The Comedy Hour,2026-06-18,Confirmed,
RI-RI-824745,Oliver Jackson,oliver.jackson92@gmail.com,PL2 5 SF,The Comedy Hour,2026-06-18,Confirmed,
RI-RI-561533,Lucy Thomas,lucy.thomas92@yahoo.co.uk,PL4 5 IO,The Comedy Hour,2026-06-18,Attended,
RI-RI-367915,Jacob Wilson,jacob.wilson19@gmail.com,PL2 3 AE,The Comedy Hour,2026-06-18,Confirmed,
RI-RI-620500,Mia Cooper,mia.cooper74@hotmail.co.uk,PL9 5 HO,The Comedy Hour,2026-06-18,Confirmed,Follow up required
RI-RI-640946,Max Scott,max.scott10@gmail.com,TR7 8 KZ,The Comedy Hour,2026-06-18,Confirmed,Follow up required
RI-RI-505463,Chloe White,chloe.white97@yahoo.co.uk,EX2 4 BT,The Comedy Hour,2026-06-18,Confirmed,
RI-RI-414621,Jack Ahmed,jack.ahmed32@yahoo.co.uk,PL9 9 TG,The Comedy Hour,2026-06-18,Attended,Community partner
RI-RI-369097,Joshua Evans,joshua.evans43@gmail.com,TQ2 9 TZ,The Comedy Hour,2026-06-18,Confirmed,Follow up required
RI-RI-587270,Jessica Smith,jessica.smith8@gmail.com,PL5 6 WV,The Comedy Hour,2026-06-18,Confirmed,Community partner
RI-RI-117412,Evie Moore,evie.moore20@gmail.com,PL9 8 KK,The Comedy Hour,2026-06-18,Attended,
RI-RI-303835,George Johnson,george.johnson97@yahoo.co.uk,PL2 5 NK,The Comedy Hour,2026-06-18,Confirmed,Repeat attendee
RI-RI-286717,Emily Walker,emily.walker87@yahoo.co.uk,TQ2 4 PC,The Comedy Hour,2026-06-18,Attended,Repeat attendee
RI-RI-240036,Emily Morgan,emily.morgan20@hotmail.co.uk,PL4 7 IX,The Comedy Hour,2026-06-18,Confirmed,Community partner
RI-RI-356944,Phoebe Hill,phoebe.hill54@icloud.com,TA1 2 EE,The Comedy Hour,2026-06-18,Confirmed,Repeat attendee
RI-RI-672559,James Allen,james.allen25@gmail.com,PL3 4 DY,The Comedy Hour,2026-06-18,Confirmed,
RI-RI-660372,Henry Singh,henry.singh85@icloud.com,PL6 6 PR,The Comedy Hour,2026-06-18,Attended,Follow up required
RI-RI-559077,Evie Brown,evie.brown37@outlook.com,PL7 1 XB,The Comedy Hour,2026-06-18,Attended,Repeat attendee
RI-RI-752353,Lucas Jones,lucas.jones55@gmail.com,PL14 3 RJ,The Comedy Hour,2026-06-18,Confirmed,
RI-RI-428053,Ella Singh,ella.singh83@yahoo.co.uk,PL9 9 GO,The Comedy Hour,2026-06-18,Attended,Community partner
RI-RI-798363,Evie Bell,evie.bell35@yahoo.co.uk,PL5 9 YN,The Comedy Hour,2026-06-18,Attended,Follow up required
RI-RI-326813,Lucas Patel,lucas.patel11@hotmail.co.uk,PL4 4 BA,The Comedy Hour,2026-06-18,Confirmed,Community partner
RI-RI-249473,Jacob Turner,jacob.turner73@outlook.com,PL2 5 LG,The Comedy Hour,2026-06-18,Confirmed,
RI-RI-734242,Charlotte Patel,charlotte.patel59@icloud.com,PL6 9 TQ,The Comedy Hour,2026-06-18,Confirmed,Repeat attendee
RI-RI-673600,Joshua Clarke,joshua.clarke64@hotmail.co.uk,PL2 2 YA,The Comedy Hour,2026-06-18,Attended,Follow up required
RI-RI-424987,Evie Evans,evie.evans43@hotmail.co.uk,EX3 5 YJ,The Comedy Hour,2026-06-18,Confirmed,Repeat attendee
RI-RI-108366,Sophie Walker,sophie.walker37@gmail.com,PL12 9 HL,The Comedy Hour,2026-06-18,Confirmed,Repeat attendee
RI-RI-665139,Olivia Walker,olivia.walker16@gmail.com,TA1 7 RD,The Comedy Hour,2026-06-18,Attended,Community partner
RI-RI-222972,Poppy Johnson,poppy.johnson17@yahoo.co.uk,PL7 7 MR,The Comedy Hour,2026-06-18,Attended,Follow up required
RI-RI-708821,Phoebe Clarke,phoebe.clarke10@hotmail.co.uk,PL9 1 QT,The Comedy Hour,2026-06-18,Confirmed,
RI-RI-184751,Jacob Allen,jacob.allen6@gmail.com,TQ3 1 GD,The Comedy Hour,2026-06-18,Confirmed,
RI-RI-998597,Sophie Bennett,sophie.bennett99@hotmail.co.uk,PL7 6 BG,The Comedy Hour,2026-06-18,Attended,Repeat attendee
RI-RI-328355,Sophie Bell,sophie.bell90@icloud.com,TQ4 2 QO,Winter Performance,2026-07-21,Attended,Community partner
RI-RI-129981,Oscar Cook,oscar.cook30@gmail.com,PL4 7 YE,Winter Performance,2026-07-21,Confirmed,Follow up required
RI-RI-561581,Evie Murphy,evie.murphy16@hotmail.co.uk,EX2 1 UP,Winter Performance,2026-07-21,Cancelled,Follow up required
RI-RI-219574,Thomas Davies,thomas.davies23@icloud.com,TA1 6 PV,Winter Performance,2026-07-21,Confirmed,Follow up required
RI-RI-433099,Chloe Brown,chloe.brown33@hotmail.co.uk,PL3 5 JU,Winter Performance,2026-07-21,Attended,Follow up required
RI-RI-954938,Phoebe Roberts,phoebe.roberts11@hotmail.co.uk,PL7 4 KL,Winter Performance,2026-07-21,Cancelled,Repeat attendee
RI-RI-127475,Jack Smith,jack.smith19@gmail.com,PL4 3 BQ,Winter Performance,2026-07-21,Cancelled,
RI-RI-759817,Sophie Martin,sophie.martin85@icloud.com,EX3 5 FM,Winter Performance,2026-07-21,Confirmed,Community partner
RI-RI-321001,Emma Wood,emma.wood27@icloud.com,PL14 1 MO,Winter Performance,2026-07-21,Attended,Follow up required
RI-RI-465571,Lily Davies,lily.davies60@gmail.com,PL3 9 QI,Winter Performance,2026-07-21,Confirmed,Follow up required
RI-RI-507496,William Williams,william.williams77@yahoo.co.uk,TQ3 2 FN,Winter Performance,2026-07-21,Confirmed,
RI-RI-465003,Harry Singh,harry.singh37@yahoo.co.uk,TA1 5 US,Winter Performance,2026-07-21,Attended,Repeat attendee
RI-RI-180518,Joshua Evans,joshua.evans43@gmail.com,TQ2 9 TZ,Winter Performance,2026-07-21,Confirmed,
RI-RI-248217,Samuel Williams,samuel.williams78@gmail.com,PL2 2 UC,Winter Performance,2026-07-21,Confirmed,Community partner
RI-RI-830745,Charlie Brown,charlie.brown92@gmail.com,PL3 1 IJ,Winter Performance,2026-07-21,Attended,Repeat attendee
RI-RI-891306,Emma White,emma.white35@gmail.com,PL14 1 JU,Winter Performance,2026-07-21,Attended,Follow up required
RI-RI-662114,Charlotte Taylor,charlotte.taylor72@hotmail.co.uk,PL2 2 TG,Winter Performance,2026-07-21,Confirmed,Repeat attendee
RI-RI-559635,Oliver Thomas,oliver.thomas73@yahoo.co.uk,PL4 2 SM,Winter Performance,2026-07-21,Attended,Follow up required
RI-RI-133929,Ella Young,ella.young89@yahoo.co.uk,PL2 3 XE,Winter Performance,2026-07-21,Confirmed,Follow up required
RI-RI-947918,Phoebe Collins,phoebe.collins62@icloud.com,PL4 8 OY,Winter Performance,2026-07-21,Attended,Community partner
RI-RI-984326,Chloe Taylor,chloe.taylor18@icloud.com,PL4 4 YM,Winter Performance,2026-07-21,Confirmed,
RI-RI-439779,Emma Taylor,emma.taylor26@outlook.com,EX4 3 EE,Winter Performance,2026-07-21,Confirmed,Repeat attendee
RI-RI-963759,Amelia Turner,amelia.turner15@yahoo.co.uk,PL5 6 YX,Winter Performance,2026-07-21,Confirmed,
RI-RI-405169,Mia Harris,mia.harris43@gmail.com,PL21 7 IF,Winter Performance,2026-07-21,Confirmed,
RI-RI-803402,Noah Bell,noah.bell4@icloud.com,PL5 8 DK,Winter Performance,2026-07-21,Confirmed,
RI-RI-616760,Mia Evans,mia.evans58@outlook.com,PL1 8 XA,Winter Performance,2026-07-21,Confirmed,
RI-RI-153660,George Jackson,george.jackson59@outlook.com,TQ2 5 CG,Winter Performance,2026-07-21,Confirmed,
RI-RI-788330,Emily Walker,emily.walker87@yahoo.co.uk,TQ2 4 PC,Winter Performance,2026-07-21,Confirmed,Community partner
RI-RI-466889,Jacob Collins,jacob.collins48@hotmail.co.uk,PL1 9 MR,Winter Performance,2026-07-21,Attended,Follow up required
RI-RI-429344,Noah Walker,noah.walker50@outlook.com,PL2 3 VP,Winter Performance,2026-07-21,Attended,Community partner
RI-RI-943197,George Moore,george.moore76@hotmail.co.uk,PL6 2 DB,Winter Performance,2026-07-21,Attended,Follow up required
RI-RI-461757,William Baker,william.baker1@gmail.com,PL3 9 UZ,Winter Performance,2026-07-21,Attended,Repeat attendee
RI-RI-280567,William Johnson,william.johnson3@hotmail.co.uk,PL9 3 FV,Winter Performance,2026-07-21,Confirmed,Follow up required
RI-RI-829238,Alice Jackson,alice.jackson80@yahoo.co.uk,PL5 1 NL,Winter Performance,2026-07-21,Attended,
RI-RI-776256,Leo White,leo.white33@outlook.com,TA1 6 DM,Winter Performance,2026-07-21,Confirmed,Community partner
RI-RI-548424,Freya Smith,freya.smith39@hotmail.co.uk,PL2 9 WB,Winter Performance,2026-07-21,Confirmed,
RI-RI-908077,Jacob Martin,jacob.martin9@yahoo.co.uk,PL7 9 NY,Winter Performance,2026-07-21,Attended,Follow up required
RI-RI-124808,Thomas Hill,thomas.hill31@hotmail.co.uk,PL6 7 WQ,Winter Performance,2026-07-21,Confirmed,Repeat attendee
RI-RI-177093,Ruby Patel,ruby.patel1@gmail.com,PL9 5 ET,Winter Performance,2026-07-21,Confirmed,
RI-RI-192373,Charlotte Patel,charlotte.patel7@yahoo.co.uk,PL2 5 FS,Winter Performance,2026-07-21,Confirmed,Follow up required
RI-RI-617798,Samuel Ahmed,samuel.ahmed46@hotmail.co.uk,PL4 1 CT,Winter Performance,2026-07-21,Confirmed,Community partner
RI-RI-129699,Lily Allen,lily.allen61@gmail.com,PL9 8 ZS,Winter Performance,2026-07-21,Confirmed,Repeat attendee
RI-RI-872862,Sophie Cook,sophie.cook15@yahoo.co.uk,PL6 2 IP,Winter Performance,2026-07-21,Attended,
RI-RI-770664,Jacob Wilson,jacob.wilson19@gmail.com,PL2 3 AE,Winter Performance,2026-07-21,Confirmed,Follow up required
RI-RI-204781,Samuel Singh,samuel.singh73@outlook.com,PL9 5 QI,Winter Performance,2026-07-21,Confirmed,Repeat attendee
RI-RI-745267,Henry Thomas,henry.thomas66@hotmail.co.uk,PL5 7 LU,Winter Performance,2026-07-21,Confirmed,
RI-RI-179615,Evie Evans,evie.evans43@hotmail.co.uk,EX3 5 YJ,Winter Performance,2026-07-21,Cancelled,
RI-RI-153400,Thomas Moore,thomas.moore14@gmail.com,PL19 1 MQ,Winter Performance,2026-07-21,Confirmed,Follow up required
RI-RI-759328,Jessica Smith,jessica.smith8@gmail.com,PL5 6 WV,Winter Performance,2026-07-21,Confirmed,
RI-RI-215322,Harry Clarke,harry.clarke96@outlook.com,PL1 1 MU,Winter Performance,2026-07-21,Confirmed,Follow up required
RI-RI-281656,Amelia Cook,amelia.cook13@gmail.com,PL2 1 LV,Winter Performance,2026-07-21,Attended,Repeat attendee
RI-RI-475410,Lucy Perry,lucy.perry93@yahoo.co.uk,PL3 9 XF,Winter Performance,2026-07-21,Confirmed,
RI-RI-504105,Grace Davies,grace.davies30@gmail.com,EX4 2 DD,Winter Performance,2026-07-21,Attended,Community partner
RI-RI-707857,Oscar Evans,oscar.evans87@gmail.com,PL2 7 AG,Winter Performance,2026-07-21,Confirmed,Follow up required
RI-RI-734818,Jacob Jones,jacob.jones44@gmail.com,PL5 7 DL,Winter Performance,2026-07-21,Confirmed,
RI-RI-995191,Joshua White,joshua.white87@icloud.com,PL3 6 IB,Winter Performance,2026-07-21,Attended,
RI-RI-782063,Alice White,alice.white76@gmail.com,TR7 1 YK,Winter Performance,2026-07-21,Attended,
RI-RI-284349,Ella Bennett,ella.bennett80@outlook.com,PL4 5 LI,Winter Performance,2026-07-21,Confirmed,Follow up required
RI-RI-632111,Emma Collins,emma.collins17@hotmail.co.uk,PL3 9 PK,Winter Performance,2026-07-21,Confirmed,Community partner
RI-RI-861095,Amelia Cooper,amelia.cooper1@gmail.com,TQ4 1 CY,Winter Performance,2026-07-21,Confirmed,Repeat attendee
RI-RI-627732,Charlie Scott,charlie.scott71@outlook.com,TR7 5 KG,Winter Performance,2026-07-21,Attended,Follow up required
RI-RI-550764,Alice Young,alice.young93@hotmail.co.uk,TA1 9 MH,Winter Performance,2026-07-21,Confirmed,Follow up required
RI-RI-609099,Jacob Allen,jacob.allen6@gmail.com,TQ3 1 GD,Winter Performance,2026-07-21,Attended,Follow up required
RI-RI-232224,Henry Singh,henry.singh85@icloud.com,PL6 6 PR,Winter Performance,2026-07-21,Attended,Repeat attendee
RI-RI-216829,Chloe Young,chloe.young72@yahoo.co.uk,PL3 2 OH,Winter Performance,2026-07-21,Confirmed,Follow up required
RI-RI-971211,James Harris,james.harris20@icloud.com,PL1 7 HV,Winter Performance,2026-07-21,Confirmed,Repeat attendee
RI-RI-506701,Jack Ahmed,jack.ahmed32@yahoo.co.uk,PL9 9 TG,Winter Performance,2026-07-21,Confirmed,
RI-RI-464241,Emily Scott,emily.scott40@yahoo.co.uk,PL4 8 OJ,Winter Performance,2026-07-21,Confirmed,Repeat attendee
RI-RI-295522,James Evans,james.evans62@icloud.com,TQ1 4 XE,Winter Performance,2026-07-21,Confirmed,
RI-RI-611790,Daniel Scott,daniel.scott94@icloud.com,PL5 3 VK,Winter Performance,2026-07-21,Confirmed,Follow up required
RI-RI-244491,Evie Cook,evie.cook2@outlook.com,PL21 4 CV,Winter Performance,2026-07-21,Attended,Community partner
RI-RI-690363,Leo Martin,leo.martin44@yahoo.co.uk,PL4 5 MX,Winter Performance,2026-07-21,Attended,Follow up required
RI-RI-717754,Ethan Roberts,ethan.roberts34@hotmail.co.uk,PL7 5 CO,Winter Performance,2026-07-21,Confirmed,Community partner
RI-RI-956734,Daniel Thomas,daniel.thomas66@yahoo.co.uk,TQ2 6 CE,Winter Performance,2026-07-21,Confirmed,Follow up required
RI-RI-854657,Leo Young,leo.young1@yahoo.co.uk,PL12 1 FT,Winter Performance,2026-07-21,Confirmed,Follow up required
RI-RI-339320,Jacob Cooper,jacob.cooper46@icloud.com,TA6 1 JZ,Winter Performance,2026-07-21,Confirmed,Community partner
RI-RI-534712,Olivia Hall,olivia.hall10@outlook.com,PL14 5 KE,Winter Performance,2026-07-21,Confirmed,
RI-RI-804072,Oscar Cook,oscar.cook64@icloud.com,PL7 2 PY,Winter Performance,2026-07-21,Confirmed,Community partner
RI-RI-206357,Phoebe Cook,phoebe.cook23@outlook.com,PL2 3 KB,Winter Performance,2026-07-21,Cancelled,Follow up required
RI-RI-101188,Lucy Scott,lucy.scott49@gmail.com,PL12 4 EN,Winter Performance,2026-07-21,Confirmed,Follow up required
RI-RI-914242,Max Ahmed,max.ahmed37@hotmail.co.uk,PL9 7 NS,Winter Performance,2026-07-21,Confirmed,Repeat attendee
RI-RI-611317,Megan Moore,megan.moore3@gmail.com,EX4 5 OP,Winter Performance,2026-07-21,Attended,Follow up required
RI-RI-849685,Evie Cooper,evie.cooper32@outlook.com,PL1 5 RC,Winter Performance,2026-07-21,Confirmed,Community partner
RI-RI-972037,Lucy Thomas,lucy.thomas92@yahoo.co.uk,PL4 5 IO,Winter Performance,2026-07-21,Confirmed,Follow up required
RI-RI-178449,Jack Johnson,jack.johnson24@icloud.com,PL5 7 TD,Winter Performance,2026-07-21,Confirmed,
RI-RI-979322,Charlotte Brown,charlotte.brown71@hotmail.co.uk,TQ4 3 XL,Winter Performance,2026-07-21,Confirmed,Community partner
RI-RI-319818,Evie Morgan,evie.morgan72@hotmail.co.uk,TQ4 8 LU,Winter Performance,2026-07-21,Confirmed,
RI-RI-106157,Phoebe Turner,phoebe.turner32@icloud.com,PL2 9 HA,Winter Performance,2026-07-21,Attended,Follow up required
RI-RI-729589,Noah Williams,noah.williams17@gmail.com,PL4 9 UE,Winter Performance,2026-07-21,Confirmed,
RI-RI-837986,Noah Johnson,noah.johnson42@gmail.com,PL21 5 DX,Winter Performance,2026-07-21,Attended,Repeat attendee
RI-RI-755771,Phoebe Clarke,phoebe.clarke10@hotmail.co.uk,PL9 1 QT,Winter Performance,2026-07-21,Confirmed,
RI-RI-940357,Harry Singh,harry.singh54@gmail.com,TQ2 5 DK,Winter Performance,2026-07-21,Confirmed,Repeat attendee
RI-RI-614204,Oscar Allen,oscar.allen55@hotmail.co.uk,PL5 8 HM,Winter Performance,2026-07-21,Attended,Follow up required
RI-RI-305498,Poppy Taylor,poppy.taylor44@outlook.com,PL6 3 WQ,Winter Performance,2026-07-21,Confirmed,Follow up required
RI-RI-692489,Grace Scott,grace.scott25@yahoo.co.uk,PL12 8 BE,Winter Performance,2026-07-21,Attended,
RI-RI-790030,Leo Young,leo.young10@hotmail.co.uk,PL3 6 UR,Winter Performance,2026-07-21,Attended,Community partner
RI-RI-622654,Leo Moore,leo.moore80@outlook.com,EX4 9 JE,Winter Performance,2026-07-21,Confirmed,Follow up required
RI-RI-144458,Oscar Moore,oscar.moore50@gmail.com,PL3 3 QP,Winter Performance,2026-07-21,Confirmed,
RI-RI-737989,Jack White,jack.white60@gmail.com,PL2 1 FI,Winter Performance,2026-07-21,Confirmed,
RI-RI-871478,Noah Moore,noah.moore85@icloud.com,PL6 5 AF,Winter Performance,2026-07-21,Confirmed,Follow up required
RI-RI-359652,Emma Evans,emma.evans38@hotmail.co.uk,PL7 7 WZ,Winter Performance,2026-07-21,Confirmed,Repeat attendee
RI-RI-542182,Chloe Moore,chloe.moore59@yahoo.co.uk,PL3 6 EW,Winter Performance,2026-07-21,Confirmed,Repeat attendee
RI-RI-790974,Emma Bell,emma.bell29@outlook.com,PL3 3 ZB,Winter Performance,2026-07-21,Confirmed,Community partner
RI-RI-525297,William Ahmed,william.ahmed43@yahoo.co.uk,TA1 1 SG,Winter Performance,2026-07-21,Confirmed,Follow up required
RI-RI-402023,Lucas Morgan,lucas.morgan77@yahoo.co.uk,PL5 9 HI,Winter Performance,2026-07-21,Attended,
RI-RI-477876,Jessica Smith,jessica.smith58@outlook.com,PL3 1 YF,Winter Performance,2026-07-21,Confirmed,Community partner
RI-RI-831471,Phoebe Cook,phoebe.cook46@gmail.com,PL3 9 XN,Drama Workshop,2026-08-14,Confirmed,Repeat attendee
RI-RI-797761,Sophie Ward,sophie.ward13@yahoo.co.uk,PL4 9 SF,Drama Workshop,2026-08-14,Cancelled,Follow up required
RI-RI-335098,Ella Young,ella.young89@yahoo.co.uk,PL2 3 XE,Drama Workshop,2026-08-14,Confirmed,Repeat attendee
RI-RI-638122,Harry Clarke,harry.clarke96@outlook.com,PL1 1 MU,Drama Workshop,2026-08-14,Confirmed,
RI-RI-191206,Joshua White,joshua.white48@icloud.com,PL9 7 LO,Drama Workshop,2026-08-14,Confirmed,Repeat attendee
RI-RI-316371,Noah Williams,noah.williams65@icloud.com,PL4 4 YQ,Drama Workshop,2026-08-14,Attended,Repeat attendee
RI-RI-572033,George Williams,george.williams76@hotmail.co.uk,PL5 7 AW,Drama Workshop,2026-08-14,Confirmed,Community partner
RI-RI-383888,Sophie Hall,sophie.hall71@gmail.com,PL6 9 MH,Drama Workshop,2026-08-14,Confirmed,Community partner
RI-RI-838111,Olivia Wilson,olivia.wilson66@gmail.com,PL7 7 VD,Drama Workshop,2026-08-14,Confirmed,Community partner
RI-RI-763922,Olivia Jones,olivia.jones53@icloud.com,PL2 5 BR,Drama Workshop,2026-08-14,Attended,
RI-RI-601612,Evie Harris,evie.harris68@icloud.com,PL9 4 PU,Drama Workshop,2026-08-14,Attended,Follow up required
RI-RI-174353,Jessica Evans,jessica.evans26@gmail.com,PL2 9 HR,Drama Workshop,2026-08-14,Confirmed,Repeat attendee
RI-RI-105290,Megan Moore,megan.moore3@gmail.com,EX4 5 OP,Drama Workshop,2026-08-14,Confirmed,Community partner
RI-RI-333608,Lily Allen,lily.allen61@gmail.com,PL9 8 ZS,Drama Workshop,2026-08-14,Attended,Follow up required
RI-RI-292531,George Walker,george.walker58@hotmail.co.uk,PL7 3 YQ,Drama Workshop,2026-08-14,Confirmed,Follow up required
RI-RI-336802,Joshua Davies,joshua.davies22@icloud.com,PL6 4 LX,Drama Workshop,2026-08-14,Confirmed,
RI-RI-122897,Freya Bennett,freya.bennett79@gmail.com,PL6 8 BD,Drama Workshop,2026-08-14,Confirmed,Repeat attendee
RI-RI-965125,Olivia Bennett,olivia.bennett30@yahoo.co.uk,PL6 4 RF,Drama Workshop,2026-08-14,Confirmed,Community partner
RI-RI-496685,Mia Allen,mia.allen90@yahoo.co.uk,PL1 9 EC,Drama Workshop,2026-08-14,Confirmed,
RI-RI-619268,Noah Bennett,noah.bennett91@gmail.com,PL21 8 BU,Drama Workshop,2026-08-14,Confirmed,Follow up required
RI-RI-797436,Ethan Bell,ethan.bell72@yahoo.co.uk,TR7 4 XB,Drama Workshop,2026-08-14,Attended,Follow up required
RI-RI-982788,Jessica Smith,jessica.smith8@gmail.com,PL5 6 WV,Drama Workshop,2026-08-14,Confirmed,Follow up required
RI-RI-580631,Jacob Allen,jacob.allen6@gmail.com,TQ3 1 GD,Drama Workshop,2026-08-14,Confirmed,Repeat attendee
RI-RI-198998,Lucas Johnson,lucas.johnson53@outlook.com,PL1 3 LL,Drama Workshop,2026-08-14,Confirmed,Community partner
RI-RI-348423,Charlie Jackson,charlie.jackson30@gmail.com,PL6 4 FA,Drama Workshop,2026-08-14,Confirmed,Community partner
RI-RI-336989,Noah Williams,noah.williams17@gmail.com,PL4 9 UE,Drama Workshop,2026-08-14,Confirmed,Follow up required
RI-RI-231671,Lucas Scott,lucas.scott92@gmail.com,TA6 8 CW,Drama Workshop,2026-08-14,Attended,Repeat attendee
RI-RI-839522,Chloe Morgan,chloe.morgan30@gmail.com,PL3 2 XB,Drama Workshop,2026-08-14,Confirmed,Community partner
RI-RI-528588,Chloe Scott,chloe.scott72@gmail.com,PL2 5 HO,Drama Workshop,2026-08-14,Confirmed,
RI-RI-595538,George Perry,george.perry62@gmail.com,PL14 8 GG,Drama Workshop,2026-08-14,Confirmed,Repeat attendee
RI-RI-830251,Alice Young,alice.young93@hotmail.co.uk,TA1 9 MH,Drama Workshop,2026-08-14,Confirmed,Follow up required
RI-RI-857780,Ethan King,ethan.king10@yahoo.co.uk,PL5 8 WK,Drama Workshop,2026-08-14,Attended,Follow up required
RI-RI-938109,Alice Jackson,alice.jackson80@yahoo.co.uk,PL5 1 NL,Drama Workshop,2026-08-14,Confirmed,Follow up required
RI-RI-970993,William Johnson,william.johnson3@hotmail.co.uk,PL9 3 FV,Drama Workshop,2026-08-14,Cancelled,Repeat attendee
RI-RI-198876,Henry Evans,henry.evans60@yahoo.co.uk,PL6 8 SB,Drama Workshop,2026-08-14,Confirmed,Repeat attendee
RI-RI-160389,Olivia King,olivia.king91@outlook.com,PL5 5 ZT,Drama Workshop,2026-08-14,Confirmed,Repeat attendee
RI-RI-839595,Oscar Cooper,oscar.cooper29@hotmail.co.uk,PL7 8 SL,Drama Workshop,2026-08-14,Confirmed,Follow up required
RI-RI-312511,William Ahmed,william.ahmed6@outlook.com,TQ1 8 GB,Drama Workshop,2026-08-14,Confirmed,Repeat attendee
RI-RI-429188,James Harris,james.harris20@icloud.com,PL1 7 HV,Dance Showcase,2026-08-15,Confirmed,Follow up required
RI-RI-959766,Jessica Williams,jessica.williams28@hotmail.co.uk,TA1 2 DX,Dance Showcase,2026-08-15,Confirmed,Repeat attendee
RI-RI-356448,Chloe Bennett,chloe.bennett59@hotmail.co.uk,PL4 8 RZ,Dance Showcase,2026-08-15,Confirmed,
RI-RI-216365,Jessica Evans,jessica.evans95@icloud.com,PL9 4 QM,Dance Showcase,2026-08-15,Confirmed,Follow up required
RI-RI-688864,Sophie Cook,sophie.cook60@outlook.com,PL2 5 AS,Dance Showcase,2026-08-15,Confirmed,Community partner
RI-RI-545413,Emma Patel,emma.patel50@yahoo.co.uk,TQ2 2 ZM,Dance Showcase,2026-08-15,Confirmed,Repeat attendee
RI-RI-304390,Olivia Jones,olivia.jones53@icloud.com,PL2 5 BR,Dance Showcase,2026-08-15,Confirmed,Community partner
RI-RI-790251,Jack Brown,jack.brown18@gmail.com,PL6 6 ZQ,Dance Showcase,2026-08-15,Confirmed,Follow up required
RI-RI-645678,Olivia Walker,olivia.walker16@gmail.com,TA1 7 RD,Dance Showcase,2026-08-15,Attended,
RI-RI-738827,Lily Cook,lily.cook53@hotmail.co.uk,EX3 1 UB,Dance Showcase,2026-08-15,Confirmed,Community partner
RI-RI-526053,Jack Walker,jack.walker44@icloud.com,PL4 6 ME,Dance Showcase,2026-08-15,Confirmed,
RI-RI-124042,Ella Harris,ella.harris31@yahoo.co.uk,PL2 5 IF,Dance Showcase,2026-08-15,Confirmed,Community partner
RI-RI-585097,Emily Baker,emily.baker53@icloud.com,PL4 2 UB,Dance Showcase,2026-08-15,Confirmed,Follow up required
RI-RI-854327,Oliver Young,oliver.young50@yahoo.co.uk,PL5 7 JW,Dance Showcase,2026-08-15,Confirmed,Follow up required
RI-RI-194691,Phoebe Martin,phoebe.martin22@outlook.com,PL2 6 PX,Dance Showcase,2026-08-15,Confirmed,
RI-RI-569181,Charlotte Brown,charlotte.brown43@gmail.com,TR1 6 AC,Dance Showcase,2026-08-15,Confirmed,Community partner
RI-RI-569622,Noah Bennett,noah.bennett91@gmail.com,PL21 8 BU,Dance Showcase,2026-08-15,Confirmed,
RI-RI-668363,Joshua Perry,joshua.perry43@outlook.com,EX4 1 GQ,Dance Showcase,2026-08-15,Confirmed,Repeat attendee
RI-RI-491965,Poppy Harris,poppy.harris66@outlook.com,PL2 6 QQ,Dance Showcase,2026-08-15,Confirmed,
RI-RI-910120,James Murphy,james.murphy9@outlook.com,PL3 8 WN,Dance Showcase,2026-08-15,Attended,
RI-RI-269782,Poppy Singh,poppy.singh13@gmail.com,PL6 2 QI,Dance Showcase,2026-08-15,Attended,Community partner
RI-RI-146196,Freya Turner,freya.turner96@hotmail.co.uk,TQ1 8 WU,Dance Showcase,2026-08-15,Attended,Follow up required
RI-RI-641516,Amelia Bell,amelia.bell84@yahoo.co.uk,TQ4 6 PG,Dance Showcase,2026-08-15,Confirmed,Follow up required
RI-RI-356655,Jessica Evans,jessica.evans26@gmail.com,PL2 9 HR,Dance Showcase,2026-08-15,Confirmed,Repeat attendee
RI-RI-336930,Amelia Jackson,amelia.jackson72@yahoo.co.uk,TQ2 4 ZF,Dance Showcase,2026-08-15,Confirmed,
RI-RI-746192,Jessica Clarke,jessica.clarke38@outlook.com,PL2 8 WO,Dance Showcase,2026-08-15,Confirmed,Repeat attendee
RI-RI-655086,Olivia Ward,olivia.ward40@icloud.com,TQ12 3 RF,Dance Showcase,2026-08-15,Confirmed,Repeat attendee
RI-RI-202789,Oliver Evans,oliver.evans25@icloud.com,PL7 8 BT,Dance Showcase,2026-08-15,Attended,Community partner
RI-RI-828875,Charlotte Taylor,charlotte.taylor72@hotmail.co.uk,PL2 2 TG,Dance Showcase,2026-08-15,Confirmed,Repeat attendee
RI-RI-902576,Olivia Cook,olivia.cook97@icloud.com,PL1 7 KB,Dance Showcase,2026-08-15,Confirmed,
RI-RI-237387,Amelia King,amelia.king21@hotmail.co.uk,PL9 1 DV,Dance Showcase,2026-08-15,Confirmed,Repeat attendee
RI-RI-649754,Emma Morgan,emma.morgan80@gmail.com,TR7 2 HE,Dance Showcase,2026-08-15,Cancelled,
RI-RI-505026,Megan Perry,megan.perry13@yahoo.co.uk,PL4 2 JS,Dance Showcase,2026-08-15,Confirmed,Repeat attendee
RI-RI-278780,Evie Martin,evie.martin87@gmail.com,EX2 6 UW,Dance Showcase,2026-08-15,Attended,Repeat attendee
RI-RI-829385,Emily Hall,emily.hall92@icloud.com,PL4 5 KG,Dance Showcase,2026-08-15,Confirmed,Follow up required
RI-RI-797567,Charlie Patel,charlie.patel30@hotmail.co.uk,TQ2 4 JY,Dance Showcase,2026-08-15,Confirmed,Community partner
RI-RI-919172,Henry Ahmed,henry.ahmed38@gmail.com,PL2 8 EC,Dance Showcase,2026-08-15,Attended,Community partner
RI-RI-226480,Lucas Evans,lucas.evans88@gmail.com,PL9 2 TU,Dance Showcase,2026-08-15,Confirmed,Community partner
RI-RI-927259,Emma Murphy,emma.murphy58@outlook.com,PL9 9 HY,Dance Showcase,2026-08-15,Confirmed,Repeat attendee
RI-RI-903035,Jacob Jackson,jacob.jackson98@gmail.com,EX1 4 OD,Dance Showcase,2026-08-15,Attended,
RI-RI-721366,James White,james.white91@yahoo.co.uk,PL1 5 KE,Dance Showcase,2026-08-15,Confirmed,Repeat attendee
RI-RI-560580,Leo Martin,leo.martin44@yahoo.co.uk,PL4 5 MX,Dance Showcase,2026-08-15,Confirmed,Repeat attendee
RI-RI-249033,Alice Bell,alice.bell86@yahoo.co.uk,PL4 6 VU,Dance Showcase,2026-08-15,Confirmed,
RI-RI-896454,Noah Walker,noah.walker50@outlook.com,PL2 3 VP,Dance Showcase,2026-08-15,Confirmed,Community partner
RI-RI-598331,Noah Jones,noah.jones50@hotmail.co.uk,PL7 1 SH,Dance Showcase,2026-08-15,Confirmed,
RI-RI-670649,Chloe Jackson,chloe.jackson18@gmail.com,PL9 7 PX,Dance Showcase,2026-08-15,Confirmed,Community partner
RI-RI-684565,Phoebe Collins,phoebe.collins62@icloud.com,PL4 8 OY,Spring Festival,2026-08-22,Attended,
RI-RI-998147,Megan Moore,megan.moore3@gmail.com,EX4 5 OP,Spring Festival,2026-08-22,Cancelled,
RI-RI-418953,Thomas Moore,thomas.moore51@gmail.com,PL3 4 XQ,Spring Festival,2026-08-22,Attended,Follow up required
RI-RI-279372,Harry Singh,harry.singh37@yahoo.co.uk,TA1 5 US,Spring Festival,2026-08-22,Confirmed,Community partner
RI-RI-891007,Noah Baker,noah.baker94@yahoo.co.uk,PL9 1 SD,Spring Festival,2026-08-22,Confirmed,Repeat attendee
RI-RI-672527,Jack Walker,jack.walker44@icloud.com,PL4 6 ME,Spring Festival,2026-08-22,Confirmed,
RI-RI-733009,Ruby Brown,ruby.brown24@icloud.com,PL1 7 KA,Spring Festival,2026-08-22,Confirmed,
RI-RI-355179,William Cooper,william.cooper97@gmail.com,TQ1 2 VR,Spring Festival,2026-08-22,Confirmed,
RI-RI-621989,Joshua Davies,joshua.davies22@icloud.com,PL6 4 LX,Spring Festival,2026-08-22,Attended,
RI-RI-859422,Emma White,emma.white35@gmail.com,PL14 1 JU,Spring Festival,2026-08-22,Confirmed,Repeat attendee
RI-RI-288713,Emma Taylor,emma.taylor61@hotmail.co.uk,PL2 4 PO,Spring Festival,2026-08-22,Confirmed,Repeat attendee
RI-RI-316335,Evie Walker,evie.walker60@yahoo.co.uk,PL6 5 HU,Spring Festival,2026-08-22,Confirmed,Follow up required
RI-RI-276181,William Wood,william.wood73@outlook.com,PL9 3 IR,Spring Festival,2026-08-22,Confirmed,Follow up required
RI-RI-553947,Grace Thomas,grace.thomas90@gmail.com,TR7 2 AV,Spring Festival,2026-08-22,Confirmed,Repeat attendee
RI-RI-347197,Mia Young,mia.young28@yahoo.co.uk,PL6 9 VV,Spring Festival,2026-08-22,Attended,
RI-RI-863493,Chloe Jackson,chloe.jackson18@gmail.com,PL9 7 PX,Spring Festival,2026-08-22,Confirmed,Follow up required
RI-RI-965298,Lucas Murphy,lucas.murphy54@gmail.com,TR1 5 EC,Spring Festival,2026-08-22,Confirmed,Community partner
RI-RI-183980,Ella Ahmed,ella.ahmed59@yahoo.co.uk,PL5 4 ZK,Spring Festival,2026-08-22,Confirmed,
RI-RI-871229,Evie Cooper,evie.cooper32@outlook.com,PL1 5 RC,Spring Festival,2026-08-22,Cancelled,Repeat attendee
RI-RI-121179,Ella Singh,ella.singh83@yahoo.co.uk,PL9 9 GO,Spring Festival,2026-08-22,Attended,Community partner
RI-RI-150079,Alice White,alice.white30@yahoo.co.uk,PL4 1 NM,Spring Festival,2026-08-22,Confirmed,
RI-RI-828137,Jacob White,jacob.white23@gmail.com,EX3 6 TJ,Spring Festival,2026-08-22,Cancelled,Follow up required
RI-RI-550862,Evie Martin,evie.martin87@gmail.com,EX2 6 UW,Spring Festival,2026-08-22,Confirmed,
RI-RI-830173,Poppy Evans,poppy.evans4@icloud.com,PL14 5 XS,Spring Festival,2026-08-22,Confirmed,Repeat attendee
RI-RI-735694,Evie Bennett,evie.bennett24@hotmail.co.uk,PL9 2 EF,Spring Festival,2026-08-22,Confirmed,Repeat attendee
RI-RI-628544,Leo Young,leo.young1@yahoo.co.uk,PL12 1 FT,Spring Festival,2026-08-22,Confirmed,Repeat attendee
RI-RI-585647,Charlie Scott,charlie.scott71@outlook.com,TR7 5 KG,Spring Festival,2026-08-22,Confirmed,Follow up required
RI-RI-994533,William Williams,william.williams77@yahoo.co.uk,TQ3 2 FN,Spring Festival,2026-08-22,Confirmed,
RI-RI-818347,Lucy Patel,lucy.patel25@yahoo.co.uk,PL6 3 HW,Spring Festival,2026-08-22,Attended,Repeat attendee
RI-RI-812993,Daniel Scott,daniel.scott94@icloud.com,PL5 3 VK,Spring Festival,2026-08-22,Attended,Repeat attendee
RI-RI-468655,Max Scott,max.scott44@hotmail.co.uk,PL5 1 AM,Spring Festival,2026-08-22,Attended,
RI-RI-361627,Noah Bell,noah.bell29@yahoo.co.uk,PL6 4 SQ,Spring Festival,2026-08-22,Attended,Repeat attendee
RI-RI-118048,Ethan Turner,ethan.turner72@icloud.com,TQ3 7 AU,Spring Festival,2026-08-22,Attended,
RI-RI-782469,Charlotte Bell,charlotte.bell46@hotmail.co.uk,PL3 7 UQ,Spring Festival,2026-08-22,Cancelled,Repeat attendee
RI-RI-730999,Alice Harris,alice.harris92@hotmail.co.uk,PL1 9 WI,Spring Festival,2026-08-22,Confirmed,Repeat attendee
RI-RI-331339,Chloe Martin,chloe.martin45@outlook.com,PL4 1 DN,Spring Festival,2026-08-22,Attended,Community partner
RI-RI-139249,James Allen,james.allen25@gmail.com,PL3 4 DY,Spring Festival,2026-08-22,Confirmed,Community partner
RI-RI-954995,Joshua White,joshua.white87@icloud.com,PL3 6 IB,Spring Festival,2026-08-22,Attended,Repeat attendee
RI-RI-898750,Jack Ward,jack.ward40@gmail.com,PL2 3 RN,Spring Festival,2026-08-22,Confirmed,
RI-RI-239164,Chloe Ward,chloe.ward26@hotmail.co.uk,PL6 6 RC,Spring Festival,2026-08-22,Confirmed,Repeat attendee
RI-RI-556370,Lucas Patel,lucas.patel11@hotmail.co.uk,PL4 4 BA,Spring Festival,2026-08-22,Confirmed,Repeat attendee
RI-RI-322242,James Harris,james.harris50@hotmail.co.uk,PL14 2 IG,Spring Festival,2026-08-22,Confirmed,Repeat attendee
RI-RI-261950,Evie Roberts,evie.roberts11@outlook.com,PL7 6 LM,Spring Festival,2026-08-22,Confirmed,Repeat attendee
RI-RI-985763,Lily Ward,lily.ward72@gmail.com,PL12 8 RL,Spring Festival,2026-08-22,Confirmed,
RI-RI-216154,Ella Baker,ella.baker14@hotmail.co.uk,PL1 2 VT,Spring Festival,2026-08-22,Attended,Follow up required
RI-RI-792029,Lucas Johnson,lucas.johnson53@outlook.com,PL1 3 LL,Spring Festival,2026-08-22,Confirmed,Repeat attendee
RI-RI-796725,Amelia Brown,amelia.brown48@hotmail.co.uk,PL5 1 UD,Spring Festival,2026-08-22,Cancelled,Repeat attendee
RI-RI-464713,Grace Young,grace.young30@yahoo.co.uk,PL4 9 AQ,Spring Festival,2026-08-22,Confirmed,Repeat attendee
RI-RI-122391,Evie Scott,evie.scott6@gmail.com,PL5 5 WJ,Spring Festival,2026-08-22,Confirmed,Follow up required
RI-RI-624726,Charlie Jackson,charlie.jackson30@gmail.com,PL6 4 FA,Spring Festival,2026-08-22,Confirmed,Follow up required
RI-RI-961634,Evie Murphy,evie.murphy1@outlook.com,PL2 4 ED,Spring Festival,2026-08-22,Attended,
RI-RI-628803,Emma Hill,emma.hill39@hotmail.co.uk,PL3 1 LN,Spring Festival,2026-08-22,Confirmed,Follow up required
RI-RI-646160,Mia Cooper,mia.cooper74@hotmail.co.uk,PL9 5 HO,Spring Festival,2026-08-22,Confirmed,Community partner
RI-RI-212773,Evie Perry,evie.perry88@hotmail.co.uk,PL3 9 CL,Spring Festival,2026-08-22,Confirmed,Community partner
RI-RI-702980,Harry White,harry.white84@yahoo.co.uk,PL19 7 HU,Spring Festival,2026-08-22,Confirmed,Repeat attendee
RI-RI-966674,Emma Evans,emma.evans38@hotmail.co.uk,PL7 7 WZ,Spring Festival,2026-08-22,Confirmed,Follow up required
RI-RI-286616,Poppy Johnson,poppy.johnson97@yahoo.co.uk,PL6 9 QO,Spring Festival,2026-08-22,Attended,Community partner
RI-RI-505388,Ethan Bell,ethan.bell78@gmail.com,PL2 5 YK,Spring Festival,2026-08-22,Confirmed,Follow up required
RI-RI-902720,Lucas Scott,lucas.scott92@gmail.com,TA6 8 CW,Spring Festival,2026-08-22,Confirmed,
RI-RI-402164,William Morgan,william.morgan10@outlook.com,PL6 2 AO,Spring Festival,2026-08-22,Confirmed,
RI-RI-311415,Charlotte Williams,charlotte.williams94@icloud.com,PL1 8 IG,Spring Festival,2026-08-22,Confirmed,
RI-RI-865811,Emma Ward,emma.ward8@gmail.com,PL2 1 LA,Spring Festival,2026-08-22,Confirmed,Community partner
RI-RI-982788,Thomas Jackson,thomas.jackson60@icloud.com,PL7 9 UE,Spring Festival,2026-08-22,Confirmed,Repeat attendee
RI-RI-898030,Phoebe Clarke,phoebe.clarke10@hotmail.co.uk,PL9 1 QT,Spring Festival,2026-08-22,Confirmed,Community partner
RI-RI-244784,Max Bell,max.bell1@yahoo.co.uk,PL3 9 JV,Spring Festival,2026-08-22,Confirmed,
RI-RI-404808,Sophie Perry,sophie.perry12@icloud.com,TQ4 7 DD,Spring Festival,2026-08-22,Confirmed,Follow up required
RI-RI-277455,Freya Smith,freya.smith39@hotmail.co.uk,PL2 9 WB,Spring Festival,2026-08-22,Confirmed,Repeat attendee
RI-RI-559339,Daniel Davies,daniel.davies58@icloud.com,EX2 8 XV,Spring Festival,2026-08-22,Attended,Community partner
RI-RI-407339,George Baker,george.baker47@hotmail.co.uk,TA6 9 GS,Spring Festival,2026-08-22,Attended,
RI-RI-640458,Emma Baker,emma.baker62@yahoo.co.uk,EX2 4 IU,Spring Festival,2026-08-22,Cancelled,Repeat attendee
RI-RI-801751,Ella Bennett,ella.bennett80@outlook.com,PL4 5 LI,Spring Festival,2026-08-22,Attended,Community partner
RI-RI-477495,Alice Cooper,alice.cooper31@gmail.com,PL5 8 BE,Spring Festival,2026-08-22,Attended,Community partner
RI-RI-577393,Poppy Brown,poppy.brown99@outlook.com,PL2 1 IQ,Spring Festival,2026-08-22,Confirmed,Repeat attendee
RI-RI-415453,Phoebe Jones,phoebe.jones16@hotmail.co.uk,TA1 8 GZ,Spring Festival,2026-08-22,Confirmed,Community partner
RI-RI-998820,Chloe Young,chloe.young72@yahoo.co.uk,PL3 2 OH,Spring Festival,2026-08-22,Confirmed,Follow up required
RI-RI-233319,Ella Green,ella.green5@yahoo.co.uk,PL6 2 WK,Spring Festival,2026-08-22,Confirmed,Repeat attendee
RI-RI-159297,Oscar Cooper,oscar.cooper29@hotmail.co.uk,PL7 8 SL,Spring Festival,2026-08-22,Attended,Follow up required
RI-RI-953585,Thomas White,thomas.white51@outlook.com,PL2 7 BA,Spring Festival,2026-08-22,Confirmed,Follow up required
RI-RI-174335,Ella Patel,ella.patel40@yahoo.co.uk,PL2 2 CR,Spring Festival,2026-08-22,Confirmed,
RI-RI-472335,Daniel Wilson,daniel.wilson9@icloud.com,TA6 8 AV,Spring Festival,2026-08-22,Confirmed,Follow up required
RI-RI-392063,Lily Baker,lily.baker28@outlook.com,PL1 8 JJ,Spring Festival,2026-08-22,Cancelled,
RI-RI-480239,Alice Bell,alice.bell86@yahoo.co.uk,PL4 6 VU,Spring Festival,2026-08-22,Confirmed,
RI-RI-806608,Amelia Smith,amelia.smith94@outlook.com,PL9 7 MA,Spring Festival,2026-08-22,Confirmed,Repeat attendee
RI-RI-775878,Mia Allen,mia.allen59@hotmail.co.uk,PL5 3 EY,Spring Festival,2026-08-22,Confirmed,Repeat attendee
RI-RI-197732,Daniel Jackson,daniel.jackson15@icloud.com,PL4 5 RI,Spring Festival,2026-08-22,Confirmed,Community partner
RI-RI-553255,Lily Thomas,lily.thomas29@gmail.com,PL4 1 HC,Spring Festival,2026-08-22,Confirmed,Repeat attendee
RI-RI-453594,Phoebe Cook,phoebe.cook23@outlook.com,PL2 3 KB,Spring Festival,2026-08-22,Cancelled,Community partner
RI-RI-902714,Ethan Williams,ethan.williams58@icloud.com,PL2 4 AN,Spring Festival,2026-08-22,Attended,Repeat attendee
RI-RI-230570,Mia Harris,mia.harris43@gmail.com,PL21 7 IF,Spring Festival,2026-08-22,Confirmed,Community partner
RI-RI-980077,Jack Perry,jack.perry88@hotmail.co.uk,PL7 1 MT,Spring Festival,2026-08-22,Confirmed,Community partner
RI-RI-343233,Ella Bell,ella.bell87@icloud.com,PL9 2 TO,Spring Festival,2026-08-22,Confirmed,
RI-RI-139568,Charlotte Taylor,charlotte.taylor72@hotmail.co.uk,PL2 2 TG,Spring Festival,2026-08-22,Attended,Follow up required
RI-RI-634413,George Cook,george.cook20@icloud.com,TA6 8 CW,Spring Festival,2026-08-22,Confirmed,
RI-RI-590055,James Harris,james.harris20@icloud.com,PL1 7 HV,Spring Festival,2026-08-22,Confirmed,Community partner
RI-RI-666929,Noah Wilson,noah.wilson85@yahoo.co.uk,PL2 8 PE,Spring Festival,2026-08-22,Confirmed,Repeat attendee
RI-RI-207331,Samuel Bennett,samuel.bennett59@hotmail.co.uk,TR7 8 VV,Spring Festival,2026-08-22,Confirmed,Community partner
RI-RI-212224,Alice Allen,alice.allen50@yahoo.co.uk,PL3 3 DT,Spring Festival,2026-08-22,Confirmed,Community partner
RI-RI-422057,Henry Evans,henry.evans60@yahoo.co.uk,PL6 8 SB,Spring Festival,2026-08-22,Confirmed,Follow up required
RI-RI-654531,Amelia Allen,amelia.allen11@icloud.com,TA1 2 XT,Spring Festival,2026-08-22,Cancelled,Community partner
RI-RI-458787,Freya Jones,freya.jones7@gmail.com,PL7 4 RU,Spring Festival,2026-08-22,Confirmed,Follow up required
RI-RI-142644,William Evans,william.evans47@hotmail.co.uk,PL3 5 DE,Spring Festival,2026-08-22,Confirmed,Community partner
RI-RI-221146,William Ahmed,william.ahmed6@outlook.com,TQ1 8 GB,Classic Revisited,2026-10-27,Confirmed,Repeat attendee
RI-RI-972564,Ella Ahmed,ella.ahmed59@yahoo.co.uk,PL5 4 ZK,Classic Revisited,2026-10-27,Confirmed,
RI-RI-436024,George Wood,george.wood56@icloud.com,PL6 3 DT,Classic Revisited,2026-10-27,Confirmed,
RI-RI-874139,Oliver Jones,oliver.jones16@outlook.com,PL9 1 SI,Classic Revisited,2026-10-27,Confirmed,Community partner
RI-RI-386492,Lucy Evans,lucy.evans98@yahoo.co.uk,PL7 8 WL,Classic Revisited,2026-10-27,Cancelled,Follow up required
RI-RI-277364,Ruby Jones,ruby.jones98@gmail.com,PL1 5 VW,Classic Revisited,2026-10-27,Cancelled,Repeat attendee
RI-RI-263096,Jacob Wilson,jacob.wilson65@hotmail.co.uk,PL7 9 ML,Classic Revisited,2026-10-27,Attended,Follow up required
RI-RI-640539,Lily Jones,lily.jones3@gmail.com,PL5 7 HQ,Classic Revisited,2026-10-27,Confirmed,Community partner
RI-RI-109939,James Turner,james.turner89@icloud.com,PL5 6 FD,Classic Revisited,2026-10-27,Attended,
RI-RI-219726,Jacob Davies,jacob.davies54@hotmail.co.uk,TA6 3 YT,Classic Revisited,2026-10-27,Confirmed,
RI-RI-778900,Oliver Bennett,oliver.bennett26@gmail.com,PL9 2 FR,Classic Revisited,2026-10-27,Confirmed,Community partner
RI-RI-762756,Sophie Martin,sophie.martin85@icloud.com,EX3 5 FM,Classic Revisited,2026-10-27,Attended,Community partner
RI-RI-775184,Alice Allen,alice.allen50@yahoo.co.uk,PL3 3 DT,Classic Revisited,2026-10-27,Confirmed,Follow up required
RI-RI-299840,Evie Roberts,evie.roberts11@outlook.com,PL7 6 LM,Classic Revisited,2026-10-27,Attended,
RI-RI-292198,Amelia Thomas,amelia.thomas32@outlook.com,PL9 8 SB,Classic Revisited,2026-10-27,Confirmed,Follow up required
RI-RI-564207,Noah Jones,noah.jones50@hotmail.co.uk,PL7 1 SH,Classic Revisited,2026-10-27,Confirmed,Repeat attendee
RI-RI-498929,Mia Taylor,mia.taylor93@outlook.com,PL4 9 NR,Classic Revisited,2026-10-27,Confirmed,Repeat attendee
RI-RI-304587,Megan Thomas,megan.thomas52@yahoo.co.uk,PL6 7 ZX,Classic Revisited,2026-10-27,Confirmed,Repeat attendee
RI-RI-620278,Ruby Baker,ruby.baker61@gmail.com,PL2 3 UY,Classic Revisited,2026-10-27,Confirmed,
RI-RI-743063,Lucy Perry,lucy.perry67@hotmail.co.uk,TQ2 9 DQ,Classic Revisited,2026-10-27,Confirmed,Repeat attendee
RI-RI-701227,Chloe Brown,chloe.brown33@hotmail.co.uk,PL3 5 JU,Classic Revisited,2026-10-27,Confirmed,Follow up required
RI-RI-765143,Mia Allen,mia.allen90@yahoo.co.uk,PL1 9 EC,Classic Revisited,2026-10-27,Confirmed,Repeat attendee
RI-RI-785471,Leo Young,leo.young1@yahoo.co.uk,PL12 1 FT,Classic Revisited,2026-10-27,Confirmed,Follow up required
RI-RI-454923,Harry White,harry.white84@yahoo.co.uk,PL19 7 HU,Classic Revisited,2026-10-27,Confirmed,Follow up required
RI-RI-261376,Mia Murphy,mia.murphy50@gmail.com,PL4 8 JT,Classic Revisited,2026-10-27,Confirmed,
RI-RI-159656,George Williams,george.williams76@hotmail.co.uk,PL5 7 AW,Classic Revisited,2026-10-27,Confirmed,Community partner
RI-RI-441693,Oliver Johnson,oliver.johnson19@gmail.com,PL7 7 JP,Classic Revisited,2026-10-27,Confirmed,Follow up required
RI-RI-239574,Joshua Ward,joshua.ward63@hotmail.co.uk,PL5 2 NG,Classic Revisited,2026-10-27,Confirmed,Follow up required
RI-RI-493693,Harry Turner,harry.turner76@yahoo.co.uk,PL2 2 BZ,Classic Revisited,2026-10-27,Attended,Repeat attendee
RI-RI-181554,Jacob Cooper,jacob.cooper46@icloud.com,TA6 1 JZ,Classic Revisited,2026-10-27,Confirmed,Community partner
RI-RI-426628,Oliver Hill,oliver.hill94@yahoo.co.uk,TR1 1 SV,Classic Revisited,2026-10-27,Confirmed,
RI-RI-238192,Mia Brown,mia.brown18@yahoo.co.uk,TQ12 3 NT,Classic Revisited,2026-10-27,Attended,Repeat attendee
RI-RI-631019,Phoebe Clarke,phoebe.clarke10@hotmail.co.uk,PL9 1 QT,Classic Revisited,2026-10-27,Attended,Community partner
RI-RI-224395,Charlie Wilson,charlie.wilson11@hotmail.co.uk,PL7 7 QT,Classic Revisited,2026-10-27,Confirmed,
RI-RI-436201,Oliver Hill,oliver.hill20@yahoo.co.uk,PL12 3 SF,Classic Revisited,2026-10-27,Confirmed,
RI-RI-214160,James Harris,james.harris50@hotmail.co.uk,PL14 2 IG,Classic Revisited,2026-10-27,Confirmed,
RI-RI-247889,Chloe Jackson,chloe.jackson18@gmail.com,PL9 7 PX,Classic Revisited,2026-10-27,Confirmed,Repeat attendee
RI-RI-709077,Sophie Cook,sophie.cook60@outlook.com,PL2 5 AS,Classic Revisited,2026-10-27,Attended,Repeat attendee
RI-RI-351003,Noah Johnson,noah.johnson42@gmail.com,PL21 5 DX,Classic Revisited,2026-10-27,Confirmed,Community partner
RI-RI-314053,Oscar Cooper,oscar.cooper26@icloud.com,PL7 6 RJ,Classic Revisited,2026-10-27,Confirmed,Community partner
RI-RI-373269,Lucas Morgan,lucas.morgan77@yahoo.co.uk,PL5 9 HI,Classic Revisited,2026-10-27,Confirmed,
RI-RI-279525,Olivia Jones,olivia.jones53@icloud.com,PL2 5 BR,Classic Revisited,2026-10-27,Confirmed,Follow up required
RI-RI-960847,Megan Wilson,megan.wilson59@gmail.com,PL2 7 CO,Classic Revisited,2026-10-27,Confirmed,Community partner
RI-RI-169300,Amelia Allen,amelia.allen11@icloud.com,TA1 2 XT,Classic Revisited,2026-10-27,Confirmed,Repeat attendee
RI-RI-764008,Daniel Thomas,daniel.thomas66@yahoo.co.uk,TQ2 6 CE,Hamlet,2026-11-01,Confirmed,Repeat attendee
RI-RI-450111,Henry Moore,henry.moore73@icloud.com,EX1 2 FF,Hamlet,2026-11-01,Confirmed,
RI-RI-738254,Samuel Williams,samuel.williams78@gmail.com,PL2 2 UC,Hamlet,2026-11-01,Confirmed,Community partner
RI-RI-730678,Max Turner,max.turner62@hotmail.co.uk,PL7 8 ER,Hamlet,2026-11-01,Confirmed,
RI-RI-963295,Daniel Martin,daniel.martin57@hotmail.co.uk,TQ1 6 DQ,Hamlet,2026-11-01,Confirmed,
RI-RI-681160,William Patel,william.patel75@icloud.com,PL9 7 VK,Hamlet,2026-11-01,Confirmed,Community partner
RI-RI-565156,Evie Bell,evie.bell35@yahoo.co.uk,PL5 9 YN,Hamlet,2026-11-01,Cancelled,Repeat attendee
RI-RI-776871,Evie Harris,evie.harris68@icloud.com,PL9 4 PU,Hamlet,2026-11-01,Confirmed,Community partner
RI-RI-144552,Emma White,emma.white35@gmail.com,PL14 1 JU,Hamlet,2026-11-01,Attended,
RI-RI-708733,Amelia Brown,amelia.brown31@hotmail.co.uk,PL5 2 QN,Hamlet,2026-11-01,Confirmed,Repeat attendee
RI-RI-395166,Lucas Evans,lucas.evans88@gmail.com,PL9 2 TU,Hamlet,2026-11-01,Cancelled,Community partner
RI-RI-549607,Phoebe Turner,phoebe.turner53@outlook.com,PL2 3 NC,Hamlet,2026-11-01,Attended,Follow up required
RI-RI-817802,Thomas Thomas,thomas.thomas29@yahoo.co.uk,PL6 5 PB,Hamlet,2026-11-01,Confirmed,Repeat attendee
RI-RI-733592,Lucy Perry,lucy.perry93@yahoo.co.uk,PL3 9 XF,Hamlet,2026-11-01,Confirmed,Repeat attendee
RI-RI-488056,Freya Hall,freya.hall37@icloud.com,PL3 6 II,Hamlet,2026-11-01,Confirmed,Follow up required
RI-RI-165960,Charlotte Patel,charlotte.patel7@yahoo.co.uk,PL2 5 FS,Hamlet,2026-11-01,Cancelled,Repeat attendee
RI-RI-707385,Harry Clarke,harry.clarke96@outlook.com,PL1 1 MU,Hamlet,2026-11-01,Confirmed,Community partner
RI-RI-253443,James Harris,james.harris50@hotmail.co.uk,PL14 2 IG,Hamlet,2026-11-01,Attended,Follow up required
RI-RI-136423,Phoebe Roberts,phoebe.roberts11@hotmail.co.uk,PL7 4 KL,Hamlet,2026-11-01,Confirmed,
RI-RI-721723,Joshua Evans,joshua.evans63@icloud.com,PL6 2 HZ,Hamlet,2026-11-01,Confirmed,Follow up required
RI-RI-336438,Max Brown,max.brown42@outlook.com,PL2 5 PP,Hamlet,2026-11-01,Confirmed,Repeat attendee
RI-RI-282629,Henry Turner,henry.turner89@yahoo.co.uk,PL4 9 OO,Hamlet,2026-11-01,Attended,Community partner
RI-RI-270232,Poppy Evans,poppy.evans4@icloud.com,PL14 5 XS,Hamlet,2026-11-01,Confirmed,Repeat attendee
RI-RI-961016,Charlotte Brown,charlotte.brown43@gmail.com,TR1 6 AC,Hamlet,2026-11-01,Confirmed,Follow up required
RI-RI-929561,Mia Hill,mia.hill33@outlook.com,PL2 6 UU,Hamlet,2026-11-01,Attended,Repeat attendee
RI-RI-932552,Phoebe Harris,phoebe.harris61@gmail.com,PL4 6 YB,Hamlet,2026-11-01,Confirmed,Community partner
RI-RI-622369,Lucy Patel,lucy.patel25@yahoo.co.uk,PL6 3 HW,Hamlet,2026-11-01,Confirmed,Repeat attendee
RI-RI-202612,Max Taylor,max.taylor48@yahoo.co.uk,PL4 7 MD,Hamlet,2026-11-01,Attended,
RI-RI-451130,Ethan Bell,ethan.bell72@yahoo.co.uk,TR7 4 XB,Hamlet,2026-11-01,Confirmed,
RI-RI-499143,Mia Jones,mia.jones96@gmail.com,TA1 1 IX,Hamlet,2026-11-01,Attended,Repeat attendee
RI-RI-897359,Poppy Taylor,poppy.taylor44@outlook.com,PL6 3 WQ,Hamlet,2026-11-01,Confirmed,Repeat attendee
RI-RI-106225,Thomas Scott,thomas.scott72@hotmail.co.uk,TR7 8 VI,Hamlet,2026-11-01,Confirmed,Follow up required
RI-RI-122835,Alice Murphy,alice.murphy44@outlook.com,PL9 2 UJ,Hamlet,2026-11-01,Confirmed,Repeat attendee
RI-RI-439909,Grace Baker,grace.baker34@hotmail.co.uk,PL1 9 AR,Hamlet,2026-11-01,Confirmed,Community partner
RI-RI-661912,Amelia King,amelia.king21@hotmail.co.uk,PL9 1 DV,Hamlet,2026-11-01,Attended,Follow up required
RI-RI-976543,Joshua Martin,joshua.martin64@gmail.com,PL4 8 KZ,Hamlet,2026-11-01,Confirmed,Follow up required
RI-RI-412751,Phoebe Baker,phoebe.baker95@outlook.com,PL5 3 MG,Hamlet,2026-11-01,Confirmed,Follow up required
RI-RI-602993,Max Ahmed,max.ahmed37@hotmail.co.uk,PL9 7 NS,Hamlet,2026-11-01,Confirmed,Community partner
RI-RI-513065,Ethan Brown,ethan.brown52@outlook.com,PL9 4 BA,Hamlet,2026-11-01,Confirmed,Follow up required
RI-RI-132391,Mia Allen,mia.allen59@hotmail.co.uk,PL5 3 EY,Hamlet,2026-11-01,Attended,Community partner
RI-RI-368033,Jessica Johnson,jessica.johnson26@hotmail.co.uk,PL3 1 WH,Hamlet,2026-11-01,Confirmed,Follow up required
RI-RI-583949,Phoebe Collins,phoebe.collins62@icloud.com,PL4 8 OY,Hamlet,2026-11-01,Attended,Follow up required
RI-RI-258493,Chloe Baker,chloe.baker49@hotmail.co.uk,EX3 7 AX,Hamlet,2026-11-01,Confirmed,Community partner
RI-RI-518169,Lucy Young,lucy.young70@outlook.com,PL2 8 TA,Hamlet,2026-11-01,Confirmed,Follow up required
RI-RI-985527,William Cooper,william.cooper97@gmail.com,TQ1 2 VR,Hamlet,2026-11-01,Confirmed,Community partner
RI-RI-313002,Jack Cooper,jack.cooper3@outlook.com,EX2 8 NB,Hamlet,2026-11-01,Confirmed,Community partner
RI-RI-536910,Mia Hill,mia.hill85@outlook.com,PL5 1 IV,Hamlet,2026-11-01,Attended,Follow up required
RI-RI-213575,Oliver Brown,oliver.brown9@gmail.com,PL4 7 CF,Hamlet,2026-11-01,Confirmed,
RI-RI-823984,Megan Moore,megan.moore3@gmail.com,EX4 5 OP,Hamlet,2026-11-01,Confirmed,
RI-RI-676427,Ruby Morgan,ruby.morgan84@icloud.com,PL2 3 EV,Hamlet,2026-11-01,Attended,Repeat attendee
RI-RI-774516,Samuel Evans,samuel.evans74@gmail.com,PL5 2 BU,Hamlet,2026-11-01,Confirmed,Community partner
RI-RI-750297,Charlie Scott,charlie.scott71@outlook.com,TR7 5 KG,Hamlet,2026-11-01,Attended,Repeat attendee
RI-RI-544155,Harry Singh,harry.singh37@yahoo.co.uk,TA1 5 US,Hamlet,2026-11-01,Confirmed,Repeat attendee
RI-RI-273705,Ruby Cooper,ruby.cooper20@gmail.com,TR7 3 SA,Hamlet,2026-11-01,Attended,Repeat attendee
RI-RI-807151,Noah Bennett,noah.bennett91@gmail.com,PL21 8 BU,Hamlet,2026-11-01,Attended,
RI-RI-921327,Phoebe Taylor,phoebe.taylor35@gmail.com,PL6 3 TV,Hamlet,2026-11-01,Attended,
RI-RI-422807,James Allen,james.allen25@gmail.com,PL3 4 DY,Hamlet,2026-11-01,Attended,Community partner
RI-RI-682172,Amelia Martin,amelia.martin14@hotmail.co.uk,PL5 4 YK,Hamlet,2026-11-01,Confirmed,Repeat attendee
RI-RI-914607,Chloe Scott,chloe.scott64@gmail.com,PL6 1 VP,Hamlet,2026-11-01,Attended,Follow up required
RI-RI-353296,George Johnson,george.johnson97@yahoo.co.uk,PL2 5 NK,Hamlet,2026-11-01,Confirmed,Community partner
RI-RI-598489,Max Wilson,max.wilson66@gmail.com,TA1 7 VM,Hamlet,2026-11-01,Confirmed,Repeat attendee
RI-RI-627014,William Johnson,william.johnson3@hotmail.co.uk,PL9 3 FV,Hamlet,2026-11-01,Confirmed,Follow up required
RI-RI-801479,Chloe Bennett,chloe.bennett6@icloud.com,PL6 2 IR,Hamlet,2026-11-01,Confirmed,Follow up required
RI-RI-778412,Emma Murphy,emma.murphy71@yahoo.co.uk,PL7 5 RD,Hamlet,2026-11-01,Confirmed,Community partner
RI-RI-850834,Daniel Murphy,daniel.murphy18@yahoo.co.uk,PL6 8 HX,Hamlet,2026-11-01,Attended,
RI-RI-918299,Emma Taylor,emma.taylor61@hotmail.co.uk,PL2 4 PO,Hamlet,2026-11-01,Attended,Follow up required
RI-RI-865393,Emily Wood,emily.wood55@icloud.com,PL3 7 UF,Hamlet,2026-11-01,Confirmed,Follow up required
RI-RI-977795,Evie Murphy,evie.murphy1@outlook.com,PL2 4 ED,Hamlet,2026-11-01,Cancelled,Community partner
RI-RI-938903,Alfie Cook,alfie.cook33@yahoo.co.uk,PL2 8 FT,Hamlet,2026-11-01,Confirmed,Repeat attendee
RI-RI-187837,Olivia Ward,olivia.ward40@icloud.com,TQ12 3 RF,Hamlet,2026-11-01,Attended,Follow up required
RI-RI-123581,Emma Hill,emma.hill39@hotmail.co.uk,PL3 1 LN,Hamlet,2026-11-01,Confirmed,Follow up required
RI-RI-764133,Chloe White,chloe.white97@yahoo.co.uk,EX2 4 BT,Hamlet,2026-11-01,Attended,Community partner
RI-RI-724570,Megan Thomas,megan.thomas3@outlook.com,TQ2 2 BX,Hamlet,2026-11-01,Confirmed,Follow up required
RI-RI-930116,William Ahmed,william.ahmed6@outlook.com,TQ1 8 GB,Hamlet,2026-11-01,Cancelled,
RI-RI-699422,Amelia Turner,amelia.turner15@yahoo.co.uk,PL5 6 YX,Hamlet,2026-11-01,Attended,
RI-RI-359435,Alice Harris,alice.harris58@yahoo.co.uk,PL2 2 WD,Hamlet,2026-11-01,Confirmed,Repeat attendee
RI-RI-140272,Jessica Hall,jessica.hall41@yahoo.co.uk,PL2 4 NJ,Hamlet,2026-11-01,Attended,Follow up required
RI-RI-896460,Oscar Cooper,oscar.cooper29@hotmail.co.uk,PL7 8 SL,Hamlet,2026-11-01,Confirmed,Repeat attendee
RI-RI-509087,Jack White,jack.white60@gmail.com,PL2 1 FI,Family Adventures,2026-11-11,Confirmed,
RI-RI-656351,Alice Hill,alice.hill7@icloud.com,PL3 7 WN,Family Adventures,2026-11-11,Confirmed,Community partner
RI-RI-408011,Samuel Walker,samuel.walker98@hotmail.co.uk,PL1 5 ED,Family Adventures,2026-11-11,Confirmed,
RI-RI-776637,Mia Hill,mia.hill85@outlook.com,PL5 1 IV,Family Adventures,2026-11-11,Confirmed,Follow up required
RI-RI-641316,Olivia Morgan,olivia.morgan84@icloud.com,PL7 2 LR,Family Adventures,2026-11-11,Attended,Repeat attendee
RI-RI-345985,Evie Morgan,evie.morgan72@hotmail.co.uk,TQ4 8 LU,Family Adventures,2026-11-11,Confirmed,Follow up required
RI-RI-790580,William Morgan,william.morgan10@outlook.com,PL6 2 AO,Family Adventures,2026-11-11,Confirmed,
RI-RI-346723,Thomas Allen,thomas.allen54@yahoo.co.uk,PL3 2 WX,Family Adventures,2026-11-11,Confirmed,Community partner
RI-RI-152492,George Jackson,george.jackson59@outlook.com,TQ2 5 CG,Family Adventures,2026-11-11,Confirmed,
RI-RI-305228,Jessica Ward,jessica.ward26@icloud.com,PL1 7 GK,Family Adventures,2026-11-11,Confirmed,Community partner
RI-RI-902261,Lucas Clarke,lucas.clarke35@outlook.com,PL5 7 UQ,Family Adventures,2026-11-11,Confirmed,Community partner
RI-RI-135748,Oscar Cooper,oscar.cooper26@icloud.com,PL7 6 RJ,Family Adventures,2026-11-11,Confirmed,Community partner
RI-RI-402190,Poppy Singh,poppy.singh31@outlook.com,EX1 7 UE,Family Adventures,2026-11-11,Confirmed,Repeat attendee
RI-RI-273432,Olivia Walker,olivia.walker16@gmail.com,TA1 7 RD,Family Adventures,2026-11-11,Confirmed,Repeat attendee
RI-RI-768869,Emma Hall,emma.hall32@yahoo.co.uk,PL9 2 OV,Family Adventures,2026-11-11,Confirmed,Repeat attendee
RI-RI-735114,Oliver Young,oliver.young30@outlook.com,PL9 1 TP,Family Adventures,2026-11-11,Attended,Repeat attendee
RI-RI-194604,Noah Bennett,noah.bennett91@gmail.com,PL21 8 BU,Family Adventures,2026-11-11,Confirmed,Follow up required
RI-RI-439384,George Perry,george.perry62@gmail.com,PL14 8 GG,Family Adventures,2026-11-11,Confirmed,Community partner
RI-RI-524429,Sophie Hall,sophie.hall71@gmail.com,PL6 9 MH,Family Adventures,2026-11-11,Confirmed,Community partner
RI-RI-601105,Oliver Johnson,oliver.johnson19@gmail.com,PL7 7 JP,Family Adventures,2026-11-11,Confirmed,Repeat attendee
RI-RI-399556,Ethan Roberts,ethan.roberts34@hotmail.co.uk,PL7 5 CO,Family Adventures,2026-11-11,Confirmed,Follow up required
RI-RI-595493,Daniel Wood,daniel.wood30@icloud.com,PL1 6 PY,Family Adventures,2026-11-11,Confirmed,
RI-RI-803174,Amelia Murphy,amelia.murphy13@icloud.com,PL1 3 VD,Family Adventures,2026-11-11,Confirmed,Community partner
RI-RI-112171,Oliver Hill,oliver.hill20@yahoo.co.uk,PL12 3 SF,Family Adventures,2026-11-11,Confirmed,Follow up required
RI-RI-201289,Amelia Cook,amelia.cook14@outlook.com,PL6 4 LN,Family Adventures,2026-11-11,Cancelled,Community partner
RI-RI-316458,Lily Cook,lily.cook53@hotmail.co.uk,EX3 1 UB,Family Adventures,2026-11-11,Confirmed,Community partner
RI-RI-575261,Amelia Cook,amelia.cook13@gmail.com,PL2 1 LV,Family Adventures,2026-11-11,Cancelled,Repeat attendee
RI-RI-403904,Evie Cook,evie.cook2@outlook.com,PL21 4 CV,Family Adventures,2026-11-11,Attended,Follow up required
RI-RI-460110,Lily Baker,lily.baker28@outlook.com,PL1 8 JJ,Family Adventures,2026-11-11,Confirmed,
RI-RI-445933,Lily Jones,lily.jones60@hotmail.co.uk,EX4 6 RZ,Family Adventures,2026-11-11,Confirmed,Follow up required
RI-RI-132196,Ella Bennett,ella.bennett80@outlook.com,PL4 5 LI,Family Adventures,2026-11-11,Attended,Community partner
RI-RI-330255,Jacob Wilson,jacob.wilson19@gmail.com,PL2 3 AE,Family Adventures,2026-11-11,Attended,Follow up required
RI-RI-263201,Emma Collins,emma.collins17@hotmail.co.uk,PL3 9 PK,Family Adventures,2026-11-11,Confirmed,Follow up required
RI-RI-407031,Evie Brown,evie.brown37@outlook.com,PL7 1 XB,Family Adventures,2026-11-11,Confirmed,
RI-RI-361741,Max Taylor,max.taylor21@icloud.com,PL4 6 AB,Family Adventures,2026-11-11,Confirmed,
RI-RI-817219,Joshua Ward,joshua.ward63@hotmail.co.uk,PL5 2 NG,Family Adventures,2026-11-11,Confirmed,
RI-RI-521389,Joshua White,joshua.white48@icloud.com,PL9 7 LO,Family Adventures,2026-11-11,Attended,
RI-RI-938025,Thomas Moore,thomas.moore51@gmail.com,PL3 4 XQ,Family Adventures,2026-11-11,Attended,Community partner
RI-RI-675149,Jessica Smith,jessica.smith26@outlook.com,PL6 4 QO,Family Adventures,2026-11-11,Confirmed,Community partner
RI-RI-248775,Ruby Jones,ruby.jones77@outlook.com,TR1 4 CZ,Family Adventures,2026-11-11,Cancelled,Repeat attendee
RI-RI-876974,Thomas Davies,thomas.davies23@icloud.com,TA1 6 PV,Family Adventures,2026-11-11,Confirmed,Follow up required
RI-RI-416902,George Bennett,george.bennett34@hotmail.co.uk,PL9 1 EC,Family Adventures,2026-11-11,Confirmed,Follow up required
RI-RI-498757,Grace Scott,grace.scott25@yahoo.co.uk,PL12 8 BE,Family Adventures,2026-11-11,Attended,Repeat attendee
RI-RI-990948,Mia Allen,mia.allen90@yahoo.co.uk,PL1 9 EC,Family Adventures,2026-11-11,Confirmed,
RI-RI-687360,Sophie Collins,sophie.collins95@yahoo.co.uk,PL14 1 PZ,Family Adventures,2026-11-11,Confirmed,Community partner
RI-RI-276685,Ruby Morgan,ruby.morgan84@icloud.com,PL2 3 EV,Family Adventures,2026-11-11,Confirmed,Community partner
RI-RI-996915,George Harris,george.harris49@icloud.com,PL3 6 XG,Family Adventures,2026-11-11,Confirmed,Community partner
RI-RI-464495,Ella Bell,ella.bell87@icloud.com,PL9 2 TO,Family Adventures,2026-11-11,Confirmed,
RI-RI-255112,Jessica Evans,jessica.evans26@gmail.com,PL2 9 HR,Family Adventures,2026-11-11,Confirmed,Community partner
RI-RI-517611,Max Thomas,max.thomas80@outlook.com,PL5 2 LQ,Family Adventures,2026-11-11,Confirmed,Repeat attendee
RI-RI-102012,Joshua Bennett,joshua.bennett60@icloud.com,PL1 9 VK,Family Adventures,2026-11-11,Confirmed,
RI-RI-304144,Lucy Scott,lucy.scott49@gmail.com,PL12 4 EN,Family Adventures,2026-11-11,Confirmed,Community partner
RI-RI-868488,Alice Taylor,alice.taylor5@hotmail.co.uk,PL3 2 LK,Family Adventures,2026-11-11,Attended,Follow up required
RI-RI-969849,Megan Perry,megan.perry13@yahoo.co.uk,PL4 2 JS,Family Adventures,2026-11-11,Confirmed,Community partner
RI-RI-115577,James Allen,james.allen25@gmail.com,PL3 4 DY,Family Adventures,2026-11-11,Confirmed,Repeat attendee
RI-RI-546100,Leo Young,leo.young10@hotmail.co.uk,PL3 6 UR,Family Adventures,2026-11-11,Attended,Follow up required
RI-RI-301802,Joshua Patel,joshua.patel91@yahoo.co.uk,PL2 1 ZE,Family Adventures,2026-11-11,Confirmed,
RI-RI-658984,William Ahmed,william.ahmed43@yahoo.co.uk,TA1 1 SG,Family Adventures,2026-11-11,Attended,Follow up required
RI-RI-229651,William Cook,william.cook95@gmail.com,PL1 3 ZM,Family Adventures,2026-11-11,Confirmed,
RI-RI-360074,Harry Allen,harry.allen87@hotmail.co.uk,PL7 9 WS,Family Adventures,2026-11-11,Confirmed,Repeat attendee
RI-RI-118943,Jack Jackson,jack.jackson63@icloud.com,PL5 2 AC,Family Adventures,2026-11-11,Attended,Repeat attendee
RI-RI-910731,Olivia Hall,olivia.hall10@outlook.com,PL14 5 KE,Family Adventures,2026-11-11,Confirmed,Repeat attendee
RI-RI-371701,Alfie Morgan,alfie.morgan77@outlook.com,TA1 9 NT,Family Adventures,2026-11-11,Confirmed,Community partner
RI-RI-269067,Jessica Smith,jessica.smith58@outlook.com,PL3 1 YF,Family Adventures,2026-11-11,Confirmed,
RI-RI-477616,Harry Singh,harry.singh54@gmail.com,TQ2 5 DK,Family Adventures,2026-11-11,Attended,Follow up required
RI-RI-883130,Megan Hill,megan.hill11@outlook.com,PL3 9 RU,Family Adventures,2026-11-11,Confirmed,
RI-RI-379362,Amelia Bennett,amelia.bennett29@gmail.com,PL12 6 BT,Family Adventures,2026-11-11,Confirmed,Repeat attendee
RI-RI-717950,Chloe Scott,chloe.scott72@gmail.com,PL2 5 HO,Family Adventures,2026-11-11,Attended,Repeat attendee
RI-RI-439701,Jack Murphy,jack.murphy89@gmail.com,PL6 5 LE,Family Adventures,2026-11-11,Confirmed,Repeat attendee
RI-RI-752257,Samuel Evans,samuel.evans74@gmail.com,PL5 2 BU,Family Adventures,2026-11-11,Attended,Follow up required
RI-RI-925378,Lily Ward,lily.ward72@gmail.com,PL12 8 RL,Family Adventures,2026-11-11,Confirmed,
RI-RI-114630,Amelia Brown,amelia.brown48@hotmail.co.uk,PL5 1 UD,Family Adventures,2026-11-11,Confirmed,
RI-RI-312958,Sophie Cook,sophie.cook60@outlook.com,PL2 5 AS,Family Adventures,2026-11-11,Confirmed,Repeat attendee
RI-RI-452357,Emily Morgan,emily.morgan20@hotmail.co.uk,PL4 7 IX,Family Adventures,2026-11-11,Attended,
RI-RI-542512,Alice Murphy,alice.murphy44@outlook.com,PL9 2 UJ,Family Adventures,2026-11-11,Confirmed,Community partner
RI-RI-375242,Sophie Murphy,sophie.murphy87@hotmail.co.uk,PL3 2 HF,Family Adventures,2026-11-11,Confirmed,Follow up required
RI-RI-501345,Charlie Bell,charlie.bell74@yahoo.co.uk,PL5 5 RV,Family Adventures,2026-11-11,Confirmed,Community partner
RI-RI-489827,Emily Walker,emily.walker87@yahoo.co.uk,TQ2 4 PC,Family Adventures,2026-11-11,Confirmed,Community partner
RI-RI-323801,William Turner,william.turner91@yahoo.co.uk,PL6 7 NB,Family Adventures,2026-11-11,Cancelled,
RI-RI-358349,Alice White,alice.white76@gmail.com,TR7 1 YK,New Writing Night,2026-11-29,Attended,Follow up required
RI-RI-136954,Amelia Cook,amelia.cook14@outlook.com,PL6 4 LN,New Writing Night,2026-11-29,Confirmed,Follow up required
RI-RI-221219,Alfie Turner,alfie.turner79@icloud.com,PL6 5 UE,New Writing Night,2026-11-29,Confirmed,Community partner
RI-RI-692069,Charlie Walker,charlie.walker32@yahoo.co.uk,PL6 7 NH,New Writing Night,2026-11-29,Attended,Follow up required
RI-RI-638760,Jack Brown,jack.brown18@gmail.com,PL6 6 ZQ,New Writing Night,2026-11-29,Attended,Follow up required
RI-RI-378989,Alice White,alice.white30@yahoo.co.uk,PL4 1 NM,New Writing Night,2026-11-29,Attended,Follow up required
RI-RI-851305,Phoebe Hill,phoebe.hill54@icloud.com,TA1 2 EE,New Writing Night,2026-11-29,Confirmed,Follow up required
RI-RI-102897,Max Bell,max.bell1@yahoo.co.uk,PL3 9 JV,New Writing Night,2026-11-29,Attended,
RI-RI-795730,Jack Murphy,jack.murphy89@gmail.com,PL6 5 LE,New Writing Night,2026-11-29,Confirmed,Repeat attendee
RI-RI-753234,Emma Hall,emma.hall32@yahoo.co.uk,PL9 2 OV,New Writing Night,2026-11-29,Attended,Follow up required
RI-RI-319495,William Evans,william.evans47@hotmail.co.uk,PL3 5 DE,New Writing Night,2026-11-29,Confirmed,Repeat attendee
RI-RI-112024,Olivia Hall,olivia.hall10@outlook.com,PL14 5 KE,New Writing Night,2026-11-29,Attended,Follow up required
RI-RI-507535,Evie Moore,evie.moore20@gmail.com,PL9 8 KK,New Writing Night,2026-11-29,Confirmed,Repeat attendee
RI-RI-849147,Lucas Patel,lucas.patel11@hotmail.co.uk,PL4 4 BA,New Writing Night,2026-11-29,Confirmed,Community partner
RI-RI-551153,Megan Thomas,megan.thomas52@yahoo.co.uk,PL6 7 ZX,New Writing Night,2026-11-29,Confirmed,Repeat attendee
RI-RI-172463,James Hill,james.hill51@gmail.com,TR1 7 XB,New Writing Night,2026-11-29,Confirmed,Community partner
RI-RI-813219,Samuel Evans,samuel.evans74@gmail.com,PL5 2 BU,New Writing Night,2026-11-29,Attended,Follow up required
RI-RI-680067,Oscar Hall,oscar.hall95@icloud.com,PL5 5 WP,New Writing Night,2026-11-29,Confirmed,Repeat attendee
RI-RI-683509,Charlie Brown,charlie.brown92@gmail.com,PL3 1 IJ,New Writing Night,2026-11-29,Cancelled,Follow up required
RI-RI-583178,Max Ahmed,max.ahmed37@hotmail.co.uk,PL9 7 NS,New Writing Night,2026-11-29,Confirmed,Repeat attendee
RI-RI-697779,Thomas Moore,thomas.moore51@gmail.com,PL3 4 XQ,New Writing Night,2026-11-29,Confirmed,
RI-RI-677019,Noah Walker,noah.walker50@outlook.com,PL2 3 VP,New Writing Night,2026-11-29,Confirmed,Repeat attendee
RI-RI-770904,Charlie Hill,charlie.hill17@hotmail.co.uk,PL1 7 DB,New Writing Night,2026-11-29,Confirmed,Community partner
RI-RI-125460,Harry Singh,harry.singh37@yahoo.co.uk,TA1 5 US,New Writing Night,2026-11-29,Confirmed,Community partner
RI-RI-714431,Grace Turner,grace.turner25@gmail.com,PL2 7 ZY,New Writing Night,2026-11-29,Confirmed,Repeat attendee
RI-RI-525268,Megan Perry,megan.perry13@yahoo.co.uk,PL4 2 JS,New Writing Night,2026-11-29,Confirmed,Follow up required
RI-RI-898697,Evie Roberts,evie.roberts11@outlook.com,PL7 6 LM,New Writing Night,2026-11-29,Confirmed,Community partner
RI-RI-935059,Sophie Hill,sophie.hill41@yahoo.co.uk,PL9 1 YY,New Writing Night,2026-11-29,Attended,
RI-RI-769722,Oliver Evans,oliver.evans25@icloud.com,PL7 8 BT,New Writing Night,2026-11-29,Confirmed,Follow up required
RI-RI-306809,Poppy Johnson,poppy.johnson17@yahoo.co.uk,PL7 7 MR,New Writing Night,2026-11-29,Attended,Repeat attendee
RI-RI-649457,Oscar Johnson,oscar.johnson58@outlook.com,TQ12 6 HA,New Writing Night,2026-11-29,Confirmed,Community partner
RI-RI-234314,Sophie Cook,sophie.cook60@outlook.com,PL2 5 AS,New Writing Night,2026-11-29,Confirmed,Repeat attendee
RI-RI-108932,Joshua Walker,joshua.walker88@yahoo.co.uk,PL7 5 HI,New Writing Night,2026-11-29,Attended,
RI-RI-551462,Ethan Ahmed,ethan.ahmed87@icloud.com,PL6 9 QM,New Writing Night,2026-11-29,Attended,Follow up required
RI-RI-272419,Emma Allen,emma.allen79@gmail.com,EX1 4 CN,New Writing Night,2026-11-29,Confirmed,Community partner
RI-RI-884591,Freya Ahmed,freya.ahmed35@outlook.com,TA1 1 HR,New Writing Night,2026-11-29,Confirmed,Follow up required
RI-RI-609973,Thomas White,thomas.white51@outlook.com,PL2 7 BA,New Writing Night,2026-11-29,Confirmed,Follow up required
RI-RI-823606,Lucy Perry,lucy.perry93@yahoo.co.uk,PL3 9 XF,New Writing Night,2026-11-29,Confirmed,
RI-RI-248938,George Bennett,george.bennett34@hotmail.co.uk,PL9 1 EC,New Writing Night,2026-11-29,Attended,Repeat attendee
RI-RI-795875,William Ahmed,william.ahmed6@outlook.com,TQ1 8 GB,New Writing Night,2026-11-29,Confirmed,
RI-RI-887409,Ruby Brown,ruby.brown24@icloud.com,PL1 7 KA,New Writing Night,2026-11-29,Confirmed,
RI-RI-990980,Sophie Bell,sophie.bell90@icloud.com,TQ4 2 QO,New Writing Night,2026-11-29,Confirmed,Follow up required
RI-RI-722256,Evie Green,evie.green25@hotmail.co.uk,PL5 4 HV,New Writing Night,2026-11-29,Confirmed,Follow up required
RI-RI-152146,Olivia Hill,olivia.hill34@hotmail.co.uk,PL12 9 GC,New Writing Night,2026-11-29,Confirmed,Community partner
RI-RI-631795,Megan Bell,megan.bell63@gmail.com,TR7 7 MA,New Writing Night,2026-11-29,Attended,Repeat attendee
RI-RI-776023,Chloe Bennett,chloe.bennett1@yahoo.co.uk,PL9 3 JM,New Writing Night,2026-11-29,Cancelled,Repeat attendee
RI-RI-899239,Oscar Evans,oscar.evans87@gmail.com,PL2 7 AG,New Writing Night,2026-11-29,Confirmed,Community partner
RI-RI-743300,Lucas Morgan,lucas.morgan77@yahoo.co.uk,PL5 9 HI,New Writing Night,2026-11-29,Confirmed,
RI-RI-351249,Charlie Hall,charlie.hall90@outlook.com,PL14 3 YC,New Writing Night,2026-11-29,Confirmed,Community partner
RI-RI-939245,Grace Hall,grace.hall30@icloud.com,PL5 5 MZ,New Writing Night,2026-11-29,Attended,Follow up required
RI-RI-228773,James Jackson,james.jackson95@gmail.com,TQ4 1 CQ,New Writing Night,2026-11-29,Confirmed,Repeat attendee
RI-RI-355956,Max Thomas,max.thomas80@outlook.com,PL5 2 LQ,New Writing Night,2026-11-29,Attended,Follow up required
RI-RI-166403,Lucas Jackson,lucas.jackson46@gmail.com,PL4 6 RG,New Writing Night,2026-11-29,Confirmed,Follow up required
RI-RI-419496,Lucy Ward,lucy.ward37@icloud.com,TA6 8 GG,New Writing Night,2026-11-29,Confirmed,Community partner
RI-RI-390551,Charlie Patel,charlie.patel30@hotmail.co.uk,TQ2 4 JY,New Writing Night,2026-11-29,Cancelled,Community partner
RI-RI-480586,Jack Ward,jack.ward40@gmail.com,PL2 3 RN,New Writing Night,2026-11-29,Confirmed,Community partner
RI-RI-421886,Jessica Smith,jessica.smith26@outlook.com,PL6 4 QO,New Writing Night,2026-11-29,Attended,Repeat attendee
RI-RI-349515,Oliver Jones,oliver.jones16@outlook.com,PL9 1 SI,Youth Theatre,2026-12-20,Confirmed,
RI-RI-987937,Evie Bennett,evie.bennett24@hotmail.co.uk,PL9 2 EF,Youth Theatre,2026-12-20,Attended,Repeat attendee
RI-RI-160049,Evie Green,evie.green25@hotmail.co.uk,PL5 4 HV,Youth Theatre,2026-12-20,Attended,Follow up required
RI-RI-995305,Olivia King,olivia.king91@outlook.com,PL5 5 ZT,Youth Theatre,2026-12-20,Attended,Follow up required
RI-RI-697355,Amelia King,amelia.king21@hotmail.co.uk,PL9 1 DV,Youth Theatre,2026-12-20,Attended,Follow up required
RI-RI-632545,Noah Williams,noah.williams17@gmail.com,PL4 9 UE,Youth Theatre,2026-12-20,Attended,Repeat attendee
RI-RI-819800,Chloe Scott,chloe.scott64@gmail.com,PL6 1 VP,Youth Theatre,2026-12-20,Confirmed,
RI-RI-762421,Joshua Walker,joshua.walker88@yahoo.co.uk,PL7 5 HI,Youth Theatre,2026-12-20,Confirmed,Community partner
RI-RI-973656,Lucas Evans,lucas.evans88@gmail.com,PL9 2 TU,Youth Theatre,2026-12-20,Confirmed,Follow up required
RI-RI-322117,Sophie Clarke,sophie.clarke50@hotmail.co.uk,PL6 3 JP,Youth Theatre,2026-12-20,Attended,
RI-RI-535507,Ethan King,ethan.king10@yahoo.co.uk,PL5 8 WK,Youth Theatre,2026-12-20,Cancelled,
RI-RI-761637,Amelia Bennett,amelia.bennett29@gmail.com,PL12 6 BT,Youth Theatre,2026-12-20,Confirmed,Follow up required
RI-RI-527249,Oliver Murphy,oliver.murphy56@yahoo.co.uk,PL3 7 RM,Youth Theatre,2026-12-20,Confirmed,
RI-RI-943363,Olivia Cook,olivia.cook97@icloud.com,PL1 7 KB,Youth Theatre,2026-12-20,Confirmed,Community partner
RI-RI-584431,Poppy Johnson,poppy.johnson97@yahoo.co.uk,PL6 9 QO,Youth Theatre,2026-12-20,Attended,
RI-RI-452851,Poppy Brown,poppy.brown99@outlook.com,PL2 1 IQ,Youth Theatre,2026-12-20,Attended,Repeat attendee
RI-RI-485552,Freya Hall,freya.hall37@icloud.com,PL3 6 II,Youth Theatre,2026-12-20,Confirmed,
RI-RI-670881,Ella Taylor,ella.taylor14@icloud.com,PL4 7 LF,Youth Theatre,2026-12-20,Confirmed,Follow up required
RI-RI-667234,Daniel Martin,daniel.martin49@yahoo.co.uk,PL6 7 MK,Youth Theatre,2026-12-20,Confirmed,Follow up required
RI-RI-442476,Charlotte Brown,charlotte.brown24@hotmail.co.uk,PL2 6 OD,Youth Theatre,2026-12-20,Confirmed,Community partner
RI-RI-929452,Jessica Johnson,jessica.johnson26@hotmail.co.uk,PL3 1 WH,Youth Theatre,2026-12-20,Confirmed,Repeat attendee
RI-RI-538622,Chloe Bennett,chloe.bennett59@hotmail.co.uk,PL4 8 RZ,Youth Theatre,2026-12-20,Attended,Community partner
RI-RI-532052,Ruby Smith,ruby.smith17@icloud.com,PL4 4 NJ,Youth Theatre,2026-12-20,Confirmed,Follow up required
RI-RI-852727,Leo White,leo.white33@outlook.com,TA1 6 DM,Youth Theatre,2026-12-20,Confirmed,Repeat attendee
RI-RI-280721,Ella Ahmed,ella.ahmed59@yahoo.co.uk,PL5 4 ZK,Youth Theatre,2026-12-20,Confirmed,Repeat attendee
RI-RI-838533,Max Taylor,max.taylor21@icloud.com,PL4 6 AB,Youth Theatre,2026-12-20,Confirmed,
RI-RI-762792,Jacob Davies,jacob.davies54@hotmail.co.uk,TA6 3 YT,Youth Theatre,2026-12-20,Confirmed,Repeat attendee
RI-RI-810616,Samuel Evans,samuel.evans74@gmail.com,PL5 2 BU,Youth Theatre,2026-12-20,Confirmed,
RI-RI-521836,Ethan Bell,ethan.bell72@yahoo.co.uk,TR7 4 XB,Youth Theatre,2026-12-20,Attended,Repeat attendee
RI-RI-702207,Ethan Ahmed,ethan.ahmed87@icloud.com,PL6 9 QM,Youth Theatre,2026-12-20,Confirmed,Follow up required
RI-RI-520159,Sophie Smith,sophie.smith15@outlook.com,PL6 4 NC,Youth Theatre,2026-12-20,Confirmed,Repeat attendee
RI-RI-329650,Amelia Brown,amelia.brown31@hotmail.co.uk,PL5 2 QN,Youth Theatre,2026-12-20,Attended,
RI-RI-706715,Sophie Collins,sophie.collins91@outlook.com,TR1 4 WL,Youth Theatre,2026-12-20,Confirmed,
RI-RI-487326,Lucy Thomas,lucy.thomas92@yahoo.co.uk,PL4 5 IO,Youth Theatre,2026-12-20,Cancelled,Follow up required
RI-RI-974043,Sophie Collins,sophie.collins95@yahoo.co.uk,PL14 1 PZ,Youth Theatre,2026-12-20,Attended,
RI-RI-409428,Samuel Bell,samuel.bell89@gmail.com,PL4 2 FS,Youth Theatre,2026-12-20,Confirmed,Community partner
RI-RI-945240,Charlotte Wilson,charlotte.wilson42@hotmail.co.uk,PL1 8 LB,Youth Theatre,2026-12-20,Attended,Follow up required
RI-RI-181164,Poppy Young,poppy.young2@gmail.com,EX2 2 FL,Youth Theatre,2026-12-20,Confirmed,Follow up required
RI-RI-695560,Leo Moore,leo.moore80@outlook.com,EX4 9 JE,Youth Theatre,2026-12-20,Confirmed,
RI-RI-779313,Amelia Smith,amelia.smith94@outlook.com,PL9 7 MA,Youth Theatre,2026-12-20,Confirmed,Community partner
RI-RI-238963,Ella Bennett,ella.bennett80@outlook.com,PL4 5 LI,Youth Theatre,2026-12-20,Confirmed,Follow up required
RI-RI-571352,Evie Ward,evie.ward29@hotmail.co.uk,PL2 3 HH,Youth Theatre,2026-12-20,Attended,Community partner
RI-RI-736953,Harry White,harry.white84@yahoo.co.uk,PL19 7 HU,Youth Theatre,2026-12-20,Confirmed,
RI-RI-933568,Charlotte Patel,charlotte.patel7@yahoo.co.uk,PL2 5 FS,Youth Theatre,2026-12-20,Confirmed,Community partner
RI-RI-142465,Noah Moore,noah.moore85@icloud.com,PL6 5 AF,Youth Theatre,2026-12-20,Confirmed,Repeat attendee
RI-RI-890804,Ethan Wood,ethan.wood45@yahoo.co.uk,PL9 5 VP,Youth Theatre,2026-12-20,Confirmed,Community partner
RI-RI-560042,Mia Allen,mia.allen59@hotmail.co.uk,PL5 3 EY,Youth Theatre,2026-12-20,Confirmed,Follow up required
RI-RI-300750,Grace Turner,grace.turner25@gmail.com,PL2 7 ZY,Youth Theatre,2026-12-20,Confirmed,Community partner
RI-RI-238749,Thomas Moore,thomas.moore14@gmail.com,PL19 1 MQ,Youth Theatre,2026-12-20,Confirmed,Repeat attendee
RI-RI-955542,Amelia Cook,amelia.cook13@gmail.com,PL2 1 LV,Youth Theatre,2026-12-20,Confirmed,Follow up required
RI-RI-959265,Leo Martin,leo.martin44@yahoo.co.uk,PL4 5 MX,Youth Theatre,2026-12-20,Confirmed,Repeat attendee
RI-RI-385663,Oscar Martin,oscar.martin10@gmail.com,PL1 5 KG,Youth Theatre,2026-12-20,Confirmed,
RI-RI-165027,Ella Jones,ella.jones20@hotmail.co.uk,PL5 8 OE,Youth Theatre,2026-12-20,Attended,Community partner
RI-RI-188676,Mia Allen,mia.allen90@yahoo.co.uk,PL1 9 EC,Youth Theatre,2026-12-20,Confirmed,Follow up required
RI-RI-413581,Max Ahmed,max.ahmed37@hotmail.co.uk,PL9 7 NS,Youth Theatre,2026-12-20,Attended,
RI-RI-900766,Lucas Allen,lucas.allen76@gmail.com,PL6 6 JQ,Youth Theatre,2026-12-20,Confirmed,Repeat attendee
RI-RI-396653,Mia Taylor,mia.taylor93@outlook.com,PL4 9 NR,Youth Theatre,2026-12-20,Confirmed,
RI-RI-340590,Charlie Murphy,charlie.murphy57@icloud.com,PL2 3 LD,Youth Theatre,2026-12-20,Confirmed,Community partner
RI-RI-550417,Charlotte Brown,charlotte.brown43@gmail.com,TR1 6 AC,Youth Theatre,2026-12-20,Confirmed,Repeat attendee
RI-RI-761390,Henry Taylor,henry.taylor1@yahoo.co.uk,PL5 4 VL,Youth Theatre,2026-12-20,Confirmed,Follow up required
RI-RI-220671,Thomas Jackson,thomas.jackson60@icloud.com,PL7 9 UE,Youth Theatre,2026-12-20,Attended,Community partner
RI-RI-491887,Harry Taylor,harry.taylor16@yahoo.co.uk,PL9 2 RB,Youth Theatre,2026-12-20,Attended,Repeat attendee
RI-RI-810786,George Baker,george.baker47@hotmail.co.uk,TA6 9 GS,Youth Theatre,2026-12-20,Attended,Repeat attendee
RI-RI-258436,Harry Wilson,harry.wilson99@outlook.com,PL3 3 PE,Youth Theatre,2026-12-20,Confirmed,Repeat attendee
RI-RI-308903,Harry Cook,harry.cook22@hotmail.co.uk,TQ3 4 MJ,Youth Theatre,2026-12-20,Attended,Repeat attendee
RI-RI-191495,Jacob Turner,jacob.turner73@outlook.com,PL2 5 LG,Youth Theatre,2026-12-20,Confirmed,
RI-RI-281918,Evie Perry,evie.perry88@hotmail.co.uk,PL3 9 CL,Youth Theatre,2026-12-20,Confirmed,Community partner
RI-RI-367721,Ruby Baker,ruby.baker61@gmail.com,PL2 3 UY,Youth Theatre,2026-12-20,Confirmed,Community partner
RI-RI-531623,George Young,george.young37@outlook.com,PL5 8 RI,Youth Theatre,2026-12-20,Attended,
RI-RI-716015,Lucas Jones,lucas.jones55@gmail.com,PL14 3 RJ,Youth Theatre,2026-12-20,Confirmed,Follow up required
RI-RI-438292,George Williams,george.williams76@hotmail.co.uk,PL5 7 AW,Youth Theatre,2026-12-20,Confirmed,Follow up required
RI-RI-884590,Chloe Bennett,chloe.bennett6@icloud.com,PL6 2 IR,Youth Theatre,2026-12-20,Attended,Follow up required
RI-RI-188601,Max Scott,max.scott44@hotmail.co.uk,PL5 1 AM,Youth Theatre,2026-12-20,Confirmed,
RI-RI-910193,Emma Morgan,emma.morgan80@gmail.com,TR7 2 HE,Youth Theatre,2026-12-20,Attended,
RI-RI-432113,Oliver Jackson,oliver.jackson92@gmail.com,PL2 5 SF,Youth Theatre,2026-12-20,Confirmed,Community partner
RI-RI-271210,Charlotte Bell,charlotte.bell46@hotmail.co.uk,PL3 7 UQ,Youth Theatre,2026-12-20,Confirmed,Repeat attendee
RI-RI-876628,Olivia Taylor,olivia.taylor18@yahoo.co.uk,PL3 4 RI,Youth Theatre,2026-12-20,Confirmed,Follow up required
RI-RI-557994,Lily Jones,lily.jones3@gmail.com,PL5 7 HQ,Youth Theatre,2026-12-20,Confirmed,
RI-RI-754091,Olivia Young,olivia.young78@hotmail.co.uk,PL2 7 PK,Youth Theatre,2026-12-20,Confirmed,Repeat attendee
RI-RI-330887,Jessica Clarke,jessica.clarke26@yahoo.co.uk,PL7 6 PU,Youth Theatre,2026-12-20,Cancelled,Repeat attendee
RI-RI-590535,Joshua Davies,joshua.davies22@icloud.com,PL6 4 LX,Youth Theatre,2026-12-20,Confirmed,Follow up required
RI-RI-768711,Freya Singh,freya.singh75@icloud.com,TQ12 6 QS,Youth Theatre,2026-12-20,Confirmed,
RI-RI-387625,Amelia Jackson,amelia.jackson97@outlook.com,PL21 9 IB,Youth Theatre,2026-12-20,Confirmed,Community partner
RI-RI-231309,Charlie Bell,charlie.bell74@yahoo.co.uk,PL5 5 RV,Youth Theatre,2026-12-20,Confirmed,
RI-RI-837040,Ella Green,ella.green5@yahoo.co.uk,PL6 2 WK,Youth Theatre,2026-12-20,Confirmed,Community partner
RI-RI-698699,Sophie Cook,sophie.cook60@outlook.com,PL2 5 AS,Youth Theatre,2026-12-20,Attended,Community partner
RI-RI-727207,Mia Murphy,mia.murphy81@gmail.com,PL4 5 DJ,Youth Theatre,2026-12-20,Confirmed,
RI-RI-853421,Emily Hall,emily.hall99@hotmail.co.uk,TQ12 3 JC,Youth Theatre,2026-12-20,Confirmed,Community partner
RI-RI-846743,Daniel Wood,daniel.wood30@icloud.com,PL1 6 PY,Youth Theatre,2026-12-20,Cancelled,Follow up required
RI-RI-732533,Oliver Evans,oliver.evans25@icloud.com,PL7 8 BT,Youth Theatre,2026-12-20,Confirmed,
RI-RI-200789,Thomas Smith,thomas.smith48@hotmail.co.uk,PL2 3 OG,Youth Theatre,2026-12-20,Confirmed,
RI-RI-821990,Oscar Cooper,oscar.cooper26@icloud.com,PL7 6 RJ,Youth Theatre,2026-12-20,Confirmed,
RI-RI-634738,Daniel Collins,daniel.collins63@outlook.com,PL4 1 UH,Youth Theatre,2026-12-20,Confirmed,Follow up required
RI-RI-620938,Jacob White,jacob.white23@gmail.com,EX3 6 TJ,Youth Theatre,2026-12-20,Confirmed,Follow up required
RI-RI-539213,Evie Murphy,evie.murphy1@outlook.com,PL2 4 ED,Youth Theatre,2026-12-20,Attended,Community partner
RI-RI-809112,James Evans,james.evans62@icloud.com,TQ1 4 XE,Youth Theatre,2026-12-20,Confirmed,Community partner
RI-RI-526592,George Evans,george.evans23@outlook.com,PL1 8 NP,Youth Theatre,2026-12-20,Confirmed,Repeat attendee
RI-RI-568870,Ethan King,ethan.king54@outlook.com,PL7 6 XT,Youth Theatre,2026-12-20,Cancelled,Follow up required
RI-RI-108285,James Turner,james.turner33@outlook.com,PL3 2 EY,Youth Theatre,2026-12-20,Confirmed,Community partner
RI-RI-152000,Joshua White,joshua.white87@icloud.com,PL3 6 IB,Youth Theatre,2026-12-20,Confirmed,Follow up required
RI-RI-335856,Lucas Jackson,lucas.jackson46@gmail.com,PL4 6 RG,Youth Theatre,2026-12-20,Confirmed,Community partner
RI-RI-526739,Emily Singh,emily.singh26@hotmail.co.uk,PL9 1 DF,Youth Theatre,2026-12-20,Confirmed,Follow up required
RI-RI-597716,Jessica Evans,jessica.evans26@gmail.com,PL2 9 HR,Youth Theatre,2026-12-20,Confirmed,
RI-RI-879388,Daniel Thomas,daniel.thomas66@yahoo.co.uk,TQ2 6 CE,Youth Theatre,2026-12-20,Confirmed,Community partner
RI-RI-578101,Mia Clarke,mia.clarke72@outlook.com,PL2 3 RW,Youth Theatre,2026-12-20,Confirmed,
RI-RI-553483,William Ahmed,william.ahmed43@yahoo.co.uk,TA1 1 SG,Youth Theatre,2026-12-20,Confirmed,
