{"type": "FeatureCollection", "features": [{"type": "Feature", "properties": {"mode": "ferry", "name": "Torpoint Ferry", "ref": "A374", "operator": "", "osm_id": 1745716}, "geometry": {"type": "LineString", "coordinates": [[-4.18386, 50.37577], [-4.19041, 50.3754], [-4.19275, 50.37526]]}}, {"type": "Feature", "properties": {"mode": "ferry", "name": "Cremyll Ferry", "ref": "", "operator": "Plymouth Boat Trips", "osm_id": 9644007}, "geometry": {"type": "LineString", "coordinates": [[-4.17389, 50.36083], [-4.17344, 50.36088], [-4.16763, 50.3623], [-4.16721, 50.3625], [-4.16696, 50.36265], [-4.16654, 50.36295], [-4.16632, 50.3632], [-4.16522, 50.36509], [-4.16489, 50.36533], [-4.16459, 50.3655], [-4.16438, 50.36558], [-4.16424, 50.3656], [-4.16409, 50.36559], [-4.16403, 50.36561]]}}, {"type": "Feature", "properties": {"mode": "ferry", "name": "Noss Mayo, Newton Ferrers and Wembury Ferry (Seasonal)", "ref": "", "operator": "", "osm_id": 30417569}, "geometry": {"type": "LineString", "coordinates": [[-4.05343, 50.31249], [-4.05316, 50.31233], [-4.05096, 50.31219]]}}, {"type": "Feature", "properties": {"mode": "ferry", "name": "Torpoint Ferry", "ref": "A374", "operator": "", "osm_id": 46929468}, "geometry": {"type": "LineString", "coordinates": [[-4.18393, 50.37611], [-4.19279, 50.37566]]}}, {"type": "Feature", "properties": {"mode": "ferry", "name": "Torpoint Ferry", "ref": "A374", "operator": "", "osm_id": 72518502}, "geometry": {"type": "LineString", "coordinates": [[-4.18379, 50.37539], [-4.19269, 50.3748]]}}, {"type": "Feature", "properties": {"mode": "ferry", "name": "Mount Batten Ferry", "ref": "", "operator": "", "osm_id": 126500824}, "geometry": {"type": "LineString", "coordinates": [[-4.13354, 50.36536], [-4.13332, 50.3653], [-4.13311, 50.36505], [-4.12703, 50.36068]]}}, {"type": "Feature", "properties": {"mode": "ferry", "name": "Plymouth (UK) \u2013 Roscoff (F)", "ref": "", "operator": "Brittany Ferries", "osm_id": 150212384}, "geometry": {"type": "LineString", "coordinates": [[-4.15664, 50.36431], [-4.15361, 50.36228], [-4.15297, 50.36178], [-4.15254, 50.36131], [-4.1523, 50.36106], [-4.1521, 50.36093], [-4.15049, 50.36024], [-4.14862, 50.3596], [-4.14593, 50.35864], [-4.14082, 50.35352], [-4.14043, 50.35305], [-4.14011, 50.35257], [-4.13977, 50.352], [-4.13955, 50.35146], [-4.13937, 50.35099], [-4.13925, 50.35048], [-4.13924, 50.34986], [-4.13932, 50.34937], [-4.13956, 50.34869], [-4.1398, 50.34819], [-4.1401, 50.34769], [-4.14055, 50.34722], [-4.14113, 50.34669], [-4.1418, 50.34618], [-4.14259, 50.34568], [-4.15921, 50.33876], [-4.16279, 50.33714], [-4.16607, 50.33516], [-4.16861, 50.33326], [-4.17057, 50.33119], [-4.17233, 50.32902], [-4.17366, 50.32629], [-4.17422, 50.32389], [-4.17455, 50.32144], [-4.17468, 50.31531], [-4.17494, 50.30415], [-4.17425, 50.3]]}}, {"type": "Feature", "properties": {"mode": "ferry", "name": "Cawsand Ferry", "ref": "", "operator": "Plymouth Boat Trips", "osm_id": 223613153}, "geometry": {"type": "LineString", "coordinates": [[-4.13358, 50.36506], [-4.13313, 50.36478], [-4.13245, 50.363], [-4.13279, 50.36169], [-4.1418, 50.36013], [-4.14519, 50.35471], [-4.15185, 50.34543], [-4.16378, 50.33968], [-4.19141, 50.33316], [-4.19536, 50.33216], [-4.19871, 50.33159], [-4.2003, 50.33104], [-4.20144, 50.33089], [-4.20157, 50.33094]]}}, {"type": "Feature", "properties": {"mode": "ferry", "name": "Plymouth (UK) - Santander (E)", "ref": "", "operator": "Brittany Ferries", "osm_id": 587547089}, "geometry": {"type": "LineString", "coordinates": [[-4.15664, 50.36431], [-4.1532, 50.36179], [-4.15273, 50.36115], [-4.15213, 50.36072], [-4.14813, 50.35914], [-4.14648, 50.35841], [-4.1413, 50.35333], [-4.14, 50.35116], [-4.13979, 50.34936], [-4.1405, 50.3482], [-4.14198, 50.34667], [-4.14299, 50.34592], [-4.15967, 50.33909], [-4.16317, 50.33745], [-4.16654, 50.3354], [-4.16898, 50.33349], [-4.171, 50.3314], [-4.17286, 50.32916], [-4.17425, 50.32639], [-4.17486, 50.324], [-4.17554, 50.3216], [-4.17679, 50.318], [-4.17781, 50.31578], [-4.17954, 50.3126], [-4.18227, 50.30819], [-4.1879, 50.3]]}}, {"type": "Feature", "properties": {"mode": "ferry", "name": "The Barbican & Royal William Yard", "ref": "", "operator": "Plymouth Boat Trips", "osm_id": 716690726}, "geometry": {"type": "LineString", "coordinates": [[-4.1652, 50.3621], [-4.16525, 50.36212], [-4.1656, 50.36249], [-4.16583, 50.36255], [-4.16611, 50.36256], [-4.16665, 50.36249], [-4.16717, 50.36242], [-4.16761, 50.36225], [-4.16908, 50.36187], [-4.1696, 50.36152], [-4.16979, 50.36119], [-4.16988, 50.36078], [-4.1696, 50.36022], [-4.1694, 50.35983], [-4.1687, 50.35918], [-4.16731, 50.35831], [-4.1662, 50.3578], [-4.16405, 50.35692], [-4.16248, 50.35678], [-4.16106, 50.35705], [-4.16007, 50.35732], [-4.15835, 50.3577], [-4.15458, 50.35843], [-4.14562, 50.3595], [-4.13575, 50.36121], [-4.13303, 50.36181], [-4.13255, 50.36306], [-4.13323, 50.36471], [-4.13336, 50.36486], [-4.13348, 50.36496], [-4.13358, 50.36506]]}}, {"type": "Feature", "properties": {"mode": "ferry", "name": "Royal William Yard & Mount Edgcumbe Ferry", "ref": "", "operator": "Plymouth Boat Trips", "osm_id": 996267717}, "geometry": {"type": "LineString", "coordinates": [[-4.1652, 50.3621], [-4.16523, 50.36214], [-4.16537, 50.3623], [-4.16553, 50.36247], [-4.16558, 50.36251], [-4.16583, 50.36259], [-4.16613, 50.36259], [-4.16691, 50.3625], [-4.16731, 50.36243], [-4.17346, 50.36093], [-4.17389, 50.36083]]}}, {"type": "Feature", "properties": {"mode": "ferry", "name": "Noss Mayo, Newton Ferrers and Wembury Ferry (Seasonal)", "ref": "", "operator": "", "osm_id": 1068272547}, "geometry": {"type": "LineString", "coordinates": [[-4.05096, 50.31219], [-4.05253, 50.31361]]}}, {"type": "Feature", "properties": {"mode": "ferry", "name": "Noss Mayo, Newton Ferrers and Wembury Ferry (Seasonal)", "ref": "", "operator": "", "osm_id": 1068272548}, "geometry": {"type": "LineString", "coordinates": [[-4.05253, 50.31361], [-4.0531, 50.31247], [-4.05313, 50.31247], [-4.05339, 50.31248], [-4.05343, 50.31249]]}}, {"type": "Feature", "properties": {"mode": "ferry", "name": "Saltash & Royal William Yard Ferry", "ref": "", "operator": "Plymouth Boat Trips", "osm_id": 1296938973}, "geometry": {"type": "LineString", "coordinates": [[-4.20557, 50.40943], [-4.20532, 50.40944], [-4.20493, 50.40933], [-4.20417, 50.40906], [-4.20389, 50.40871], [-4.20386, 50.40738], [-4.20474, 50.40509], [-4.20704, 50.40199], [-4.20844, 50.39975], [-4.20811, 50.39795], [-4.20624, 50.3951], [-4.20212, 50.39232], [-4.19586, 50.38854], [-4.19264, 50.38545], [-4.18995, 50.3791], [-4.18864, 50.37664], [-4.18817, 50.37309], [-4.18903, 50.37027], [-4.18916, 50.36704], [-4.18663, 50.36519], [-4.18261, 50.364], [-4.17733, 50.36363], [-4.17332, 50.36294], [-4.17003, 50.36237], [-4.16942, 50.36222], [-4.1683, 50.36226], [-4.16826, 50.36227], [-4.16696, 50.36255], [-4.16649, 50.3626], [-4.16614, 50.36263], [-4.16582, 50.36262], [-4.16555, 50.36255], [-4.16519, 50.36215], [-4.1652, 50.3621]]}}, {"type": "Feature", "properties": {"mode": "rail", "name": "GWR: London Paddington - Penzance", "ref": "135 (GW)", "operator": "Great Western Railway", "osm_id": 125414}, "geometry": {"type": "MultiLineString", "coordinates": [[[-3.95, 50.40263], [-3.95014, 50.40269], [-3.95066, 50.40288]], [[-3.95066, 50.40288], [-3.95092, 50.40297]], [[-3.95092, 50.40297], [-3.95201, 50.40332], [-3.95285, 50.40361], [-3.95366, 50.40395], [-3.95431, 50.40426], [-3.95506, 50.4047], [-3.95579, 50.40517], [-3.95678, 50.40581], [-3.9574, 50.40625], [-3.95824, 50.40681]], [[-3.95824, 50.40681], [-3.9589, 50.40726], [-3.95913, 50.40738], [-3.95958, 50.40756], [-3.96006, 50.40774], [-3.96047, 50.40788], [-3.96099, 50.40804], [-3.96161, 50.4082], [-3.96215, 50.40829]], [[-3.96215, 50.40829], [-3.96279, 50.40838], [-3.96318, 50.40842], [-3.96361, 50.40844], [-3.9639, 50.40844], [-3.96424, 50.40842], [-3.96481, 50.40837], [-3.96549, 50.40827], [-3.96599, 50.40815], [-3.96644, 50.40803], [-3.96693, 50.40788], [-3.96801, 50.40753]], [[-3.96801, 50.40753], [-3.96882, 50.40726], [-3.97049, 50.40671], [-3.97129, 50.40643], [-3.97165, 50.40629], [-3.972, 50.40614], [-3.9725, 50.40589]], [[-3.9725, 50.40589], [-3.97293, 50.40561], [-3.97321, 50.40542], [-3.9736, 50.40513], [-3.9743, 50.40456], [-3.97481, 50.40421], [-3.97536, 50.40389], [-3.97592, 50.40362], [-3.97644, 50.4034], [-3.977, 50.40321], [-3.97791, 50.40295], [-3.97884, 50.40269]], [[-3.97884, 50.40269], [-3.97907, 50.40263]], [[-3.97907, 50.40263], [-3.98402, 50.40127], [-3.98464, 50.40108], [-3.98522, 50.40089], [-3.98586, 50.40064], [-3.98655, 50.40031], [-3.98705, 50.40005], [-3.98769, 50.39966], [-3.98813, 50.39934], [-3.98864, 50.39892], [-3.9896, 50.39811], [-3.99017, 50.39769], [-3.99063, 50.39735], [-3.99113, 50.39704], [-3.99182, 50.39671], [-3.99246, 50.39646], [-3.99294, 50.39633], [-3.9934, 50.39621], [-3.99425, 50.39605]], [[-3.99425, 50.39605], [-3.99443, 50.39601]], [[-3.99443, 50.39601], [-3.99605, 50.39578], [-3.99675, 50.39568], [-3.99687, 50.39566], [-3.99834, 50.39545]], [[-3.99834, 50.39545], [-3.99981, 50.39523], [-4.00055, 50.39513]], [[-4.00055, 50.39513], [-4.0014, 50.39503], [-4.00243, 50.39493], [-4.00339, 50.39486], [-4.00492, 50.39477], [-4.00644, 50.39465], [-4.00794, 50.3945], [-4.00961, 50.39431], [-4.01149, 50.39408], [-4.01338, 50.39385], [-4.0141, 50.39377], [-4.02046, 50.39304], [-4.02139, 50.39299], [-4.02231, 50.39298], [-4.02352, 50.39298], [-4.02417, 50.39302], [-4.02658, 50.39315], [-4.02882, 50.3933], [-4.03109, 50.39345], [-4.03353, 50.39356]], [[-4.03353, 50.39356], [-4.0338, 50.39356]], [[-4.0338, 50.39356], [-4.03474, 50.39358], [-4.03567, 50.39357], [-4.03729, 50.39354], [-4.03823, 50.39349], [-4.03943, 50.39342], [-4.0401, 50.39337], [-4.04072, 50.39331], [-4.04348, 50.39305]], [[-4.04348, 50.39305], [-4.04377, 50.39303]], [[-4.04377, 50.39303], [-4.04753, 50.39267]], [[-4.04753, 50.39267], [-4.04798, 50.39263]], [[-4.04798, 50.39263], [-4.04958, 50.39248], [-4.05143, 50.39231], [-4.05236, 50.39221], [-4.05326, 50.39211], [-4.05397, 50.39201]], [[-4.05397, 50.39201], [-4.05421, 50.39197]], [[-4.05421, 50.39197], [-4.05464, 50.39189], [-4.05519, 50.39176]], [[-4.05519, 50.39176], [-4.05535, 50.39171]], [[-4.05535, 50.39171], [-4.0557, 50.39161], [-4.05623, 50.39145], [-4.0567, 50.39128], [-4.05721, 50.39109], [-4.05895, 50.39044], [-4.05974, 50.39018], [-4.06034, 50.38998], [-4.06097, 50.3898], [-4.06165, 50.38962], [-4.06225, 50.38948], [-4.06286, 50.38937], [-4.06353, 50.38927], [-4.06409, 50.38921], [-4.06421, 50.3892]], [[-4.06421, 50.3892], [-4.06444, 50.38917]], [[-4.06444, 50.38917], [-4.06524, 50.38911], [-4.06604, 50.38907], [-4.06695, 50.38907], [-4.06775, 50.38911], [-4.06856, 50.38915], [-4.06929, 50.38921], [-4.07622, 50.38983], [-4.07791, 50.38999], [-4.07885, 50.39008]], [[-4.07885, 50.39008], [-4.07937, 50.39012], [-4.08002, 50.39015], [-4.08067, 50.39015], [-4.08131, 50.3901], [-4.08199, 50.39004], [-4.0827, 50.38992], [-4.08336, 50.38978], [-4.08369, 50.38969], [-4.08461, 50.38938]], [[-4.08461, 50.38938], [-4.08517, 50.38915]], [[-4.08517, 50.38915], [-4.08548, 50.38901], [-4.08589, 50.38881], [-4.08625, 50.38863], [-4.08699, 50.38823], [-4.08779, 50.38779], [-4.0882, 50.38757], [-4.08846, 50.38743], [-4.0889, 50.38718]], [[-4.0889, 50.38718], [-4.08906, 50.38709]], [[-4.08906, 50.38709], [-4.08951, 50.38683], [-4.08983, 50.38665], [-4.09015, 50.38648], [-4.09044, 50.38634], [-4.09077, 50.38619], [-4.09139, 50.38594], [-4.09173, 50.38582], [-4.09207, 50.38572], [-4.09239, 50.38563], [-4.0927, 50.38556], [-4.09333, 50.38543], [-4.09435, 50.38522], [-4.09535, 50.38502], [-4.09637, 50.38481], [-4.09741, 50.38455], [-4.09775, 50.38446], [-4.09822, 50.38432], [-4.09909, 50.38404], [-4.10005, 50.38377], [-4.10102, 50.38353], [-4.10246, 50.38323], [-4.10366, 50.38305], [-4.10489, 50.3829], [-4.10494, 50.3829]], [[-4.10494, 50.3829], [-4.10515, 50.38287]], [[-4.10515, 50.38287], [-4.10582, 50.38282], [-4.1066, 50.38276], [-4.10742, 50.38272]], [[-4.10742, 50.38272], [-4.1075, 50.38271], [-4.10767, 50.38271]], [[-4.10767, 50.38271], [-4.10839, 50.3827], [-4.10911, 50.38271], [-4.11043, 50.38272], [-4.11087, 50.38273], [-4.11115, 50.38274], [-4.11207, 50.38275], [-4.11286, 50.38274], [-4.11428, 50.38272], [-4.11447, 50.38271]], [[-4.11447, 50.38271], [-4.11532, 50.38268], [-4.11611, 50.38262], [-4.11746, 50.38251], [-4.11847, 50.38242], [-4.11867, 50.38241]], [[-4.11867, 50.38241], [-4.1191, 50.38238]], [[-4.1191, 50.38238], [-4.11976, 50.38236], [-4.12062, 50.38235]], [[-4.12062, 50.38235], [-4.12074, 50.38235]], [[-4.12074, 50.38235], [-4.1215, 50.38236], [-4.12225, 50.38238], [-4.12481, 50.38251]], [[-4.12481, 50.38251], [-4.12496, 50.38252]], [[-4.12496, 50.38252], [-4.12566, 50.38255], [-4.12615, 50.38257], [-4.12659, 50.38258]], [[-4.12659, 50.38258], [-4.12698, 50.38258], [-4.12742, 50.38257], [-4.12786, 50.38254], [-4.12836, 50.38249], [-4.12873, 50.38243], [-4.12918, 50.38235], [-4.12963, 50.38224], [-4.13008, 50.38212], [-4.13062, 50.38196], [-4.13141, 50.38172], [-4.13189, 50.38159], [-4.13214, 50.38153]], [[-4.13214, 50.38153], [-4.13269, 50.38141], [-4.13334, 50.38126], [-4.13392, 50.38114], [-4.13437, 50.38105]], [[-4.13437, 50.38105], [-4.13528, 50.3809], [-4.13605, 50.38079]], [[-4.13605, 50.38079], [-4.13629, 50.38076], [-4.13706, 50.38066], [-4.13734, 50.38061], [-4.13759, 50.38057], [-4.13793, 50.38049], [-4.13824, 50.38042], [-4.13848, 50.38034], [-4.13863, 50.38029], [-4.1389, 50.38019], [-4.1391, 50.3801], [-4.13924, 50.38003], [-4.13944, 50.37992]], [[-4.13944, 50.37992], [-4.1396, 50.37982]], [[-4.1396, 50.37982], [-4.13983, 50.37969], [-4.14047, 50.37931]], [[-4.14047, 50.37931], [-4.14084, 50.37908], [-4.14124, 50.37882], [-4.14157, 50.37866], [-4.14192, 50.37851], [-4.14221, 50.37841], [-4.14239, 50.37835], [-4.14378, 50.37792]], [[-4.14378, 50.37792], [-4.14448, 50.3777], [-4.14515, 50.3775], [-4.14588, 50.37729]], [[-4.14588, 50.37729], [-4.1461, 50.37722], [-4.14633, 50.37715]], [[-4.14633, 50.37715], [-4.14637, 50.37714], [-4.14641, 50.37713], [-4.14653, 50.37709], [-4.14676, 50.37703]], [[-4.14676, 50.37703], [-4.14706, 50.37696], [-4.14731, 50.3769], [-4.14761, 50.37686], [-4.14764, 50.37685], [-4.14785, 50.37682], [-4.14801, 50.37681], [-4.1482, 50.3768], [-4.14836, 50.37679], [-4.14852, 50.37679], [-4.14875, 50.37681]], [[-4.14875, 50.37681], [-4.14902, 50.37683], [-4.14929, 50.37686], [-4.14952, 50.37689], [-4.1498, 50.37696], [-4.15006, 50.37703], [-4.15024, 50.37708], [-4.15043, 50.37715]], [[-4.15043, 50.37715], [-4.15083, 50.37729]], [[-4.15083, 50.37729], [-4.15137, 50.37747], [-4.15175, 50.37759], [-4.15252, 50.37782], [-4.15294, 50.37793], [-4.15336, 50.37801], [-4.15383, 50.37809], [-4.15429, 50.37815]], [[-4.15429, 50.37815], [-4.1545, 50.37817]], [[-4.1545, 50.37817], [-4.15518, 50.37821], [-4.15564, 50.37823], [-4.15603, 50.37823], [-4.15643, 50.37822], [-4.15678, 50.3782], [-4.15717, 50.37817], [-4.15777, 50.37809], [-4.15838, 50.37799], [-4.15898, 50.3779], [-4.15939, 50.37784], [-4.15989, 50.37779], [-4.16027, 50.37776], [-4.16105, 50.37775], [-4.16167, 50.37779], [-4.16223, 50.37784], [-4.16293, 50.37796], [-4.16388, 50.3782], [-4.16465, 50.3784], [-4.16525, 50.37853], [-4.16557, 50.37858], [-4.16588, 50.37861], [-4.16651, 50.37864], [-4.1669, 50.37865], [-4.16744, 50.37862], [-4.16843, 50.37857], [-4.16925, 50.37854], [-4.1694, 50.37853], [-4.16996, 50.37851], [-4.17033, 50.3785], [-4.17069, 50.3785], [-4.17104, 50.37852], [-4.17134, 50.37855], [-4.17169, 50.37861], [-4.17201, 50.37868], [-4.1723, 50.37877]], [[-4.1723, 50.37877], [-4.17268, 50.37891], [-4.17298, 50.37902], [-4.17326, 50.37916], [-4.17362, 50.37934]], [[-4.17362, 50.37934], [-4.17405, 50.37963], [-4.17444, 50.37991], [-4.17485, 50.38028], [-4.17508, 50.38054]], [[-4.17508, 50.38054], [-4.17527, 50.3808], [-4.17546, 50.38114], [-4.17578, 50.38179], [-4.17606, 50.38237], [-4.17619, 50.38263]], [[-4.17619, 50.38263], [-4.17624, 50.38274]], [[-4.17624, 50.38274], [-4.17675, 50.38377]], [[-4.17675, 50.38377], [-4.1773, 50.38491]], [[-4.1773, 50.38491], [-4.17754, 50.38544], [-4.17776, 50.3859]], [[-4.17776, 50.3859], [-4.17782, 50.38602]], [[-4.17782, 50.38602], [-4.17804, 50.38649], [-4.17846, 50.38735], [-4.17873, 50.38788], [-4.17914, 50.38872], [-4.17929, 50.38897], [-4.17947, 50.38929], [-4.17989, 50.38997], [-4.18049, 50.39087], [-4.18078, 50.39139], [-4.181, 50.39188], [-4.18105, 50.39201], [-4.18119, 50.39233], [-4.18169, 50.39338]], [[-4.18169, 50.39338], [-4.18308, 50.39647]], [[-4.18308, 50.39647], [-4.18328, 50.39699], [-4.18368, 50.39789]], [[-4.18368, 50.39789], [-4.18392, 50.39837], [-4.18416, 50.39883], [-4.18432, 50.39911], [-4.18448, 50.39936], [-4.18462, 50.39955], [-4.18478, 50.39974], [-4.18486, 50.39983], [-4.18494, 50.39992], [-4.18511, 50.40009], [-4.18528, 50.40027], [-4.18548, 50.40044], [-4.1857, 50.40063], [-4.18604, 50.40089], [-4.18643, 50.40117], [-4.18676, 50.40137], [-4.18714, 50.40158], [-4.18771, 50.40186], [-4.18823, 50.40205], [-4.18842, 50.40213], [-4.18867, 50.40222], [-4.1892, 50.40237]], [[-4.1892, 50.40237], [-4.18949, 50.40245], [-4.19003, 50.40257], [-4.19073, 50.40271]], [[-4.19073, 50.40271], [-4.19134, 50.40284]], [[-4.19134, 50.40284], [-4.19228, 50.40307], [-4.19273, 50.4032], [-4.19325, 50.40337], [-4.19367, 50.40353], [-4.19411, 50.40371], [-4.19476, 50.404], [-4.19527, 50.40427], [-4.19575, 50.40455], [-4.19617, 50.40483], [-4.1966, 50.40512], [-4.1971, 50.40555], [-4.19758, 50.40594], [-4.19772, 50.40605], [-4.19805, 50.4063], [-4.19833, 50.40645], [-4.19868, 50.40664], [-4.19907, 50.40681], [-4.19948, 50.40694]], [[-4.19948, 50.40694], [-4.20012, 50.40711], [-4.20049, 50.4072], [-4.20081, 50.40727], [-4.20118, 50.40734], [-4.20176, 50.40743]], [[-4.20176, 50.40743], [-4.20567, 50.40786]], [[-4.20567, 50.40786], [-4.20592, 50.40788], [-4.20609, 50.40789], [-4.20649, 50.40788], [-4.20686, 50.40784], [-4.20717, 50.4078], [-4.20741, 50.40775], [-4.20763, 50.40771], [-4.20797, 50.40763]], [[-4.20797, 50.40763], [-4.20834, 50.40752], [-4.20855, 50.40744]], [[-4.20855, 50.40744], [-4.2088, 50.40734], [-4.20896, 50.40727], [-4.2092, 50.40716], [-4.20945, 50.40702], [-4.20966, 50.40689], [-4.20998, 50.40664], [-4.21033, 50.40635], [-4.21068, 50.40604], [-4.21095, 50.4058]], [[-4.21095, 50.4058], [-4.21113, 50.40563]], [[-4.21113, 50.40563], [-4.21134, 50.40538]], [[-4.21134, 50.40538], [-4.21147, 50.40521], [-4.2116, 50.405], [-4.21168, 50.40474], [-4.21171, 50.40452], [-4.21172, 50.40429], [-4.21171, 50.40403], [-4.21165, 50.40374]], [[-4.21165, 50.40374], [-4.21146, 50.40311], [-4.21139, 50.40285], [-4.21136, 50.40255], [-4.21136, 50.40232], [-4.21138, 50.40206], [-4.21145, 50.4018], [-4.21156, 50.40152], [-4.21174, 50.40119], [-4.21204, 50.40079], [-4.21232, 50.40051], [-4.21261, 50.40028], [-4.21288, 50.4001], [-4.21309, 50.39997], [-4.21342, 50.3998], [-4.21382, 50.39963], [-4.21417, 50.39951], [-4.21464, 50.39936], [-4.21563, 50.39907], [-4.21652, 50.3988], [-4.21749, 50.3985]], [[-4.21749, 50.3985], [-4.2178, 50.3984]], [[-4.2178, 50.3984], [-4.21852, 50.3982], [-4.21895, 50.3981], [-4.21934, 50.39803], [-4.21972, 50.39797], [-4.22051, 50.39788], [-4.22141, 50.39778], [-4.22254, 50.39765], [-4.22373, 50.39752], [-4.22474, 50.39743], [-4.22525, 50.3974], [-4.22574, 50.39739], [-4.22622, 50.3974], [-4.22663, 50.39742], [-4.22714, 50.39745], [-4.22766, 50.3975], [-4.22834, 50.39754], [-4.22913, 50.39761], [-4.22968, 50.39765], [-4.23022, 50.39768], [-4.23084, 50.39768], [-4.2315, 50.39767], [-4.23223, 50.39763]], [[-4.23223, 50.39763], [-4.23245, 50.39762], [-4.23278, 50.39759], [-4.2333, 50.39753], [-4.23398, 50.39742], [-4.23518, 50.39716]], [[-4.23518, 50.39716], [-4.23622, 50.39695], [-4.23784, 50.39662], [-4.24046, 50.39611], [-4.24232, 50.39575], [-4.24477, 50.39526], [-4.24571, 50.39507], [-4.24664, 50.39489], [-4.24762, 50.39471], [-4.24859, 50.39455], [-4.24964, 50.39443], [-4.25, 50.39439]]]}}, {"type": "Feature", "properties": {"mode": "bus", "name": "1", "ref": "1", "operator": "First Group", "osm_id": 270925}, "geometry": {"type": "MultiLineString", "coordinates": [[[-4.2173, 50.40874], [-4.21712, 50.40878]], [[-4.21656, 50.40401], [-4.2166, 50.40413], [-4.2166, 50.40415], [-4.2166, 50.40425], [-4.21658, 50.40433], [-4.21657, 50.40436], [-4.21653, 50.40457], [-4.21654, 50.40468], [-4.21657, 50.40477], [-4.21669, 50.40485], [-4.21687, 50.40494]]]}}, {"type": "Feature", "properties": {"mode": "bus", "name": "1A", "ref": "1A", "operator": "First Group", "osm_id": 285420}, "geometry": {"type": "MultiLineString", "coordinates": [[[-4.22226, 50.4106], [-4.22202, 50.41057], [-4.22188, 50.41055], [-4.22139, 50.41049]], [[-4.22139, 50.41049], [-4.22114, 50.41046], [-4.22088, 50.41042], [-4.22065, 50.41039]], [[-4.19784, 50.40769], [-4.19775, 50.40769]], [[-4.14449, 50.37686], [-4.14448, 50.37685]]]}}, {"type": "Feature", "properties": {"mode": "rail", "name": "Plymouth to Gunnislake (Tamar Valley Line)", "ref": "", "operator": "First Great Western", "osm_id": 285653}, "geometry": {"type": "MultiLineString", "coordinates": [[[-4.14639, 50.37716], [-4.14676, 50.37703]], [[-4.14676, 50.37703], [-4.14706, 50.37696], [-4.14731, 50.3769], [-4.14761, 50.37686], [-4.14764, 50.37685], [-4.14785, 50.37682], [-4.14801, 50.37681], [-4.1482, 50.3768], [-4.14836, 50.37679], [-4.14852, 50.37679], [-4.14875, 50.37681]], [[-4.14875, 50.37681], [-4.14902, 50.37683], [-4.14929, 50.37686], [-4.14952, 50.37689], [-4.1498, 50.37696], [-4.15006, 50.37703], [-4.15024, 50.37708], [-4.15043, 50.37715]], [[-4.15043, 50.37715], [-4.15083, 50.37729]], [[-4.15083, 50.37729], [-4.15137, 50.37747], [-4.15175, 50.37759], [-4.15252, 50.37782], [-4.15294, 50.37793], [-4.15336, 50.37801], [-4.15383, 50.37809], [-4.15429, 50.37815]], [[-4.15429, 50.37815], [-4.1545, 50.37817]], [[-4.1545, 50.37817], [-4.15518, 50.37821], [-4.15564, 50.37823], [-4.15603, 50.37823], [-4.15643, 50.37822], [-4.15678, 50.3782], [-4.15717, 50.37817], [-4.15777, 50.37809], [-4.15838, 50.37799], [-4.15898, 50.3779], [-4.15939, 50.37784], [-4.15989, 50.37779], [-4.16027, 50.37776], [-4.16105, 50.37775], [-4.16167, 50.37779], [-4.16223, 50.37784], [-4.16293, 50.37796], [-4.16388, 50.3782], [-4.16465, 50.3784], [-4.16525, 50.37853], [-4.16557, 50.37858], [-4.16588, 50.37861], [-4.16651, 50.37864], [-4.1669, 50.37865], [-4.16744, 50.37862], [-4.16843, 50.37857], [-4.16925, 50.37854], [-4.1694, 50.37853], [-4.16996, 50.37851], [-4.17033, 50.3785], [-4.17069, 50.3785], [-4.17104, 50.37852], [-4.17134, 50.37855], [-4.17169, 50.37861], [-4.17201, 50.37868], [-4.1723, 50.37877]], [[-4.1723, 50.37877], [-4.17268, 50.37891], [-4.17298, 50.37902], [-4.17326, 50.37916], [-4.17362, 50.37934]], [[-4.17362, 50.37934], [-4.17405, 50.37963], [-4.17444, 50.37991], [-4.17485, 50.38028], [-4.17508, 50.38054]], [[-4.17508, 50.38054], [-4.17527, 50.3808], [-4.17546, 50.38114], [-4.17578, 50.38179], [-4.17606, 50.38237], [-4.17619, 50.38263]], [[-4.17619, 50.38263], [-4.17624, 50.38274]], [[-4.17624, 50.38274], [-4.17675, 50.38377]], [[-4.17675, 50.38377], [-4.1773, 50.38491]], [[-4.1773, 50.38491], [-4.17754, 50.38544], [-4.17776, 50.3859]], [[-4.17776, 50.3859], [-4.17782, 50.38602]], [[-4.17782, 50.38602], [-4.17804, 50.38649], [-4.17846, 50.38735], [-4.17873, 50.38788], [-4.17914, 50.38872], [-4.17929, 50.38897], [-4.17947, 50.38929], [-4.17989, 50.38997], [-4.18049, 50.39087], [-4.18078, 50.39139], [-4.181, 50.39188], [-4.18105, 50.39201], [-4.18119, 50.39233], [-4.18169, 50.39338]], [[-4.18169, 50.39338], [-4.18308, 50.39647]], [[-4.18308, 50.39647], [-4.18328, 50.39699], [-4.18368, 50.39789]], [[-4.18164, 50.39339], [-4.18141, 50.39295], [-4.18115, 50.39233], [-4.18098, 50.39198], [-4.1809, 50.3918], [-4.18076, 50.39149], [-4.18067, 50.39132], [-4.18053, 50.39105], [-4.18006, 50.3903], [-4.17985, 50.38997], [-4.1794, 50.3893], [-4.17923, 50.38898], [-4.17909, 50.38873], [-4.17875, 50.38804], [-4.17868, 50.38789], [-4.17842, 50.38736], [-4.178, 50.3865], [-4.17777, 50.38603]], [[-4.18303, 50.39648], [-4.18164, 50.39339]], [[-4.18442, 50.39934], [-4.18421, 50.39901], [-4.18401, 50.39867], [-4.18385, 50.39834], [-4.18369, 50.39803], [-4.18334, 50.39724], [-4.18303, 50.39648]], [[-4.18442, 50.39934], [-4.1846, 50.39962], [-4.18479, 50.39991], [-4.18498, 50.40017], [-4.18514, 50.40042], [-4.18524, 50.40057], [-4.18553, 50.40088], [-4.18597, 50.40127], [-4.18626, 50.40149], [-4.18634, 50.40154], [-4.18656, 50.40167]], [[-4.18656, 50.40167], [-4.18722, 50.40201], [-4.1875, 50.40213], [-4.18778, 50.40224], [-4.18813, 50.40235], [-4.18858, 50.40248], [-4.18899, 50.40258], [-4.18937, 50.40265], [-4.18971, 50.40269]], [[-4.18971, 50.40269], [-4.19019, 50.40275], [-4.19062, 50.40278], [-4.19139, 50.4028], [-4.19204, 50.4028], [-4.19261, 50.40282], [-4.19311, 50.40283], [-4.19366, 50.40286], [-4.19392, 50.40289], [-4.19421, 50.40292], [-4.19484, 50.403], [-4.19526, 50.40309], [-4.19595, 50.40327], [-4.19668, 50.40355], [-4.19709, 50.40373], [-4.19748, 50.40393], [-4.198, 50.40426], [-4.19848, 50.40462], [-4.19881, 50.40491], [-4.19899, 50.4051], [-4.19921, 50.40536], [-4.19937, 50.40558], [-4.19953, 50.40585], [-4.19973, 50.40627], [-4.19986, 50.40668], [-4.19991, 50.407], [-4.19994, 50.40736], [-4.19991, 50.40772], [-4.19986, 50.40802]], [[-4.19986, 50.40802], [-4.19983, 50.40818]], [[-4.19983, 50.40818], [-4.19963, 50.40872], [-4.19946, 50.40903], [-4.19923, 50.40934], [-4.19853, 50.41014], [-4.19794, 50.41094], [-4.1976, 50.41155]], [[-4.1976, 50.41155], [-4.19756, 50.41165]], [[-4.19756, 50.41165], [-4.19747, 50.41186], [-4.1969, 50.41319], [-4.19603, 50.41523], [-4.1959, 50.41561], [-4.19559, 50.41629], [-4.19481, 50.41809], [-4.19459, 50.41855], [-4.1943, 50.419], [-4.19379, 50.41961], [-4.19323, 50.42014], [-4.19271, 50.42056]], [[-4.19271, 50.42056], [-4.19259, 50.42064]], [[-4.19259, 50.42064], [-4.1921, 50.42097], [-4.19083, 50.42181], [-4.18774, 50.42384]], [[-4.18774, 50.42384], [-4.1865, 50.42465]], [[-4.1865, 50.42465], [-4.18511, 50.42556], [-4.18441, 50.42609], [-4.18394, 50.42655], [-4.18354, 50.42701], [-4.18326, 50.42741], [-4.183, 50.42794], [-4.18278, 50.42849], [-4.18265, 50.4291], [-4.18259, 50.42956], [-4.18258, 50.4302], [-4.18264, 50.43082]], [[-4.18264, 50.43082], [-4.18266, 50.43091], [-4.18273, 50.43125], [-4.1828, 50.43149], [-4.18291, 50.43172], [-4.18303, 50.43199], [-4.18322, 50.43234], [-4.18338, 50.4326], [-4.18362, 50.43293], [-4.18383, 50.43321], [-4.18406, 50.43349], [-4.18429, 50.43374], [-4.18453, 50.43395], [-4.18508, 50.43441]], [[-4.18508, 50.43441], [-4.18548, 50.4347], [-4.18589, 50.43497], [-4.18658, 50.43538], [-4.18717, 50.43571], [-4.18762, 50.436], [-4.18807, 50.43633], [-4.18837, 50.43658], [-4.18872, 50.43692], [-4.18899, 50.43725], [-4.18926, 50.43763], [-4.1895, 50.43804], [-4.18972, 50.43853], [-4.18985, 50.43902], [-4.18992, 50.43949], [-4.18991, 50.44002], [-4.18986, 50.4404], [-4.18976, 50.4408], [-4.1896, 50.44126], [-4.18933, 50.44176], [-4.18904, 50.44217], [-4.18867, 50.44259], [-4.18809, 50.44312], [-4.18737, 50.44368], [-4.18697, 50.44401], [-4.18654, 50.44436], [-4.18613, 50.44473], [-4.18585, 50.44503], [-4.1854, 50.44559], [-4.18501, 50.4461]], [[-4.18501, 50.4461], [-4.18491, 50.44622]], [[-4.18491, 50.44622], [-4.18457, 50.44662], [-4.18414, 50.44705], [-4.18367, 50.44745], [-4.18329, 50.44773], [-4.18303, 50.44795], [-4.18284, 50.44812], [-4.18255, 50.44839], [-4.18241, 50.44855], [-4.18222, 50.44877], [-4.18208, 50.44896], [-4.18194, 50.44918], [-4.18184, 50.44937]], [[-4.18184, 50.44937], [-4.18177, 50.44949]], [[-4.18177, 50.44949], [-4.18164, 50.44978], [-4.18155, 50.45006], [-4.18148, 50.45036]], [[-4.18148, 50.45036], [-4.18145, 50.45054], [-4.18144, 50.45074], [-4.18144, 50.4509], [-4.18145, 50.45109], [-4.18148, 50.45127], [-4.18152, 50.45147], [-4.18158, 50.45168], [-4.18167, 50.45191], [-4.18182, 50.4522], [-4.18202, 50.45251]], [[-4.18202, 50.45251], [-4.18229, 50.45289], [-4.18259, 50.45336], [-4.1828, 50.45377], [-4.18299, 50.45419], [-4.18312, 50.45464], [-4.18325, 50.45523], [-4.18334, 50.45567], [-4.18343, 50.45602], [-4.18352, 50.45629]], [[-4.18352, 50.45629], [-4.18359, 50.45645]], [[-4.18359, 50.45645], [-4.18377, 50.45681], [-4.18404, 50.45723], [-4.1843, 50.45757], [-4.18455, 50.45784], [-4.18494, 50.45821], [-4.18538, 50.45856], [-4.18597, 50.45894], [-4.18658, 50.45928], [-4.18717, 50.45955], [-4.18779, 50.45983]], [[-4.18779, 50.45983], [-4.18788, 50.45988]], [[-4.18788, 50.45988], [-4.18844, 50.46019], [-4.18897, 50.46054], [-4.18945, 50.46093], [-4.18982, 50.46133], [-4.19009, 50.46168], [-4.1903, 50.46203], [-4.19045, 50.46234], [-4.19057, 50.46271], [-4.19064, 50.46309], [-4.19106, 50.4651], [-4.19111, 50.46559], [-4.19098, 50.46639], [-4.19094, 50.4669], [-4.1909, 50.46738], [-4.19096, 50.46782], [-4.19107, 50.46824], [-4.1912, 50.46855], [-4.19136, 50.46881], [-4.1917, 50.46936], [-4.1921, 50.46979], [-4.19236, 50.47]], [[-4.13605, 50.38079], [-4.13629, 50.38076], [-4.13706, 50.38066], [-4.13734, 50.38061], [-4.13759, 50.38057], [-4.13793, 50.38049], [-4.13824, 50.38042], [-4.13848, 50.38034], [-4.13863, 50.38029], [-4.1389, 50.38019], [-4.1391, 50.3801], [-4.13924, 50.38003], [-4.13944, 50.37992]], [[-4.13944, 50.37992], [-4.1396, 50.37982]], [[-4.1396, 50.37982], [-4.13983, 50.37969], [-4.14047, 50.37931]], [[-4.14047, 50.37931], [-4.14084, 50.37908], [-4.14124, 50.37882], [-4.14157, 50.37866], [-4.14192, 50.37851], [-4.14221, 50.37841], [-4.14239, 50.37835], [-4.14378, 50.37792]], [[-4.14378, 50.37792], [-4.14448, 50.3777], [-4.14515, 50.3775], [-4.14588, 50.37729]], [[-4.14875, 50.37684], [-4.1485, 50.37683], [-4.14837, 50.37683], [-4.14831, 50.37682], [-4.14819, 50.37683], [-4.1479, 50.37685], [-4.14771, 50.37687], [-4.14751, 50.3769], [-4.14734, 50.37693], [-4.14713, 50.37698], [-4.14697, 50.37701], [-4.14683, 50.37705], [-4.14666, 50.3771], [-4.1466, 50.37712], [-4.14646, 50.37717]], [[-4.15039, 50.37718], [-4.15021, 50.37712], [-4.15004, 50.37706], [-4.14978, 50.37699], [-4.1495, 50.37693], [-4.14928, 50.37689], [-4.14903, 50.37687], [-4.14875, 50.37684]], [[-4.15072, 50.37729], [-4.15039, 50.37718]], [[-4.15429, 50.37819], [-4.15382, 50.37813], [-4.15334, 50.37805], [-4.15292, 50.37796], [-4.1525, 50.37786], [-4.15173, 50.37763], [-4.15072, 50.37729]], [[-4.14646, 50.37717], [-4.14605, 50.37731]], [[-4.17228, 50.3788], [-4.17171, 50.37866], [-4.1714, 50.3786], [-4.17111, 50.37856], [-4.17058, 50.37853], [-4.16996, 50.37854], [-4.16925, 50.37857], [-4.16878, 50.37859], [-4.16843, 50.3786], [-4.16744, 50.37865], [-4.1669, 50.37868], [-4.16651, 50.37867], [-4.16588, 50.37864], [-4.16556, 50.37861], [-4.16524, 50.37856], [-4.16463, 50.37843], [-4.16386, 50.37823], [-4.16291, 50.37799], [-4.16222, 50.37787], [-4.16166, 50.37782], [-4.16105, 50.37778], [-4.16027, 50.37779], [-4.1599, 50.37782], [-4.1594, 50.37787], [-4.15899, 50.37793], [-4.15839, 50.37802], [-4.15792, 50.3781], [-4.15778, 50.37812], [-4.15717, 50.3782], [-4.15679, 50.37823], [-4.15643, 50.37825], [-4.15604, 50.37826], [-4.15564, 50.37826], [-4.15518, 50.37825], [-4.15449, 50.3782]], [[-4.15449, 50.3782], [-4.15429, 50.37819]], [[-4.14633, 50.37715], [-4.14637, 50.37714], [-4.14641, 50.37713], [-4.14653, 50.37709], [-4.14676, 50.37703]], [[-4.14588, 50.37729], [-4.1461, 50.37722], [-4.14633, 50.37715]], [[-4.14605, 50.37731], [-4.1458, 50.3774]], [[-4.17358, 50.37937], [-4.17322, 50.37919], [-4.17294, 50.37906], [-4.17265, 50.37894], [-4.17228, 50.3788]], [[-4.17505, 50.38055], [-4.17481, 50.3803], [-4.1744, 50.37993], [-4.17401, 50.37965], [-4.17358, 50.37937]], [[-4.17614, 50.38264], [-4.17605, 50.38244], [-4.17601, 50.38237], [-4.17573, 50.3818], [-4.17542, 50.38115], [-4.17523, 50.38081], [-4.17505, 50.38055]], [[-4.1767, 50.38378], [-4.17619, 50.38276]], [[-4.17619, 50.38276], [-4.17614, 50.38264]], [[-4.17725, 50.38492], [-4.1767, 50.38378]], [[-4.17772, 50.38591], [-4.1775, 50.38544], [-4.17725, 50.38492]], [[-4.17777, 50.38603], [-4.17772, 50.38591]], [[-4.18385, 50.39834], [-4.18368, 50.39789]]]}}, {"type": "Feature", "properties": {"mode": "bus", "name": "2", "ref": "2", "operator": "First", "osm_id": 306280}, "geometry": {"type": "MultiLineString", "coordinates": [[[-4.12946, 50.37079], [-4.12887, 50.3707]], [[-4.10126, 50.36621], [-4.10133, 50.36622], [-4.10138, 50.36626]], [[-4.10138, 50.36626], [-4.10141, 50.36627], [-4.10144, 50.36633], [-4.10144, 50.36638], [-4.10141, 50.36644]], [[-4.11966, 50.35699], [-4.12001, 50.35702]], [[-4.12001, 50.35702], [-4.12018, 50.35705], [-4.1203, 50.35707], [-4.12041, 50.3571], [-4.12051, 50.35713], [-4.12067, 50.35719]], [[-4.10739, 50.36807], [-4.10745, 50.36809], [-4.10756, 50.36815]], [[-4.13005, 50.37075], [-4.13029, 50.3708], [-4.1307, 50.37091]], [[-4.12535, 50.35751], [-4.12558, 50.35755], [-4.12571, 50.35758], [-4.12586, 50.35763], [-4.12601, 50.35769], [-4.1262, 50.35778]], [[-4.1262, 50.35778], [-4.12633, 50.35785], [-4.12646, 50.35795], [-4.12655, 50.35804], [-4.12683, 50.35831], [-4.12709, 50.35856]], [[-4.12709, 50.35856], [-4.12724, 50.35871], [-4.12733, 50.35881], [-4.12738, 50.35885], [-4.12743, 50.35889], [-4.1275, 50.35892], [-4.12757, 50.35896], [-4.12764, 50.35898], [-4.1277, 50.35899], [-4.12779, 50.35901], [-4.12789, 50.35902], [-4.12798, 50.35903], [-4.12806, 50.35904], [-4.12814, 50.35905], [-4.1282, 50.35907], [-4.12829, 50.35911], [-4.12835, 50.35914], [-4.1284, 50.35917], [-4.12845, 50.35921], [-4.1285, 50.35926], [-4.12853, 50.3593], [-4.12857, 50.35937], [-4.12858, 50.35941], [-4.12858, 50.35947], [-4.12857, 50.35957], [-4.12857, 50.35962], [-4.12857, 50.35967], [-4.12859, 50.35972], [-4.12861, 50.35977], [-4.12865, 50.35983], [-4.12872, 50.3599], [-4.12878, 50.35994], [-4.12885, 50.35998], [-4.12892, 50.36001], [-4.12895, 50.36002], [-4.12899, 50.36003], [-4.12907, 50.36005], [-4.12915, 50.36006], [-4.12924, 50.36007], [-4.12936, 50.36007], [-4.12943, 50.36006], [-4.12948, 50.36005], [-4.12982, 50.35996], [-4.13011, 50.35989], [-4.13024, 50.35986], [-4.13047, 50.35981], [-4.13057, 50.3598], [-4.13067, 50.35979]], [[-4.13067, 50.35979], [-4.13088, 50.35972], [-4.13098, 50.35971]], [[-4.13117, 50.35983], [-4.13113, 50.35985], [-4.13108, 50.35985], [-4.13104, 50.35984], [-4.131, 50.35983], [-4.13097, 50.35981], [-4.13096, 50.35978], [-4.13095, 50.35976], [-4.13096, 50.35973], [-4.13098, 50.35971], [-4.13101, 50.35969], [-4.13106, 50.35967], [-4.1311, 50.35967], [-4.13115, 50.35968], [-4.13119, 50.3597], [-4.13122, 50.35972], [-4.13123, 50.35975], [-4.13123, 50.35978], [-4.13121, 50.35981], [-4.13117, 50.35983]], [[-4.131, 50.35983], [-4.13091, 50.35982], [-4.13082, 50.35981], [-4.13067, 50.35979]]]}}, {"type": "Feature", "properties": {"mode": "bus", "name": "5", "ref": "5", "operator": "Plymouth Citybus", "osm_id": 3436885}, "geometry": {"type": "MultiLineString", "coordinates": [[[-4.06569, 50.36121], [-4.06584, 50.36128], [-4.06591, 50.36131], [-4.06601, 50.36136]], [[-4.06601, 50.36136], [-4.06613, 50.36144]], [[-4.0663, 50.36121], [-4.06622, 50.3613], [-4.06617, 50.36136], [-4.06613, 50.36144]], [[-4.08307, 50.36086], [-4.08297, 50.36089], [-4.08216, 50.36105], [-4.08131, 50.3612], [-4.08086, 50.36128], [-4.08019, 50.3614], [-4.07961, 50.36148], [-4.07905, 50.36155], [-4.07845, 50.36161], [-4.07789, 50.36165], [-4.07785, 50.36165], [-4.07725, 50.36168], [-4.07661, 50.36169], [-4.07609, 50.36169], [-4.07587, 50.36169], [-4.07553, 50.36168], [-4.07501, 50.36166], [-4.0748, 50.36164], [-4.07444, 50.36162], [-4.07387, 50.36157], [-4.07324, 50.3615], [-4.07203, 50.36138], [-4.07098, 50.36126], [-4.07018, 50.36118], [-4.06983, 50.36115], [-4.06976, 50.36114], [-4.06939, 50.3611], [-4.06902, 50.36107], [-4.06878, 50.36104], [-4.06841, 50.361], [-4.06811, 50.36097], [-4.06787, 50.36096], [-4.06766, 50.36094], [-4.06753, 50.36094], [-4.06723, 50.36097], [-4.06702, 50.361], [-4.06671, 50.36107], [-4.0663, 50.36121]], [[-4.08271, 50.35924], [-4.08269, 50.3595], [-4.08268, 50.35974], [-4.08266, 50.35993], [-4.08268, 50.36015], [-4.08274, 50.36031], [-4.08287, 50.36053], [-4.08294, 50.36063], [-4.08304, 50.36079], [-4.08305, 50.36081], [-4.08307, 50.36086]], [[-4.08416, 50.35625], [-4.08425, 50.3564], [-4.08432, 50.35657], [-4.08436, 50.35667], [-4.08439, 50.35676], [-4.0844, 50.35688], [-4.08437, 50.357], [-4.08429, 50.35712], [-4.0842, 50.35723], [-4.08408, 50.35732], [-4.08385, 50.35745], [-4.08362, 50.35759], [-4.08334, 50.35782], [-4.08324, 50.3579], [-4.08313, 50.35803], [-4.08303, 50.35811], [-4.08296, 50.3582], [-4.08288, 50.35831], [-4.08279, 50.35847], [-4.08274, 50.35861], [-4.08273, 50.35885], [-4.08271, 50.35905], [-4.08271, 50.35924]], [[-4.08584, 50.35582], [-4.08572, 50.35584], [-4.08565, 50.35585], [-4.08516, 50.35596], [-4.0846, 50.3561], [-4.08426, 50.35622], [-4.08416, 50.35625]], [[-4.08862, 50.35699], [-4.08854, 50.35685], [-4.08846, 50.3567], [-4.0883, 50.3565], [-4.08815, 50.35638], [-4.088, 50.35628], [-4.0878, 50.35617], [-4.08754, 50.35608], [-4.08718, 50.35597], [-4.08694, 50.35591], [-4.08661, 50.35584], [-4.08631, 50.35583], [-4.08606, 50.35582], [-4.08584, 50.35582]], [[-4.08886, 50.3572], [-4.08878, 50.35715], [-4.08869, 50.35707], [-4.08862, 50.35699]], [[-4.09387, 50.35976], [-4.09372, 50.35972], [-4.09365, 50.3597], [-4.0935, 50.35968], [-4.09345, 50.35969], [-4.0933, 50.35968], [-4.09324, 50.35968], [-4.0928, 50.35968], [-4.09261, 50.35967], [-4.09246, 50.35962], [-4.09241, 50.35959], [-4.09232, 50.35953], [-4.09222, 50.35947], [-4.09221, 50.35946], [-4.09171, 50.35914], [-4.09148, 50.35898], [-4.09132, 50.35888], [-4.09112, 50.35872], [-4.09086, 50.35854], [-4.09077, 50.35845], [-4.09068, 50.35836], [-4.09046, 50.35807], [-4.09029, 50.35781], [-4.09013, 50.35765], [-4.09003, 50.35758], [-4.08998, 50.35756], [-4.08986, 50.35751], [-4.08962, 50.35747], [-4.08935, 50.35742], [-4.08901, 50.35729], [-4.08886, 50.3572]], [[-4.09387, 50.35976], [-4.09379, 50.35992], [-4.09362, 50.36037], [-4.09344, 50.36057], [-4.09309, 50.36073], [-4.09187, 50.36104], [-4.09057, 50.36139]], [[-4.08584, 50.35582], [-4.08586, 50.35568], [-4.0859, 50.35552], [-4.08596, 50.35529], [-4.08601, 50.35512], [-4.08601, 50.35509], [-4.08606, 50.35497], [-4.08614, 50.35483], [-4.08621, 50.35473], [-4.0863, 50.35458], [-4.08632, 50.35453], [-4.08635, 50.35443], [-4.08633, 50.35434], [-4.08631, 50.35418], [-4.0863, 50.3541], [-4.08628, 50.35397], [-4.08624, 50.35384], [-4.08623, 50.35383], [-4.08621, 50.35375]], [[-4.0855, 50.35143], [-4.08539, 50.3516], [-4.08527, 50.35185], [-4.08519, 50.35201], [-4.08522, 50.35232], [-4.08526, 50.35247], [-4.08532, 50.35259], [-4.08549, 50.35282], [-4.08572, 50.35303], [-4.08587, 50.3532], [-4.0859, 50.35324], [-4.08596, 50.35332], [-4.08607, 50.35348], [-4.08616, 50.35367], [-4.08621, 50.35375]], [[-4.0855, 50.35143], [-4.08575, 50.35148], [-4.08601, 50.35151], [-4.08624, 50.35153], [-4.08647, 50.35154], [-4.08672, 50.35153], [-4.08698, 50.35151], [-4.08733, 50.35145], [-4.08794, 50.35133], [-4.08862, 50.35119], [-4.0892, 50.35106], [-4.08959, 50.35097], [-4.0898, 50.35093], [-4.08994, 50.35086], [-4.09003, 50.35078], [-4.0901, 50.35069], [-4.09011, 50.3506], [-4.0901, 50.35058], [-4.09007, 50.35052], [-4.09, 50.35043], [-4.08969, 50.35009], [-4.08927, 50.34965], [-4.08918, 50.34956], [-4.08889, 50.34925], [-4.0888, 50.34917], [-4.08867, 50.3491], [-4.08856, 50.34906], [-4.08838, 50.34902], [-4.08818, 50.34901], [-4.08793, 50.349], [-4.08775, 50.34901], [-4.08751, 50.34903], [-4.08715, 50.34906], [-4.08663, 50.34913], [-4.08621, 50.3492], [-4.08569, 50.3493], [-4.08561, 50.34931], [-4.0849, 50.34946], [-4.08449, 50.34954]], [[-4.08398, 50.34838], [-4.0842, 50.34859], [-4.08425, 50.34866], [-4.08434, 50.34875], [-4.08442, 50.3489], [-4.08448, 50.34905], [-4.08449, 50.34919], [-4.08447, 50.34934], [-4.08449, 50.34954]], [[-4.08302, 50.34704], [-4.08314, 50.34731], [-4.08339, 50.34769], [-4.08365, 50.34802], [-4.0837, 50.34809], [-4.08374, 50.34813], [-4.08398, 50.34838]], [[-4.08297, 50.34658], [-4.08295, 50.34671], [-4.08294, 50.34678], [-4.08294, 50.34683], [-4.08302, 50.34704]], [[-4.08247, 50.34661], [-4.08251, 50.34659], [-4.08269, 50.34657], [-4.08297, 50.34658]], [[-4.07994, 50.34951], [-4.08026, 50.34896], [-4.08042, 50.34867], [-4.08061, 50.34833], [-4.08067, 50.34823], [-4.08092, 50.34776], [-4.08099, 50.34768], [-4.08106, 50.34758], [-4.08122, 50.34743], [-4.08144, 50.34726], [-4.08156, 50.34717], [-4.08199, 50.34687], [-4.08216, 50.34674], [-4.08231, 50.34667], [-4.08237, 50.34665], [-4.08247, 50.34661]], [[-4.07978, 50.34984], [-4.07983, 50.34974], [-4.07993, 50.34952], [-4.07994, 50.34951]], [[-4.07521, 50.35179], [-4.07531, 50.35179], [-4.07546, 50.35177], [-4.07561, 50.35172], [-4.07594, 50.35161], [-4.07613, 50.35154], [-4.077, 50.35122], [-4.0771, 50.35118], [-4.07819, 50.35077], [-4.07858, 50.35062], [-4.07891, 50.3505], [-4.07894, 50.35049], [-4.07907, 50.35045], [-4.0792, 50.3504], [-4.0793, 50.35036], [-4.07938, 50.35031], [-4.0795, 50.35023], [-4.0796, 50.35013], [-4.0797, 50.34998], [-4.07974, 50.34989], [-4.07978, 50.34984]], [[-4.07509, 50.35268], [-4.07507, 50.35241], [-4.07508, 50.35228], [-4.07512, 50.35208], [-4.07521, 50.35179]], [[-4.07417, 50.35355], [-4.07448, 50.35341], [-4.0747, 50.35329], [-4.07489, 50.35318], [-4.07495, 50.35312], [-4.07503, 50.35304], [-4.07507, 50.35296], [-4.0751, 50.35285], [-4.0751, 50.35277], [-4.07509, 50.35268]], [[-4.07315, 50.35602], [-4.07315, 50.35583], [-4.07314, 50.35576], [-4.07312, 50.35557], [-4.07308, 50.35538], [-4.07305, 50.35518], [-4.07301, 50.35499], [-4.07301, 50.35479], [-4.07301, 50.35472], [-4.073, 50.35451], [-4.07302, 50.35428], [-4.07305, 50.35418], [-4.07308, 50.3541], [-4.07315, 50.35401], [-4.07321, 50.35396], [-4.07333, 50.3539], [-4.07349, 50.35382], [-4.07384, 50.35368], [-4.07417, 50.35355]], [[-4.07312, 50.35624], [-4.07315, 50.35602]], [[-4.07279, 50.35784], [-4.07286, 50.35764], [-4.07293, 50.35735], [-4.07302, 50.35688], [-4.07309, 50.35647], [-4.07312, 50.35624]], [[-4.0703, 50.35786], [-4.07062, 50.35782], [-4.07087, 50.35781], [-4.07106, 50.3578], [-4.07132, 50.35779], [-4.07148, 50.35778], [-4.07196, 50.35781], [-4.07208, 50.35781], [-4.07279, 50.35784]], [[-4.06702, 50.35855], [-4.06744, 50.35841], [-4.0676, 50.35836], [-4.0677, 50.35833], [-4.06776, 50.35831], [-4.06801, 50.35824], [-4.06808, 50.35823], [-4.06881, 50.3581], [-4.06943, 50.358], [-4.0696, 50.35798], [-4.07008, 50.35789], [-4.0703, 50.35786]], [[-4.06368, 50.35933], [-4.06375, 50.35929], [-4.06396, 50.35918], [-4.0641, 50.35911], [-4.06426, 50.35904], [-4.06445, 50.35898], [-4.06452, 50.35897], [-4.06475, 50.35894], [-4.06504, 50.35891], [-4.06517, 50.3589], [-4.06524, 50.35889], [-4.06552, 50.35887], [-4.06557, 50.35887], [-4.06559, 50.35886], [-4.06582, 50.35884], [-4.06606, 50.3588], [-4.06623, 50.35877], [-4.06648, 50.35872], [-4.06669, 50.35865], [-4.06674, 50.35864], [-4.06678, 50.35863], [-4.06702, 50.35855]], [[-4.06349, 50.35938], [-4.06362, 50.35935], [-4.06368, 50.35933]], [[-4.06329, 50.35954], [-4.06324, 50.3595], [-4.06322, 50.35946], [-4.06323, 50.35942], [-4.06326, 50.35939], [-4.06331, 50.35937], [-4.06336, 50.35936], [-4.06343, 50.35936], [-4.06349, 50.35938]], [[-4.10715, 50.36807], [-4.10681, 50.36793], [-4.10631, 50.36774], [-4.10583, 50.36758], [-4.1045, 50.36715], [-4.10445, 50.36714], [-4.10441, 50.36712], [-4.10423, 50.36706], [-4.10379, 50.36693], [-4.10362, 50.36687], [-4.10345, 50.36682], [-4.10281, 50.36661], [-4.10278, 50.3666], [-4.10257, 50.36655], [-4.10229, 50.36647], [-4.10224, 50.36646], [-4.102, 50.36642], [-4.10174, 50.36641], [-4.1017, 50.36641], [-4.10157, 50.36642], [-4.10141, 50.36644]], [[-4.10138, 50.36626], [-4.10141, 50.36627], [-4.10144, 50.36633], [-4.10144, 50.36638], [-4.10141, 50.36644]], [[-4.10138, 50.36626], [-4.10154, 50.36626], [-4.10159, 50.36626]], [[-4.10159, 50.36626], [-4.10179, 50.36629], [-4.1023, 50.36637], [-4.10269, 50.36646], [-4.10284, 50.36651], [-4.10317, 50.36662], [-4.1037, 50.36679], [-4.10441, 50.36701], [-4.10512, 50.36724], [-4.10569, 50.36742], [-4.10591, 50.36749], [-4.10627, 50.36762], [-4.10661, 50.36773], [-4.10698, 50.36788], [-4.10708, 50.36792]], [[-4.10737, 50.36816], [-4.10715, 50.36807]], [[-4.1075, 50.36822], [-4.10737, 50.36816]], [[-4.11025, 50.36955], [-4.11014, 50.3695], [-4.1075, 50.36822]], [[-4.11038, 50.36961], [-4.11025, 50.36955]], [[-4.11157, 50.37019], [-4.1113, 50.37005], [-4.11109, 50.36994], [-4.11065, 50.36975], [-4.11057, 50.3697], [-4.11038, 50.36961]], [[-4.11194, 50.37032], [-4.11188, 50.37031], [-4.11183, 50.37029], [-4.11167, 50.37024], [-4.11161, 50.37021], [-4.11157, 50.37019]], [[-4.11272, 50.37055], [-4.11239, 50.37045], [-4.11213, 50.37037], [-4.112, 50.37034], [-4.11194, 50.37032]], [[-4.11379, 50.37085], [-4.11352, 50.37079], [-4.11332, 50.37074], [-4.11275, 50.37056], [-4.11272, 50.37055]], [[-4.11465, 50.3709], [-4.11437, 50.3709], [-4.11418, 50.37088], [-4.11411, 50.37088], [-4.114, 50.37087], [-4.11379, 50.37085]], [[-4.11382, 50.37076], [-4.11401, 50.37079], [-4.11435, 50.37084], [-4.11465, 50.3709]], [[-4.11273, 50.37047], [-4.11284, 50.37051], [-4.11289, 50.37052], [-4.11302, 50.37057], [-4.11322, 50.37063], [-4.11354, 50.37071], [-4.1136, 50.37072], [-4.11382, 50.37076]], [[-4.1124, 50.37037], [-4.11256, 50.37042], [-4.11273, 50.37047]], [[-4.11171, 50.37011], [-4.11192, 50.37019], [-4.11229, 50.37033], [-4.1124, 50.37037]], [[-4.11074, 50.36966], [-4.11157, 50.37004], [-4.11162, 50.37006], [-4.11171, 50.37011]], [[-4.11045, 50.36953], [-4.11063, 50.36961], [-4.11065, 50.36961], [-4.11074, 50.36966]], [[-4.11033, 50.36948], [-4.11033, 50.36948], [-4.11045, 50.36953]], [[-4.10756, 50.36815], [-4.10863, 50.36867], [-4.10973, 50.3692], [-4.11015, 50.3694], [-4.11018, 50.36942], [-4.11033, 50.36948]], [[-4.10739, 50.36807], [-4.10745, 50.36809], [-4.10756, 50.36815]], [[-4.10708, 50.36792], [-4.10712, 50.36794], [-4.10722, 50.36799], [-4.10739, 50.36807]], [[-4.11849, 50.37105], [-4.11879, 50.371], [-4.11884, 50.37099], [-4.11892, 50.37098], [-4.119, 50.37096]], [[-4.119, 50.37096], [-4.11916, 50.37094], [-4.11937, 50.3709], [-4.1208, 50.37065]], [[-4.1208, 50.37065], [-4.12099, 50.37061], [-4.12153, 50.37052], [-4.12227, 50.37039], [-4.1224, 50.37036]], [[-4.1224, 50.37036], [-4.12263, 50.37032], [-4.12266, 50.37032], [-4.12305, 50.37025], [-4.12317, 50.37023]], [[-4.12317, 50.37023], [-4.12321, 50.37022], [-4.12369, 50.37014], [-4.12377, 50.37012]], [[-4.12377, 50.37012], [-4.12381, 50.37012], [-4.12387, 50.37011], [-4.1239, 50.3701]], [[-4.1239, 50.3701], [-4.12424, 50.37004], [-4.12427, 50.37004], [-4.12444, 50.37003]], [[-4.12444, 50.37003], [-4.12448, 50.37], [-4.12452, 50.36998], [-4.12464, 50.36995], [-4.12475, 50.36994], [-4.12486, 50.36993], [-4.12497, 50.36994], [-4.12509, 50.36996]], [[-4.12509, 50.36996], [-4.1252, 50.37], [-4.1253, 50.37004]], [[-4.1253, 50.37004], [-4.12579, 50.37011]], [[-4.12579, 50.37011], [-4.12583, 50.37012], [-4.12612, 50.37015]], [[-4.12612, 50.37015], [-4.12627, 50.37016]], [[-4.12627, 50.37016], [-4.12643, 50.37018], [-4.12668, 50.3702], [-4.12691, 50.37023], [-4.12695, 50.37023], [-4.12705, 50.37025], [-4.1275, 50.37032], [-4.12773, 50.37036], [-4.12839, 50.37047], [-4.12883, 50.37055], [-4.12895, 50.37057], [-4.12912, 50.3706]], [[-4.12912, 50.3706], [-4.13001, 50.37074], [-4.13005, 50.37075]], [[-4.13005, 50.37075], [-4.13029, 50.3708], [-4.1307, 50.37091]], [[-4.1307, 50.37091], [-4.13113, 50.37103], [-4.1313, 50.37109]], [[-4.1313, 50.37109], [-4.13184, 50.37123], [-4.13197, 50.37127]], [[-4.13197, 50.37127], [-4.13238, 50.37139]], [[-4.13238, 50.37139], [-4.13254, 50.37143], [-4.13275, 50.37147], [-4.13317, 50.37152], [-4.1335, 50.37154], [-4.13369, 50.37156], [-4.13433, 50.37159], [-4.13459, 50.3716], [-4.1352, 50.37163], [-4.13528, 50.37162]], [[-4.13528, 50.37162], [-4.13542, 50.37159]], [[-4.13542, 50.37159], [-4.13548, 50.37155], [-4.13561, 50.3715], [-4.13571, 50.37147], [-4.13579, 50.37146], [-4.1359, 50.37147], [-4.13594, 50.37147], [-4.13597, 50.37148]], [[-4.13597, 50.37148], [-4.13612, 50.37147], [-4.13619, 50.37147], [-4.13626, 50.37145], [-4.13641, 50.37138], [-4.13704, 50.3711], [-4.13769, 50.37081], [-4.13815, 50.3706], [-4.13817, 50.37058], [-4.13821, 50.37056], [-4.13826, 50.37049], [-4.13829, 50.37043]], [[-4.13829, 50.37043], [-4.13829, 50.37037]], [[-4.13829, 50.37037], [-4.13832, 50.37032], [-4.13835, 50.37027], [-4.13841, 50.37022], [-4.13848, 50.37019]], [[-4.13848, 50.37019], [-4.13857, 50.37016], [-4.1387, 50.37015], [-4.13884, 50.37017], [-4.13891, 50.3702], [-4.13897, 50.37023], [-4.13903, 50.37027]], [[-4.13903, 50.37027], [-4.13918, 50.37031], [-4.13934, 50.37032], [-4.13949, 50.37032]], [[-4.13949, 50.37032], [-4.13999, 50.37033], [-4.14063, 50.37032], [-4.14116, 50.37031]], [[-4.14116, 50.37031], [-4.14133, 50.37031], [-4.14193, 50.37031], [-4.14208, 50.37031]], [[-4.14208, 50.37031], [-4.14241, 50.37031], [-4.14277, 50.3703]], [[-4.14277, 50.3703], [-4.14323, 50.37028]], [[-4.14323, 50.37028], [-4.14404, 50.37027], [-4.14458, 50.37026], [-4.14507, 50.37023], [-4.1453, 50.37021], [-4.14544, 50.37019]], [[-4.14544, 50.37019], [-4.14543, 50.36991], [-4.14544, 50.36987]], [[-4.14544, 50.36987], [-4.14544, 50.36983], [-4.14548, 50.36976], [-4.14551, 50.36971], [-4.14556, 50.36967], [-4.14561, 50.36964], [-4.14569, 50.36962], [-4.14577, 50.36961], [-4.14585, 50.3696]], [[-4.14585, 50.3696], [-4.14594, 50.36961], [-4.14606, 50.36963], [-4.14615, 50.36966], [-4.14632, 50.36974]], [[-4.14632, 50.36974], [-4.14633, 50.36977], [-4.14633, 50.36982], [-4.14633, 50.3699], [-4.14634, 50.37]], [[-4.14634, 50.37], [-4.14633, 50.37018], [-4.14632, 50.37025], [-4.14628, 50.37032], [-4.14623, 50.37037], [-4.14618, 50.37041], [-4.14611, 50.37044]], [[-4.14611, 50.37044], [-4.14603, 50.37046], [-4.14591, 50.37048], [-4.14582, 50.37048], [-4.14573, 50.37046]], [[-4.14573, 50.37046], [-4.14561, 50.37042], [-4.14553, 50.37037]], [[-4.14553, 50.37037], [-4.14529, 50.37034], [-4.14521, 50.37033]], [[-4.14521, 50.37033], [-4.14487, 50.37034], [-4.14454, 50.37035]], [[-4.14454, 50.37035], [-4.14357, 50.37037], [-4.14302, 50.37036], [-4.1428, 50.37036]], [[-4.1428, 50.37036], [-4.14241, 50.37036], [-4.14203, 50.37037]], [[-4.14203, 50.37037], [-4.14149, 50.37039], [-4.14126, 50.3704], [-4.14109, 50.3704]], [[-4.14109, 50.3704], [-4.14035, 50.37041], [-4.14031, 50.37041], [-4.14018, 50.37042]], [[-4.14018, 50.37042], [-4.13942, 50.37043], [-4.13923, 50.37043], [-4.13907, 50.37046]], [[-4.13907, 50.37046], [-4.13904, 50.37052], [-4.13898, 50.37057], [-4.13891, 50.37061], [-4.1388, 50.37065], [-4.1387, 50.37066], [-4.13857, 50.37065], [-4.13845, 50.37061]], [[-4.13845, 50.37061], [-4.1383, 50.37064], [-4.13826, 50.37066], [-4.13704, 50.37122], [-4.13671, 50.37136], [-4.13644, 50.3715], [-4.13639, 50.37154], [-4.13635, 50.37157], [-4.13632, 50.37162], [-4.13631, 50.37166], [-4.13632, 50.3717], [-4.13633, 50.37179]], [[-4.13633, 50.37179], [-4.13639, 50.37187], [-4.13643, 50.37195]], [[-4.13643, 50.37195], [-4.1364, 50.37201], [-4.13632, 50.37208], [-4.13627, 50.37211], [-4.13616, 50.37214]], [[-4.13616, 50.37214], [-4.13607, 50.37216], [-4.13603, 50.37215]], [[-4.13603, 50.37215], [-4.13585, 50.37213], [-4.13573, 50.37209], [-4.13567, 50.37206]], [[-4.13567, 50.37206], [-4.13544, 50.37186], [-4.13538, 50.37177]], [[-4.13538, 50.37177], [-4.13516, 50.37172], [-4.13515, 50.37171], [-4.135, 50.3717]], [[-4.135, 50.3717], [-4.13453, 50.37167], [-4.13364, 50.37162], [-4.13303, 50.37158], [-4.13294, 50.37157], [-4.13286, 50.37156]], [[-4.13286, 50.37156], [-4.13265, 50.37153], [-4.13256, 50.37151], [-4.13233, 50.37146]], [[-4.13233, 50.37146], [-4.13194, 50.37136]], [[-4.13194, 50.37136], [-4.13183, 50.37133], [-4.13181, 50.37132]], [[-4.13181, 50.37132], [-4.13169, 50.37129], [-4.13142, 50.37121], [-4.1311, 50.37113], [-4.13096, 50.37109]], [[-4.13096, 50.37109], [-4.13, 50.37087], [-4.12946, 50.37079]], [[-4.12946, 50.37079], [-4.12887, 50.3707]], [[-4.12887, 50.3707], [-4.12796, 50.37054], [-4.1279, 50.37053], [-4.12756, 50.37049], [-4.1275, 50.37048], [-4.12722, 50.37044], [-4.12708, 50.37042], [-4.12687, 50.37039], [-4.1268, 50.37038], [-4.12669, 50.37037], [-4.12644, 50.37034], [-4.12639, 50.37034]], [[-4.12639, 50.37034], [-4.12612, 50.37031], [-4.12601, 50.3703], [-4.1259, 50.3703], [-4.12583, 50.37031], [-4.12577, 50.37032], [-4.12561, 50.37036]], [[-4.12561, 50.37036], [-4.12548, 50.37041]], [[-4.12548, 50.37041], [-4.12542, 50.37045], [-4.12536, 50.37048], [-4.12526, 50.37051]], [[-4.12526, 50.37051], [-4.12516, 50.37052], [-4.12504, 50.37053], [-4.12491, 50.37052]], [[-4.12491, 50.37052], [-4.12472, 50.37044], [-4.12452, 50.37036]], [[-4.12452, 50.37036], [-4.12421, 50.37025]], [[-4.12421, 50.37025], [-4.12414, 50.37023], [-4.1241, 50.37022], [-4.12401, 50.37019], [-4.12393, 50.37018], [-4.12382, 50.37018]], [[-4.12382, 50.37018], [-4.12372, 50.37019], [-4.12322, 50.37028], [-4.12299, 50.37032], [-4.1224, 50.37043]], [[-4.1224, 50.37043], [-4.12102, 50.37067], [-4.12086, 50.3707], [-4.11976, 50.37089], [-4.11953, 50.37094]], [[-4.11953, 50.37094], [-4.1192, 50.37099], [-4.11902, 50.37103]], [[-4.11902, 50.37103], [-4.11888, 50.37105], [-4.11875, 50.37107]], [[-4.11875, 50.37107], [-4.11849, 50.37105]], [[-4.11849, 50.37105], [-4.11842, 50.37105], [-4.11812, 50.37106]], [[-4.11812, 50.37106], [-4.11791, 50.37106], [-4.11721, 50.37105], [-4.11683, 50.37105], [-4.11651, 50.37103], [-4.1162, 50.37101], [-4.11603, 50.371], [-4.11581, 50.37097], [-4.11544, 50.37094], [-4.11517, 50.37092], [-4.11485, 50.37091], [-4.11465, 50.3709]], [[-4.21987, 50.40793], [-4.2197, 50.40797]], [[-4.14843, 50.37057], [-4.14843, 50.37045], [-4.14844, 50.37035]], [[-4.14844, 50.37035], [-4.14845, 50.37014]], [[-4.1433, 50.37552], [-4.14334, 50.37574], [-4.14338, 50.37584], [-4.14344, 50.37591], [-4.14358, 50.37599]], [[-4.14358, 50.37599], [-4.14386, 50.3762], [-4.14411, 50.37636]], [[-4.14411, 50.37636], [-4.14428, 50.37648], [-4.14449, 50.37662]], [[-4.14449, 50.37662], [-4.14465, 50.37671], [-4.14479, 50.37679], [-4.14512, 50.37694]], [[-4.14512, 50.37694], [-4.14533, 50.37702], [-4.14543, 50.37705]], [[-4.18729, 50.40271], [-4.18722, 50.40262]], [[-4.19784, 50.40769], [-4.19775, 50.40769]], [[-4.21037, 50.40895], [-4.21034, 50.40914]], [[-4.10096, 50.36527], [-4.10106, 50.36523], [-4.10109, 50.36521], [-4.10118, 50.36515]], [[-4.10141, 50.36644], [-4.10135, 50.36649], [-4.10126, 50.36651], [-4.10121, 50.36652], [-4.10116, 50.36652], [-4.10107, 50.3665]], [[-4.10107, 50.3665], [-4.10091, 50.36653], [-4.10077, 50.36656], [-4.10073, 50.36657]], [[-4.10073, 50.36657], [-4.10057, 50.3666], [-4.10007, 50.36672], [-4.09933, 50.36689]], [[-4.09933, 50.36689], [-4.09895, 50.367], [-4.09863, 50.36706], [-4.09816, 50.36714], [-4.09764, 50.36721], [-4.09707, 50.36726], [-4.09685, 50.36728], [-4.09667, 50.36729], [-4.09648, 50.3673], [-4.09642, 50.3673], [-4.09595, 50.36732], [-4.09547, 50.36733], [-4.09493, 50.36732], [-4.0944, 50.36729], [-4.09396, 50.36728]], [[-4.09933, 50.36689], [-4.09895, 50.367], [-4.09863, 50.36706], [-4.09816, 50.36714], [-4.09764, 50.36721], [-4.09707, 50.36726], [-4.09685, 50.36728], [-4.09667, 50.36729], [-4.09648, 50.3673], [-4.09642, 50.3673], [-4.09595, 50.36732], [-4.09547, 50.36733], [-4.09493, 50.36732], [-4.0944, 50.36729], [-4.09396, 50.36728]], [[-4.06598, 50.3615], [-4.06582, 50.3614], [-4.06562, 50.36128], [-4.06451, 50.36046], [-4.06411, 50.36014], [-4.06363, 50.35976], [-4.06344, 50.3596], [-4.06335, 50.35956]], [[-4.06608, 50.36156], [-4.06598, 50.3615]], [[-4.06613, 50.36144], [-4.06608, 50.36156]], [[-4.0663, 50.36121], [-4.06622, 50.3613], [-4.06617, 50.36136], [-4.06613, 50.36144]], [[-4.09713, 50.36717], [-4.09762, 50.36712], [-4.09817, 50.36705], [-4.09866, 50.36695], [-4.0989, 50.36688]], [[-4.0989, 50.36688], [-4.09919, 50.36681], [-4.09958, 50.36671], [-4.09997, 50.36662], [-4.10059, 50.36647], [-4.10069, 50.36644], [-4.10076, 50.36641], [-4.10094, 50.36634]], [[-4.10094, 50.36634], [-4.10096, 50.36629], [-4.10101, 50.36625]], [[-4.10101, 50.36625], [-4.10108, 50.36622], [-4.10117, 50.3662], [-4.10126, 50.36621]], [[-4.10126, 50.36621], [-4.10133, 50.36622], [-4.10138, 50.36626]], [[-4.09396, 50.36728], [-4.09372, 50.36731], [-4.09326, 50.36729], [-4.09321, 50.36731]], [[-4.09321, 50.36731], [-4.09319, 50.36734], [-4.09318, 50.36736], [-4.09313, 50.36741], [-4.09307, 50.36744]], [[-4.09307, 50.36744], [-4.09298, 50.36745], [-4.0929, 50.36745], [-4.09286, 50.36744]], [[-4.09286, 50.36744], [-4.09282, 50.36744], [-4.09275, 50.3674], [-4.09271, 50.36736], [-4.09269, 50.36731], [-4.09269, 50.36725]], [[-4.09269, 50.36725], [-4.09251, 50.3672], [-4.09235, 50.36711], [-4.09219, 50.36702], [-4.09187, 50.36692]], [[-4.09434, 50.3672], [-4.09442, 50.3672], [-4.09493, 50.36723], [-4.09548, 50.36724], [-4.0959, 50.36723], [-4.09599, 50.36723]], [[-4.08652, 50.36541], [-4.08642, 50.36539], [-4.08604, 50.36533], [-4.08591, 50.36532]], [[-4.08591, 50.36532], [-4.08548, 50.36532], [-4.08539, 50.36532], [-4.08483, 50.36534], [-4.08415, 50.36538]], [[-4.08415, 50.36538], [-4.08408, 50.36538], [-4.08387, 50.3654], [-4.08357, 50.36543], [-4.08335, 50.36547]], [[-4.08335, 50.36547], [-4.08331, 50.36549], [-4.08322, 50.3655], [-4.08315, 50.36549], [-4.08308, 50.36545], [-4.08305, 50.3654], [-4.08307, 50.36536], [-4.08311, 50.36532], [-4.08316, 50.3653], [-4.08325, 50.36529], [-4.08332, 50.36531], [-4.08336, 50.36534]], [[-4.08336, 50.36534], [-4.08404, 50.36532], [-4.085, 50.36527], [-4.08539, 50.36525], [-4.08577, 50.36525], [-4.08605, 50.36527], [-4.0862, 50.36528]], [[-4.0862, 50.36528], [-4.0864, 50.36531], [-4.08673, 50.36538], [-4.08707, 50.36548], [-4.08772, 50.36567], [-4.08805, 50.36576], [-4.08835, 50.36585], [-4.08893, 50.36601], [-4.08927, 50.3661], [-4.0894, 50.36613], [-4.08954, 50.36617], [-4.08966, 50.3662]], [[-4.08966, 50.3662], [-4.08979, 50.36623], [-4.09005, 50.3663], [-4.0903, 50.36639], [-4.09143, 50.36672], [-4.09154, 50.36676]], [[-4.09154, 50.36676], [-4.0923, 50.36693], [-4.09234, 50.36694], [-4.0926, 50.36698], [-4.09295, 50.36703], [-4.09342, 50.3671], [-4.0939, 50.36715], [-4.09434, 50.3672]], [[-4.09187, 50.36692], [-4.09123, 50.36678], [-4.0905, 50.36659], [-4.09019, 50.36652], [-4.08986, 50.36643], [-4.08956, 50.36635], [-4.08884, 50.36611], [-4.08824, 50.3659], [-4.08786, 50.36579]], [[-4.09599, 50.36723], [-4.09615, 50.36723], [-4.09632, 50.36722], [-4.09664, 50.36721], [-4.09687, 50.36719], [-4.09705, 50.36718]], [[-4.08325, 50.36529], [-4.08329, 50.36513], [-4.08332, 50.36487], [-4.08335, 50.36469], [-4.08338, 50.36465], [-4.08341, 50.36462], [-4.08359, 50.36445], [-4.0837, 50.36435], [-4.08383, 50.36425]], [[-4.08383, 50.36425], [-4.084, 50.36416], [-4.08432, 50.36399], [-4.08441, 50.36392], [-4.08449, 50.36382]], [[-4.08449, 50.36382], [-4.08459, 50.36366], [-4.08476, 50.36343], [-4.08477, 50.36341], [-4.08489, 50.36323]], [[-4.08489, 50.36323], [-4.08497, 50.36309], [-4.08529, 50.3628], [-4.08551, 50.36261], [-4.08566, 50.36249], [-4.08587, 50.36233], [-4.08604, 50.36221], [-4.08618, 50.36211], [-4.08646, 50.3619], [-4.08653, 50.36185], [-4.08665, 50.36176]], [[-4.08665, 50.36176], [-4.08681, 50.36165], [-4.08691, 50.36159], [-4.08704, 50.36155]], [[-4.08766, 50.36161], [-4.08761, 50.3616], [-4.08745, 50.36157], [-4.08732, 50.36154], [-4.08731, 50.36154], [-4.08721, 50.36153], [-4.08713, 50.36154], [-4.08704, 50.36155]], [[-4.08839, 50.36177], [-4.08833, 50.36177], [-4.08828, 50.36176], [-4.08819, 50.36176], [-4.08801, 50.36171], [-4.08779, 50.36164], [-4.08766, 50.36161]], [[-4.08929, 50.36169], [-4.08915, 50.36172], [-4.08879, 50.36175], [-4.08863, 50.36176], [-4.08839, 50.36177]], [[-4.09015, 50.36149], [-4.08998, 50.36153], [-4.0894, 50.36168], [-4.08929, 50.36169]], [[-4.09057, 50.36139], [-4.09015, 50.36149]]]}}, {"type": "Feature", "properties": {"mode": "bus", "name": "Bus 11: Plymouth => Liskeard", "ref": "11", "operator": "Plymouth City Bus Ltd", "osm_id": 5272897}, "geometry": {"type": "MultiLineString", "coordinates": [[[-4.14116, 50.37031], [-4.14133, 50.37031], [-4.14193, 50.37031], [-4.14208, 50.37031]], [[-4.14208, 50.37031], [-4.14241, 50.37031], [-4.14277, 50.3703]], [[-4.14277, 50.3703], [-4.14323, 50.37028]], [[-4.14323, 50.37028], [-4.14404, 50.37027], [-4.14458, 50.37026], [-4.14507, 50.37023], [-4.1453, 50.37021], [-4.14544, 50.37019]], [[-4.14544, 50.37019], [-4.14543, 50.36991], [-4.14544, 50.36987]], [[-4.14544, 50.36987], [-4.14544, 50.36983], [-4.14548, 50.36976], [-4.14551, 50.36971], [-4.14556, 50.36967], [-4.14561, 50.36964], [-4.14569, 50.36962], [-4.14577, 50.36961], [-4.14585, 50.3696]], [[-4.14585, 50.3696], [-4.14594, 50.36961], [-4.14606, 50.36963], [-4.14615, 50.36966], [-4.14632, 50.36974]], [[-4.14632, 50.36974], [-4.14645, 50.36978], [-4.14653, 50.3698], [-4.14656, 50.36981], [-4.14664, 50.36983], [-4.14673, 50.36984], [-4.14687, 50.36984]], [[-4.14687, 50.36984], [-4.14814, 50.36979]], [[-4.14814, 50.36979], [-4.14833, 50.36979], [-4.14845, 50.36979]], [[-4.14845, 50.36979], [-4.14845, 50.36973], [-4.14843, 50.36967], [-4.14842, 50.36958]], [[-4.14842, 50.36958], [-4.14849, 50.3695], [-4.14857, 50.36945], [-4.14868, 50.36941]], [[-4.14868, 50.36941], [-4.1488, 50.36942], [-4.14889, 50.36944], [-4.14897, 50.36948], [-4.14903, 50.36954]], [[-4.14903, 50.36954], [-4.14901, 50.36963], [-4.14896, 50.36971], [-4.14892, 50.36978]], [[-4.14892, 50.36978], [-4.14882, 50.36989]], [[-4.14882, 50.36989], [-4.14878, 50.36994], [-4.14876, 50.36996], [-4.14872, 50.37002], [-4.14866, 50.37011], [-4.14865, 50.37013], [-4.1486, 50.37022], [-4.14857, 50.37031], [-4.14855, 50.37041], [-4.14855, 50.37053], [-4.14856, 50.37064], [-4.14856, 50.37073], [-4.14857, 50.37091], [-4.1486, 50.3711], [-4.1486, 50.37124], [-4.14861, 50.37129]], [[-4.14861, 50.37129], [-4.14862, 50.3714], [-4.14864, 50.37156], [-4.14865, 50.37163], [-4.14865, 50.37178]], [[-4.14865, 50.37178], [-4.14862, 50.37197], [-4.14855, 50.3722], [-4.14846, 50.37234], [-4.14839, 50.37245], [-4.14829, 50.37254], [-4.14808, 50.37272], [-4.14794, 50.37281], [-4.14773, 50.37293], [-4.14751, 50.37303], [-4.14731, 50.37311]], [[-4.14731, 50.37311], [-4.14691, 50.37322]], [[-4.14691, 50.37322], [-4.14656, 50.37328]], [[-4.14656, 50.37328], [-4.14641, 50.37331], [-4.14599, 50.37342], [-4.14586, 50.37347], [-4.1457, 50.37352], [-4.14554, 50.3736]], [[-4.14554, 50.3736], [-4.14533, 50.37372], [-4.14489, 50.374], [-4.14484, 50.37404]], [[-4.14484, 50.37404], [-4.14448, 50.37431]], [[-4.14448, 50.37431], [-4.14443, 50.37435], [-4.14421, 50.37451]], [[-4.14421, 50.37451], [-4.14382, 50.37477]], [[-4.14382, 50.37477], [-4.14353, 50.37502], [-4.14344, 50.37512], [-4.1434, 50.3752], [-4.14337, 50.37529], [-4.14337, 50.37537], [-4.14338, 50.37548]], [[-4.14338, 50.37548], [-4.14338, 50.37562], [-4.14339, 50.3757], [-4.14341, 50.37578], [-4.14349, 50.37588], [-4.14358, 50.37599]], [[-4.14358, 50.37599], [-4.14386, 50.3762], [-4.14411, 50.37636]], [[-4.14411, 50.37636], [-4.14428, 50.37648], [-4.14449, 50.37662]], [[-4.14449, 50.37662], [-4.14465, 50.37671], [-4.14479, 50.37679], [-4.14512, 50.37694]], [[-4.14512, 50.37694], [-4.14533, 50.37702], [-4.14543, 50.37705]], [[-4.14543, 50.37705], [-4.1456, 50.3771]], [[-4.1456, 50.3771], [-4.14565, 50.37711], [-4.14603, 50.37716]], [[-4.14603, 50.37716], [-4.14657, 50.37724]], [[-4.14657, 50.37724], [-4.14676, 50.37728]], [[-4.14676, 50.37728], [-4.14703, 50.37734], [-4.14739, 50.37742]], [[-4.14739, 50.37742], [-4.1476, 50.37744], [-4.14764, 50.37744], [-4.14772, 50.37746], [-4.14782, 50.37747]], [[-4.14782, 50.37747], [-4.14788, 50.3775], [-4.14791, 50.37753], [-4.14793, 50.37757], [-4.14793, 50.37761], [-4.14792, 50.37764]], [[-4.14792, 50.37764], [-4.14803, 50.37781], [-4.14821, 50.37794]], [[-4.14821, 50.37794], [-4.14864, 50.37827]], [[-4.14864, 50.37827], [-4.14887, 50.37843], [-4.14915, 50.37862], [-4.1494, 50.37879], [-4.14948, 50.37884], [-4.14963, 50.37894], [-4.14975, 50.37902], [-4.14987, 50.3791], [-4.15014, 50.37928], [-4.15109, 50.37991], [-4.15134, 50.38008]], [[-4.15134, 50.38008], [-4.15165, 50.38025], [-4.15181, 50.38037], [-4.15202, 50.38057], [-4.15219, 50.38075], [-4.15235, 50.38095], [-4.15255, 50.38124], [-4.15283, 50.38176], [-4.15306, 50.38209], [-4.15328, 50.38235], [-4.15371, 50.38284], [-4.15419, 50.38333], [-4.15471, 50.38377]], [[-4.15471, 50.38377], [-4.15477, 50.38381], [-4.15485, 50.38388], [-4.15498, 50.38398], [-4.15579, 50.38468], [-4.1558, 50.38468]], [[-4.1558, 50.38468], [-4.15614, 50.3849], [-4.15634, 50.38502], [-4.15645, 50.38507]], [[-4.15645, 50.38507], [-4.15662, 50.38516], [-4.15666, 50.38517]], [[-4.15666, 50.38517], [-4.15693, 50.38528]], [[-4.15693, 50.38528], [-4.15707, 50.38531], [-4.15726, 50.38537], [-4.15729, 50.38538]], [[-4.15729, 50.38538], [-4.1575, 50.38546]], [[-4.1575, 50.38546], [-4.15763, 50.38555], [-4.15769, 50.3856]], [[-4.15769, 50.3856], [-4.15788, 50.38578], [-4.15815, 50.38603]], [[-4.15815, 50.38603], [-4.15841, 50.38628], [-4.15855, 50.38638], [-4.15869, 50.38644], [-4.15884, 50.38647], [-4.15893, 50.38649], [-4.15911, 50.38652], [-4.15948, 50.38657]], [[-4.15948, 50.38657], [-4.15951, 50.38658], [-4.16003, 50.38666], [-4.16023, 50.38668], [-4.16035, 50.38668]], [[-4.16035, 50.38668], [-4.1604, 50.38666], [-4.16046, 50.38663], [-4.16051, 50.38662]], [[-4.16051, 50.38662], [-4.16059, 50.38662], [-4.16067, 50.38663], [-4.16077, 50.38666], [-4.16084, 50.38671], [-4.16087, 50.38674], [-4.16088, 50.38677]], [[-4.16088, 50.38677], [-4.16101, 50.3869], [-4.16112, 50.38693], [-4.16128, 50.38697], [-4.16135, 50.38699], [-4.16155, 50.38704], [-4.16163, 50.38705], [-4.16174, 50.38708]], [[-4.16174, 50.38708], [-4.16203, 50.38715], [-4.16243, 50.3872], [-4.16262, 50.3872], [-4.16281, 50.38721], [-4.16303, 50.38722], [-4.1632, 50.38723]], [[-4.1632, 50.38723], [-4.16325, 50.38724], [-4.16343, 50.38726], [-4.16367, 50.38731], [-4.16394, 50.38738], [-4.1641, 50.38744], [-4.16429, 50.38753], [-4.16459, 50.38769], [-4.16496, 50.38794], [-4.165, 50.38797], [-4.16517, 50.38808]], [[-4.16517, 50.38808], [-4.16567, 50.38842], [-4.16597, 50.38864], [-4.16622, 50.3888], [-4.16629, 50.38885], [-4.16647, 50.38898], [-4.16672, 50.38914]], [[-4.16672, 50.38914], [-4.16695, 50.38929], [-4.1674, 50.3896], [-4.16762, 50.38975], [-4.16784, 50.3899]], [[-4.16784, 50.3899], [-4.16832, 50.39026], [-4.16882, 50.3905], [-4.17009, 50.39099], [-4.17059, 50.39118], [-4.17089, 50.39126], [-4.1715, 50.39141]], [[-4.1715, 50.39141], [-4.17251, 50.39166], [-4.17309, 50.39181], [-4.17346, 50.3919], [-4.17351, 50.39191], [-4.17385, 50.392], [-4.17389, 50.39201], [-4.1741, 50.39208], [-4.17428, 50.39216], [-4.17443, 50.39224], [-4.1746, 50.39235], [-4.17475, 50.39246], [-4.17488, 50.39258], [-4.17501, 50.39277], [-4.17507, 50.3929], [-4.17522, 50.39319], [-4.17531, 50.39334], [-4.17535, 50.39338]], [[-4.17535, 50.39338], [-4.1754, 50.39343], [-4.17554, 50.39356]], [[-4.17554, 50.39356], [-4.17563, 50.39363], [-4.17568, 50.39367], [-4.17582, 50.39375]], [[-4.17582, 50.39375], [-4.17585, 50.39377], [-4.17616, 50.39396], [-4.17678, 50.3944], [-4.17763, 50.39503]], [[-4.17763, 50.39503], [-4.17791, 50.39523], [-4.17819, 50.39543], [-4.17843, 50.39559]], [[-4.17843, 50.39559], [-4.17869, 50.39579], [-4.17878, 50.39586]], [[-4.17878, 50.39586], [-4.17882, 50.39589]], [[-4.17882, 50.39589], [-4.17885, 50.39591]], [[-4.17885, 50.39591], [-4.17898, 50.39603], [-4.17904, 50.39607]], [[-4.17904, 50.39607], [-4.17936, 50.39649]], [[-4.18164, 50.39725], [-4.18113, 50.39718], [-4.18102, 50.39717], [-4.18044, 50.39709], [-4.18034, 50.39708], [-4.18022, 50.39705], [-4.18009, 50.39701], [-4.17999, 50.39697], [-4.17993, 50.39693], [-4.17991, 50.39692], [-4.17989, 50.39691], [-4.17972, 50.39679], [-4.17958, 50.39668], [-4.17936, 50.39649]], [[-4.18207, 50.39731], [-4.18164, 50.39725]], [[-4.18256, 50.39737], [-4.18207, 50.39731]], [[-4.18349, 50.39903], [-4.18348, 50.39869], [-4.18346, 50.39849], [-4.18328, 50.39808], [-4.18314, 50.39782], [-4.18311, 50.39775], [-4.18299, 50.39758], [-4.18296, 50.39755], [-4.18289, 50.39751], [-4.18279, 50.39745], [-4.18269, 50.39741], [-4.18256, 50.39737]], [[-4.18349, 50.39903], [-4.18354, 50.3992], [-4.1836, 50.39938], [-4.18361, 50.3994], [-4.18376, 50.39968], [-4.18395, 50.39998], [-4.18406, 50.40015], [-4.18413, 50.40026], [-4.18429, 50.40046], [-4.18445, 50.40062], [-4.18466, 50.40079], [-4.18484, 50.40092], [-4.18505, 50.40107], [-4.18522, 50.40117], [-4.18528, 50.40124]], [[-4.18528, 50.40124], [-4.18547, 50.40131], [-4.18573, 50.40147], [-4.18635, 50.40186], [-4.18666, 50.40204]], [[-4.18666, 50.40204], [-4.18707, 50.40225], [-4.18718, 50.40231], [-4.18729, 50.40236], [-4.18749, 50.40243]], [[-4.18749, 50.40243], [-4.18773, 50.40249], [-4.1881, 50.40256], [-4.18817, 50.40258]], [[-4.18817, 50.40258], [-4.18822, 50.40261], [-4.18825, 50.40265], [-4.18827, 50.4027]], [[-4.18827, 50.4027], [-4.1883, 50.40284], [-4.1883, 50.40288], [-4.18832, 50.40291]], [[-4.18832, 50.40291], [-4.18838, 50.40295], [-4.18843, 50.40298], [-4.18868, 50.40304]], [[-4.1965, 50.40597], [-4.19607, 50.40556], [-4.19551, 50.40511], [-4.19494, 50.40475], [-4.1944, 50.40446], [-4.19383, 50.4042], [-4.19313, 50.40389], [-4.19275, 50.40377], [-4.1923, 50.40365], [-4.19195, 50.40358], [-4.1915, 50.4035], [-4.19145, 50.40349], [-4.19071, 50.40338], [-4.18971, 50.40322], [-4.18868, 50.40304]], [[-4.19709, 50.40654], [-4.19688, 50.40633], [-4.19682, 50.40627], [-4.19675, 50.40621], [-4.19661, 50.40607], [-4.1965, 50.40597]], [[-4.19742, 50.40708], [-4.19728, 50.40682], [-4.19728, 50.40681], [-4.1972, 50.40669], [-4.19715, 50.40662], [-4.19709, 50.40654]], [[-4.19742, 50.40708], [-4.19753, 50.40721], [-4.19759, 50.40729]], [[-4.19759, 50.40729], [-4.19769, 50.40732], [-4.19777, 50.40736]], [[-4.19777, 50.40736], [-4.19813, 50.40752], [-4.1984, 50.40763], [-4.19868, 50.40774]], [[-4.19868, 50.40774], [-4.19922, 50.40782]], [[-4.19922, 50.40782], [-4.2079, 50.40859]], [[-4.20887, 50.40871], [-4.20859, 50.40867], [-4.20814, 50.40861], [-4.2079, 50.40859]], [[-4.20887, 50.40871], [-4.20921, 50.40869], [-4.20971, 50.40875], [-4.21, 50.40878], [-4.21027, 50.40879], [-4.2103, 50.4088], [-4.2104, 50.40881]], [[-4.21053, 50.40861], [-4.21045, 50.40865], [-4.21042, 50.40871], [-4.2104, 50.40881]], [[-4.21116, 50.40863], [-4.21102, 50.40862], [-4.21087, 50.4086], [-4.21076, 50.40859], [-4.21061, 50.40859], [-4.21053, 50.40861]], [[-4.21167, 50.40868], [-4.21152, 50.40867], [-4.21116, 50.40863]], [[-4.21223, 50.40873], [-4.21201, 50.40871], [-4.21182, 50.40869], [-4.21167, 50.40868]], [[-4.21243, 50.40875], [-4.21223, 50.40873]], [[-4.21285, 50.4088], [-4.21276, 50.40879], [-4.21266, 50.40878], [-4.21243, 50.40875]], [[-4.21335, 50.40885], [-4.21295, 50.40881], [-4.21285, 50.4088]], [[-4.2139, 50.4089], [-4.21379, 50.40889], [-4.21345, 50.40886], [-4.21335, 50.40885]], [[-4.21449, 50.40895], [-4.21442, 50.40894], [-4.21407, 50.40891], [-4.2139, 50.4089]], [[-4.21542, 50.40904], [-4.21513, 50.40901], [-4.21501, 50.409], [-4.21472, 50.40897], [-4.21449, 50.40895]], [[-4.21794, 50.40967], [-4.21782, 50.40963], [-4.2177, 50.4096], [-4.21715, 50.40946], [-4.21695, 50.40941], [-4.21692, 50.4094], [-4.21689, 50.4094], [-4.21641, 50.40928], [-4.21592, 50.40917], [-4.21558, 50.4091], [-4.21542, 50.40904]], [[-4.21936, 50.41012], [-4.21927, 50.41009], [-4.21893, 50.40997], [-4.21874, 50.40991], [-4.21865, 50.40988], [-4.21794, 50.40967]], [[-4.22065, 50.41039], [-4.22059, 50.41038], [-4.2204, 50.41036], [-4.22026, 50.41034], [-4.21994, 50.41028], [-4.21962, 50.4102], [-4.21936, 50.41012]], [[-4.22139, 50.41049], [-4.22114, 50.41046], [-4.22088, 50.41042], [-4.22065, 50.41039]], [[-4.22226, 50.4106], [-4.22202, 50.41057], [-4.22188, 50.41055], [-4.22139, 50.41049]], [[-4.22257, 50.41065], [-4.22246, 50.41063], [-4.22226, 50.4106]], [[-4.22373, 50.41081], [-4.22367, 50.4108], [-4.22257, 50.41065]], [[-4.22414, 50.41087], [-4.22411, 50.41087], [-4.22393, 50.41084], [-4.22373, 50.41081]], [[-4.22445, 50.41092], [-4.22414, 50.41087]], [[-4.22703, 50.41132], [-4.22691, 50.41129], [-4.22641, 50.41116], [-4.22608, 50.41111], [-4.2249, 50.41098], [-4.22445, 50.41092]], [[-4.22703, 50.41132], [-4.22713, 50.41136], [-4.22726, 50.4114], [-4.22745, 50.41147]], [[-4.22745, 50.41147], [-4.22769, 50.41154], [-4.22779, 50.41157], [-4.22794, 50.41161]], [[-4.22794, 50.41161], [-4.22826, 50.4117]], [[-4.22826, 50.4117], [-4.2283, 50.41171], [-4.22849, 50.41177]], [[-4.22849, 50.41177], [-4.22897, 50.41191]], [[-4.22897, 50.41191], [-4.22928, 50.41204], [-4.22959, 50.4122], [-4.22972, 50.41226], [-4.23018, 50.41251], [-4.23029, 50.41256]], [[-4.23029, 50.41256], [-4.23034, 50.41259], [-4.23077, 50.41282], [-4.23089, 50.41289]], [[-4.23089, 50.41289], [-4.23107, 50.413], [-4.23115, 50.41308], [-4.23118, 50.41313], [-4.23126, 50.41324]], [[-4.23126, 50.41324], [-4.23156, 50.41325]], [[-4.23156, 50.41325], [-4.23192, 50.41324], [-4.23266, 50.41315]], [[-4.23266, 50.41315], [-4.23289, 50.41314]], [[-4.23289, 50.41314], [-4.23364, 50.41314], [-4.23388, 50.41315], [-4.23425, 50.4132], [-4.23476, 50.41325], [-4.23513, 50.41329]], [[-4.23513, 50.41329], [-4.2353, 50.41331]], [[-4.2353, 50.41331], [-4.23548, 50.41333]], [[-4.23548, 50.41333], [-4.23598, 50.41338], [-4.23606, 50.41338]], [[-4.23606, 50.41338], [-4.23653, 50.4134], [-4.23655, 50.4134], [-4.23676, 50.41341]], [[-4.23676, 50.41341], [-4.23699, 50.41342], [-4.23714, 50.41342]], [[-4.23714, 50.41342], [-4.23736, 50.41343], [-4.23752, 50.41344], [-4.23832, 50.41345], [-4.23874, 50.41345]], [[-4.23874, 50.41345], [-4.23888, 50.41345], [-4.23939, 50.41346], [-4.23987, 50.41348], [-4.24007, 50.41349], [-4.24046, 50.41351], [-4.24074, 50.41354], [-4.24098, 50.41357], [-4.24112, 50.4136]], [[-4.24112, 50.4136], [-4.24119, 50.41361], [-4.24149, 50.41367], [-4.24176, 50.41372], [-4.24201, 50.41373]], [[-4.24201, 50.41373], [-4.24203, 50.41368], [-4.24207, 50.41364], [-4.24214, 50.41362], [-4.24221, 50.41361], [-4.24228, 50.41362]], [[-4.24228, 50.41362], [-4.24233, 50.41364], [-4.24238, 50.41367], [-4.2424, 50.4137], [-4.24241, 50.41374]], [[-4.24357, 50.41374], [-4.24331, 50.41372], [-4.24298, 50.41371], [-4.24274, 50.41371], [-4.24241, 50.41374]], [[-4.2444, 50.41382], [-4.24378, 50.41376], [-4.24357, 50.41374]], [[-4.2444, 50.41382], [-4.24458, 50.41382], [-4.24509, 50.41387], [-4.2453, 50.41392]], [[-4.2453, 50.41392], [-4.24556, 50.41396], [-4.24563, 50.41397], [-4.24596, 50.41403], [-4.24625, 50.41409], [-4.24686, 50.41422], [-4.24749, 50.4144], [-4.24801, 50.41455]], [[-4.24801, 50.41455], [-4.24814, 50.41459], [-4.24849, 50.41472], [-4.24897, 50.41489], [-4.24912, 50.41493], [-4.2492, 50.41496], [-4.24925, 50.41502]], [[-4.24925, 50.41502], [-4.24989, 50.41508], [-4.25, 50.41509]]]}}, {"type": "Feature", "properties": {"mode": "bus", "name": "Bus 11: Liskeard => Plymouth", "ref": "11", "operator": "Plymouth City Bus Ltd", "osm_id": 5278255}, "geometry": {"type": "MultiLineString", "coordinates": [[[-4.24925, 50.41502], [-4.24989, 50.41508], [-4.25, 50.41509]], [[-4.24815, 50.41503], [-4.24882, 50.415], [-4.24925, 50.41502]], [[-4.24625, 50.41528], [-4.24666, 50.4152], [-4.24699, 50.41515], [-4.24741, 50.41509], [-4.2477, 50.41506], [-4.24815, 50.41503]], [[-4.24625, 50.41528], [-4.24611, 50.41503], [-4.24594, 50.41473], [-4.24577, 50.41449], [-4.2456, 50.41433], [-4.24549, 50.41425], [-4.24533, 50.41415], [-4.24507, 50.41402], [-4.24486, 50.41395], [-4.24475, 50.41392], [-4.2444, 50.41382]], [[-4.2444, 50.41382], [-4.24378, 50.41376], [-4.24357, 50.41374]], [[-4.24357, 50.41374], [-4.24331, 50.41372], [-4.24298, 50.41371], [-4.24274, 50.41371], [-4.24241, 50.41374]], [[-4.24241, 50.41374], [-4.2424, 50.41379], [-4.24235, 50.41383], [-4.24228, 50.41386], [-4.2422, 50.41387]], [[-4.2422, 50.41387], [-4.24212, 50.41386], [-4.24206, 50.41383], [-4.24202, 50.41378], [-4.24201, 50.41373]], [[-4.24112, 50.4136], [-4.24119, 50.41361], [-4.24149, 50.41367], [-4.24176, 50.41372], [-4.24201, 50.41373]], [[-4.23874, 50.41345], [-4.23888, 50.41345], [-4.23939, 50.41346], [-4.23987, 50.41348], [-4.24007, 50.41349], [-4.24046, 50.41351], [-4.24074, 50.41354], [-4.24098, 50.41357], [-4.24112, 50.4136]], [[-4.23714, 50.41342], [-4.23736, 50.41343], [-4.23752, 50.41344], [-4.23832, 50.41345], [-4.23874, 50.41345]], [[-4.23676, 50.41341], [-4.23699, 50.41342], [-4.23714, 50.41342]], [[-4.23606, 50.41338], [-4.23653, 50.4134], [-4.23655, 50.4134], [-4.23676, 50.41341]], [[-4.23548, 50.41333], [-4.23598, 50.41338], [-4.23606, 50.41338]], [[-4.2353, 50.41331], [-4.23548, 50.41333]], [[-4.23513, 50.41329], [-4.2353, 50.41331]], [[-4.23289, 50.41314], [-4.23364, 50.41314], [-4.23388, 50.41315], [-4.23425, 50.4132], [-4.23476, 50.41325], [-4.23513, 50.41329]], [[-4.23266, 50.41315], [-4.23289, 50.41314]], [[-4.23156, 50.41325], [-4.23192, 50.41324], [-4.23266, 50.41315]], [[-4.23126, 50.41324], [-4.23156, 50.41325]], [[-4.23089, 50.41289], [-4.23107, 50.413], [-4.23115, 50.41308], [-4.23118, 50.41313], [-4.23126, 50.41324]], [[-4.23029, 50.41256], [-4.23034, 50.41259], [-4.23077, 50.41282], [-4.23089, 50.41289]], [[-4.22897, 50.41191], [-4.22928, 50.41204], [-4.22959, 50.4122], [-4.22972, 50.41226], [-4.23018, 50.41251], [-4.23029, 50.41256]], [[-4.22849, 50.41177], [-4.22897, 50.41191]], [[-4.22826, 50.4117], [-4.2283, 50.41171], [-4.22849, 50.41177]], [[-4.22794, 50.41161], [-4.22826, 50.4117]], [[-4.22745, 50.41147], [-4.22769, 50.41154], [-4.22779, 50.41157], [-4.22794, 50.41161]], [[-4.22703, 50.41132], [-4.22713, 50.41136], [-4.22726, 50.4114], [-4.22745, 50.41147]], [[-4.22703, 50.41132], [-4.22691, 50.41129], [-4.22641, 50.41116], [-4.22608, 50.41111], [-4.2249, 50.41098], [-4.22445, 50.41092]], [[-4.22445, 50.41092], [-4.22414, 50.41087]], [[-4.22414, 50.41087], [-4.22411, 50.41087], [-4.22393, 50.41084], [-4.22373, 50.41081]], [[-4.22373, 50.41081], [-4.22367, 50.4108], [-4.22257, 50.41065]], [[-4.22257, 50.41065], [-4.22246, 50.41063], [-4.22226, 50.4106]], [[-4.22226, 50.4106], [-4.22202, 50.41057], [-4.22188, 50.41055], [-4.22139, 50.41049]], [[-4.22139, 50.41049], [-4.22114, 50.41046], [-4.22088, 50.41042], [-4.22065, 50.41039]], [[-4.22065, 50.41039], [-4.22059, 50.41038], [-4.2204, 50.41036], [-4.22026, 50.41034], [-4.21994, 50.41028], [-4.21962, 50.4102], [-4.21936, 50.41012]], [[-4.21936, 50.41012], [-4.21927, 50.41009], [-4.21893, 50.40997], [-4.21874, 50.40991], [-4.21865, 50.40988], [-4.21794, 50.40967]], [[-4.21794, 50.40967], [-4.21782, 50.40963], [-4.2177, 50.4096], [-4.21715, 50.40946], [-4.21695, 50.40941], [-4.21692, 50.4094], [-4.21689, 50.4094], [-4.21641, 50.40928], [-4.21592, 50.40917], [-4.21558, 50.4091], [-4.21542, 50.40904]], [[-4.21542, 50.40904], [-4.21513, 50.40901], [-4.21501, 50.409], [-4.21472, 50.40897], [-4.21449, 50.40895]], [[-4.21449, 50.40895], [-4.21442, 50.40894], [-4.21407, 50.40891], [-4.2139, 50.4089]], [[-4.2139, 50.4089], [-4.21379, 50.40889], [-4.21345, 50.40886], [-4.21335, 50.40885]], [[-4.21335, 50.40885], [-4.21295, 50.40881], [-4.21285, 50.4088]], [[-4.21285, 50.4088], [-4.21276, 50.40879], [-4.21266, 50.40878], [-4.21243, 50.40875]], [[-4.21243, 50.40875], [-4.21223, 50.40873]], [[-4.21223, 50.40873], [-4.21201, 50.40871], [-4.21182, 50.40869], [-4.21167, 50.40868]], [[-4.21167, 50.40868], [-4.21152, 50.40867], [-4.21116, 50.40863]], [[-4.21116, 50.40863], [-4.21102, 50.40862], [-4.21087, 50.4086], [-4.21076, 50.40859], [-4.21061, 50.40859], [-4.21053, 50.40861]], [[-4.21053, 50.40861], [-4.21045, 50.40865], [-4.21042, 50.40871], [-4.2104, 50.40881]], [[-4.2104, 50.40881], [-4.21037, 50.40895]], [[-4.21037, 50.40895], [-4.21034, 50.40914]], [[-4.21034, 50.40914], [-4.2103, 50.40918], [-4.21023, 50.40921], [-4.21017, 50.40922], [-4.21007, 50.40921]], [[-4.21007, 50.40921], [-4.20999, 50.40918], [-4.20943, 50.40899], [-4.20905, 50.40886], [-4.20884, 50.40881], [-4.20842, 50.40874], [-4.20788, 50.40868]], [[-4.20788, 50.40868], [-4.20452, 50.40838], [-4.20167, 50.40813], [-4.20088, 50.40806], [-4.19922, 50.40791]], [[-4.19922, 50.40791], [-4.19883, 50.40787]], [[-4.19883, 50.40787], [-4.19848, 50.40791], [-4.19826, 50.40792], [-4.19806, 50.40792], [-4.19792, 50.40791], [-4.19776, 50.40788], [-4.19763, 50.40784], [-4.19735, 50.40771]], [[-4.19735, 50.40771], [-4.19725, 50.40771]], [[-4.19725, 50.40771], [-4.19717, 50.40766], [-4.19711, 50.4076], [-4.19708, 50.40753], [-4.1971, 50.40744]], [[-4.1971, 50.40744], [-4.19713, 50.40739], [-4.19719, 50.40735], [-4.19725, 50.40731]], [[-4.19725, 50.40731], [-4.19742, 50.40708]], [[-4.19742, 50.40708], [-4.19728, 50.40682], [-4.19728, 50.40681], [-4.1972, 50.40669], [-4.19715, 50.40662], [-4.19709, 50.40654]], [[-4.19709, 50.40654], [-4.19688, 50.40633], [-4.19682, 50.40627], [-4.19675, 50.40621], [-4.19661, 50.40607], [-4.1965, 50.40597]], [[-4.1965, 50.40597], [-4.19607, 50.40556], [-4.19551, 50.40511], [-4.19494, 50.40475], [-4.1944, 50.40446], [-4.19383, 50.4042], [-4.19313, 50.40389], [-4.19275, 50.40377], [-4.1923, 50.40365], [-4.19195, 50.40358], [-4.1915, 50.4035], [-4.19145, 50.40349], [-4.19071, 50.40338], [-4.18971, 50.40322], [-4.18868, 50.40304]], [[-4.18868, 50.40304], [-4.18838, 50.403], [-4.18825, 50.40297]], [[-4.18825, 50.40297], [-4.1881, 50.40293], [-4.18794, 50.40288]], [[-4.18794, 50.40288], [-4.18781, 50.40283]], [[-4.18781, 50.40283], [-4.18763, 50.40276], [-4.18757, 50.40275], [-4.18746, 50.40275], [-4.18739, 50.40275], [-4.18733, 50.40273], [-4.18729, 50.40271]], [[-4.18729, 50.40271], [-4.18722, 50.40262]], [[-4.18722, 50.40262], [-4.18706, 50.4024], [-4.18702, 50.40237], [-4.18689, 50.40228]], [[-4.18689, 50.40228], [-4.18679, 50.40223], [-4.18674, 50.4022], [-4.18658, 50.4021]], [[-4.18658, 50.4021], [-4.18635, 50.40197]], [[-4.18635, 50.40197], [-4.18621, 50.40188], [-4.18599, 50.40175], [-4.18569, 50.40157], [-4.18537, 50.40133], [-4.18528, 50.40124]], [[-4.18528, 50.40124], [-4.1851, 50.40121], [-4.18497, 50.40115], [-4.18467, 50.40091], [-4.18438, 50.40067], [-4.18419, 50.40047], [-4.18404, 50.4003], [-4.18397, 50.40019]], [[-4.18397, 50.40019], [-4.1839, 50.40008], [-4.18371, 50.39978]], [[-4.18371, 50.39978], [-4.18368, 50.39973], [-4.18354, 50.3995], [-4.18349, 50.39939]], [[-4.18349, 50.39939], [-4.18347, 50.39934], [-4.18344, 50.39921], [-4.18349, 50.39903]], [[-4.18349, 50.39903], [-4.18348, 50.39869], [-4.18346, 50.39849], [-4.18328, 50.39808], [-4.18314, 50.39782], [-4.18311, 50.39775], [-4.18299, 50.39758], [-4.18296, 50.39755], [-4.18289, 50.39751], [-4.18279, 50.39745], [-4.18269, 50.39741], [-4.18256, 50.39737]], [[-4.18256, 50.39737], [-4.18207, 50.39731]], [[-4.18207, 50.39731], [-4.18164, 50.39725]], [[-4.18164, 50.39725], [-4.18113, 50.39718], [-4.18102, 50.39717], [-4.18044, 50.39709], [-4.18034, 50.39708], [-4.18022, 50.39705], [-4.18009, 50.39701], [-4.17999, 50.39697], [-4.17993, 50.39693], [-4.17991, 50.39692], [-4.17989, 50.39691], [-4.17972, 50.39679], [-4.17958, 50.39668], [-4.17936, 50.39649]], [[-4.17936, 50.39649], [-4.17892, 50.39618]], [[-4.17892, 50.39618], [-4.17879, 50.39607], [-4.17871, 50.396]], [[-4.17871, 50.396], [-4.17863, 50.39593]], [[-4.17863, 50.39593], [-4.17855, 50.39587], [-4.17827, 50.39564]], [[-4.17827, 50.39564], [-4.17801, 50.39542], [-4.17795, 50.39536]], [[-4.17795, 50.39536], [-4.17754, 50.39509], [-4.17701, 50.3947], [-4.17657, 50.39435], [-4.17612, 50.39404]], [[-4.17612, 50.39404], [-4.17606, 50.394], [-4.17573, 50.3938], [-4.17554, 50.39367], [-4.17545, 50.39361]], [[-4.17545, 50.39361], [-4.17533, 50.39351], [-4.1752, 50.39336], [-4.17512, 50.39323], [-4.17506, 50.39314], [-4.17497, 50.39293], [-4.17489, 50.39279], [-4.17478, 50.39263], [-4.17477, 50.39261], [-4.17469, 50.39253], [-4.17459, 50.39245], [-4.1745, 50.39239], [-4.17435, 50.39229], [-4.17419, 50.39221], [-4.17404, 50.39214], [-4.17384, 50.39208], [-4.1734, 50.39196], [-4.17278, 50.39181], [-4.17248, 50.39174], [-4.17209, 50.39164]], [[-4.17209, 50.39164], [-4.17114, 50.39141], [-4.17097, 50.39136], [-4.17096, 50.39136], [-4.17055, 50.39123], [-4.17036, 50.39117], [-4.16944, 50.39076], [-4.16884, 50.39053], [-4.16879, 50.39052], [-4.16828, 50.39029], [-4.16776, 50.38997]], [[-4.16776, 50.38997], [-4.16752, 50.38982], [-4.16747, 50.38978]], [[-4.16747, 50.38978], [-4.16728, 50.38965], [-4.16687, 50.38936], [-4.16668, 50.38923]], [[-4.16668, 50.38923], [-4.16637, 50.38902], [-4.16614, 50.38886], [-4.1656, 50.3885], [-4.16517, 50.38822], [-4.16504, 50.38814]], [[-4.16504, 50.38814], [-4.16486, 50.388], [-4.16474, 50.38791], [-4.16443, 50.3877]], [[-4.16443, 50.3877], [-4.16419, 50.38757], [-4.16404, 50.3875], [-4.16387, 50.38745], [-4.16363, 50.38738], [-4.16347, 50.38735]], [[-4.16347, 50.38735], [-4.16339, 50.38733], [-4.16321, 50.38731], [-4.16315, 50.3873], [-4.16302, 50.38729], [-4.16279, 50.38729], [-4.16259, 50.38728], [-4.16238, 50.38727], [-4.16214, 50.38725], [-4.16196, 50.38721]], [[-4.16196, 50.38721], [-4.16193, 50.38721], [-4.16159, 50.38713]], [[-4.16159, 50.38713], [-4.16152, 50.38711], [-4.16121, 50.38704], [-4.16116, 50.38702], [-4.16091, 50.387], [-4.16077, 50.38697]], [[-4.16077, 50.38697], [-4.16067, 50.38701], [-4.16056, 50.38701], [-4.16045, 50.387], [-4.16037, 50.38696], [-4.1603, 50.3869], [-4.16028, 50.38685]], [[-4.16028, 50.38685], [-4.16016, 50.38679], [-4.16, 50.38674], [-4.15944, 50.38665], [-4.15903, 50.3866], [-4.15884, 50.38656], [-4.15863, 50.38651], [-4.15843, 50.38642], [-4.15828, 50.38631], [-4.15812, 50.38617], [-4.15803, 50.38608], [-4.15793, 50.38598]], [[-4.15793, 50.38598], [-4.15781, 50.38586], [-4.15776, 50.38582], [-4.15767, 50.38572], [-4.15748, 50.38561]], [[-4.15748, 50.38561], [-4.15744, 50.38559], [-4.15729, 50.38552], [-4.15712, 50.38551], [-4.15695, 50.38551], [-4.15676, 50.38553], [-4.15657, 50.38552], [-4.1565, 50.38551]], [[-4.1565, 50.38551], [-4.15634, 50.38549], [-4.15618, 50.38544]], [[-4.15618, 50.38544], [-4.15598, 50.38535], [-4.15584, 50.38527], [-4.15581, 50.38526], [-4.15565, 50.38514]], [[-4.15565, 50.38514], [-4.1556, 50.38506], [-4.15544, 50.3848], [-4.15536, 50.3846], [-4.15526, 50.38446], [-4.15516, 50.38433], [-4.15502, 50.38417], [-4.15497, 50.38413], [-4.15477, 50.38396], [-4.15469, 50.3839], [-4.15458, 50.38381]], [[-4.15458, 50.38381], [-4.15422, 50.38348]], [[-4.15422, 50.38348], [-4.15411, 50.38338], [-4.15361, 50.38289], [-4.15318, 50.38241], [-4.15294, 50.38213], [-4.15282, 50.38195], [-4.15272, 50.3818], [-4.15245, 50.38127], [-4.15225, 50.38097], [-4.15209, 50.38078], [-4.15192, 50.38061], [-4.15166, 50.38035]], [[-4.15166, 50.38035], [-4.15154, 50.38025], [-4.15134, 50.38008]], [[-4.14864, 50.37827], [-4.14887, 50.37843], [-4.14915, 50.37862], [-4.1494, 50.37879], [-4.14948, 50.37884], [-4.14963, 50.37894], [-4.14975, 50.37902], [-4.14987, 50.3791], [-4.15014, 50.37928], [-4.15109, 50.37991], [-4.15134, 50.38008]], [[-4.14864, 50.37827], [-4.14826, 50.37806], [-4.14813, 50.37798], [-4.14804, 50.37792], [-4.14797, 50.37788], [-4.14787, 50.3778], [-4.14768, 50.37769]], [[-4.14768, 50.37769], [-4.14738, 50.37768]], [[-4.14738, 50.37768], [-4.14731, 50.37768], [-4.14725, 50.37765], [-4.14721, 50.37763], [-4.14719, 50.3776]], [[-4.14719, 50.3776], [-4.14719, 50.37757]], [[-4.14719, 50.37757], [-4.14696, 50.37746], [-4.14686, 50.3774], [-4.14654, 50.37729], [-4.14644, 50.37728]], [[-4.14644, 50.37728], [-4.14588, 50.37721]], [[-4.14588, 50.37721], [-4.14574, 50.37719]], [[-4.14574, 50.37719], [-4.1456, 50.37717], [-4.14554, 50.37716], [-4.14531, 50.37712], [-4.1452, 50.37709]], [[-4.1452, 50.37709], [-4.14501, 50.37704], [-4.14449, 50.37686]], [[-4.14449, 50.37686], [-4.14448, 50.37685]], [[-4.14448, 50.37685], [-4.14413, 50.37669], [-4.14394, 50.37659], [-4.14372, 50.37647], [-4.14334, 50.37622], [-4.14298, 50.37594], [-4.14282, 50.37587]], [[-4.14282, 50.37587], [-4.14276, 50.37588], [-4.1427, 50.37589]], [[-4.1427, 50.37589], [-4.14259, 50.37589], [-4.14247, 50.37588], [-4.14235, 50.37586], [-4.14223, 50.37582]], [[-4.14223, 50.37582], [-4.14213, 50.37577], [-4.14205, 50.37571], [-4.14198, 50.37564], [-4.14193, 50.37557], [-4.14191, 50.37549], [-4.1419, 50.37541], [-4.14192, 50.37533]], [[-4.14192, 50.37533], [-4.14197, 50.37525], [-4.14203, 50.37518], [-4.14211, 50.37512], [-4.14221, 50.37507], [-4.14233, 50.37503]], [[-4.14233, 50.37503], [-4.14245, 50.375]], [[-4.14245, 50.375], [-4.14254, 50.37499], [-4.14264, 50.37499], [-4.14273, 50.37499]], [[-4.14273, 50.37499], [-4.14291, 50.37495], [-4.14304, 50.37491], [-4.14333, 50.37478]], [[-4.14333, 50.37478], [-4.14346, 50.37468], [-4.14375, 50.37447], [-4.14401, 50.3743], [-4.14406, 50.37426], [-4.14432, 50.37409]], [[-4.14432, 50.37409], [-4.14441, 50.37404], [-4.14466, 50.37387], [-4.14487, 50.37375]], [[-4.14487, 50.37375], [-4.14533, 50.37351], [-4.14547, 50.37344]], [[-4.14547, 50.37344], [-4.14564, 50.37338], [-4.14571, 50.37335], [-4.14597, 50.37327]], [[-4.14597, 50.37327], [-4.14602, 50.37326], [-4.14637, 50.3732], [-4.14661, 50.37316], [-4.14679, 50.37313], [-4.14713, 50.37306], [-4.14737, 50.37297], [-4.14742, 50.37295], [-4.14766, 50.37284], [-4.14793, 50.37265], [-4.14821, 50.3724], [-4.14838, 50.37216], [-4.14843, 50.37201], [-4.14845, 50.37188], [-4.14846, 50.3718], [-4.14846, 50.37168], [-4.14845, 50.37141], [-4.14844, 50.37105], [-4.14842, 50.3708], [-4.14842, 50.37068], [-4.14843, 50.37057]], [[-4.14843, 50.37057], [-4.14843, 50.37045], [-4.14844, 50.37035]], [[-4.14844, 50.37035], [-4.14845, 50.37014]], [[-4.14845, 50.37014], [-4.14837, 50.37004], [-4.14834, 50.37001], [-4.14831, 50.36998], [-4.14828, 50.36996]], [[-4.14828, 50.36996], [-4.14821, 50.36993], [-4.14814, 50.36991]], [[-4.14814, 50.36991], [-4.14783, 50.36991], [-4.14762, 50.36991]], [[-4.14762, 50.36991], [-4.14697, 50.36992]], [[-4.14697, 50.36992], [-4.1467, 50.36994], [-4.14657, 50.36995], [-4.14651, 50.36995], [-4.14642, 50.36997], [-4.14634, 50.37]], [[-4.14634, 50.37], [-4.14633, 50.37018], [-4.14632, 50.37025], [-4.14628, 50.37032], [-4.14623, 50.37037], [-4.14618, 50.37041], [-4.14611, 50.37044]], [[-4.14611, 50.37044], [-4.14603, 50.37046], [-4.14591, 50.37048], [-4.14582, 50.37048], [-4.14573, 50.37046]], [[-4.14573, 50.37046], [-4.14561, 50.37042], [-4.14553, 50.37037]], [[-4.14553, 50.37037], [-4.14529, 50.37034], [-4.14521, 50.37033]], [[-4.14521, 50.37033], [-4.14487, 50.37034], [-4.14454, 50.37035]], [[-4.14454, 50.37035], [-4.14357, 50.37037], [-4.14302, 50.37036], [-4.1428, 50.37036]], [[-4.1428, 50.37036], [-4.14241, 50.37036], [-4.14203, 50.37037]], [[-4.14203, 50.37037], [-4.14149, 50.37039], [-4.14126, 50.3704], [-4.14109, 50.3704]]]}}, {"type": "Feature", "properties": {"mode": "bus", "name": "Route 21A", "ref": "21A", "operator": "Plymouth Bus", "osm_id": 5900017}, "geometry": {"type": "MultiLineString", "coordinates": [[[-4.16561, 50.36969], [-4.16557, 50.36971], [-4.16552, 50.36973]], [[-4.16552, 50.36973], [-4.16546, 50.36972], [-4.16544, 50.36971], [-4.1654, 50.36969]], [[-4.16223, 50.36948], [-4.16222, 50.36946], [-4.16212, 50.3694]], [[-4.15153, 50.36984], [-4.15141, 50.36982], [-4.15125, 50.36981], [-4.15103, 50.3698]], [[-4.15008, 50.36983], [-4.14976, 50.36983]], [[-4.14882, 50.36989], [-4.14853, 50.3699], [-4.14846, 50.3699]], [[-4.14814, 50.36991], [-4.14783, 50.36991], [-4.14762, 50.36991]], [[-4.14697, 50.36992], [-4.1467, 50.36994], [-4.14657, 50.36995], [-4.14651, 50.36995], [-4.14642, 50.36997], [-4.14634, 50.37]], [[-4.14203, 50.37037], [-4.14149, 50.37039], [-4.14126, 50.3704], [-4.14109, 50.3704]]]}}, {"type": "Feature", "properties": {"mode": "rail", "name": "CrossCountry: Edinburgh \u2192 Plymouth", "ref": "XC", "operator": "CrossCountry", "osm_id": 6396488}, "geometry": {"type": "MultiLineString", "coordinates": [[[-3.95, 50.40263], [-3.95014, 50.40269], [-3.95066, 50.40288]], [[-3.95066, 50.40288], [-3.95092, 50.40297]], [[-3.95092, 50.40297], [-3.95201, 50.40332], [-3.95285, 50.40361], [-3.95366, 50.40395], [-3.95431, 50.40426], [-3.95506, 50.4047], [-3.95579, 50.40517], [-3.95678, 50.40581], [-3.9574, 50.40625], [-3.95824, 50.40681]], [[-3.95824, 50.40681], [-3.9589, 50.40726], [-3.95913, 50.40738], [-3.95958, 50.40756], [-3.96006, 50.40774], [-3.96047, 50.40788], [-3.96099, 50.40804], [-3.96161, 50.4082], [-3.96215, 50.40829]], [[-3.96215, 50.40829], [-3.96279, 50.40838], [-3.96318, 50.40842], [-3.96361, 50.40844], [-3.9639, 50.40844], [-3.96424, 50.40842], [-3.96481, 50.40837], [-3.96549, 50.40827], [-3.96599, 50.40815], [-3.96644, 50.40803], [-3.96693, 50.40788], [-3.96801, 50.40753]], [[-3.96801, 50.40753], [-3.96882, 50.40726], [-3.97049, 50.40671], [-3.97129, 50.40643], [-3.97165, 50.40629], [-3.972, 50.40614], [-3.9725, 50.40589]], [[-3.9725, 50.40589], [-3.97293, 50.40561], [-3.97321, 50.40542], [-3.9736, 50.40513], [-3.9743, 50.40456], [-3.97481, 50.40421], [-3.97536, 50.40389], [-3.97592, 50.40362], [-3.97644, 50.4034], [-3.977, 50.40321], [-3.97791, 50.40295], [-3.97884, 50.40269]], [[-3.97884, 50.40269], [-3.97907, 50.40263]], [[-3.97907, 50.40263], [-3.98402, 50.40127], [-3.98464, 50.40108], [-3.98522, 50.40089], [-3.98586, 50.40064], [-3.98655, 50.40031], [-3.98705, 50.40005], [-3.98769, 50.39966], [-3.98813, 50.39934], [-3.98864, 50.39892], [-3.9896, 50.39811], [-3.99017, 50.39769], [-3.99063, 50.39735], [-3.99113, 50.39704], [-3.99182, 50.39671], [-3.99246, 50.39646], [-3.99294, 50.39633], [-3.9934, 50.39621], [-3.99425, 50.39605]], [[-3.99425, 50.39605], [-3.99443, 50.39601]], [[-3.99443, 50.39601], [-3.99605, 50.39578], [-3.99675, 50.39568], [-3.99687, 50.39566], [-3.99834, 50.39545]], [[-3.99834, 50.39545], [-3.99981, 50.39523], [-4.00055, 50.39513]], [[-4.00055, 50.39513], [-4.0014, 50.39503], [-4.00243, 50.39493], [-4.00339, 50.39486], [-4.00492, 50.39477], [-4.00644, 50.39465], [-4.00794, 50.3945], [-4.00961, 50.39431], [-4.01149, 50.39408], [-4.01338, 50.39385], [-4.0141, 50.39377], [-4.02046, 50.39304], [-4.02139, 50.39299], [-4.02231, 50.39298], [-4.02352, 50.39298], [-4.02417, 50.39302], [-4.02658, 50.39315], [-4.02882, 50.3933], [-4.03109, 50.39345], [-4.03353, 50.39356]], [[-4.03353, 50.39356], [-4.0338, 50.39356]], [[-4.0338, 50.39356], [-4.03474, 50.39358], [-4.03567, 50.39357], [-4.03729, 50.39354], [-4.03823, 50.39349], [-4.03943, 50.39342], [-4.0401, 50.39337], [-4.04072, 50.39331], [-4.04348, 50.39305]], [[-4.04348, 50.39305], [-4.04377, 50.39303]], [[-4.04377, 50.39303], [-4.04753, 50.39267]], [[-4.04753, 50.39267], [-4.04798, 50.39263]], [[-4.04798, 50.39263], [-4.04958, 50.39248], [-4.05143, 50.39231], [-4.05236, 50.39221], [-4.05326, 50.39211], [-4.05397, 50.39201]], [[-4.05397, 50.39201], [-4.05421, 50.39197]], [[-4.05421, 50.39197], [-4.05464, 50.39189], [-4.05519, 50.39176]], [[-4.05519, 50.39176], [-4.05535, 50.39171]], [[-4.05535, 50.39171], [-4.0557, 50.39161], [-4.05623, 50.39145], [-4.0567, 50.39128], [-4.05721, 50.39109], [-4.05895, 50.39044], [-4.05974, 50.39018], [-4.06034, 50.38998], [-4.06097, 50.3898], [-4.06165, 50.38962], [-4.06225, 50.38948], [-4.06286, 50.38937], [-4.06353, 50.38927], [-4.06409, 50.38921], [-4.06421, 50.3892]], [[-4.06421, 50.3892], [-4.06444, 50.38917]], [[-4.06444, 50.38917], [-4.06524, 50.38911], [-4.06604, 50.38907], [-4.06695, 50.38907], [-4.06775, 50.38911], [-4.06856, 50.38915], [-4.06929, 50.38921], [-4.07622, 50.38983], [-4.07791, 50.38999], [-4.07885, 50.39008]], [[-4.07885, 50.39008], [-4.07937, 50.39012], [-4.08002, 50.39015], [-4.08067, 50.39015], [-4.08131, 50.3901], [-4.08199, 50.39004], [-4.0827, 50.38992], [-4.08336, 50.38978], [-4.08369, 50.38969], [-4.08461, 50.38938]], [[-4.08461, 50.38938], [-4.08517, 50.38915]], [[-4.08517, 50.38915], [-4.08548, 50.38901], [-4.08589, 50.38881], [-4.08625, 50.38863], [-4.08699, 50.38823], [-4.08779, 50.38779], [-4.0882, 50.38757], [-4.08846, 50.38743], [-4.0889, 50.38718]], [[-4.0889, 50.38718], [-4.08906, 50.38709]], [[-4.08906, 50.38709], [-4.08951, 50.38683], [-4.08983, 50.38665], [-4.09015, 50.38648], [-4.09044, 50.38634], [-4.09077, 50.38619], [-4.09139, 50.38594], [-4.09173, 50.38582], [-4.09207, 50.38572], [-4.09239, 50.38563], [-4.0927, 50.38556], [-4.09333, 50.38543], [-4.09435, 50.38522], [-4.09535, 50.38502], [-4.09637, 50.38481], [-4.09741, 50.38455], [-4.09775, 50.38446], [-4.09822, 50.38432], [-4.09909, 50.38404], [-4.10005, 50.38377], [-4.10102, 50.38353], [-4.10246, 50.38323], [-4.10366, 50.38305], [-4.10489, 50.3829], [-4.10494, 50.3829]], [[-4.10494, 50.3829], [-4.10515, 50.38287]], [[-4.10515, 50.38287], [-4.10582, 50.38282], [-4.1066, 50.38276], [-4.10742, 50.38272]], [[-4.10742, 50.38272], [-4.1075, 50.38271], [-4.10767, 50.38271]], [[-4.10767, 50.38271], [-4.10839, 50.3827], [-4.10911, 50.38271], [-4.11043, 50.38272], [-4.11087, 50.38273], [-4.11115, 50.38274], [-4.11207, 50.38275], [-4.11286, 50.38274], [-4.11428, 50.38272], [-4.11447, 50.38271]], [[-4.11447, 50.38271], [-4.11532, 50.38268], [-4.11611, 50.38262], [-4.11746, 50.38251], [-4.11847, 50.38242], [-4.11867, 50.38241]], [[-4.11867, 50.38241], [-4.1191, 50.38238]], [[-4.1191, 50.38238], [-4.11976, 50.38236], [-4.12062, 50.38235]], [[-4.12062, 50.38235], [-4.12074, 50.38235]], [[-4.12074, 50.38235], [-4.1215, 50.38236], [-4.12225, 50.38238], [-4.12481, 50.38251]], [[-4.12481, 50.38251], [-4.12496, 50.38252]], [[-4.12496, 50.38252], [-4.12566, 50.38255], [-4.12615, 50.38257], [-4.12659, 50.38258]], [[-4.12659, 50.38258], [-4.12698, 50.38258], [-4.12742, 50.38257], [-4.12786, 50.38254], [-4.12836, 50.38249], [-4.12873, 50.38243], [-4.12918, 50.38235], [-4.12963, 50.38224], [-4.13008, 50.38212], [-4.13062, 50.38196], [-4.13141, 50.38172], [-4.13189, 50.38159], [-4.13214, 50.38153]], [[-4.13214, 50.38153], [-4.13269, 50.38141], [-4.13334, 50.38126], [-4.13392, 50.38114], [-4.13437, 50.38105]], [[-4.13437, 50.38105], [-4.13528, 50.3809], [-4.13605, 50.38079]], [[-4.13605, 50.38079], [-4.13629, 50.38076], [-4.13706, 50.38066], [-4.13734, 50.38061], [-4.13759, 50.38057], [-4.13793, 50.38049], [-4.13824, 50.38042], [-4.13848, 50.38034], [-4.13863, 50.38029], [-4.1389, 50.38019], [-4.1391, 50.3801], [-4.13924, 50.38003], [-4.13944, 50.37992]], [[-4.13944, 50.37992], [-4.1396, 50.37982]], [[-4.1396, 50.37982], [-4.13983, 50.37969], [-4.14047, 50.37931]], [[-4.14047, 50.37931], [-4.14071, 50.37918], [-4.14096, 50.37905], [-4.14116, 50.37895], [-4.14129, 50.37888], [-4.14161, 50.37874], [-4.14184, 50.37864], [-4.14207, 50.37855], [-4.14225, 50.37848], [-4.14245, 50.37842], [-4.14382, 50.37798], [-4.14452, 50.37777], [-4.14521, 50.37756], [-4.14578, 50.37737], [-4.14598, 50.3773]], [[-4.14522, 50.37757], [-4.1445, 50.37779], [-4.14412, 50.37791], [-4.1436, 50.37807], [-4.14243, 50.37844], [-4.14226, 50.3785], [-4.14207, 50.37857], [-4.14183, 50.37866], [-4.1416, 50.37875], [-4.14129, 50.37889], [-4.14132, 50.37891], [-4.14163, 50.37877], [-4.14185, 50.37869], [-4.1421, 50.37859], [-4.14228, 50.37853], [-4.14245, 50.37847], [-4.14368, 50.37809], [-4.14367, 50.37807], [-4.14377, 50.37804], [-4.14379, 50.37805], [-4.14454, 50.37782], [-4.1448, 50.37774], [-4.14498, 50.37768], [-4.14524, 50.37759], [-4.14522, 50.37757]]]}}, {"type": "Feature", "properties": {"mode": "rail", "name": "CrossCountry: Plymouth \u2192 Edinburgh", "ref": "XC", "operator": "CrossCountry", "osm_id": 6396489}, "geometry": {"type": "MultiLineString", "coordinates": [[[-4.14132, 50.37891], [-4.14134, 50.37892], [-4.14153, 50.37884], [-4.14165, 50.37879], [-4.14186, 50.37871], [-4.14213, 50.37861], [-4.14231, 50.37856], [-4.14365, 50.37814], [-4.14417, 50.37797], [-4.14455, 50.37786], [-4.14482, 50.37777], [-4.145, 50.37771], [-4.14526, 50.37761], [-4.14524, 50.37759], [-4.14498, 50.37768], [-4.1448, 50.37774], [-4.14454, 50.37782], [-4.14379, 50.37805], [-4.1438, 50.37807], [-4.1437, 50.3781], [-4.14368, 50.37809], [-4.14245, 50.37847], [-4.14228, 50.37853], [-4.1421, 50.37859], [-4.14185, 50.37868], [-4.14185, 50.37869], [-4.14163, 50.37877], [-4.14132, 50.37891]], [[-4.1458, 50.3774], [-4.14551, 50.37753], [-4.14516, 50.37767]], [[-4.14516, 50.37767], [-4.14496, 50.37774], [-4.14475, 50.37781], [-4.14215, 50.37862], [-4.14192, 50.3787], [-4.14176, 50.37876], [-4.14155, 50.37885], [-4.14131, 50.37895], [-4.14102, 50.37908], [-4.14083, 50.37918], [-4.14063, 50.37928], [-4.14036, 50.37944]], [[-4.14036, 50.37944], [-4.13987, 50.37972], [-4.13963, 50.37986]], [[-4.13963, 50.37986], [-4.13958, 50.37989], [-4.13948, 50.37995]], [[-4.13948, 50.37995], [-4.13928, 50.38005], [-4.13892, 50.38021], [-4.13866, 50.38031], [-4.13852, 50.38036], [-4.13836, 50.38041], [-4.13826, 50.38044], [-4.13795, 50.38052], [-4.1376, 50.38059], [-4.13736, 50.38064], [-4.13707, 50.38069], [-4.13686, 50.38072], [-4.13606, 50.38083]], [[-4.13606, 50.38083], [-4.13531, 50.38093], [-4.13439, 50.38109]], [[-4.13439, 50.38109], [-4.13395, 50.38118], [-4.13335, 50.3813], [-4.13271, 50.38144], [-4.13216, 50.38156]], [[-4.13216, 50.38156], [-4.13146, 50.38174], [-4.13066, 50.38199], [-4.13012, 50.38215], [-4.12967, 50.38227], [-4.12921, 50.38238], [-4.12876, 50.38246], [-4.12839, 50.38252], [-4.12788, 50.38257], [-4.12743, 50.3826], [-4.12699, 50.38262], [-4.1266, 50.38262]], [[-4.1266, 50.38262], [-4.12614, 50.3826], [-4.12566, 50.38258], [-4.12496, 50.38255]], [[-4.12496, 50.38255], [-4.12481, 50.38254]], [[-4.12481, 50.38254], [-4.12466, 50.38253], [-4.12223, 50.38242], [-4.1215, 50.3824], [-4.12074, 50.38238]], [[-4.12074, 50.38238], [-4.12062, 50.38238]], [[-4.12062, 50.38238], [-4.11975, 50.3824], [-4.11908, 50.38243]], [[-4.11908, 50.38243], [-4.11863, 50.38245]], [[-4.11863, 50.38245], [-4.11746, 50.38255], [-4.11614, 50.38266], [-4.11533, 50.3827], [-4.11448, 50.38274]], [[-4.11448, 50.38274], [-4.11286, 50.38277], [-4.11207, 50.38278], [-4.11189, 50.38278], [-4.11128, 50.38277], [-4.11081, 50.38276], [-4.11032, 50.38275], [-4.10915, 50.38274], [-4.10841, 50.38274], [-4.10767, 50.38274]], [[-4.10767, 50.38274], [-4.10741, 50.38275]], [[-4.10741, 50.38275], [-4.10731, 50.38275], [-4.10661, 50.38279], [-4.10582, 50.38285], [-4.10516, 50.38291]], [[-4.10516, 50.38291], [-4.10495, 50.38293]], [[-4.10495, 50.38293], [-4.10367, 50.38308], [-4.10247, 50.38326], [-4.10104, 50.38355], [-4.10007, 50.38379], [-4.09911, 50.38407], [-4.09824, 50.38435], [-4.09776, 50.38449], [-4.09737, 50.3846], [-4.0969, 50.38471], [-4.09639, 50.38484], [-4.09537, 50.38505], [-4.09436, 50.38525], [-4.09335, 50.38546], [-4.09272, 50.38559], [-4.09241, 50.38566], [-4.09209, 50.38575], [-4.09175, 50.38585], [-4.09142, 50.38597], [-4.09079, 50.38621], [-4.09047, 50.38636], [-4.09018, 50.38651], [-4.08986, 50.38668], [-4.08954, 50.38685], [-4.08908, 50.38712]], [[-4.08908, 50.38712], [-4.08889, 50.38723]], [[-4.08889, 50.38723], [-4.08849, 50.38745], [-4.08784, 50.38783], [-4.08703, 50.38827], [-4.0863, 50.38866], [-4.08593, 50.38885], [-4.08552, 50.38904], [-4.08521, 50.38919]], [[-4.08521, 50.38919], [-4.08464, 50.38942]], [[-4.08464, 50.38942], [-4.08372, 50.38973], [-4.08338, 50.38981], [-4.08271, 50.38996], [-4.082, 50.39007], [-4.08132, 50.39014], [-4.08068, 50.39018], [-4.08003, 50.39019], [-4.07934, 50.39015], [-4.07879, 50.39011]], [[-4.07879, 50.39011], [-4.07533, 50.38979], [-4.07402, 50.38968], [-4.06929, 50.38925], [-4.06857, 50.38919], [-4.06774, 50.38915], [-4.06695, 50.38911], [-4.06604, 50.38911], [-4.06525, 50.38914], [-4.06444, 50.3892]], [[-4.06444, 50.3892], [-4.06422, 50.38923]], [[-4.06422, 50.38923], [-4.06359, 50.3893], [-4.06303, 50.38938], [-4.06239, 50.38949], [-4.06173, 50.38964], [-4.06104, 50.38981], [-4.06037, 50.39], [-4.05977, 50.3902], [-4.05898, 50.39047], [-4.05724, 50.39112], [-4.05673, 50.39131], [-4.05625, 50.39147], [-4.05573, 50.39164], [-4.05524, 50.39178]], [[-4.05524, 50.39178], [-4.0551, 50.39182]], [[-4.0551, 50.39182], [-4.05466, 50.39192], [-4.05421, 50.392]], [[-4.05421, 50.392], [-4.05397, 50.39205]], [[-4.05397, 50.39205], [-4.05327, 50.39215], [-4.05236, 50.39225], [-4.05144, 50.39234], [-4.04958, 50.39251], [-4.04799, 50.39266]], [[-4.04799, 50.39266], [-4.04753, 50.3927]], [[-4.04753, 50.3927], [-4.04387, 50.39305], [-4.04376, 50.39306]], [[-4.04376, 50.39306], [-4.04347, 50.39309]], [[-4.04347, 50.39309], [-4.04073, 50.39334], [-4.0401, 50.3934], [-4.03944, 50.39345], [-4.03823, 50.39352], [-4.03729, 50.39357], [-4.03567, 50.39361], [-4.03474, 50.39361], [-4.03378, 50.3936]], [[-4.03378, 50.3936], [-4.0335, 50.39359]], [[-4.0335, 50.39359], [-4.03109, 50.39348], [-4.02882, 50.39334], [-4.02657, 50.39319], [-4.02417, 50.39305], [-4.02352, 50.39302], [-4.02231, 50.39302], [-4.02139, 50.39303], [-4.02047, 50.39308], [-4.01411, 50.39381], [-4.01339, 50.39389], [-4.0115, 50.39412], [-4.00962, 50.39434], [-4.00795, 50.39454], [-4.00645, 50.39469], [-4.00493, 50.3948], [-4.0034, 50.3949], [-4.00244, 50.39497], [-4.00141, 50.39507], [-4.00056, 50.39516], [-3.99983, 50.39526], [-3.99864, 50.39544]], [[-3.99864, 50.39544], [-3.99745, 50.39561], [-3.99676, 50.39571], [-3.99531, 50.39592], [-3.99463, 50.39602], [-3.99444, 50.39604]], [[-3.99444, 50.39604], [-3.99428, 50.39607]], [[-3.99428, 50.39607], [-3.99341, 50.39624], [-3.99296, 50.39636], [-3.99248, 50.39649], [-3.99185, 50.39673], [-3.99116, 50.39707], [-3.99067, 50.39737], [-3.9902, 50.39771], [-3.98963, 50.39813], [-3.98868, 50.39894], [-3.98816, 50.39936], [-3.98773, 50.39968], [-3.98708, 50.40007], [-3.98658, 50.40034], [-3.98589, 50.40067], [-3.98524, 50.40092], [-3.98467, 50.40111], [-3.98404, 50.4013], [-3.97912, 50.40266]], [[-3.97912, 50.40266], [-3.97889, 50.40272]], [[-3.97889, 50.40272], [-3.97793, 50.40298], [-3.97703, 50.40324], [-3.97647, 50.40343], [-3.97594, 50.40365], [-3.97539, 50.40391], [-3.97484, 50.40423], [-3.97434, 50.40458], [-3.97364, 50.40515], [-3.97324, 50.40544], [-3.97296, 50.40564], [-3.97254, 50.40591]], [[-3.97254, 50.40591], [-3.97203, 50.40616], [-3.97168, 50.40631], [-3.97132, 50.40646], [-3.97052, 50.40674], [-3.96884, 50.40728], [-3.96803, 50.40756]], [[-3.96803, 50.40756], [-3.9671, 50.40787], [-3.96696, 50.40791], [-3.96646, 50.40806], [-3.96601, 50.40818], [-3.96551, 50.4083], [-3.96482, 50.4084], [-3.96425, 50.40846], [-3.9639, 50.40847], [-3.9636, 50.40847], [-3.96317, 50.40845], [-3.96278, 50.40841], [-3.96214, 50.40832]], [[-3.96214, 50.40832], [-3.9616, 50.40823], [-3.96097, 50.40807], [-3.96045, 50.40791], [-3.96003, 50.40776], [-3.95955, 50.40759], [-3.9591, 50.40741], [-3.95886, 50.40729], [-3.9582, 50.40683]], [[-3.9582, 50.40683], [-3.95737, 50.40627], [-3.95674, 50.40583], [-3.95575, 50.40519], [-3.95502, 50.40472], [-3.95428, 50.40429], [-3.95363, 50.40397], [-3.95283, 50.40364], [-3.95194, 50.40334], [-3.95093, 50.40301]], [[-3.95093, 50.40301], [-3.95067, 50.40292]], [[-3.95067, 50.40292], [-3.95011, 50.40272], [-3.95, 50.40267]]]}}, {"type": "Feature", "properties": {"mode": "bus", "name": "Bus X11: Liskeard => Plymouth", "ref": "X11", "operator": "Plymouth City Bus Ltd", "osm_id": 7134354}, "geometry": {"type": "MultiLineString", "coordinates": [[[-4.24925, 50.41502], [-4.24989, 50.41508], [-4.25, 50.41509]], [[-4.24815, 50.41503], [-4.24882, 50.415], [-4.24925, 50.41502]], [[-4.24625, 50.41528], [-4.24666, 50.4152], [-4.24699, 50.41515], [-4.24741, 50.41509], [-4.2477, 50.41506], [-4.24815, 50.41503]], [[-4.2447, 50.41575], [-4.24502, 50.41563], [-4.24563, 50.41543], [-4.24625, 50.41528]], [[-4.23704, 50.41855], [-4.23795, 50.41843], [-4.23861, 50.41833], [-4.23912, 50.41822], [-4.23951, 50.41812], [-4.23988, 50.41802], [-4.24023, 50.41789], [-4.24059, 50.41776], [-4.24129, 50.41745], [-4.24197, 50.4171], [-4.2447, 50.41575]], [[-4.23704, 50.41855], [-4.23668, 50.41863], [-4.2363, 50.41869], [-4.23607, 50.41872]], [[-4.23607, 50.41872], [-4.23526, 50.41882], [-4.23515, 50.41884], [-4.23506, 50.41887], [-4.23496, 50.41891], [-4.23489, 50.41895], [-4.23483, 50.419], [-4.23475, 50.41908]], [[-4.23475, 50.41908], [-4.23473, 50.41913]], [[-4.23473, 50.41913], [-4.23468, 50.41918], [-4.23463, 50.41921], [-4.23456, 50.41925], [-4.2345, 50.41927], [-4.23442, 50.41929], [-4.23432, 50.41929], [-4.23423, 50.41929], [-4.23414, 50.41926]], [[-4.23414, 50.41926], [-4.23405, 50.41922]], [[-4.23405, 50.41922], [-4.23392, 50.41917], [-4.23381, 50.41914], [-4.23368, 50.41912], [-4.23348, 50.41912], [-4.23329, 50.41913]], [[-4.23329, 50.41913], [-4.23288, 50.41916], [-4.23238, 50.4192], [-4.2319, 50.41923], [-4.23138, 50.41924], [-4.23091, 50.41923], [-4.23046, 50.41919], [-4.23008, 50.41914], [-4.22962, 50.41907], [-4.22912, 50.41899], [-4.22864, 50.41887], [-4.2273, 50.41853], [-4.22615, 50.41824], [-4.2244, 50.41778], [-4.22345, 50.41753], [-4.2226, 50.41726], [-4.22192, 50.41702], [-4.22122, 50.41674], [-4.22082, 50.41656], [-4.22058, 50.41645], [-4.21991, 50.41611], [-4.21937, 50.4158], [-4.21889, 50.4155], [-4.21852, 50.41522], [-4.21819, 50.41497], [-4.21755, 50.41444]], [[-4.21755, 50.41444], [-4.21726, 50.41423]], [[-4.21726, 50.41423], [-4.21717, 50.41417], [-4.21707, 50.41411]], [[-4.21707, 50.41411], [-4.21699, 50.41407], [-4.2169, 50.41401], [-4.21685, 50.41395]], [[-4.21685, 50.41395], [-4.21678, 50.41384], [-4.2167, 50.41368], [-4.21659, 50.41345], [-4.21655, 50.41334]], [[-4.2162, 50.41294], [-4.2164, 50.41316], [-4.21655, 50.41334]], [[-4.2129, 50.41014], [-4.21363, 50.41057], [-4.2144, 50.41115], [-4.21488, 50.41155], [-4.21515, 50.41181], [-4.21516, 50.41181], [-4.21531, 50.41197], [-4.2162, 50.41294]], [[-4.2129, 50.41014], [-4.21217, 50.40975], [-4.21175, 50.40956], [-4.21139, 50.4094], [-4.21106, 50.40927], [-4.21051, 50.40909], [-4.21004, 50.40897], [-4.20942, 50.40883], [-4.20905, 50.40874], [-4.20887, 50.40871]], [[-4.20887, 50.40871], [-4.20859, 50.40867], [-4.20814, 50.40861], [-4.2079, 50.40859]], [[-4.19922, 50.40782], [-4.2079, 50.40859]], [[-4.19868, 50.40774], [-4.19922, 50.40782]], [[-4.19868, 50.40774], [-4.19824, 50.40774]], [[-4.19824, 50.40774], [-4.19806, 50.40771]], [[-4.19806, 50.40771], [-4.19784, 50.40769]], [[-4.19784, 50.40769], [-4.19775, 50.40769]], [[-4.19775, 50.40769], [-4.19735, 50.40771]], [[-4.19735, 50.40771], [-4.19725, 50.40771]], [[-4.19725, 50.40771], [-4.19717, 50.40766], [-4.19711, 50.4076], [-4.19708, 50.40753], [-4.1971, 50.40744]], [[-4.1971, 50.40744], [-4.19713, 50.40739], [-4.19719, 50.40735], [-4.19725, 50.40731]], [[-4.19725, 50.40731], [-4.19742, 50.40708]], [[-4.19742, 50.40708], [-4.19728, 50.40682], [-4.19728, 50.40681], [-4.1972, 50.40669], [-4.19715, 50.40662], [-4.19709, 50.40654]], [[-4.19709, 50.40654], [-4.19688, 50.40633], [-4.19682, 50.40627], [-4.19675, 50.40621], [-4.19661, 50.40607], [-4.1965, 50.40597]], [[-4.1965, 50.40597], [-4.19607, 50.40556], [-4.19551, 50.40511], [-4.19494, 50.40475], [-4.1944, 50.40446], [-4.19383, 50.4042], [-4.19313, 50.40389], [-4.19275, 50.40377], [-4.1923, 50.40365], [-4.19195, 50.40358], [-4.1915, 50.4035], [-4.19145, 50.40349], [-4.19071, 50.40338], [-4.18971, 50.40322], [-4.18868, 50.40304]], [[-4.18868, 50.40304], [-4.18838, 50.403], [-4.18825, 50.40297]], [[-4.18825, 50.40297], [-4.1881, 50.40293], [-4.18794, 50.40288]], [[-4.18794, 50.40288], [-4.18781, 50.40283]], [[-4.18781, 50.40283], [-4.18763, 50.40276], [-4.18757, 50.40275], [-4.18746, 50.40275], [-4.18739, 50.40275], [-4.18733, 50.40273], [-4.18729, 50.40271]], [[-4.18729, 50.40271], [-4.18722, 50.40262]], [[-4.18722, 50.40262], [-4.18706, 50.4024], [-4.18702, 50.40237], [-4.18689, 50.40228]], [[-4.18689, 50.40228], [-4.18679, 50.40223], [-4.18674, 50.4022], [-4.18658, 50.4021]], [[-4.18658, 50.4021], [-4.18635, 50.40197]], [[-4.18635, 50.40197], [-4.18621, 50.40188], [-4.18599, 50.40175], [-4.18569, 50.40157], [-4.18537, 50.40133], [-4.18528, 50.40124]], [[-4.18528, 50.40124], [-4.1851, 50.40121], [-4.18497, 50.40115], [-4.18467, 50.40091], [-4.18438, 50.40067], [-4.18419, 50.40047], [-4.18404, 50.4003], [-4.18397, 50.40019]], [[-4.18397, 50.40019], [-4.1839, 50.40008], [-4.18371, 50.39978]], [[-4.18371, 50.39978], [-4.18368, 50.39973], [-4.18354, 50.3995], [-4.18349, 50.39939]], [[-4.18349, 50.39939], [-4.18347, 50.39934], [-4.18344, 50.39921], [-4.18349, 50.39903]], [[-4.18349, 50.39903], [-4.18348, 50.39869], [-4.18346, 50.39849], [-4.18328, 50.39808], [-4.18314, 50.39782], [-4.18311, 50.39775], [-4.18299, 50.39758], [-4.18296, 50.39755], [-4.18289, 50.39751], [-4.18279, 50.39745], [-4.18269, 50.39741], [-4.18256, 50.39737]], [[-4.18256, 50.39737], [-4.18207, 50.39731]], [[-4.18207, 50.39731], [-4.18164, 50.39725]], [[-4.18164, 50.39725], [-4.18113, 50.39718], [-4.18102, 50.39717], [-4.18044, 50.39709], [-4.18034, 50.39708], [-4.18022, 50.39705], [-4.18009, 50.39701], [-4.17999, 50.39697], [-4.17993, 50.39693], [-4.17991, 50.39692], [-4.17989, 50.39691], [-4.17972, 50.39679], [-4.17958, 50.39668], [-4.17936, 50.39649]], [[-4.17936, 50.39649], [-4.17892, 50.39618]], [[-4.17892, 50.39618], [-4.17879, 50.39607], [-4.17871, 50.396]], [[-4.17871, 50.396], [-4.17863, 50.39593]], [[-4.17863, 50.39593], [-4.17855, 50.39587], [-4.17827, 50.39564]], [[-4.17827, 50.39564], [-4.17801, 50.39542], [-4.17795, 50.39536]], [[-4.17795, 50.39536], [-4.17754, 50.39509], [-4.17701, 50.3947], [-4.17657, 50.39435], [-4.17612, 50.39404]], [[-4.17612, 50.39404], [-4.17606, 50.394], [-4.17573, 50.3938], [-4.17554, 50.39367], [-4.17545, 50.39361]], [[-4.17545, 50.39361], [-4.17533, 50.39351], [-4.1752, 50.39336], [-4.17512, 50.39323], [-4.17506, 50.39314], [-4.17497, 50.39293], [-4.17489, 50.39279], [-4.17478, 50.39263], [-4.17477, 50.39261], [-4.17469, 50.39253], [-4.17459, 50.39245], [-4.1745, 50.39239], [-4.17435, 50.39229], [-4.17419, 50.39221], [-4.17404, 50.39214], [-4.17384, 50.39208], [-4.1734, 50.39196], [-4.17278, 50.39181], [-4.17248, 50.39174], [-4.17209, 50.39164]], [[-4.17209, 50.39164], [-4.17114, 50.39141], [-4.17097, 50.39136], [-4.17096, 50.39136], [-4.17055, 50.39123], [-4.17036, 50.39117], [-4.16944, 50.39076], [-4.16884, 50.39053], [-4.16879, 50.39052], [-4.16828, 50.39029], [-4.16776, 50.38997]], [[-4.16776, 50.38997], [-4.16752, 50.38982], [-4.16747, 50.38978]], [[-4.16747, 50.38978], [-4.16728, 50.38965], [-4.16687, 50.38936], [-4.16668, 50.38923]], [[-4.16668, 50.38923], [-4.16637, 50.38902], [-4.16614, 50.38886], [-4.1656, 50.3885], [-4.16517, 50.38822], [-4.16504, 50.38814]], [[-4.16504, 50.38814], [-4.16486, 50.388], [-4.16474, 50.38791], [-4.16443, 50.3877]], [[-4.16443, 50.3877], [-4.16419, 50.38757], [-4.16404, 50.3875], [-4.16387, 50.38745], [-4.16363, 50.38738], [-4.16347, 50.38735]], [[-4.16347, 50.38735], [-4.16339, 50.38733], [-4.16321, 50.38731], [-4.16315, 50.3873], [-4.16302, 50.38729], [-4.16279, 50.38729], [-4.16259, 50.38728], [-4.16238, 50.38727], [-4.16214, 50.38725], [-4.16196, 50.38721]], [[-4.16196, 50.38721], [-4.16193, 50.38721], [-4.16159, 50.38713]], [[-4.16159, 50.38713], [-4.16152, 50.38711], [-4.16121, 50.38704], [-4.16116, 50.38702], [-4.16091, 50.387], [-4.16077, 50.38697]], [[-4.16077, 50.38697], [-4.16067, 50.38701], [-4.16056, 50.38701], [-4.16045, 50.387], [-4.16037, 50.38696], [-4.1603, 50.3869], [-4.16028, 50.38685]], [[-4.16028, 50.38685], [-4.16016, 50.38679], [-4.16, 50.38674], [-4.15944, 50.38665], [-4.15903, 50.3866], [-4.15884, 50.38656], [-4.15863, 50.38651], [-4.15843, 50.38642], [-4.15828, 50.38631], [-4.15812, 50.38617], [-4.15803, 50.38608], [-4.15793, 50.38598]], [[-4.15793, 50.38598], [-4.15781, 50.38586], [-4.15776, 50.38582], [-4.15767, 50.38572], [-4.15748, 50.38561]], [[-4.15748, 50.38561], [-4.15744, 50.38559], [-4.15729, 50.38552], [-4.15712, 50.38551], [-4.15695, 50.38551], [-4.15676, 50.38553], [-4.15657, 50.38552], [-4.1565, 50.38551]], [[-4.1565, 50.38551], [-4.15634, 50.38549], [-4.15618, 50.38544]], [[-4.15618, 50.38544], [-4.15598, 50.38535], [-4.15584, 50.38527], [-4.15581, 50.38526], [-4.15565, 50.38514]], [[-4.15565, 50.38514], [-4.1556, 50.38506], [-4.15544, 50.3848], [-4.15536, 50.3846], [-4.15526, 50.38446], [-4.15516, 50.38433], [-4.15502, 50.38417], [-4.15497, 50.38413], [-4.15477, 50.38396], [-4.15469, 50.3839], [-4.15458, 50.38381]], [[-4.15458, 50.38381], [-4.15422, 50.38348]], [[-4.15422, 50.38348], [-4.15411, 50.38338], [-4.15361, 50.38289], [-4.15318, 50.38241], [-4.15294, 50.38213], [-4.15282, 50.38195], [-4.15272, 50.3818], [-4.15245, 50.38127], [-4.15225, 50.38097], [-4.15209, 50.38078], [-4.15192, 50.38061], [-4.15166, 50.38035]], [[-4.15166, 50.38035], [-4.15154, 50.38025], [-4.15134, 50.38008]], [[-4.14864, 50.37827], [-4.14887, 50.37843], [-4.14915, 50.37862], [-4.1494, 50.37879], [-4.14948, 50.37884], [-4.14963, 50.37894], [-4.14975, 50.37902], [-4.14987, 50.3791], [-4.15014, 50.37928], [-4.15109, 50.37991], [-4.15134, 50.38008]], [[-4.14864, 50.37827], [-4.14826, 50.37806], [-4.14813, 50.37798], [-4.14804, 50.37792], [-4.14797, 50.37788], [-4.14787, 50.3778], [-4.14768, 50.37769]], [[-4.14768, 50.37769], [-4.14738, 50.37768]], [[-4.14738, 50.37768], [-4.14731, 50.37768], [-4.14725, 50.37765], [-4.14721, 50.37763], [-4.14719, 50.3776]], [[-4.14719, 50.3776], [-4.14719, 50.37757]], [[-4.14719, 50.37757], [-4.14696, 50.37746], [-4.14686, 50.3774], [-4.14654, 50.37729], [-4.14644, 50.37728]], [[-4.14644, 50.37728], [-4.14588, 50.37721]], [[-4.14588, 50.37721], [-4.14574, 50.37719]], [[-4.14574, 50.37719], [-4.1456, 50.37717], [-4.14554, 50.37716], [-4.14531, 50.37712], [-4.1452, 50.37709]], [[-4.1452, 50.37709], [-4.14501, 50.37704], [-4.14449, 50.37686]], [[-4.14449, 50.37686], [-4.14448, 50.37685]], [[-4.14448, 50.37685], [-4.14413, 50.37669], [-4.14394, 50.37659], [-4.14372, 50.37647], [-4.14334, 50.37622], [-4.14298, 50.37594], [-4.14282, 50.37587]], [[-4.14282, 50.37587], [-4.14276, 50.37588], [-4.1427, 50.37589]], [[-4.1427, 50.37589], [-4.14259, 50.37589], [-4.14247, 50.37588], [-4.14235, 50.37586], [-4.14223, 50.37582]], [[-4.14223, 50.37582], [-4.14213, 50.37577], [-4.14205, 50.37571], [-4.14198, 50.37564], [-4.14193, 50.37557], [-4.14191, 50.37549], [-4.1419, 50.37541], [-4.14192, 50.37533]], [[-4.14192, 50.37533], [-4.14197, 50.37525], [-4.14203, 50.37518], [-4.14211, 50.37512], [-4.14221, 50.37507], [-4.14233, 50.37503]], [[-4.14233, 50.37503], [-4.14245, 50.375]], [[-4.14245, 50.375], [-4.14254, 50.37499], [-4.14264, 50.37499], [-4.14273, 50.37499]], [[-4.14273, 50.37499], [-4.14291, 50.37495], [-4.14304, 50.37491], [-4.14333, 50.37478]], [[-4.14333, 50.37478], [-4.14346, 50.37468], [-4.14375, 50.37447], [-4.14401, 50.3743], [-4.14406, 50.37426], [-4.14432, 50.37409]], [[-4.14432, 50.37409], [-4.14441, 50.37404], [-4.14466, 50.37387], [-4.14487, 50.37375]], [[-4.14487, 50.37375], [-4.14533, 50.37351], [-4.14547, 50.37344]], [[-4.14547, 50.37344], [-4.14564, 50.37338], [-4.14571, 50.37335], [-4.14597, 50.37327]], [[-4.14597, 50.37327], [-4.14602, 50.37326], [-4.14637, 50.3732], [-4.14661, 50.37316], [-4.14679, 50.37313], [-4.14713, 50.37306], [-4.14737, 50.37297], [-4.14742, 50.37295], [-4.14766, 50.37284], [-4.14793, 50.37265], [-4.14821, 50.3724], [-4.14838, 50.37216], [-4.14843, 50.37201], [-4.14845, 50.37188], [-4.14846, 50.3718], [-4.14846, 50.37168], [-4.14845, 50.37141], [-4.14844, 50.37105], [-4.14842, 50.3708], [-4.14842, 50.37068], [-4.14843, 50.37057]], [[-4.14843, 50.37057], [-4.14843, 50.37045], [-4.14844, 50.37035]], [[-4.14844, 50.37035], [-4.14845, 50.37014]], [[-4.14845, 50.37014], [-4.14837, 50.37004], [-4.14834, 50.37001], [-4.14831, 50.36998], [-4.14828, 50.36996]], [[-4.14828, 50.36996], [-4.14821, 50.36993], [-4.14814, 50.36991]], [[-4.14814, 50.36991], [-4.14783, 50.36991], [-4.14762, 50.36991]], [[-4.14762, 50.36991], [-4.14697, 50.36992]], [[-4.14697, 50.36992], [-4.1467, 50.36994], [-4.14657, 50.36995], [-4.14651, 50.36995], [-4.14642, 50.36997], [-4.14634, 50.37]], [[-4.14634, 50.37], [-4.14633, 50.37018], [-4.14632, 50.37025], [-4.14628, 50.37032], [-4.14623, 50.37037], [-4.14618, 50.37041], [-4.14611, 50.37044]], [[-4.14611, 50.37044], [-4.14603, 50.37046], [-4.14591, 50.37048], [-4.14582, 50.37048], [-4.14573, 50.37046]], [[-4.14573, 50.37046], [-4.14561, 50.37042], [-4.14553, 50.37037]], [[-4.14553, 50.37037], [-4.14529, 50.37034], [-4.14521, 50.37033]], [[-4.14521, 50.37033], [-4.14487, 50.37034], [-4.14454, 50.37035]], [[-4.14454, 50.37035], [-4.14357, 50.37037], [-4.14302, 50.37036], [-4.1428, 50.37036]], [[-4.1428, 50.37036], [-4.14241, 50.37036], [-4.14203, 50.37037]], [[-4.14203, 50.37037], [-4.14149, 50.37039], [-4.14126, 50.3704], [-4.14109, 50.3704]]]}}, {"type": "Feature", "properties": {"mode": "bus", "name": "Bus Falcon: Bristol => Plymouth", "ref": "Falcon", "operator": "Stagecoach South West", "osm_id": 9127470}, "geometry": {"type": "MultiLineString", "coordinates": [[[-3.95, 50.38503], [-3.95029, 50.38502], [-3.95113, 50.38502], [-3.95345, 50.38502], [-3.95579, 50.38502], [-3.95789, 50.38502], [-3.96067, 50.38502], [-3.96155, 50.38501], [-3.96196, 50.385], [-3.96241, 50.38498], [-3.96315, 50.38492], [-3.9636, 50.38489], [-3.96432, 50.38479], [-3.9652, 50.38466]], [[-3.9652, 50.38466], [-3.96588, 50.38449], [-3.96637, 50.38438], [-3.96667, 50.38431], [-3.96694, 50.38424], [-3.96723, 50.38413], [-3.96751, 50.38401], [-3.96767, 50.38393], [-3.96793, 50.38382], [-3.96817, 50.38375], [-3.96842, 50.38373], [-3.96852, 50.38374], [-3.96863, 50.38375], [-3.96871, 50.38377]], [[-3.96871, 50.38377], [-3.96884, 50.38365], [-3.9691, 50.38351], [-3.96944, 50.38346], [-3.96975, 50.38348], [-3.97051, 50.3836], [-3.97122, 50.38365]], [[-3.97122, 50.38365], [-3.97163, 50.38364]], [[-3.97163, 50.38364], [-3.97261, 50.38356], [-3.97323, 50.38351], [-3.97354, 50.38352]], [[-3.97354, 50.38352], [-3.97488, 50.38335], [-3.97635, 50.38316], [-3.97856, 50.38291], [-3.97902, 50.38286], [-3.97966, 50.38279], [-3.98098, 50.38271], [-3.98198, 50.38271], [-3.9825, 50.38272], [-3.983, 50.38275], [-3.9851, 50.38282], [-3.98681, 50.38286], [-3.98915, 50.38288], [-3.99094, 50.38285], [-3.99206, 50.38282], [-3.99316, 50.38276], [-3.9941, 50.38265], [-3.99485, 50.38254], [-3.99559, 50.3824], [-3.99643, 50.38221], [-3.99713, 50.38202], [-3.99772, 50.38185]], [[-3.99772, 50.38185], [-3.99791, 50.38178], [-3.99882, 50.38147], [-3.99996, 50.38101], [-4.00065, 50.38074], [-4.00143, 50.38046], [-4.00248, 50.38014], [-4.00355, 50.37986], [-4.00425, 50.37971], [-4.00495, 50.37959], [-4.00552, 50.37951]], [[-4.00552, 50.37951], [-4.00628, 50.37943], [-4.007, 50.37938], [-4.00762, 50.37936], [-4.00827, 50.37936], [-4.009, 50.37937], [-4.00971, 50.37941], [-4.01142, 50.37952], [-4.01324, 50.37964], [-4.01423, 50.37967], [-4.01508, 50.3797], [-4.01614, 50.37969], [-4.01677, 50.37967]], [[-4.01677, 50.37967], [-4.01801, 50.37962], [-4.01908, 50.37954], [-4.01969, 50.37949], [-4.02036, 50.37941], [-4.02101, 50.37932], [-4.02188, 50.37921], [-4.02295, 50.37904], [-4.0234, 50.37895], [-4.02459, 50.37872], [-4.02616, 50.3784], [-4.02726, 50.3782], [-4.02895, 50.37786], [-4.03033, 50.3776], [-4.03204, 50.3773], [-4.03376, 50.37705], [-4.03452, 50.37697], [-4.03559, 50.37686], [-4.03728, 50.37675], [-4.03816, 50.3767], [-4.03911, 50.37667], [-4.041, 50.37664], [-4.0431, 50.37661], [-4.04519, 50.37659], [-4.04715, 50.37655]], [[-4.04715, 50.37655], [-4.04768, 50.37655]], [[-4.04768, 50.37655], [-4.04881, 50.37653], [-4.05087, 50.3765], [-4.05373, 50.37646], [-4.05631, 50.37642], [-4.0575, 50.37641], [-4.05831, 50.37641], [-4.05905, 50.37644], [-4.05963, 50.37646], [-4.0607, 50.37653], [-4.06144, 50.3766], [-4.0623, 50.37668], [-4.06327, 50.37682], [-4.06419, 50.37696], [-4.06511, 50.37714], [-4.06581, 50.37728], [-4.06674, 50.3775], [-4.06772, 50.37777], [-4.06856, 50.37801], [-4.0696, 50.37838], [-4.07031, 50.37864], [-4.07094, 50.37888], [-4.07168, 50.37919], [-4.07253, 50.37958], [-4.07337, 50.38001], [-4.07428, 50.38051], [-4.07519, 50.38106], [-4.0762, 50.38177], [-4.07688, 50.38229], [-4.07723, 50.38258], [-4.07758, 50.38287], [-4.07825, 50.38348], [-4.07871, 50.38394], [-4.07939, 50.38468]], [[-4.07939, 50.38468], [-4.08028, 50.38561]], [[-4.08028, 50.38561], [-4.08056, 50.38579], [-4.08129, 50.38645], [-4.08172, 50.38687], [-4.08236, 50.38756]], [[-4.08236, 50.38756], [-4.08282, 50.38805], [-4.08327, 50.38851], [-4.08373, 50.38896], [-4.08416, 50.38935], [-4.08448, 50.38962], [-4.08497, 50.38999], [-4.08526, 50.39019], [-4.08553, 50.39037], [-4.08586, 50.39054]], [[-4.08586, 50.39054], [-4.08605, 50.39061], [-4.08624, 50.39066], [-4.08632, 50.39067], [-4.08643, 50.39068], [-4.0867, 50.39069]], [[-4.0867, 50.39069], [-4.08686, 50.39066], [-4.08691, 50.39065]], [[-4.08691, 50.39065], [-4.08722, 50.39061], [-4.08751, 50.39055], [-4.08778, 50.39047], [-4.08795, 50.3904]], [[-4.08795, 50.3904], [-4.08815, 50.39025], [-4.08829, 50.39006], [-4.0884, 50.38981], [-4.08864, 50.38908]], [[-4.08864, 50.38908], [-4.08888, 50.38833], [-4.08896, 50.38808], [-4.08917, 50.38766], [-4.08935, 50.38739], [-4.08953, 50.38719], [-4.08994, 50.38685], [-4.09024, 50.38667], [-4.09059, 50.38647], [-4.09102, 50.38628], [-4.0915, 50.38608], [-4.09207, 50.38587], [-4.0928, 50.38568], [-4.09347, 50.38555], [-4.09419, 50.38544], [-4.09558, 50.38523]], [[-4.09558, 50.38523], [-4.09629, 50.38513], [-4.09691, 50.38504], [-4.09748, 50.38496], [-4.09795, 50.38486], [-4.0983, 50.38478], [-4.09869, 50.38467], [-4.09894, 50.38457], [-4.09936, 50.38439]], [[-4.09936, 50.38439], [-4.0995, 50.38432], [-4.09966, 50.38422]], [[-4.09966, 50.38422], [-4.10008, 50.38394], [-4.10014, 50.38389]], [[-4.10014, 50.38389], [-4.10072, 50.38343]], [[-4.10072, 50.38343], [-4.10152, 50.3828], [-4.10175, 50.38261]], [[-4.10175, 50.38261], [-4.10185, 50.38252], [-4.10223, 50.38217], [-4.10245, 50.38196]], [[-4.10245, 50.38196], [-4.10281, 50.38161]], [[-4.10281, 50.38161], [-4.10517, 50.37936], [-4.10585, 50.37871], [-4.10659, 50.37801]], [[-4.10659, 50.37801], [-4.10675, 50.37786], [-4.10762, 50.37711], [-4.10805, 50.37677], [-4.10827, 50.37657]], [[-4.10827, 50.37657], [-4.10833, 50.37652], [-4.10857, 50.37631]], [[-4.10857, 50.37631], [-4.10879, 50.37612]], [[-4.10879, 50.37612], [-4.10977, 50.37527], [-4.11015, 50.37495]], [[-4.11015, 50.37495], [-4.11062, 50.37454], [-4.11142, 50.37384], [-4.11153, 50.37373], [-4.1119, 50.37338], [-4.11236, 50.37291]], [[-4.11236, 50.37291], [-4.11268, 50.37263]], [[-4.11268, 50.37263], [-4.11276, 50.37256]], [[-4.11276, 50.37256], [-4.11292, 50.37249], [-4.11299, 50.37246]], [[-4.11299, 50.37246], [-4.11368, 50.3722], [-4.11375, 50.37216], [-4.11379, 50.37211], [-4.11387, 50.37202]], [[-4.11387, 50.37202], [-4.11386, 50.372], [-4.11384, 50.37195], [-4.1138, 50.3718]], [[-4.1138, 50.3718], [-4.11378, 50.37163], [-4.11377, 50.37134], [-4.11376, 50.37116]], [[-4.11376, 50.37116], [-4.11377, 50.37107], [-4.11377, 50.37103], [-4.11377, 50.37101], [-4.11379, 50.37085]], [[-4.11379, 50.37085], [-4.11382, 50.37076]], [[-4.11382, 50.37076], [-4.11401, 50.37079], [-4.11435, 50.37084], [-4.11465, 50.3709]], [[-4.11812, 50.37106], [-4.11791, 50.37106], [-4.11721, 50.37105], [-4.11683, 50.37105], [-4.11651, 50.37103], [-4.1162, 50.37101], [-4.11603, 50.371], [-4.11581, 50.37097], [-4.11544, 50.37094], [-4.11517, 50.37092], [-4.11485, 50.37091], [-4.11465, 50.3709]], [[-4.11849, 50.37105], [-4.11842, 50.37105], [-4.11812, 50.37106]], [[-4.11849, 50.37105], [-4.11879, 50.371], [-4.11884, 50.37099], [-4.11892, 50.37098], [-4.119, 50.37096]], [[-4.119, 50.37096], [-4.11916, 50.37094], [-4.11937, 50.3709], [-4.1208, 50.37065]], [[-4.1208, 50.37065], [-4.12099, 50.37061], [-4.12153, 50.37052], [-4.12227, 50.37039], [-4.1224, 50.37036]], [[-4.1224, 50.37036], [-4.12263, 50.37032], [-4.12266, 50.37032], [-4.12305, 50.37025], [-4.12317, 50.37023]], [[-4.12317, 50.37023], [-4.12321, 50.37022], [-4.12369, 50.37014], [-4.12377, 50.37012]], [[-4.12377, 50.37012], [-4.12381, 50.37012], [-4.12387, 50.37011], [-4.1239, 50.3701]], [[-4.1239, 50.3701], [-4.12424, 50.37004], [-4.12427, 50.37004], [-4.12444, 50.37003]], [[-4.12444, 50.37003], [-4.12448, 50.37], [-4.12452, 50.36998], [-4.12464, 50.36995], [-4.12475, 50.36994], [-4.12486, 50.36993], [-4.12497, 50.36994], [-4.12509, 50.36996]], [[-4.12509, 50.36996], [-4.1252, 50.37], [-4.1253, 50.37004]], [[-4.1253, 50.37004], [-4.12579, 50.37011]], [[-4.12579, 50.37011], [-4.12583, 50.37012], [-4.12612, 50.37015]], [[-4.12612, 50.37015], [-4.12627, 50.37016]], [[-4.12627, 50.37016], [-4.12643, 50.37018], [-4.12668, 50.3702], [-4.12691, 50.37023], [-4.12695, 50.37023], [-4.12705, 50.37025], [-4.1275, 50.37032], [-4.12773, 50.37036], [-4.12839, 50.37047], [-4.12883, 50.37055], [-4.12895, 50.37057], [-4.12912, 50.3706]], [[-4.12912, 50.3706], [-4.13001, 50.37074], [-4.13005, 50.37075]], [[-4.13005, 50.37075], [-4.13029, 50.3708], [-4.1307, 50.37091]], [[-4.1307, 50.37091], [-4.13113, 50.37103], [-4.1313, 50.37109]], [[-4.1313, 50.37109], [-4.13184, 50.37123], [-4.13197, 50.37127]], [[-4.13197, 50.37127], [-4.13238, 50.37139]], [[-4.13238, 50.37139], [-4.13254, 50.37143], [-4.13275, 50.37147], [-4.13317, 50.37152], [-4.1335, 50.37154], [-4.13369, 50.37156], [-4.13433, 50.37159], [-4.13459, 50.3716], [-4.1352, 50.37163], [-4.13528, 50.37162]], [[-4.13528, 50.37162], [-4.13542, 50.37159]], [[-4.13542, 50.37159], [-4.13548, 50.37155], [-4.13561, 50.3715], [-4.13571, 50.37147], [-4.13579, 50.37146], [-4.1359, 50.37147], [-4.13594, 50.37147], [-4.13597, 50.37148]], [[-4.13597, 50.37148], [-4.13608, 50.37153], [-4.13618, 50.37161], [-4.13633, 50.37179]], [[-4.13633, 50.37179], [-4.13639, 50.37187], [-4.13643, 50.37195]], [[-4.13643, 50.37195], [-4.13662, 50.37211], [-4.13694, 50.37233], [-4.13707, 50.37241], [-4.13728, 50.37253], [-4.13754, 50.37267], [-4.13768, 50.37275]], [[-4.13768, 50.37275], [-4.13779, 50.37281], [-4.13792, 50.37287], [-4.13803, 50.37293]], [[-4.13803, 50.37293], [-4.13828, 50.37305], [-4.13834, 50.37308]], [[-4.13834, 50.37308], [-4.1384, 50.37312], [-4.13843, 50.37313], [-4.13848, 50.37317], [-4.13852, 50.37321], [-4.13854, 50.3733], [-4.13857, 50.37349]], [[-4.13857, 50.37349], [-4.13861, 50.37352]], [[-4.13861, 50.37352], [-4.13868, 50.37357], [-4.13872, 50.3736], [-4.13878, 50.37361]], [[-4.13878, 50.37361], [-4.13882, 50.37363], [-4.13887, 50.37363], [-4.13892, 50.37364]], [[-4.13892, 50.37364], [-4.13906, 50.37363], [-4.13921, 50.37361], [-4.1394, 50.37361], [-4.13955, 50.37361], [-4.13987, 50.37371], [-4.1402, 50.37383], [-4.14033, 50.37387]], [[-4.14033, 50.37387], [-4.14051, 50.37397]], [[-4.14051, 50.37397], [-4.14059, 50.37401], [-4.1407, 50.37408]], [[-4.1407, 50.37408], [-4.14119, 50.3744], [-4.14139, 50.37452], [-4.14166, 50.37469]], [[-4.14166, 50.37469], [-4.14179, 50.37477], [-4.14185, 50.37481]], [[-4.14185, 50.37481], [-4.14194, 50.37487], [-4.14208, 50.37493], [-4.14222, 50.37497], [-4.14245, 50.375]], [[-4.14245, 50.375], [-4.14254, 50.37499], [-4.14264, 50.37499], [-4.14273, 50.37499]], [[-4.14273, 50.37499], [-4.14291, 50.37495], [-4.14304, 50.37491], [-4.14333, 50.37478]], [[-4.14333, 50.37478], [-4.14346, 50.37468], [-4.14375, 50.37447], [-4.14401, 50.3743], [-4.14406, 50.37426], [-4.14432, 50.37409]], [[-4.14432, 50.37409], [-4.14441, 50.37404], [-4.14466, 50.37387], [-4.14487, 50.37375]], [[-4.14487, 50.37375], [-4.14505, 50.37357], [-4.14509, 50.37352], [-4.1451, 50.37343]], [[-4.1451, 50.37343], [-4.14501, 50.37338], [-4.14485, 50.37331]], [[-4.14485, 50.37331], [-4.14444, 50.37332], [-4.14441, 50.37332]], [[-4.14441, 50.37332], [-4.14422, 50.37332]], [[-4.14422, 50.37303], [-4.14422, 50.37332]]]}}, {"type": "Feature", "properties": {"mode": "rail", "name": "GWR: Penzance - London Paddington", "ref": "135 (GW)", "operator": "Great Western Railway", "osm_id": 9774000}, "geometry": {"type": "MultiLineString", "coordinates": [[[-4.25, 50.39443], [-4.24965, 50.39446], [-4.2486, 50.39459], [-4.24763, 50.39474], [-4.24665, 50.39492], [-4.24572, 50.3951], [-4.24478, 50.39529], [-4.24233, 50.39578], [-4.24047, 50.39615], [-4.23786, 50.39665], [-4.23624, 50.39699], [-4.23519, 50.3972]], [[-4.23519, 50.3972], [-4.23399, 50.39745], [-4.23331, 50.39756], [-4.23279, 50.39762], [-4.23246, 50.39765], [-4.23224, 50.39767]], [[-4.23224, 50.39767], [-4.2315, 50.39771], [-4.23084, 50.39772], [-4.23022, 50.39771], [-4.22968, 50.39769], [-4.22913, 50.39764], [-4.22833, 50.39757], [-4.22766, 50.39753], [-4.22714, 50.39748], [-4.22663, 50.39745], [-4.22622, 50.39743], [-4.22574, 50.39742], [-4.22525, 50.39743], [-4.22475, 50.39746], [-4.22374, 50.39755], [-4.22255, 50.39769], [-4.22142, 50.39781], [-4.22052, 50.39791], [-4.21973, 50.39801], [-4.21935, 50.39806], [-4.21897, 50.39814], [-4.21854, 50.39823], [-4.21782, 50.39843]], [[-4.21782, 50.39843], [-4.21751, 50.39853]], [[-4.21751, 50.39853], [-4.21654, 50.39882], [-4.21565, 50.39909], [-4.21466, 50.39938], [-4.21419, 50.39953], [-4.21385, 50.39966], [-4.21345, 50.39982], [-4.21312, 50.39999], [-4.21292, 50.40012], [-4.21264, 50.4003], [-4.21236, 50.40053], [-4.21208, 50.40081], [-4.21178, 50.4012], [-4.2116, 50.40153], [-4.21149, 50.4018], [-4.21142, 50.40206], [-4.2114, 50.40232], [-4.2114, 50.40255], [-4.21144, 50.40285], [-4.2115, 50.40311], [-4.21169, 50.40374]], [[-4.21169, 50.40374], [-4.21175, 50.40403], [-4.21177, 50.40429], [-4.21176, 50.40452], [-4.21173, 50.40475], [-4.21164, 50.405], [-4.2115, 50.40522], [-4.21138, 50.40539]], [[-4.21138, 50.40539], [-4.2112, 50.40562]], [[-4.2112, 50.40562], [-4.21102, 50.40579]], [[-4.21102, 50.40579], [-4.21072, 50.40606], [-4.21037, 50.40637], [-4.21002, 50.40666], [-4.2097, 50.40691], [-4.20948, 50.40704], [-4.20921, 50.4072], [-4.20905, 50.40728], [-4.20886, 50.40737], [-4.20873, 50.40742], [-4.20858, 50.40747]], [[-4.20858, 50.40747], [-4.20842, 50.40752], [-4.20821, 50.40758], [-4.20797, 50.40763]], [[-4.20567, 50.40786], [-4.20592, 50.40788], [-4.20609, 50.40789], [-4.20649, 50.40788], [-4.20686, 50.40784], [-4.20717, 50.4078], [-4.20741, 50.40775], [-4.20763, 50.40771], [-4.20797, 50.40763]], [[-4.20176, 50.40743], [-4.20567, 50.40786]], [[-4.19948, 50.40694], [-4.20012, 50.40711], [-4.20049, 50.4072], [-4.20081, 50.40727], [-4.20118, 50.40734], [-4.20176, 50.40743]], [[-4.19134, 50.40284], [-4.19228, 50.40307], [-4.19273, 50.4032], [-4.19325, 50.40337], [-4.19367, 50.40353], [-4.19411, 50.40371], [-4.19476, 50.404], [-4.19527, 50.40427], [-4.19575, 50.40455], [-4.19617, 50.40483], [-4.1966, 50.40512], [-4.1971, 50.40555], [-4.19758, 50.40594], [-4.19772, 50.40605], [-4.19805, 50.4063], [-4.19833, 50.40645], [-4.19868, 50.40664], [-4.19907, 50.40681], [-4.19948, 50.40694]], [[-4.19073, 50.40271], [-4.19134, 50.40284]], [[-4.1892, 50.40237], [-4.18949, 50.40245], [-4.19003, 50.40257], [-4.19073, 50.40271]], [[-4.1892, 50.40237], [-4.18875, 50.40227], [-4.1884, 50.40216], [-4.18792, 50.40197], [-4.18752, 50.4018], [-4.18715, 50.40162], [-4.18689, 50.40148], [-4.18673, 50.40139], [-4.18655, 50.40129], [-4.1864, 50.40119], [-4.18601, 50.40092], [-4.18581, 50.40077], [-4.18564, 50.40063], [-4.18537, 50.4004], [-4.1852, 50.40024], [-4.18506, 50.40011], [-4.18488, 50.39992], [-4.18464, 50.39961], [-4.18442, 50.39934]], [[-4.18442, 50.39934], [-4.18421, 50.39901], [-4.18401, 50.39867], [-4.18385, 50.39834], [-4.18369, 50.39803], [-4.18334, 50.39724], [-4.18303, 50.39648]], [[-4.18303, 50.39648], [-4.18164, 50.39339]], [[-4.18164, 50.39339], [-4.18141, 50.39295], [-4.18115, 50.39233], [-4.18098, 50.39198], [-4.1809, 50.3918], [-4.18076, 50.39149], [-4.18067, 50.39132], [-4.18053, 50.39105], [-4.18006, 50.3903], [-4.17985, 50.38997], [-4.1794, 50.3893], [-4.17923, 50.38898], [-4.17909, 50.38873], [-4.17875, 50.38804], [-4.17868, 50.38789], [-4.17842, 50.38736], [-4.178, 50.3865], [-4.17777, 50.38603]], [[-4.17777, 50.38603], [-4.17772, 50.38591]], [[-4.17772, 50.38591], [-4.1775, 50.38544], [-4.17725, 50.38492]], [[-4.17725, 50.38492], [-4.1767, 50.38378]], [[-4.1767, 50.38378], [-4.17619, 50.38276]], [[-4.17619, 50.38276], [-4.17614, 50.38264]], [[-4.17614, 50.38264], [-4.17605, 50.38244], [-4.17601, 50.38237], [-4.17573, 50.3818], [-4.17542, 50.38115], [-4.17523, 50.38081], [-4.17505, 50.38055]], [[-4.17505, 50.38055], [-4.17481, 50.3803], [-4.1744, 50.37993], [-4.17401, 50.37965], [-4.17358, 50.37937]], [[-4.17358, 50.37937], [-4.17322, 50.37919], [-4.17294, 50.37906], [-4.17265, 50.37894], [-4.17228, 50.3788]], [[-4.17228, 50.3788], [-4.17171, 50.37866], [-4.1714, 50.3786], [-4.17111, 50.37856], [-4.17058, 50.37853], [-4.16996, 50.37854], [-4.16925, 50.37857], [-4.16878, 50.37859], [-4.16843, 50.3786], [-4.16744, 50.37865], [-4.1669, 50.37868], [-4.16651, 50.37867], [-4.16588, 50.37864], [-4.16556, 50.37861], [-4.16524, 50.37856], [-4.16463, 50.37843], [-4.16386, 50.37823], [-4.16291, 50.37799], [-4.16222, 50.37787], [-4.16166, 50.37782], [-4.16105, 50.37778], [-4.16027, 50.37779], [-4.1599, 50.37782], [-4.1594, 50.37787], [-4.15899, 50.37793], [-4.15839, 50.37802], [-4.15792, 50.3781], [-4.15778, 50.37812], [-4.15717, 50.3782], [-4.15679, 50.37823], [-4.15643, 50.37825], [-4.15604, 50.37826], [-4.15564, 50.37826], [-4.15518, 50.37825], [-4.15449, 50.3782]], [[-4.15449, 50.3782], [-4.15429, 50.37819]], [[-4.15429, 50.37819], [-4.15382, 50.37813], [-4.15334, 50.37805], [-4.15292, 50.37796], [-4.1525, 50.37786], [-4.15173, 50.37763], [-4.15072, 50.37729]], [[-4.15072, 50.37729], [-4.15039, 50.37718]], [[-4.15039, 50.37718], [-4.15021, 50.37712], [-4.15004, 50.37706], [-4.14978, 50.37699], [-4.1495, 50.37693], [-4.14928, 50.37689], [-4.14903, 50.37687], [-4.14875, 50.37684]], [[-4.14875, 50.37684], [-4.1485, 50.37683], [-4.14837, 50.37683], [-4.14831, 50.37682], [-4.14819, 50.37683], [-4.1479, 50.37685], [-4.14771, 50.37687], [-4.14751, 50.3769], [-4.14734, 50.37693], [-4.14713, 50.37698], [-4.14697, 50.37701], [-4.14683, 50.37705], [-4.14666, 50.3771], [-4.1466, 50.37712], [-4.14646, 50.37717]], [[-4.14646, 50.37717], [-4.14605, 50.37731]], [[-4.14605, 50.37731], [-4.1458, 50.3774]], [[-4.1458, 50.3774], [-4.14551, 50.37753], [-4.14516, 50.37767]], [[-4.14516, 50.37767], [-4.14496, 50.37775], [-4.14475, 50.37784], [-4.14457, 50.37791], [-4.14223, 50.37864], [-4.14205, 50.3787], [-4.14186, 50.37877], [-4.14168, 50.37884], [-4.14152, 50.37891], [-4.14128, 50.37901], [-4.14064, 50.3793], [-4.14036, 50.37944]], [[-4.14036, 50.37944], [-4.13987, 50.37972], [-4.13963, 50.37986]], [[-4.13963, 50.37986], [-4.13958, 50.37989], [-4.13948, 50.37995]], [[-4.13948, 50.37995], [-4.13928, 50.38005], [-4.13892, 50.38021], [-4.13866, 50.38031], [-4.13852, 50.38036], [-4.13836, 50.38041], [-4.13826, 50.38044], [-4.13795, 50.38052], [-4.1376, 50.38059], [-4.13736, 50.38064], [-4.13707, 50.38069], [-4.13686, 50.38072], [-4.13606, 50.38083]], [[-4.13606, 50.38083], [-4.13531, 50.38093], [-4.13439, 50.38109]], [[-4.13439, 50.38109], [-4.13395, 50.38118], [-4.13335, 50.3813], [-4.13271, 50.38144], [-4.13216, 50.38156]], [[-4.13216, 50.38156], [-4.13146, 50.38174], [-4.13066, 50.38199], [-4.13012, 50.38215], [-4.12967, 50.38227], [-4.12921, 50.38238], [-4.12876, 50.38246], [-4.12839, 50.38252], [-4.12788, 50.38257], [-4.12743, 50.3826], [-4.12699, 50.38262], [-4.1266, 50.38262]], [[-4.1266, 50.38262], [-4.12614, 50.3826], [-4.12566, 50.38258], [-4.12496, 50.38255]], [[-4.12496, 50.38255], [-4.12481, 50.38254]], [[-4.12481, 50.38254], [-4.12466, 50.38253], [-4.12223, 50.38242], [-4.1215, 50.3824], [-4.12074, 50.38238]], [[-4.12074, 50.38238], [-4.12062, 50.38238]], [[-4.12062, 50.38238], [-4.11975, 50.3824], [-4.11908, 50.38243]], [[-4.11908, 50.38243], [-4.11863, 50.38245]], [[-4.11863, 50.38245], [-4.11746, 50.38255], [-4.11614, 50.38266], [-4.11533, 50.3827], [-4.11448, 50.38274]], [[-4.11448, 50.38274], [-4.11286, 50.38277], [-4.11207, 50.38278], [-4.11189, 50.38278], [-4.11128, 50.38277], [-4.11081, 50.38276], [-4.11032, 50.38275], [-4.10915, 50.38274], [-4.10841, 50.38274], [-4.10767, 50.38274]], [[-4.10767, 50.38274], [-4.10741, 50.38275]], [[-4.10741, 50.38275], [-4.10731, 50.38275], [-4.10661, 50.38279], [-4.10582, 50.38285], [-4.10516, 50.38291]], [[-4.10516, 50.38291], [-4.10495, 50.38293]], [[-4.10495, 50.38293], [-4.10367, 50.38308], [-4.10247, 50.38326], [-4.10104, 50.38355], [-4.10007, 50.38379], [-4.09911, 50.38407], [-4.09824, 50.38435], [-4.09776, 50.38449], [-4.09737, 50.3846], [-4.0969, 50.38471], [-4.09639, 50.38484], [-4.09537, 50.38505], [-4.09436, 50.38525], [-4.09335, 50.38546], [-4.09272, 50.38559], [-4.09241, 50.38566], [-4.09209, 50.38575], [-4.09175, 50.38585], [-4.09142, 50.38597], [-4.09079, 50.38621], [-4.09047, 50.38636], [-4.09018, 50.38651], [-4.08986, 50.38668], [-4.08954, 50.38685], [-4.08908, 50.38712]], [[-4.08908, 50.38712], [-4.08889, 50.38723]], [[-4.08889, 50.38723], [-4.08849, 50.38745], [-4.08784, 50.38783], [-4.08703, 50.38827], [-4.0863, 50.38866], [-4.08593, 50.38885], [-4.08552, 50.38904], [-4.08521, 50.38919]], [[-4.08521, 50.38919], [-4.08464, 50.38942]], [[-4.08464, 50.38942], [-4.08372, 50.38973], [-4.08338, 50.38981], [-4.08271, 50.38996], [-4.082, 50.39007], [-4.08132, 50.39014], [-4.08068, 50.39018], [-4.08003, 50.39019], [-4.07934, 50.39015], [-4.07879, 50.39011]], [[-4.07879, 50.39011], [-4.07533, 50.38979], [-4.07402, 50.38968], [-4.06929, 50.38925], [-4.06857, 50.38919], [-4.06774, 50.38915], [-4.06695, 50.38911], [-4.06604, 50.38911], [-4.06525, 50.38914], [-4.06444, 50.3892]], [[-4.06444, 50.3892], [-4.06422, 50.38923]], [[-4.06422, 50.38923], [-4.06359, 50.3893], [-4.06303, 50.38938], [-4.06239, 50.38949], [-4.06173, 50.38964], [-4.06104, 50.38981], [-4.06037, 50.39], [-4.05977, 50.3902], [-4.05898, 50.39047], [-4.05724, 50.39112], [-4.05673, 50.39131], [-4.05625, 50.39147], [-4.05573, 50.39164], [-4.05524, 50.39178]], [[-4.05524, 50.39178], [-4.0551, 50.39182]], [[-4.0551, 50.39182], [-4.05466, 50.39192], [-4.05421, 50.392]], [[-4.05421, 50.392], [-4.05397, 50.39205]], [[-4.05397, 50.39205], [-4.05327, 50.39215], [-4.05236, 50.39225], [-4.05144, 50.39234], [-4.04958, 50.39251], [-4.04799, 50.39266]], [[-4.04799, 50.39266], [-4.04753, 50.3927]], [[-4.04753, 50.3927], [-4.04387, 50.39305], [-4.04376, 50.39306]], [[-4.04376, 50.39306], [-4.04347, 50.39309]], [[-4.04347, 50.39309], [-4.04073, 50.39334], [-4.0401, 50.3934], [-4.03944, 50.39345], [-4.03823, 50.39352], [-4.03729, 50.39357], [-4.03567, 50.39361], [-4.03474, 50.39361], [-4.03378, 50.3936]], [[-4.03378, 50.3936], [-4.0335, 50.39359]], [[-4.0335, 50.39359], [-4.03109, 50.39348], [-4.02882, 50.39334], [-4.02657, 50.39319], [-4.02417, 50.39305], [-4.02352, 50.39302], [-4.02231, 50.39302], [-4.02139, 50.39303], [-4.02047, 50.39308], [-4.01411, 50.39381], [-4.01339, 50.39389], [-4.0115, 50.39412], [-4.00962, 50.39434], [-4.00795, 50.39454], [-4.00645, 50.39469], [-4.00493, 50.3948], [-4.0034, 50.3949], [-4.00244, 50.39497], [-4.00141, 50.39507], [-4.00056, 50.39516], [-3.99983, 50.39526], [-3.99864, 50.39544]], [[-3.99864, 50.39544], [-3.99745, 50.39561], [-3.99676, 50.39571], [-3.99531, 50.39592], [-3.99463, 50.39602], [-3.99444, 50.39604]], [[-3.99444, 50.39604], [-3.99428, 50.39607]], [[-3.99428, 50.39607], [-3.99341, 50.39624], [-3.99296, 50.39636], [-3.99248, 50.39649], [-3.99185, 50.39673], [-3.99116, 50.39707], [-3.99067, 50.39737], [-3.9902, 50.39771], [-3.98963, 50.39813], [-3.98868, 50.39894], [-3.98816, 50.39936], [-3.98773, 50.39968], [-3.98708, 50.40007], [-3.98658, 50.40034], [-3.98589, 50.40067], [-3.98524, 50.40092], [-3.98467, 50.40111], [-3.98404, 50.4013], [-3.97912, 50.40266]], [[-3.97912, 50.40266], [-3.97889, 50.40272]], [[-3.97889, 50.40272], [-3.97793, 50.40298], [-3.97703, 50.40324], [-3.97647, 50.40343], [-3.97594, 50.40365], [-3.97539, 50.40391], [-3.97484, 50.40423], [-3.97434, 50.40458], [-3.97364, 50.40515], [-3.97324, 50.40544], [-3.97296, 50.40564], [-3.97254, 50.40591]], [[-3.97254, 50.40591], [-3.97203, 50.40616], [-3.97168, 50.40631], [-3.97132, 50.40646], [-3.97052, 50.40674], [-3.96884, 50.40728], [-3.96803, 50.40756]], [[-3.96803, 50.40756], [-3.9671, 50.40787], [-3.96696, 50.40791], [-3.96646, 50.40806], [-3.96601, 50.40818], [-3.96551, 50.4083], [-3.96482, 50.4084], [-3.96425, 50.40846], [-3.9639, 50.40847], [-3.9636, 50.40847], [-3.96317, 50.40845], [-3.96278, 50.40841], [-3.96214, 50.40832]], [[-3.96214, 50.40832], [-3.9616, 50.40823], [-3.96097, 50.40807], [-3.96045, 50.40791], [-3.96003, 50.40776], [-3.95955, 50.40759], [-3.9591, 50.40741], [-3.95886, 50.40729], [-3.9582, 50.40683]], [[-3.9582, 50.40683], [-3.95737, 50.40627], [-3.95674, 50.40583], [-3.95575, 50.40519], [-3.95502, 50.40472], [-3.95428, 50.40429], [-3.95363, 50.40397], [-3.95283, 50.40364], [-3.95194, 50.40334], [-3.95093, 50.40301]], [[-3.95093, 50.40301], [-3.95067, 50.40292]], [[-3.95067, 50.40292], [-3.95011, 50.40272], [-3.95, 50.40267]]]}}, {"type": "Feature", "properties": {"mode": "bus", "name": "Bus Falcon: Plymouth => Bristol", "ref": "Falcon", "operator": "Stagecoach South West", "osm_id": 9964465}, "geometry": {"type": "MultiLineString", "coordinates": [[[-4.14422, 50.37303], [-4.14422, 50.37332]], [[-4.14441, 50.37332], [-4.14422, 50.37332]], [[-4.14485, 50.37331], [-4.14444, 50.37332], [-4.14441, 50.37332]], [[-4.14485, 50.37331], [-4.14509, 50.37331], [-4.14527, 50.3733]], [[-4.14527, 50.3733], [-4.14536, 50.37334], [-4.14542, 50.37338], [-4.14547, 50.37344]], [[-4.14547, 50.37344], [-4.14551, 50.37352], [-4.14554, 50.3736]], [[-4.14554, 50.3736], [-4.14533, 50.37372], [-4.14489, 50.374], [-4.14484, 50.37404]], [[-4.14484, 50.37404], [-4.14448, 50.37431]], [[-4.14448, 50.37431], [-4.14443, 50.37435], [-4.14421, 50.37451]], [[-4.14421, 50.37451], [-4.14382, 50.37477]], [[-4.14382, 50.37477], [-4.1436, 50.37488], [-4.14347, 50.37498], [-4.14333, 50.37509], [-4.14328, 50.37518], [-4.14327, 50.37528]], [[-4.14327, 50.37528], [-4.14331, 50.37536], [-4.14332, 50.37544], [-4.1433, 50.37552]], [[-4.1433, 50.37552], [-4.14327, 50.3756], [-4.14321, 50.37567], [-4.14314, 50.37574], [-4.14305, 50.37579], [-4.14294, 50.37584], [-4.14282, 50.37587]], [[-4.14282, 50.37587], [-4.14276, 50.37588], [-4.1427, 50.37589]], [[-4.1427, 50.37589], [-4.14259, 50.37589], [-4.14247, 50.37588], [-4.14235, 50.37586], [-4.14223, 50.37582]], [[-4.14223, 50.37582], [-4.14213, 50.37577], [-4.14205, 50.37571], [-4.14198, 50.37564], [-4.14193, 50.37557], [-4.14191, 50.37549], [-4.1419, 50.37541], [-4.14192, 50.37533]], [[-4.14192, 50.37533], [-4.14191, 50.37517], [-4.14188, 50.37505], [-4.14186, 50.37498], [-4.14177, 50.37491], [-4.14168, 50.37485], [-4.14149, 50.37474], [-4.14133, 50.37465], [-4.1412, 50.37458], [-4.14108, 50.3745], [-4.14087, 50.37437]], [[-4.14087, 50.37437], [-4.14024, 50.374], [-4.14021, 50.37398], [-4.1401, 50.37393], [-4.13997, 50.37387], [-4.13982, 50.37382]], [[-4.13982, 50.37382], [-4.13966, 50.37377], [-4.13948, 50.37375], [-4.1394, 50.37375], [-4.13923, 50.37375], [-4.13919, 50.37375]], [[-4.13919, 50.37375], [-4.13908, 50.37374], [-4.13899, 50.37374], [-4.13879, 50.37375], [-4.13874, 50.37375], [-4.13859, 50.37375], [-4.13856, 50.37375]], [[-4.13856, 50.37375], [-4.13853, 50.37374]], [[-4.13853, 50.37374], [-4.1385, 50.37373], [-4.13842, 50.37366], [-4.13839, 50.37361]], [[-4.13839, 50.37361], [-4.13837, 50.37352], [-4.13836, 50.37347], [-4.13831, 50.37334], [-4.13828, 50.3733], [-4.13825, 50.37325], [-4.13808, 50.37309]], [[-4.13808, 50.37309], [-4.13806, 50.37308], [-4.13797, 50.37302], [-4.13755, 50.37279], [-4.1375, 50.37276], [-4.13737, 50.3727]], [[-4.13737, 50.3727], [-4.13695, 50.37246], [-4.13672, 50.37233]], [[-4.13672, 50.37233], [-4.13667, 50.3723], [-4.13658, 50.37225], [-4.13645, 50.37219], [-4.13635, 50.37217], [-4.13616, 50.37214]], [[-4.13616, 50.37214], [-4.13607, 50.37216], [-4.13603, 50.37215]], [[-4.13603, 50.37215], [-4.13585, 50.37213], [-4.13573, 50.37209], [-4.13567, 50.37206]], [[-4.13567, 50.37206], [-4.13544, 50.37186], [-4.13538, 50.37177]], [[-4.13538, 50.37177], [-4.13516, 50.37172], [-4.13515, 50.37171], [-4.135, 50.3717]], [[-4.135, 50.3717], [-4.13453, 50.37167], [-4.13364, 50.37162], [-4.13303, 50.37158], [-4.13294, 50.37157], [-4.13286, 50.37156]], [[-4.13286, 50.37156], [-4.13265, 50.37153], [-4.13256, 50.37151], [-4.13233, 50.37146]], [[-4.13233, 50.37146], [-4.13194, 50.37136]], [[-4.13194, 50.37136], [-4.13183, 50.37133], [-4.13181, 50.37132]], [[-4.13181, 50.37132], [-4.13169, 50.37129], [-4.13142, 50.37121], [-4.1311, 50.37113], [-4.13096, 50.37109]], [[-4.13096, 50.37109], [-4.13, 50.37087], [-4.12946, 50.37079]], [[-4.12946, 50.37079], [-4.12887, 50.3707]], [[-4.12887, 50.3707], [-4.12796, 50.37054], [-4.1279, 50.37053], [-4.12756, 50.37049], [-4.1275, 50.37048], [-4.12722, 50.37044], [-4.12708, 50.37042], [-4.12687, 50.37039], [-4.1268, 50.37038], [-4.12669, 50.37037], [-4.12644, 50.37034], [-4.12639, 50.37034]], [[-4.12639, 50.37034], [-4.12612, 50.37031], [-4.12601, 50.3703], [-4.1259, 50.3703], [-4.12583, 50.37031], [-4.12577, 50.37032], [-4.12561, 50.37036]], [[-4.12561, 50.37036], [-4.12548, 50.37041]], [[-4.12548, 50.37041], [-4.12542, 50.37045], [-4.12536, 50.37048], [-4.12526, 50.37051]], [[-4.12526, 50.37051], [-4.12516, 50.37052], [-4.12504, 50.37053], [-4.12491, 50.37052]], [[-4.12491, 50.37052], [-4.12472, 50.37044], [-4.12452, 50.37036]], [[-4.12452, 50.37036], [-4.12421, 50.37025]], [[-4.12421, 50.37025], [-4.12414, 50.37023], [-4.1241, 50.37022], [-4.12401, 50.37019], [-4.12393, 50.37018], [-4.12382, 50.37018]], [[-4.12382, 50.37018], [-4.12372, 50.37019], [-4.12322, 50.37028], [-4.12299, 50.37032], [-4.1224, 50.37043]], [[-4.1224, 50.37043], [-4.12102, 50.37067], [-4.12086, 50.3707], [-4.11976, 50.37089], [-4.11953, 50.37094]], [[-4.11953, 50.37094], [-4.1192, 50.37099], [-4.11902, 50.37103]], [[-4.11902, 50.37103], [-4.11888, 50.37105], [-4.11875, 50.37107]], [[-4.11875, 50.37107], [-4.11815, 50.37119]], [[-4.11815, 50.37119], [-4.11811, 50.37119], [-4.11742, 50.37132], [-4.11738, 50.37133]], [[-4.11738, 50.37133], [-4.11663, 50.37147], [-4.11638, 50.37151], [-4.11615, 50.37156], [-4.11584, 50.37161]], [[-4.11584, 50.37161], [-4.11547, 50.37168], [-4.11529, 50.37172], [-4.11511, 50.37177], [-4.11499, 50.37181], [-4.11492, 50.37183], [-4.11475, 50.37188], [-4.11469, 50.37191], [-4.11451, 50.37198]], [[-4.11451, 50.37198], [-4.11427, 50.37205], [-4.11426, 50.37206], [-4.1142, 50.37208], [-4.11398, 50.37214]], [[-4.11398, 50.37214], [-4.11385, 50.37219], [-4.1136, 50.37227], [-4.11342, 50.37235], [-4.11325, 50.37243]], [[-4.11325, 50.37243], [-4.11292, 50.3726]], [[-4.11292, 50.3726], [-4.11232, 50.37312]], [[-4.11232, 50.37312], [-4.11151, 50.37386], [-4.11072, 50.37457], [-4.11024, 50.37498], [-4.10986, 50.37532], [-4.10967, 50.37549], [-4.10868, 50.37637]], [[-4.10868, 50.37637], [-4.10846, 50.37657], [-4.1077, 50.37716], [-4.10686, 50.37789], [-4.10651, 50.37819], [-4.10614, 50.37855]], [[-4.10614, 50.37855], [-4.10594, 50.37874], [-4.10537, 50.37928], [-4.10232, 50.3822], [-4.10194, 50.38256], [-4.10154, 50.3829], [-4.10092, 50.38338]], [[-4.10092, 50.38338], [-4.10032, 50.38385]], [[-4.10032, 50.38385], [-4.10026, 50.3839], [-4.09982, 50.38422]], [[-4.09982, 50.38422], [-4.09963, 50.38435]], [[-4.09963, 50.38435], [-4.09961, 50.38436], [-4.09921, 50.38456], [-4.09876, 50.38474]], [[-4.09876, 50.38474], [-4.09849, 50.38484], [-4.09821, 50.38492], [-4.09781, 50.385], [-4.09613, 50.38527], [-4.09521, 50.38541], [-4.09441, 50.38554], [-4.09414, 50.38558], [-4.09348, 50.38567], [-4.09338, 50.38569]], [[-4.09338, 50.38569], [-4.09327, 50.38571]], [[-4.09327, 50.38571], [-4.09297, 50.38576], [-4.09258, 50.38587], [-4.09247, 50.3859], [-4.09208, 50.38601], [-4.09203, 50.38603]], [[-4.09203, 50.38603], [-4.09186, 50.38609], [-4.09161, 50.38618], [-4.09128, 50.38632], [-4.09114, 50.38637], [-4.09074, 50.38656], [-4.09037, 50.38676], [-4.0901, 50.38692], [-4.08994, 50.38704], [-4.08985, 50.38711], [-4.08969, 50.38725], [-4.08952, 50.38744], [-4.08936, 50.38769], [-4.0893, 50.38783], [-4.08917, 50.3881], [-4.08913, 50.38822], [-4.08908, 50.38847], [-4.08896, 50.389], [-4.08891, 50.38927], [-4.0888, 50.38969], [-4.08872, 50.38997], [-4.08864, 50.39008]], [[-4.08864, 50.39008], [-4.08846, 50.39026], [-4.08815, 50.3905]], [[-4.08815, 50.3905], [-4.08794, 50.39062], [-4.0878, 50.39074], [-4.08777, 50.39079], [-4.08771, 50.3909], [-4.08766, 50.39102]], [[-4.08766, 50.39102], [-4.08767, 50.39105], [-4.08765, 50.39116], [-4.08761, 50.39125], [-4.08755, 50.39133], [-4.08726, 50.39161], [-4.08707, 50.39172], [-4.08694, 50.39176]], [[-4.08694, 50.39176], [-4.08681, 50.39178]], [[-4.08681, 50.39178], [-4.08666, 50.39176], [-4.08645, 50.39171], [-4.0863, 50.39165], [-4.08621, 50.39159], [-4.08613, 50.39151], [-4.08605, 50.39136], [-4.08604, 50.39131]], [[-4.08604, 50.39131], [-4.08591, 50.39115], [-4.08584, 50.39107], [-4.08569, 50.39096]], [[-4.08569, 50.39096], [-4.08508, 50.39058], [-4.08432, 50.39005], [-4.08391, 50.38975], [-4.08352, 50.38944], [-4.08301, 50.38895], [-4.08232, 50.38826], [-4.0819, 50.38774]], [[-4.0819, 50.38774], [-4.08164, 50.38745], [-4.08088, 50.38659]], [[-4.08088, 50.38659], [-4.0803, 50.38601], [-4.07927, 50.3849], [-4.07863, 50.38412]], [[-4.07863, 50.38412], [-4.0782, 50.38372], [-4.07746, 50.38306], [-4.07667, 50.38237], [-4.07586, 50.38174], [-4.07498, 50.38115], [-4.07322, 50.38011], [-4.07241, 50.37971], [-4.07157, 50.37932], [-4.07082, 50.379], [-4.07022, 50.37876], [-4.06949, 50.37848], [-4.06848, 50.37815], [-4.06763, 50.3779], [-4.06665, 50.37763], [-4.06587, 50.37744], [-4.06504, 50.37727], [-4.06414, 50.3771], [-4.06327, 50.37696], [-4.06229, 50.37683], [-4.06142, 50.37673], [-4.06057, 50.37665], [-4.0596, 50.3766], [-4.05904, 50.37657], [-4.05831, 50.37655], [-4.05752, 50.37655], [-4.0563, 50.37657], [-4.05372, 50.3766], [-4.05087, 50.37664], [-4.04884, 50.37667], [-4.04774, 50.37668]], [[-4.04774, 50.37668], [-4.04722, 50.37668]], [[-4.04722, 50.37668], [-4.0452, 50.37672], [-4.04312, 50.37675], [-4.041, 50.37677], [-4.03913, 50.37681], [-4.03816, 50.37684], [-4.0373, 50.37688], [-4.0364, 50.37695], [-4.03566, 50.37701], [-4.03381, 50.3772], [-4.03205, 50.37744], [-4.0306, 50.37769], [-4.02911, 50.37798], [-4.02708, 50.37838], [-4.02424, 50.37893], [-4.0231, 50.37916], [-4.02187, 50.37936], [-4.02095, 50.37948], [-4.02025, 50.37957], [-4.01946, 50.37965], [-4.01861, 50.37972], [-4.01775, 50.37977], [-4.0168, 50.37981]], [[-4.0168, 50.37981], [-4.01616, 50.37983], [-4.01509, 50.37983], [-4.0142, 50.37982], [-4.01325, 50.37978], [-4.01194, 50.3797], [-4.01063, 50.37961]], [[-4.01063, 50.37961], [-4.01004, 50.37958], [-4.00904, 50.37954], [-4.00834, 50.37952], [-4.00769, 50.37953], [-4.00705, 50.37956], [-4.00627, 50.37961], [-4.00562, 50.37968], [-4.00483, 50.37979], [-4.00417, 50.3799], [-4.00369, 50.38], [-4.00301, 50.38016], [-4.00248, 50.38031], [-4.00191, 50.38048], [-4.00113, 50.38075], [-4.00074, 50.38089], [-4.0, 50.38118], [-3.99956, 50.38136], [-3.99897, 50.38157], [-3.99844, 50.38177], [-3.99782, 50.38196], [-3.99673, 50.38226], [-3.99594, 50.38244], [-3.99493, 50.38263], [-3.99412, 50.38274], [-3.99313, 50.38286], [-3.99209, 50.38293], [-3.99093, 50.38296], [-3.98906, 50.383]], [[-3.98906, 50.383], [-3.98678, 50.38297], [-3.98657, 50.38297], [-3.98419, 50.38288], [-3.9825, 50.38282], [-3.98197, 50.38281], [-3.98128, 50.38281], [-3.98098, 50.38281], [-3.98057, 50.38283], [-3.97993, 50.38288]], [[-3.97993, 50.38288], [-3.97941, 50.38298], [-3.97891, 50.38307], [-3.97834, 50.38319], [-3.97663, 50.38365]], [[-3.97663, 50.38365], [-3.97651, 50.38368], [-3.97642, 50.3837], [-3.97631, 50.38372], [-3.97618, 50.38374]], [[-3.97618, 50.38374], [-3.97579, 50.38384], [-3.9756, 50.38388], [-3.9754, 50.38393], [-3.97533, 50.38394], [-3.97506, 50.38401]], [[-3.97506, 50.38401], [-3.97495, 50.38403], [-3.97425, 50.38422], [-3.97415, 50.38425]], [[-3.97415, 50.38425], [-3.97365, 50.38441], [-3.97358, 50.38443]], [[-3.97358, 50.38443], [-3.97334, 50.38451], [-3.97318, 50.38457], [-3.97309, 50.3846]], [[-3.97309, 50.3846], [-3.9727, 50.38473]], [[-3.9727, 50.38473], [-3.97245, 50.38482], [-3.97207, 50.38494], [-3.97194, 50.38496]], [[-3.97194, 50.38496], [-3.97175, 50.38497], [-3.97148, 50.38497], [-3.97128, 50.38497], [-3.9709, 50.38497], [-3.97082, 50.38497]], [[-3.97082, 50.38497], [-3.97056, 50.38497]], [[-3.97056, 50.38497], [-3.9704, 50.38498], [-3.9702, 50.38498], [-3.97006, 50.38498], [-3.96977, 50.38499], [-3.96901, 50.38503]], [[-3.96901, 50.38503], [-3.96857, 50.38507], [-3.96821, 50.38509], [-3.96793, 50.38511]], [[-3.96793, 50.38511], [-3.96787, 50.38512], [-3.96745, 50.38516]], [[-3.96745, 50.38516], [-3.96688, 50.38515]], [[-3.96688, 50.38515], [-3.96626, 50.38513], [-3.96487, 50.38509], [-3.96201, 50.3851]], [[-3.96201, 50.3851], [-3.96153, 50.38512], [-3.96097, 50.38513], [-3.96027, 50.38514], [-3.95733, 50.38514], [-3.95435, 50.38515], [-3.951, 50.38514], [-3.95, 50.38516]]]}}, {"type": "Feature", "properties": {"mode": "bus", "name": "Route 21A", "ref": "21A", "operator": "Plymouth Bus", "osm_id": 9964479}, "geometry": {"type": "MultiLineString", "coordinates": [[[-4.16212, 50.3694], [-4.16224, 50.36942], [-4.1623, 50.36942], [-4.16238, 50.36942], [-4.16248, 50.36942]], [[-4.16248, 50.36942], [-4.16251, 50.3694]], [[-4.16251, 50.3694], [-4.1626, 50.36938], [-4.16268, 50.36938], [-4.16278, 50.36941]], [[-4.16281, 50.36943], [-4.16293, 50.36946]]]}}, {"type": "Feature", "properties": {"mode": "bus", "name": "1", "ref": "1", "operator": "First Group", "osm_id": 9964505}, "geometry": {"type": "MultiLineString", "coordinates": [[[-4.21656, 50.40401], [-4.2166, 50.40413], [-4.2166, 50.40415], [-4.2166, 50.40425], [-4.21658, 50.40433], [-4.21657, 50.40436], [-4.21653, 50.40457], [-4.21654, 50.40468], [-4.21657, 50.40477], [-4.21669, 50.40485], [-4.21687, 50.40494]], [[-4.2173, 50.40874], [-4.21712, 50.40878]], [[-4.19784, 50.40769], [-4.19775, 50.40769]], [[-4.14449, 50.37686], [-4.14448, 50.37685]]]}}, {"type": "Feature", "properties": {"mode": "bus", "name": "1", "ref": "1", "operator": "Stagecoach", "osm_id": 12024183}, "geometry": {"type": "MultiLineString", "coordinates": [[[-4.14814, 50.36991], [-4.14783, 50.36991], [-4.14762, 50.36991]], [[-4.14762, 50.36991], [-4.14697, 50.36992]], [[-4.14697, 50.36992], [-4.1467, 50.36994], [-4.14657, 50.36995], [-4.14651, 50.36995], [-4.14642, 50.36997], [-4.14634, 50.37]], [[-4.14634, 50.37], [-4.14633, 50.37018], [-4.14632, 50.37025], [-4.14628, 50.37032], [-4.14623, 50.37037], [-4.14618, 50.37041], [-4.14611, 50.37044]], [[-4.14611, 50.37044], [-4.14603, 50.37046], [-4.14591, 50.37048], [-4.14582, 50.37048], [-4.14573, 50.37046]], [[-4.14573, 50.37046], [-4.14561, 50.37042], [-4.14553, 50.37037]], [[-4.14553, 50.37037], [-4.14529, 50.37034], [-4.14521, 50.37033]], [[-4.14521, 50.37033], [-4.14487, 50.37034], [-4.14454, 50.37035]], [[-4.14454, 50.37035], [-4.14357, 50.37037], [-4.14302, 50.37036], [-4.1428, 50.37036]], [[-4.1428, 50.37036], [-4.14241, 50.37036], [-4.14203, 50.37037]], [[-4.14203, 50.37037], [-4.14149, 50.37039], [-4.14126, 50.3704], [-4.14109, 50.3704]], [[-4.14109, 50.3704], [-4.14035, 50.37041], [-4.14031, 50.37041], [-4.14018, 50.37042]], [[-4.14018, 50.37042], [-4.13942, 50.37043], [-4.13923, 50.37043], [-4.13907, 50.37046]], [[-4.13907, 50.37046], [-4.13904, 50.37052], [-4.13898, 50.37057], [-4.13891, 50.37061], [-4.1388, 50.37065], [-4.1387, 50.37066], [-4.13857, 50.37065], [-4.13845, 50.37061]], [[-4.13845, 50.37061], [-4.1383, 50.37064], [-4.13826, 50.37066], [-4.13704, 50.37122], [-4.13671, 50.37136], [-4.13644, 50.3715], [-4.13639, 50.37154], [-4.13635, 50.37157], [-4.13632, 50.37162], [-4.13631, 50.37166], [-4.13632, 50.3717], [-4.13633, 50.37179]], [[-4.13633, 50.37179], [-4.13639, 50.37187], [-4.13643, 50.37195]], [[-4.13643, 50.37195], [-4.13662, 50.37211], [-4.13694, 50.37233], [-4.13707, 50.37241], [-4.13728, 50.37253], [-4.13754, 50.37267], [-4.13768, 50.37275]], [[-4.13768, 50.37275], [-4.13779, 50.37281], [-4.13792, 50.37287], [-4.13803, 50.37293]], [[-4.13803, 50.37293], [-4.13828, 50.37305], [-4.13834, 50.37308]], [[-4.13834, 50.37308], [-4.1384, 50.37312], [-4.13843, 50.37313], [-4.13848, 50.37317], [-4.13852, 50.37321], [-4.13854, 50.3733], [-4.13857, 50.37349]], [[-4.13857, 50.37349], [-4.13857, 50.37354], [-4.13857, 50.37358], [-4.13858, 50.37366], [-4.13859, 50.3737], [-4.13859, 50.37375], [-4.13859, 50.37379], [-4.13858, 50.37383], [-4.13855, 50.37386], [-4.1385, 50.37392], [-4.13845, 50.37397]], [[-4.13845, 50.37397], [-4.1382, 50.37423]], [[-4.1382, 50.37423], [-4.13815, 50.37428], [-4.13809, 50.37435], [-4.13775, 50.37472]], [[-4.13775, 50.37472], [-4.1377, 50.37478], [-4.13756, 50.37493], [-4.13738, 50.37513], [-4.13737, 50.37514], [-4.13731, 50.37521], [-4.1373, 50.37522], [-4.13726, 50.37525], [-4.13711, 50.37539]], [[-4.13711, 50.37539], [-4.13698, 50.37562], [-4.13695, 50.37566]], [[-4.13695, 50.37566], [-4.13689, 50.37577], [-4.13686, 50.37581], [-4.13684, 50.37585], [-4.13677, 50.37595], [-4.13668, 50.3761], [-4.1366, 50.37622]], [[-4.1366, 50.37622], [-4.13653, 50.37633], [-4.1365, 50.37637]], [[-4.1365, 50.37637], [-4.13648, 50.3764], [-4.1364, 50.37652]], [[-4.1364, 50.37652], [-4.13633, 50.37661], [-4.13631, 50.37664], [-4.13629, 50.37667], [-4.13628, 50.3767], [-4.13612, 50.37694], [-4.13607, 50.37702]], [[-4.13607, 50.37702], [-4.13598, 50.37715]], [[-4.13598, 50.37715], [-4.13589, 50.37729]], [[-4.13589, 50.37729], [-4.13583, 50.37738], [-4.13571, 50.37757], [-4.13563, 50.37768], [-4.13562, 50.3777], [-4.1355, 50.37789], [-4.13544, 50.37797]], [[-4.13544, 50.37797], [-4.13535, 50.37811], [-4.13524, 50.37828]], [[-4.13524, 50.37828], [-4.13517, 50.37839]], [[-4.13517, 50.37839], [-4.13513, 50.37845], [-4.13504, 50.37859]], [[-4.13504, 50.37859], [-4.13492, 50.37873]], [[-4.13492, 50.37873], [-4.1345, 50.37916], [-4.13442, 50.37927], [-4.13424, 50.37949], [-4.13418, 50.37957], [-4.13384, 50.37997], [-4.13379, 50.38001]], [[-4.13379, 50.38001], [-4.13374, 50.38006], [-4.13361, 50.38019]], [[-4.13361, 50.38019], [-4.13356, 50.38023]], [[-4.13356, 50.38023], [-4.13345, 50.38031]], [[-4.13344, 50.38047], [-4.13344, 50.38038], [-4.13345, 50.38031]], [[-4.13343, 50.3807], [-4.13343, 50.38063], [-4.13344, 50.38049], [-4.13344, 50.38047]], [[-4.13405, 50.38263], [-4.13403, 50.38258], [-4.1338, 50.38198], [-4.13367, 50.38162], [-4.13362, 50.38148], [-4.13352, 50.38118], [-4.13344, 50.38096], [-4.13342, 50.38081], [-4.13343, 50.3807]], [[-4.13408, 50.38273], [-4.13405, 50.38263]], [[-4.13441, 50.38402], [-4.13442, 50.38389], [-4.13441, 50.38384], [-4.1344, 50.3837], [-4.13428, 50.3833], [-4.13419, 50.38301], [-4.13412, 50.38283], [-4.13408, 50.38273]], [[-4.14284, 50.37336], [-4.14289, 50.37336], [-4.14308, 50.37335]], [[-4.14308, 50.37335], [-4.14422, 50.37332]], [[-4.14441, 50.37332], [-4.14422, 50.37332]], [[-4.14485, 50.37331], [-4.14444, 50.37332], [-4.14441, 50.37332]], [[-4.14485, 50.37331], [-4.14509, 50.37331], [-4.14527, 50.3733]], [[-4.14527, 50.3733], [-4.14536, 50.37329], [-4.14547, 50.37328], [-4.14556, 50.37328], [-4.14566, 50.37328], [-4.14597, 50.37327]], [[-4.14597, 50.37327], [-4.14602, 50.37326], [-4.14637, 50.3732], [-4.14661, 50.37316], [-4.14679, 50.37313], [-4.14713, 50.37306], [-4.14737, 50.37297], [-4.14742, 50.37295], [-4.14766, 50.37284], [-4.14793, 50.37265], [-4.14821, 50.3724], [-4.14838, 50.37216], [-4.14843, 50.37201], [-4.14845, 50.37188], [-4.14846, 50.3718], [-4.14846, 50.37168], [-4.14845, 50.37141], [-4.14844, 50.37105], [-4.14842, 50.3708], [-4.14842, 50.37068], [-4.14843, 50.37057]], [[-4.14843, 50.37057], [-4.14843, 50.37045], [-4.14844, 50.37035]], [[-4.14844, 50.37035], [-4.14845, 50.37014]], [[-4.14845, 50.37014], [-4.14837, 50.37004], [-4.14834, 50.37001], [-4.14831, 50.36998], [-4.14828, 50.36996]], [[-4.14828, 50.36996], [-4.14821, 50.36993], [-4.14814, 50.36991]], [[-4.13472, 50.38434], [-4.13459, 50.38434]], [[-4.13459, 50.38434], [-4.13452, 50.38434]], [[-4.13452, 50.38434], [-4.13445, 50.38435]], [[-4.13445, 50.38435], [-4.13433, 50.38438], [-4.13416, 50.38445]], [[-4.13416, 50.38445], [-4.13428, 50.38426]], [[-4.13428, 50.38426], [-4.13436, 50.38415]], [[-4.13436, 50.38415], [-4.13441, 50.38402]], [[-4.13343, 50.3807], [-4.1335, 50.38082]], [[-4.1335, 50.38082], [-4.13362, 50.38118], [-4.13375, 50.38155], [-4.13389, 50.38191]], [[-4.13389, 50.38191], [-4.13411, 50.38253], [-4.13414, 50.38262]], [[-4.13414, 50.38262], [-4.1342, 50.38278], [-4.13434, 50.38317], [-4.13449, 50.38361], [-4.13449, 50.38362], [-4.13457, 50.38377], [-4.13463, 50.38385], [-4.13466, 50.3839]], [[-4.13466, 50.3839], [-4.13491, 50.38413]], [[-4.13491, 50.38413], [-4.1349, 50.38422], [-4.13485, 50.38427], [-4.1348, 50.3843], [-4.13472, 50.38434]], [[-4.13032, 50.38911], [-4.13036, 50.38898]], [[-4.13064, 50.39147], [-4.13064, 50.39145], [-4.13054, 50.391], [-4.13048, 50.39066], [-4.13047, 50.39059], [-4.13044, 50.39045], [-4.13027, 50.38952], [-4.13028, 50.38946], [-4.13028, 50.38931], [-4.13029, 50.38926], [-4.13032, 50.38911]], [[-4.13105, 50.39222], [-4.13074, 50.39184], [-4.13068, 50.39168], [-4.13064, 50.39147]], [[-4.13091, 50.3919], [-4.13105, 50.39222]], [[-4.13086, 50.3918], [-4.13091, 50.3919]], [[-4.13069, 50.39099], [-4.13084, 50.39175], [-4.13086, 50.3918]], [[-4.13057, 50.39044], [-4.1306, 50.39058], [-4.13069, 50.39099]], [[-4.13043, 50.3897], [-4.13055, 50.39033], [-4.13057, 50.39044]], [[-4.13039, 50.38932], [-4.13043, 50.3897]], [[-4.13036, 50.38898], [-4.13039, 50.38926], [-4.13039, 50.38932]], [[-4.13036, 50.38898], [-4.13037, 50.38885]], [[-4.13037, 50.38885], [-4.13038, 50.38881]], [[-4.13038, 50.38881], [-4.1304, 50.38843]], [[-4.1304, 50.38843], [-4.13043, 50.38832], [-4.13046, 50.38819], [-4.13052, 50.38797]], [[-4.13052, 50.38797], [-4.13088, 50.38719]], [[-4.13088, 50.38719], [-4.13118, 50.38671]], [[-4.13118, 50.38671], [-4.13149, 50.38632]], [[-4.13149, 50.38632], [-4.13162, 50.38616]], [[-4.13162, 50.38616], [-4.1317, 50.38607], [-4.13172, 50.38604], [-4.13181, 50.38594], [-4.132, 50.38577], [-4.13218, 50.38566], [-4.1324, 50.38555], [-4.13303, 50.38532], [-4.13339, 50.38516], [-4.13354, 50.38506], [-4.13368, 50.38494], [-4.13384, 50.38478], [-4.13392, 50.3847]], [[-4.13392, 50.3847], [-4.13416, 50.38445]], [[-4.13123, 50.3924], [-4.13108, 50.39225], [-4.13105, 50.39222]], [[-4.13208, 50.39319], [-4.13189, 50.39304], [-4.13154, 50.39272], [-4.13123, 50.3924]], [[-4.13281, 50.39373], [-4.13225, 50.3933], [-4.13219, 50.39325], [-4.13208, 50.39319]], [[-4.133, 50.39397], [-4.13289, 50.39383], [-4.13283, 50.39376], [-4.13281, 50.39373]], [[-4.13339, 50.39511], [-4.13338, 50.39506], [-4.13334, 50.39487], [-4.13327, 50.39465], [-4.13309, 50.39423], [-4.133, 50.39397]], [[-4.13363, 50.39624], [-4.13355, 50.39584], [-4.13339, 50.39511]], [[-4.13379, 50.39702], [-4.13374, 50.39682], [-4.13365, 50.39632], [-4.13363, 50.39624]], [[-4.1345, 50.39789], [-4.13409, 50.39748], [-4.13404, 50.39744], [-4.13392, 50.39728], [-4.13387, 50.39719], [-4.13386, 50.39716], [-4.13379, 50.39702]], [[-4.12684, 50.4138], [-4.12688, 50.41373]], [[-4.12633, 50.41451], [-4.12659, 50.4142], [-4.12676, 50.41392], [-4.12678, 50.41389], [-4.12684, 50.4138]], [[-4.12504, 50.41554], [-4.12513, 50.41549], [-4.12534, 50.41534], [-4.12563, 50.41509], [-4.12614, 50.41469], [-4.12633, 50.41451]], [[-4.12125, 50.41748], [-4.12133, 50.41735], [-4.1214, 50.41728], [-4.1215, 50.41722], [-4.12162, 50.41716], [-4.12166, 50.41714], [-4.122, 50.41706]], [[-4.12048, 50.41774], [-4.12057, 50.41771], [-4.12068, 50.41769], [-4.12085, 50.41766], [-4.12093, 50.41764], [-4.12102, 50.4176], [-4.12118, 50.41753], [-4.12125, 50.41748]], [[-4.12012, 50.41797], [-4.1202, 50.41789], [-4.12031, 50.41782], [-4.12039, 50.41778], [-4.12048, 50.41774]], [[-4.12145, 50.41786], [-4.12119, 50.4178], [-4.12108, 50.41778], [-4.12099, 50.41777], [-4.12093, 50.41777], [-4.1208, 50.41776], [-4.12068, 50.41776], [-4.12058, 50.41777], [-4.1205, 50.41778], [-4.12041, 50.41781], [-4.12034, 50.41784], [-4.12026, 50.41788], [-4.12012, 50.41797]], [[-4.12151, 50.4179], [-4.12145, 50.41786]], [[-4.11635, 50.41735], [-4.11617, 50.41727]], [[-4.11617, 50.41727], [-4.11606, 50.41723], [-4.11605, 50.41722], [-4.11599, 50.4172]], [[-4.11469, 50.41706], [-4.11486, 50.41706], [-4.11502, 50.41707], [-4.11537, 50.4171], [-4.11568, 50.41714], [-4.11574, 50.41715], [-4.11599, 50.4172]], [[-4.114, 50.41712], [-4.11421, 50.41709], [-4.1143, 50.41708], [-4.11439, 50.41707], [-4.11458, 50.41705], [-4.11469, 50.41706]], [[-4.11375, 50.41725], [-4.114, 50.41712]], [[-4.11375, 50.41725], [-4.11372, 50.41727], [-4.11365, 50.41731], [-4.11356, 50.41738], [-4.11348, 50.41746]], [[-4.12271, 50.41682], [-4.12314, 50.4166], [-4.12358, 50.41637], [-4.12397, 50.41617], [-4.12447, 50.41588], [-4.12475, 50.41572], [-4.12504, 50.41554]], [[-4.12206, 50.41705], [-4.12233, 50.41696], [-4.12244, 50.41693], [-4.12257, 50.41688], [-4.12271, 50.41682]], [[-4.12664, 50.41437], [-4.12659, 50.41442], [-4.12643, 50.4146], [-4.1259, 50.41509], [-4.12534, 50.41552], [-4.12528, 50.41556], [-4.12514, 50.41563]], [[-4.12679, 50.41418], [-4.12677, 50.41421], [-4.12664, 50.41437]], [[-4.122, 50.41706], [-4.12206, 50.41705]], [[-4.13461, 50.40366], [-4.13455, 50.40406], [-4.1345, 50.40431], [-4.13441, 50.40466], [-4.13436, 50.40485]], [[-4.13464, 50.4034], [-4.13461, 50.40366]], [[-4.13465, 50.40328], [-4.13464, 50.4034]], [[-4.13463, 50.40218], [-4.13462, 50.40237], [-4.13465, 50.4029], [-4.13465, 50.40323], [-4.13465, 50.40328]], [[-4.12216, 50.41801], [-4.12204, 50.41801], [-4.1219, 50.418], [-4.12176, 50.41798], [-4.12167, 50.41795], [-4.12151, 50.4179]], [[-4.12228, 50.418], [-4.12216, 50.41801]], [[-4.12281, 50.41759], [-4.12276, 50.41767], [-4.12269, 50.41774], [-4.12262, 50.41781], [-4.12253, 50.41787], [-4.12242, 50.41794], [-4.12228, 50.418]], [[-4.12278, 50.41735], [-4.12281, 50.41741], [-4.12282, 50.41748], [-4.12282, 50.41754], [-4.12281, 50.41759]], [[-4.12309, 50.41708], [-4.12291, 50.41724], [-4.12278, 50.41735]], [[-4.12386, 50.41647], [-4.12361, 50.41663], [-4.12336, 50.41683], [-4.12318, 50.417], [-4.12309, 50.41708]], [[-4.12413, 50.41642], [-4.12402, 50.41643], [-4.12386, 50.41647]], [[-4.12485, 50.41583], [-4.12483, 50.41587], [-4.12442, 50.41616], [-4.12426, 50.41629], [-4.12413, 50.41642]], [[-4.12514, 50.41563], [-4.12485, 50.41583]], [[-4.13469, 50.40178], [-4.13466, 50.40189], [-4.13463, 50.40203], [-4.13463, 50.40218]], [[-4.13565, 50.40104], [-4.13542, 50.40111], [-4.1353, 50.40115], [-4.1352, 50.40121], [-4.13513, 50.40125], [-4.13506, 50.40129], [-4.13499, 50.40135], [-4.13493, 50.40141], [-4.13487, 50.40149], [-4.13481, 50.40156], [-4.13473, 50.40169], [-4.13469, 50.40178]], [[-4.13616, 50.401], [-4.13611, 50.401], [-4.1359, 50.40101], [-4.13574, 50.40103], [-4.13565, 50.40104]], [[-4.13676, 50.40077], [-4.13675, 50.40079], [-4.13672, 50.40084], [-4.13667, 50.40088], [-4.13661, 50.40092], [-4.13655, 50.40095], [-4.13647, 50.40097], [-4.13637, 50.40099], [-4.13625, 50.401], [-4.13616, 50.401]], [[-4.13692, 50.40041], [-4.1369, 50.40047], [-4.13676, 50.40077]], [[-4.13691, 50.40031], [-4.13692, 50.40036], [-4.13692, 50.40041]], [[-4.13635, 50.40006], [-4.13643, 50.40006], [-4.13656, 50.40006], [-4.13666, 50.40008], [-4.13674, 50.40011], [-4.1368, 50.40014], [-4.13686, 50.40019], [-4.1369, 50.40024], [-4.13691, 50.40025], [-4.13691, 50.40031]], [[-4.13579, 50.40011], [-4.13596, 50.40009], [-4.13617, 50.40007], [-4.1363, 50.40006], [-4.13635, 50.40006]], [[-4.13532, 50.39979], [-4.13533, 50.39984], [-4.13536, 50.39989], [-4.1354, 50.39993], [-4.13544, 50.39997], [-4.13549, 50.40001], [-4.13555, 50.40004], [-4.13579, 50.40011]], [[-4.13528, 50.3996], [-4.13529, 50.39965], [-4.1353, 50.39975], [-4.13532, 50.39979]], [[-4.13525, 50.39922], [-4.13528, 50.3996]], [[-4.13517, 50.39878], [-4.13518, 50.39881], [-4.1352, 50.39894], [-4.13522, 50.39902], [-4.13523, 50.39913], [-4.13525, 50.39922]], [[-4.1345, 50.39789], [-4.1348, 50.39816], [-4.13493, 50.39829], [-4.13499, 50.39836], [-4.13505, 50.39846], [-4.13511, 50.39861], [-4.13517, 50.39878]], [[-4.13511, 50.39923], [-4.13509, 50.39912], [-4.13504, 50.39881], [-4.13496, 50.39859], [-4.1349, 50.39846], [-4.13471, 50.39818], [-4.1345, 50.39789]], [[-4.13519, 50.39979], [-4.13518, 50.39964], [-4.13518, 50.39963], [-4.13511, 50.39923]], [[-4.13519, 50.39986], [-4.13519, 50.39979]], [[-4.13488, 50.40026], [-4.13494, 50.40017], [-4.13503, 50.40011], [-4.1351, 50.40005], [-4.13515, 50.39999], [-4.13517, 50.39993], [-4.13519, 50.39986]], [[-4.13473, 50.40041], [-4.13474, 50.40038], [-4.13482, 50.4003], [-4.13488, 50.40026]], [[-4.13461, 50.40068], [-4.13473, 50.40041]], [[-4.13462, 50.40087], [-4.13461, 50.40087], [-4.13459, 50.40076], [-4.13461, 50.40068]], [[-4.1345, 50.40135], [-4.13454, 50.4013], [-4.13458, 50.40125], [-4.13462, 50.40119], [-4.13464, 50.40112], [-4.13465, 50.40106], [-4.13465, 50.40101], [-4.13464, 50.40095], [-4.13462, 50.40087]], [[-4.13427, 50.40174], [-4.1343, 50.40168], [-4.13439, 50.4015], [-4.1345, 50.40135]], [[-4.13444, 50.4038], [-4.13434, 50.40324], [-4.13424, 50.40279], [-4.13419, 50.40256], [-4.13417, 50.40233], [-4.13417, 50.40208], [-4.13427, 50.40174]], [[-4.13436, 50.40435], [-4.13437, 50.40429], [-4.13444, 50.4038]], [[-4.13413, 50.40538], [-4.13416, 50.40522], [-4.13421, 50.40504], [-4.13429, 50.40464], [-4.13436, 50.40435]], [[-4.13396, 50.406], [-4.13406, 50.40564], [-4.13413, 50.40538]], [[-4.13386, 50.40651], [-4.13396, 50.406]], [[-4.13384, 50.40673], [-4.13386, 50.40651]], [[-4.13378, 50.40736], [-4.13382, 50.40685], [-4.13384, 50.40673]], [[-4.11348, 50.41746], [-4.11351, 50.41749], [-4.11352, 50.41751], [-4.11356, 50.41762]], [[-4.11356, 50.41762], [-4.11357, 50.4178], [-4.11363, 50.41794]], [[-4.11369, 50.41826], [-4.11369, 50.41814], [-4.11367, 50.41805], [-4.11363, 50.41794]], [[-4.11362, 50.4186], [-4.11368, 50.41843], [-4.11369, 50.41826]], [[-4.11386, 50.4195], [-4.11366, 50.41934], [-4.11352, 50.41924], [-4.11345, 50.41917], [-4.11341, 50.4191], [-4.11343, 50.41898], [-4.11362, 50.4186]], [[-4.11421, 50.41985], [-4.1141, 50.41967], [-4.11386, 50.4195]], [[-4.12012, 50.41797], [-4.12004, 50.41807], [-4.11997, 50.41819], [-4.11992, 50.41833], [-4.11989, 50.41845], [-4.11985, 50.41857], [-4.1198, 50.41868]], [[-4.1198, 50.41868], [-4.11979, 50.41869], [-4.11963, 50.4189], [-4.11951, 50.419], [-4.11938, 50.41907], [-4.11923, 50.41912], [-4.11906, 50.41917], [-4.11891, 50.41921], [-4.11873, 50.41922]], [[-4.11873, 50.41922], [-4.11864, 50.41922], [-4.11857, 50.41922], [-4.11848, 50.4192], [-4.11846, 50.4192], [-4.11831, 50.41916]], [[-4.11831, 50.41916], [-4.11807, 50.41907], [-4.11797, 50.41902], [-4.11787, 50.41896], [-4.1177, 50.41884], [-4.11751, 50.41872], [-4.1172, 50.41857], [-4.11687, 50.41843], [-4.11677, 50.41835], [-4.11663, 50.41828]], [[-4.11663, 50.41828], [-4.11675, 50.4181], [-4.11676, 50.41804], [-4.11675, 50.41798], [-4.11667, 50.41778], [-4.11659, 50.41765]], [[-4.11659, 50.41765], [-4.11635, 50.41735]], [[-4.11411, 50.4199], [-4.11412, 50.41989], [-4.11414, 50.41988], [-4.11415, 50.41987], [-4.11417, 50.41986], [-4.11419, 50.41986], [-4.11421, 50.41985], [-4.11423, 50.41985], [-4.11425, 50.41985], [-4.11427, 50.41986], [-4.11428, 50.41986], [-4.1143, 50.41987], [-4.11432, 50.41988], [-4.11433, 50.41988], [-4.11434, 50.41989], [-4.11435, 50.41991], [-4.11435, 50.41992], [-4.11435, 50.41993], [-4.11435, 50.41994], [-4.11435, 50.41996], [-4.11434, 50.41997], [-4.11433, 50.41998], [-4.11431, 50.41999], [-4.1143, 50.42], [-4.11428, 50.42], [-4.11426, 50.42001], [-4.11424, 50.42001], [-4.11422, 50.42001], [-4.1142, 50.42001], [-4.11418, 50.42001], [-4.11416, 50.42], [-4.11415, 50.41999], [-4.11413, 50.41999], [-4.11412, 50.41997], [-4.11411, 50.41996], [-4.1141, 50.41995], [-4.1141, 50.41994], [-4.1141, 50.41992], [-4.11411, 50.41991], [-4.11411, 50.4199]], [[-4.11415, 50.41999], [-4.11403, 50.42005], [-4.11368, 50.42022], [-4.11299, 50.42049], [-4.11247, 50.42069], [-4.11212, 50.42082]], [[-4.11427, 50.42245], [-4.1141, 50.42225], [-4.11402, 50.42219], [-4.1139, 50.42209], [-4.11364, 50.42191], [-4.11345, 50.42178], [-4.11324, 50.42164], [-4.11302, 50.42149], [-4.11285, 50.42136], [-4.11273, 50.42128], [-4.11217, 50.42086], [-4.11212, 50.42082]], [[-4.11422, 50.42283], [-4.11426, 50.42274], [-4.11429, 50.42269], [-4.11431, 50.42263], [-4.11431, 50.42259], [-4.1143, 50.42251], [-4.11427, 50.42245]], [[-4.11416, 50.42289], [-4.11422, 50.42283]], [[-4.11335, 50.42355], [-4.11335, 50.42346], [-4.11336, 50.42341], [-4.11339, 50.42336], [-4.11344, 50.4233], [-4.1135, 50.42326], [-4.11383, 50.42308], [-4.11416, 50.42289]], [[-4.11361, 50.42413], [-4.11357, 50.42396], [-4.11341, 50.42369], [-4.11335, 50.42355]], [[-4.11367, 50.42433], [-4.11364, 50.42424], [-4.11363, 50.42421], [-4.11361, 50.42413]], [[-4.11397, 50.4246], [-4.11383, 50.42454], [-4.11381, 50.42453], [-4.11371, 50.42444], [-4.11367, 50.42433]], [[-4.11397, 50.4246], [-4.11414, 50.42462]], [[-4.11414, 50.42462], [-4.11425, 50.42465], [-4.11442, 50.42469]], [[-4.11442, 50.42469], [-4.11457, 50.42481]], [[-4.11457, 50.42481], [-4.11459, 50.42498], [-4.11461, 50.42517], [-4.11462, 50.42535], [-4.1146, 50.42551], [-4.11456, 50.42568], [-4.11448, 50.42586], [-4.11441, 50.42598], [-4.11435, 50.42608]], [[-4.11435, 50.42608], [-4.11432, 50.42611], [-4.1142, 50.42626]], [[-4.1142, 50.42626], [-4.11404, 50.42642], [-4.11393, 50.42652]], [[-4.11393, 50.42652], [-4.11372, 50.42669], [-4.11349, 50.42689], [-4.11336, 50.42701], [-4.11327, 50.42711], [-4.1132, 50.42719]], [[-4.1132, 50.42719], [-4.11314, 50.42728]], [[-4.11314, 50.42728], [-4.11309, 50.42733]], [[-4.11309, 50.42733], [-4.11302, 50.42742], [-4.11295, 50.42754]], [[-4.11295, 50.42754], [-4.11284, 50.42781]], [[-4.11284, 50.42781], [-4.11272, 50.42822], [-4.11269, 50.42837]], [[-4.11269, 50.42837], [-4.11268, 50.4284], [-4.11264, 50.42862], [-4.11256, 50.42908]], [[-4.11256, 50.42908], [-4.11253, 50.42929], [-4.11249, 50.42946], [-4.11242, 50.42968]], [[-4.11242, 50.42968], [-4.1124, 50.42938], [-4.1124, 50.42915]], [[-4.1124, 50.42915], [-4.1124, 50.42883], [-4.11241, 50.42873]], [[-4.11241, 50.42873], [-4.11248, 50.42835], [-4.11248, 50.42835], [-4.1125, 50.42823]], [[-4.1125, 50.42823], [-4.11252, 50.42815]], [[-4.11252, 50.42815], [-4.11257, 50.4279]], [[-4.11257, 50.4279], [-4.11259, 50.42781]], [[-4.11259, 50.42781], [-4.11265, 50.42766], [-4.11277, 50.42736], [-4.11283, 50.42727]], [[-4.11283, 50.42727], [-4.11288, 50.4272]], [[-4.11288, 50.4272], [-4.11295, 50.42712]], [[-4.11295, 50.42712], [-4.11309, 50.42694], [-4.11313, 50.4269]], [[-4.11313, 50.4269], [-4.11326, 50.42679], [-4.1135, 50.42664], [-4.11369, 50.42653], [-4.11388, 50.42639], [-4.11407, 50.42622], [-4.11421, 50.42602], [-4.11429, 50.4259], [-4.11436, 50.42575], [-4.11443, 50.42555], [-4.11445, 50.42544], [-4.11446, 50.42531], [-4.11445, 50.42515], [-4.11441, 50.42484]], [[-4.11441, 50.42484], [-4.11435, 50.42475], [-4.11425, 50.42471], [-4.11413, 50.42466], [-4.11397, 50.4246]], [[-4.11242, 50.42968], [-4.11231, 50.4301], [-4.11218, 50.43056], [-4.11207, 50.43102], [-4.11204, 50.43114], [-4.112, 50.43133]], [[-4.112, 50.43133], [-4.11195, 50.43156], [-4.1118, 50.43215], [-4.11174, 50.43232]], [[-4.11174, 50.43232], [-4.11162, 50.43249], [-4.11154, 50.43258], [-4.11152, 50.43261], [-4.11143, 50.43269]], [[-4.11143, 50.43269], [-4.11134, 50.43279], [-4.11127, 50.43284], [-4.11115, 50.43292], [-4.11102, 50.433]], [[-4.11102, 50.433], [-4.11097, 50.43308], [-4.11096, 50.43315], [-4.11096, 50.43323], [-4.11099, 50.43332], [-4.11103, 50.43342], [-4.11108, 50.43352], [-4.1111, 50.43361], [-4.11112, 50.43372]], [[-4.11112, 50.43372], [-4.11112, 50.43375], [-4.11113, 50.43386]], [[-4.11113, 50.43386], [-4.11113, 50.43404], [-4.11113, 50.43413], [-4.11112, 50.43429], [-4.11108, 50.43443], [-4.111, 50.43465], [-4.11087, 50.43488], [-4.11069, 50.43513], [-4.11045, 50.4354], [-4.11013, 50.43573], [-4.10977, 50.43606]], [[-4.10977, 50.43606], [-4.1097, 50.43613], [-4.10965, 50.43619], [-4.10962, 50.43622]], [[-4.10962, 50.43622], [-4.10955, 50.4363], [-4.10941, 50.43647], [-4.10928, 50.43666], [-4.10921, 50.43681], [-4.10915, 50.43694], [-4.1091, 50.43705], [-4.10904, 50.43733], [-4.10901, 50.43758], [-4.109, 50.43785]], [[-4.109, 50.43785], [-4.10906, 50.43817], [-4.1092, 50.43874], [-4.10927, 50.43911], [-4.10929, 50.43918]], [[-4.10929, 50.43918], [-4.10936, 50.43945], [-4.10944, 50.43972], [-4.10951, 50.44004], [-4.10954, 50.44012], [-4.10967, 50.44064], [-4.10978, 50.44121], [-4.10982, 50.44137], [-4.10993, 50.44152], [-4.11011, 50.44164]], [[-4.10967, 50.4422], [-4.10958, 50.44217], [-4.1095, 50.44212], [-4.10945, 50.44208], [-4.10941, 50.44203], [-4.10938, 50.44195], [-4.10938, 50.44188], [-4.1094, 50.44181], [-4.10945, 50.44175], [-4.10949, 50.44172], [-4.10957, 50.44167], [-4.10966, 50.44163], [-4.10976, 50.44161], [-4.1099, 50.4416], [-4.11001, 50.44161], [-4.11011, 50.44164]], [[-4.10995, 50.44223], [-4.10988, 50.44223], [-4.10978, 50.44222], [-4.10967, 50.4422]], [[-4.11011, 50.44164], [-4.11019, 50.44168], [-4.11021, 50.44169], [-4.11028, 50.44174], [-4.11034, 50.44181], [-4.11036, 50.4419], [-4.11036, 50.44195], [-4.11035, 50.442], [-4.11029, 50.44208], [-4.11024, 50.44212], [-4.11014, 50.44218], [-4.11001, 50.44222], [-4.10995, 50.44223]], [[-4.11048, 50.43325], [-4.11073, 50.4331], [-4.11107, 50.43289], [-4.11124, 50.4328], [-4.11143, 50.43269]], [[-4.11033, 50.4334], [-4.11034, 50.43336], [-4.11036, 50.43333], [-4.11039, 50.4333], [-4.11043, 50.43327], [-4.11048, 50.43325]], [[-4.11054, 50.43358], [-4.11049, 50.43357], [-4.11044, 50.43355], [-4.1104, 50.43353], [-4.11037, 50.4335], [-4.11034, 50.43347], [-4.11033, 50.43343], [-4.11033, 50.4334]], [[-4.11065, 50.43358], [-4.1106, 50.43358], [-4.11054, 50.43358]], [[-4.11095, 50.43386], [-4.11095, 50.43385], [-4.11093, 50.43379], [-4.11086, 50.43372], [-4.11076, 50.43364], [-4.11065, 50.43358]], [[-4.10961, 50.43606], [-4.10963, 50.43603], [-4.11001, 50.43568], [-4.11028, 50.4354], [-4.11047, 50.43517], [-4.11074, 50.43482], [-4.11088, 50.43457], [-4.11095, 50.43434], [-4.11099, 50.43401], [-4.11096, 50.43388], [-4.11095, 50.43386]], [[-4.10953, 50.43613], [-4.10961, 50.43606]], [[-4.10937, 50.4363], [-4.10951, 50.43616], [-4.10953, 50.43613]], [[-4.10874, 50.4377], [-4.10882, 50.4374], [-4.10891, 50.43711], [-4.10899, 50.43687], [-4.1091, 50.43665], [-4.10919, 50.43651], [-4.10936, 50.43631], [-4.10937, 50.4363]], [[-4.10894, 50.43859], [-4.10887, 50.43845], [-4.10878, 50.43827], [-4.10875, 50.43812], [-4.10873, 50.43804], [-4.10874, 50.4377]], [[-4.10925, 50.43964], [-4.10913, 50.43911], [-4.10906, 50.43887], [-4.109, 50.43871], [-4.10894, 50.43859]], [[-4.10932, 50.43995], [-4.10926, 50.43969], [-4.10925, 50.43964]], [[-4.10949, 50.44172], [-4.10955, 50.44156], [-4.10959, 50.44142], [-4.1096, 50.44124], [-4.10957, 50.44102], [-4.10944, 50.44052], [-4.10935, 50.4401], [-4.10932, 50.43995]], [[-4.10995, 50.44223], [-4.10971, 50.44231], [-4.10949, 50.44242], [-4.10937, 50.4425], [-4.10918, 50.44269], [-4.10911, 50.44277], [-4.10899, 50.44288]], [[-4.10899, 50.44288], [-4.109, 50.44275], [-4.10915, 50.44255], [-4.10931, 50.44243]], [[-4.10931, 50.44243], [-4.10941, 50.4423]], [[-4.10863, 50.44639], [-4.10875, 50.4457], [-4.10886, 50.44508], [-4.10894, 50.44462], [-4.10898, 50.44433], [-4.10899, 50.44401], [-4.10895, 50.44334]], [[-4.09881, 50.47], [-4.0989, 50.46981], [-4.09919, 50.46918], [-4.09924, 50.46907], [-4.09966, 50.46817], [-4.10025, 50.46694], [-4.10077, 50.46582], [-4.10103, 50.46525], [-4.10129, 50.46474], [-4.10208, 50.46306], [-4.10319, 50.46062], [-4.10376, 50.45939], [-4.10408, 50.45873], [-4.10466, 50.45744], [-4.10498, 50.45677], [-4.1055, 50.4556]], [[-4.1055, 50.4556], [-4.1057, 50.45517], [-4.10611, 50.45425], [-4.10678, 50.45278], [-4.10744, 50.45132]], [[-4.10744, 50.45132], [-4.10751, 50.45118], [-4.10771, 50.45075], [-4.10783, 50.45045], [-4.10799, 50.45001], [-4.10808, 50.44965]], [[-4.10808, 50.44965], [-4.10822, 50.44903], [-4.10829, 50.44843], [-4.10839, 50.44788], [-4.10846, 50.4474], [-4.10857, 50.44679]], [[-4.10857, 50.44679], [-4.10863, 50.44639]], [[-4.10941, 50.4423], [-4.10943, 50.4422], [-4.10945, 50.44208]], [[-4.10895, 50.44334], [-4.10896, 50.443], [-4.10899, 50.44288]], [[-4.12706, 50.41402], [-4.12699, 50.41408], [-4.12677, 50.41421]], [[-4.12728, 50.41374], [-4.12721, 50.41381], [-4.12713, 50.41393], [-4.12706, 50.41402]], [[-4.12746, 50.41329], [-4.12743, 50.41344], [-4.12737, 50.41358], [-4.12728, 50.41374]], [[-4.12762, 50.4131], [-4.12753, 50.41321], [-4.12746, 50.41329]], [[-4.12863, 50.41219], [-4.12837, 50.4124], [-4.12812, 50.41262], [-4.12777, 50.41298], [-4.12762, 50.4131]], [[-4.12909, 50.41188], [-4.12886, 50.41203], [-4.12871, 50.41213], [-4.12863, 50.41219]], [[-4.13028, 50.41132], [-4.12975, 50.41156], [-4.1293, 50.41177], [-4.12909, 50.41188]], [[-4.13041, 50.41126], [-4.13028, 50.41132]], [[-4.1332, 50.40947], [-4.13314, 50.40953], [-4.13281, 50.40982], [-4.13256, 50.41001], [-4.13217, 50.41028], [-4.13177, 50.41052], [-4.13116, 50.41087], [-4.13041, 50.41126]], [[-4.13334, 50.40931], [-4.1332, 50.40947]], [[-4.13362, 50.40892], [-4.13357, 50.40902], [-4.13341, 50.40923], [-4.13334, 50.40931]], [[-4.13381, 50.40849], [-4.13373, 50.40872], [-4.13362, 50.40892]], [[-4.13401, 50.40678], [-4.1339, 50.4078], [-4.1339, 50.40784], [-4.13387, 50.40808], [-4.13385, 50.40834], [-4.13381, 50.40849]], [[-4.13401, 50.40675], [-4.13401, 50.40678]], [[-4.13418, 50.40549], [-4.13415, 50.40565], [-4.13407, 50.40605], [-4.13401, 50.40675]], [[-4.1342, 50.40541], [-4.13418, 50.40549]], [[-4.13436, 50.40485], [-4.13429, 50.40505], [-4.13425, 50.40519], [-4.1342, 50.40541]], [[-4.13711, 50.37539], [-4.13719, 50.37523], [-4.13724, 50.37514], [-4.13799, 50.37429], [-4.13832, 50.37393]], [[-4.13832, 50.37393], [-4.13842, 50.37383], [-4.13849, 50.37377], [-4.13853, 50.37374]], [[-4.13853, 50.37374], [-4.13859, 50.3737], [-4.13863, 50.37369], [-4.13871, 50.37366], [-4.1388, 50.37365], [-4.13892, 50.37364]], [[-4.13892, 50.37364], [-4.13906, 50.37363], [-4.13921, 50.37361], [-4.1394, 50.37361], [-4.13955, 50.37361], [-4.13987, 50.37371], [-4.1402, 50.37383], [-4.14033, 50.37387]], [[-4.14033, 50.37387], [-4.14046, 50.37371]], [[-4.14046, 50.37371], [-4.1405, 50.37359], [-4.14053, 50.37356], [-4.14058, 50.3735]], [[-4.14058, 50.3735], [-4.14065, 50.37346], [-4.14075, 50.37341], [-4.14084, 50.37339], [-4.14096, 50.37338], [-4.14118, 50.37338], [-4.14145, 50.37337]], [[-4.14145, 50.37337], [-4.14161, 50.37337]], [[-4.14161, 50.37337], [-4.14177, 50.37337]], [[-4.14177, 50.37337], [-4.14217, 50.37336], [-4.14228, 50.37336], [-4.1423, 50.37336], [-4.14233, 50.37336], [-4.14246, 50.37336], [-4.14251, 50.37336], [-4.14263, 50.37336], [-4.14274, 50.37336], [-4.14284, 50.37336]]]}}, {"type": "Feature", "properties": {"mode": "bus", "name": "Bus Route 44", "ref": "44", "operator": "Plymouth Citybus", "osm_id": 13103061}, "geometry": {"type": "MultiLineString", "coordinates": [[[-4.13308, 50.41081], [-4.13316, 50.41077], [-4.13334, 50.41073], [-4.13346, 50.41069], [-4.13356, 50.41068]], [[-4.13356, 50.41068], [-4.13359, 50.41066], [-4.13365, 50.41063], [-4.13371, 50.41058], [-4.13377, 50.41052]], [[-4.13377, 50.41052], [-4.13386, 50.4104], [-4.13397, 50.41029]], [[-4.13397, 50.41029], [-4.13409, 50.41017], [-4.13411, 50.41014]], [[-4.13411, 50.41014], [-4.13416, 50.41004], [-4.13419, 50.40996], [-4.13422, 50.40989], [-4.13423, 50.40979], [-4.1342, 50.4097], [-4.13414, 50.40959], [-4.13396, 50.40937]], [[-4.13396, 50.40937], [-4.13369, 50.40918]], [[-4.13369, 50.40918], [-4.13331, 50.40891]], [[-4.13331, 50.40891], [-4.1333, 50.4089], [-4.13323, 50.40885]], [[-4.13323, 50.40885], [-4.13296, 50.40872], [-4.13287, 50.40868], [-4.13275, 50.40866], [-4.13266, 50.40867], [-4.13257, 50.4087], [-4.13248, 50.40877], [-4.13244, 50.40883], [-4.13235, 50.40896]], [[-4.13235, 50.40896], [-4.13228, 50.40914], [-4.13218, 50.40937]], [[-4.13218, 50.40937], [-4.13214, 50.40947]], [[-4.13214, 50.40947], [-4.13212, 50.40951], [-4.13209, 50.4096]], [[-4.13209, 50.4096], [-4.1321, 50.40964], [-4.1321, 50.40966], [-4.1321, 50.40968], [-4.13212, 50.40975], [-4.13213, 50.40978], [-4.13216, 50.40981], [-4.13221, 50.40984], [-4.13225, 50.40985], [-4.13229, 50.40985], [-4.13234, 50.40985], [-4.13239, 50.40985], [-4.13246, 50.40982], [-4.13252, 50.4098], [-4.1328, 50.4096], [-4.13293, 50.4095], [-4.13296, 50.40948], [-4.133, 50.40945], [-4.13308, 50.40941]], [[-4.15105, 50.41805], [-4.15111, 50.41791], [-4.15112, 50.41787]], [[-4.15094, 50.41831], [-4.15105, 50.41805]], [[-4.1509, 50.41842], [-4.15094, 50.41831]], [[-4.15149, 50.4185], [-4.15106, 50.41844], [-4.1509, 50.41842]], [[-4.15187, 50.41853], [-4.15149, 50.4185]], [[-4.15207, 50.41854], [-4.15187, 50.41853]], [[-4.15222, 50.41854], [-4.15207, 50.41854]], [[-4.15232, 50.41854], [-4.15222, 50.41854]], [[-4.15313, 50.41851], [-4.15289, 50.41853], [-4.15255, 50.41855], [-4.15232, 50.41854]], [[-4.1533, 50.41849], [-4.15313, 50.41851]], [[-4.1535, 50.41827], [-4.15348, 50.41832], [-4.15345, 50.4184], [-4.1534, 50.41845], [-4.1533, 50.41849]], [[-4.15297, 50.41823], [-4.15321, 50.41825], [-4.15337, 50.41827], [-4.15345, 50.41828], [-4.1535, 50.41827]], [[-4.15194, 50.41804], [-4.15234, 50.41813], [-4.15288, 50.41822], [-4.15297, 50.41823]], [[-4.15184, 50.41803], [-4.15194, 50.41804]], [[-4.15005, 50.41759], [-4.15052, 50.41772], [-4.1508, 50.4178], [-4.15112, 50.41787], [-4.15129, 50.4179], [-4.1513, 50.4179], [-4.15135, 50.41791], [-4.1516, 50.41796], [-4.15184, 50.41803]], [[-4.14967, 50.41749], [-4.15005, 50.41759]], [[-4.14946, 50.41746], [-4.14967, 50.41749]], [[-4.14923, 50.4174], [-4.14946, 50.41746]], [[-4.14857, 50.41723], [-4.14871, 50.41727], [-4.14912, 50.41737], [-4.14923, 50.4174]], [[-4.14835, 50.4172], [-4.14857, 50.41723]], [[-4.14762, 50.41706], [-4.14805, 50.41712], [-4.14807, 50.41712], [-4.14835, 50.4172]], [[-4.14737, 50.41703], [-4.14762, 50.41706]], [[-4.14681, 50.41697], [-4.14727, 50.41702], [-4.14737, 50.41703]], [[-4.1467, 50.41695], [-4.14681, 50.41697]], [[-4.14658, 50.41694], [-4.1467, 50.41695]], [[-4.14648, 50.41693], [-4.14658, 50.41694]], [[-4.14558, 50.41684], [-4.1463, 50.41691], [-4.14648, 50.41693]], [[-4.14497, 50.41678], [-4.14508, 50.41679], [-4.14558, 50.41684]], [[-4.14486, 50.41677], [-4.14497, 50.41678]], [[-4.14451, 50.41673], [-4.14475, 50.41675], [-4.14486, 50.41677]], [[-4.14417, 50.4167], [-4.14443, 50.41672], [-4.14451, 50.41673]], [[-4.14368, 50.41665], [-4.14381, 50.41666], [-4.1439, 50.41667], [-4.14401, 50.41668], [-4.14417, 50.4167]], [[-4.14349, 50.41662], [-4.14368, 50.41665]], [[-4.14329, 50.4166], [-4.14349, 50.41662]], [[-4.14275, 50.41654], [-4.14329, 50.4166]], [[-4.14246, 50.41649], [-4.14263, 50.41652], [-4.14275, 50.41654]], [[-4.14139, 50.41629], [-4.14172, 50.41635], [-4.14246, 50.41649]], [[-4.14048, 50.41619], [-4.14082, 50.41621], [-4.14127, 50.41627], [-4.14139, 50.41629]], [[-4.14009, 50.41615], [-4.14048, 50.41619]], [[-4.13977, 50.41614], [-4.14009, 50.41615]], [[-4.13929, 50.41611], [-4.13944, 50.41612], [-4.13977, 50.41614]], [[-4.13882, 50.41608], [-4.13929, 50.41611]], [[-4.13818, 50.41599], [-4.13842, 50.41605], [-4.13867, 50.41607], [-4.13882, 50.41608]], [[-4.13766, 50.41582], [-4.13774, 50.41585], [-4.13805, 50.41596], [-4.13818, 50.41599]], [[-4.13738, 50.41572], [-4.13766, 50.41582]], [[-4.13726, 50.41568], [-4.13738, 50.41572]], [[-4.13663, 50.41532], [-4.13666, 50.41534], [-4.13676, 50.4154], [-4.13694, 50.4155], [-4.13716, 50.41563], [-4.13726, 50.41568]], [[-4.13601, 50.41488], [-4.13621, 50.41501], [-4.13635, 50.41514], [-4.13648, 50.4152], [-4.13651, 50.41522], [-4.13663, 50.41532]], [[-4.13537, 50.41444], [-4.13591, 50.41481], [-4.13601, 50.41488]], [[-4.13494, 50.41409], [-4.13531, 50.41441], [-4.13537, 50.41444]], [[-4.13489, 50.41404], [-4.13494, 50.41409]], [[-4.13478, 50.41394], [-4.13487, 50.41403], [-4.13489, 50.41404]], [[-4.13459, 50.41372], [-4.13478, 50.41394]], [[-4.13399, 50.41244], [-4.13403, 50.41251], [-4.13416, 50.41282], [-4.1342, 50.41291], [-4.13429, 50.41319], [-4.13442, 50.41343], [-4.13452, 50.41361], [-4.13459, 50.41372]], [[-4.13345, 50.4114], [-4.13362, 50.41174], [-4.1339, 50.41226], [-4.13399, 50.41244]], [[-4.13345, 50.4114], [-4.13335, 50.41129], [-4.13329, 50.41125], [-4.13323, 50.41121], [-4.13306, 50.41116]], [[-4.13306, 50.41116], [-4.13296, 50.41116]], [[-4.13296, 50.41116], [-4.13288, 50.41113], [-4.13281, 50.41109], [-4.13277, 50.41104], [-4.13276, 50.41101]], [[-4.13276, 50.41101], [-4.13276, 50.41096], [-4.13278, 50.41091], [-4.13283, 50.41086], [-4.13289, 50.41083]], [[-4.13223, 50.41036], [-4.1322, 50.41044], [-4.1322, 50.41049], [-4.13221, 50.41054], [-4.13224, 50.41059], [-4.13231, 50.41065], [-4.13243, 50.4107], [-4.13256, 50.41075], [-4.13283, 50.4108], [-4.13289, 50.41083]], [[-4.1332, 50.40947], [-4.13308, 50.40964], [-4.13301, 50.40974], [-4.13251, 50.41015], [-4.13249, 50.41016], [-4.13223, 50.41036]], [[-4.13334, 50.40931], [-4.1332, 50.40947]], [[-4.13362, 50.40892], [-4.13357, 50.40902], [-4.13341, 50.40923], [-4.13334, 50.40931]], [[-4.13381, 50.40849], [-4.13373, 50.40872], [-4.13362, 50.40892]], [[-4.13401, 50.40678], [-4.1339, 50.4078], [-4.1339, 50.40784], [-4.13387, 50.40808], [-4.13385, 50.40834], [-4.13381, 50.40849]], [[-4.13401, 50.40675], [-4.13401, 50.40678]], [[-4.13418, 50.40549], [-4.13415, 50.40565], [-4.13407, 50.40605], [-4.13401, 50.40675]], [[-4.1342, 50.40541], [-4.13418, 50.40549]], [[-4.13436, 50.40485], [-4.13429, 50.40505], [-4.13425, 50.40519], [-4.1342, 50.40541]], [[-4.13461, 50.40366], [-4.13455, 50.40406], [-4.1345, 50.40431], [-4.13441, 50.40466], [-4.13436, 50.40485]], [[-4.13464, 50.4034], [-4.13461, 50.40366]], [[-4.13465, 50.40328], [-4.13464, 50.4034]], [[-4.13463, 50.40218], [-4.13462, 50.40237], [-4.13465, 50.4029], [-4.13465, 50.40323], [-4.13465, 50.40328]], [[-4.13469, 50.40178], [-4.13466, 50.40189], [-4.13463, 50.40203], [-4.13463, 50.40218]], [[-4.13565, 50.40104], [-4.13542, 50.40111], [-4.1353, 50.40115], [-4.1352, 50.40121], [-4.13513, 50.40125], [-4.13506, 50.40129], [-4.13499, 50.40135], [-4.13493, 50.40141], [-4.13487, 50.40149], [-4.13481, 50.40156], [-4.13473, 50.40169], [-4.13469, 50.40178]], [[-4.13616, 50.401], [-4.13611, 50.401], [-4.1359, 50.40101], [-4.13574, 50.40103], [-4.13565, 50.40104]], [[-4.13676, 50.40077], [-4.13675, 50.40079], [-4.13672, 50.40084], [-4.13667, 50.40088], [-4.13661, 50.40092], [-4.13655, 50.40095], [-4.13647, 50.40097], [-4.13637, 50.40099], [-4.13625, 50.401], [-4.13616, 50.401]], [[-4.13692, 50.40041], [-4.1369, 50.40047], [-4.13676, 50.40077]], [[-4.13691, 50.40031], [-4.13692, 50.40036], [-4.13692, 50.40041]], [[-4.13635, 50.40006], [-4.13643, 50.40006], [-4.13656, 50.40006], [-4.13666, 50.40008], [-4.13674, 50.40011], [-4.1368, 50.40014], [-4.13686, 50.40019], [-4.1369, 50.40024], [-4.13691, 50.40025], [-4.13691, 50.40031]], [[-4.13579, 50.40011], [-4.13596, 50.40009], [-4.13617, 50.40007], [-4.1363, 50.40006], [-4.13635, 50.40006]], [[-4.13532, 50.39979], [-4.13533, 50.39984], [-4.13536, 50.39989], [-4.1354, 50.39993], [-4.13544, 50.39997], [-4.13549, 50.40001], [-4.13555, 50.40004], [-4.13579, 50.40011]], [[-4.13528, 50.3996], [-4.13529, 50.39965], [-4.1353, 50.39975], [-4.13532, 50.39979]], [[-4.13525, 50.39922], [-4.13528, 50.3996]], [[-4.13517, 50.39878], [-4.13518, 50.39881], [-4.1352, 50.39894], [-4.13522, 50.39902], [-4.13523, 50.39913], [-4.13525, 50.39922]], [[-4.1345, 50.39789], [-4.1348, 50.39816], [-4.13493, 50.39829], [-4.13499, 50.39836], [-4.13505, 50.39846], [-4.13511, 50.39861], [-4.13517, 50.39878]], [[-4.13511, 50.39923], [-4.13509, 50.39912], [-4.13504, 50.39881], [-4.13496, 50.39859], [-4.1349, 50.39846], [-4.13471, 50.39818], [-4.1345, 50.39789]], [[-4.13519, 50.39979], [-4.13518, 50.39964], [-4.13518, 50.39963], [-4.13511, 50.39923]], [[-4.13519, 50.39986], [-4.13519, 50.39979]], [[-4.13488, 50.40026], [-4.13494, 50.40017], [-4.13503, 50.40011], [-4.1351, 50.40005], [-4.13515, 50.39999], [-4.13517, 50.39993], [-4.13519, 50.39986]], [[-4.13473, 50.40041], [-4.13474, 50.40038], [-4.13482, 50.4003], [-4.13488, 50.40026]], [[-4.13461, 50.40068], [-4.13473, 50.40041]], [[-4.13462, 50.40087], [-4.13461, 50.40087], [-4.13459, 50.40076], [-4.13461, 50.40068]], [[-4.1345, 50.40135], [-4.13454, 50.4013], [-4.13458, 50.40125], [-4.13462, 50.40119], [-4.13464, 50.40112], [-4.13465, 50.40106], [-4.13465, 50.40101], [-4.13464, 50.40095], [-4.13462, 50.40087]], [[-4.13427, 50.40174], [-4.1343, 50.40168], [-4.13439, 50.4015], [-4.1345, 50.40135]], [[-4.13444, 50.4038], [-4.13434, 50.40324], [-4.13424, 50.40279], [-4.13419, 50.40256], [-4.13417, 50.40233], [-4.13417, 50.40208], [-4.13427, 50.40174]], [[-4.13436, 50.40435], [-4.13437, 50.40429], [-4.13444, 50.4038]], [[-4.13413, 50.40538], [-4.13416, 50.40522], [-4.13421, 50.40504], [-4.13429, 50.40464], [-4.13436, 50.40435]], [[-4.13396, 50.406], [-4.13406, 50.40564], [-4.13413, 50.40538]], [[-4.13386, 50.40651], [-4.13396, 50.406]], [[-4.13384, 50.40673], [-4.13386, 50.40651]], [[-4.13378, 50.40736], [-4.13382, 50.40685], [-4.13384, 50.40673]], [[-4.13375, 50.40766], [-4.13378, 50.40736]], [[-4.13374, 50.40784], [-4.13375, 50.40766]], [[-4.13368, 50.40829], [-4.13371, 50.40811], [-4.13374, 50.40784]], [[-4.13359, 50.40858], [-4.13365, 50.40842], [-4.13368, 50.40829]], [[-4.13165, 50.41049], [-4.1317, 50.41046], [-4.1323, 50.41006], [-4.13253, 50.4099], [-4.13276, 50.40971], [-4.13293, 50.40956], [-4.13308, 50.40941], [-4.13322, 50.40927], [-4.13332, 50.40912], [-4.13353, 50.40876], [-4.13359, 50.40858]], [[-4.13099, 50.41083], [-4.13125, 50.4107], [-4.13165, 50.41049]], [[-4.13008, 50.41124], [-4.13072, 50.41096], [-4.13079, 50.41093], [-4.13099, 50.41083]], [[-4.12942, 50.41153], [-4.1295, 50.4115], [-4.13008, 50.41124]], [[-4.12899, 50.4117], [-4.12942, 50.41153]], [[-4.12836, 50.41199], [-4.12866, 50.41185], [-4.12899, 50.4117]], [[-4.12767, 50.41252], [-4.12783, 50.41233], [-4.12801, 50.4122], [-4.12815, 50.41211], [-4.12836, 50.41199]], [[-4.1271, 50.41337], [-4.12719, 50.41323], [-4.12742, 50.41288], [-4.12767, 50.41252]], [[-4.12688, 50.41373], [-4.1271, 50.41337]], [[-4.13105, 50.39222], [-4.13074, 50.39184], [-4.13068, 50.39168], [-4.13064, 50.39147]], [[-4.13064, 50.39147], [-4.13064, 50.39145], [-4.13054, 50.391], [-4.13048, 50.39066], [-4.13047, 50.39059], [-4.13044, 50.39045], [-4.13027, 50.38952], [-4.13028, 50.38946], [-4.13028, 50.38931], [-4.13029, 50.38926], [-4.13032, 50.38911]], [[-4.13032, 50.38911], [-4.13036, 50.38898]], [[-4.13343, 50.3807], [-4.1335, 50.38082]], [[-4.1335, 50.38082], [-4.13362, 50.38118], [-4.13375, 50.38155], [-4.13389, 50.38191]], [[-4.13389, 50.38191], [-4.13411, 50.38253], [-4.13414, 50.38262]], [[-4.13414, 50.38262], [-4.1342, 50.38278], [-4.13434, 50.38317], [-4.13449, 50.38361], [-4.13449, 50.38362], [-4.13457, 50.38377], [-4.13463, 50.38385], [-4.13466, 50.3839]], [[-4.13466, 50.3839], [-4.13491, 50.38413]], [[-4.13491, 50.38413], [-4.1349, 50.38422], [-4.13485, 50.38427], [-4.1348, 50.3843], [-4.13472, 50.38434]], [[-4.13472, 50.38434], [-4.13459, 50.38434]], [[-4.13459, 50.38434], [-4.13452, 50.38434]], [[-4.13452, 50.38434], [-4.13445, 50.38435]], [[-4.13445, 50.38435], [-4.13433, 50.38438], [-4.13416, 50.38445]], [[-4.13416, 50.38445], [-4.13428, 50.38426]], [[-4.13428, 50.38426], [-4.13436, 50.38415]], [[-4.13436, 50.38415], [-4.13441, 50.38402]], [[-4.13441, 50.38402], [-4.13442, 50.38389], [-4.13441, 50.38384], [-4.1344, 50.3837], [-4.13428, 50.3833], [-4.13419, 50.38301], [-4.13412, 50.38283], [-4.13408, 50.38273]], [[-4.13408, 50.38273], [-4.13405, 50.38263]], [[-4.13405, 50.38263], [-4.13403, 50.38258], [-4.1338, 50.38198], [-4.13367, 50.38162], [-4.13362, 50.38148], [-4.13352, 50.38118], [-4.13344, 50.38096], [-4.13342, 50.38081], [-4.13343, 50.3807]], [[-4.13343, 50.3807], [-4.13343, 50.38063], [-4.13344, 50.38049], [-4.13344, 50.38047]], [[-4.13344, 50.38047], [-4.13344, 50.38038], [-4.13345, 50.38031]], [[-4.13356, 50.38023], [-4.13345, 50.38031]], [[-4.13361, 50.38019], [-4.13356, 50.38023]], [[-4.13379, 50.38001], [-4.13374, 50.38006], [-4.13361, 50.38019]], [[-4.13492, 50.37873], [-4.1345, 50.37916], [-4.13442, 50.37927], [-4.13424, 50.37949], [-4.13418, 50.37957], [-4.13384, 50.37997], [-4.13379, 50.38001]], [[-4.13504, 50.37859], [-4.13492, 50.37873]], [[-4.13517, 50.37839], [-4.13513, 50.37845], [-4.13504, 50.37859]], [[-4.13524, 50.37828], [-4.13517, 50.37839]], [[-4.13544, 50.37797], [-4.13535, 50.37811], [-4.13524, 50.37828]], [[-4.13589, 50.37729], [-4.13583, 50.37738], [-4.13571, 50.37757], [-4.13563, 50.37768], [-4.13562, 50.3777], [-4.1355, 50.37789], [-4.13544, 50.37797]], [[-4.13598, 50.37715], [-4.13589, 50.37729]], [[-4.13607, 50.37702], [-4.13598, 50.37715]], [[-4.13036, 50.38898], [-4.13039, 50.38926], [-4.13039, 50.38932]], [[-4.13039, 50.38932], [-4.13043, 50.3897]], [[-4.13043, 50.3897], [-4.13055, 50.39033], [-4.13057, 50.39044]], [[-4.13057, 50.39044], [-4.1306, 50.39058], [-4.13069, 50.39099]], [[-4.13069, 50.39099], [-4.13084, 50.39175], [-4.13086, 50.3918]], [[-4.13086, 50.3918], [-4.13091, 50.3919]], [[-4.13091, 50.3919], [-4.13105, 50.39222]], [[-4.13123, 50.3924], [-4.13108, 50.39225], [-4.13105, 50.39222]], [[-4.13208, 50.39319], [-4.13189, 50.39304], [-4.13154, 50.39272], [-4.13123, 50.3924]], [[-4.13281, 50.39373], [-4.13225, 50.3933], [-4.13219, 50.39325], [-4.13208, 50.39319]], [[-4.133, 50.39397], [-4.13289, 50.39383], [-4.13283, 50.39376], [-4.13281, 50.39373]], [[-4.13339, 50.39511], [-4.13338, 50.39506], [-4.13334, 50.39487], [-4.13327, 50.39465], [-4.13309, 50.39423], [-4.133, 50.39397]], [[-4.13363, 50.39624], [-4.13355, 50.39584], [-4.13339, 50.39511]], [[-4.13379, 50.39702], [-4.13374, 50.39682], [-4.13365, 50.39632], [-4.13363, 50.39624]], [[-4.1345, 50.39789], [-4.13409, 50.39748], [-4.13404, 50.39744], [-4.13392, 50.39728], [-4.13387, 50.39719], [-4.13386, 50.39716], [-4.13379, 50.39702]], [[-4.13832, 50.37393], [-4.13842, 50.37383], [-4.13849, 50.37377], [-4.13853, 50.37374]], [[-4.13853, 50.37374], [-4.13859, 50.3737], [-4.13863, 50.37369], [-4.13871, 50.37366], [-4.1388, 50.37365], [-4.13892, 50.37364]], [[-4.13892, 50.37364], [-4.13906, 50.37363], [-4.13921, 50.37361], [-4.1394, 50.37361], [-4.13955, 50.37361], [-4.13987, 50.37371], [-4.1402, 50.37383], [-4.14033, 50.37387]], [[-4.13892, 50.37364], [-4.13906, 50.37363], [-4.13921, 50.37361], [-4.1394, 50.37361], [-4.13955, 50.37361], [-4.13987, 50.37371], [-4.1402, 50.37383], [-4.14033, 50.37387]], [[-4.13853, 50.37374], [-4.13859, 50.3737], [-4.13863, 50.37369], [-4.13871, 50.37366], [-4.1388, 50.37365], [-4.13892, 50.37364]], [[-4.13832, 50.37393], [-4.13842, 50.37383], [-4.13849, 50.37377], [-4.13853, 50.37374]], [[-4.13834, 50.37308], [-4.1384, 50.37312], [-4.13843, 50.37313], [-4.13848, 50.37317], [-4.13852, 50.37321], [-4.13854, 50.3733], [-4.13857, 50.37349]], [[-4.13711, 50.37539], [-4.13698, 50.37562], [-4.13695, 50.37566]], [[-4.13695, 50.37566], [-4.13689, 50.37577], [-4.13686, 50.37581], [-4.13684, 50.37585], [-4.13677, 50.37595], [-4.13668, 50.3761], [-4.1366, 50.37622]], [[-4.14018, 50.37042], [-4.13942, 50.37043], [-4.13923, 50.37043], [-4.13907, 50.37046]], [[-4.14109, 50.3704], [-4.14035, 50.37041], [-4.14031, 50.37041], [-4.14018, 50.37042]], [[-4.14203, 50.37037], [-4.14149, 50.37039], [-4.14126, 50.3704], [-4.14109, 50.3704]], [[-4.1428, 50.37036], [-4.14241, 50.37036], [-4.14203, 50.37037]], [[-4.14454, 50.37035], [-4.14357, 50.37037], [-4.14302, 50.37036], [-4.1428, 50.37036]], [[-4.14521, 50.37033], [-4.14487, 50.37034], [-4.14454, 50.37035]], [[-4.14553, 50.37037], [-4.14529, 50.37034], [-4.14521, 50.37033]], [[-4.14573, 50.37046], [-4.14561, 50.37042], [-4.14553, 50.37037]], [[-4.14611, 50.37044], [-4.14603, 50.37046], [-4.14591, 50.37048], [-4.14582, 50.37048], [-4.14573, 50.37046]], [[-4.14634, 50.37], [-4.14633, 50.37018], [-4.14632, 50.37025], [-4.14628, 50.37032], [-4.14623, 50.37037], [-4.14618, 50.37041], [-4.14611, 50.37044]], [[-4.14697, 50.36992], [-4.1467, 50.36994], [-4.14657, 50.36995], [-4.14651, 50.36995], [-4.14642, 50.36997], [-4.14634, 50.37]], [[-4.13643, 50.37195], [-4.13662, 50.37211], [-4.13694, 50.37233], [-4.13707, 50.37241], [-4.13728, 50.37253], [-4.13754, 50.37267], [-4.13768, 50.37275]], [[-4.13633, 50.37179], [-4.13639, 50.37187], [-4.13643, 50.37195]], [[-4.13845, 50.37061], [-4.1383, 50.37064], [-4.13826, 50.37066], [-4.13704, 50.37122], [-4.13671, 50.37136], [-4.13644, 50.3715], [-4.13639, 50.37154], [-4.13635, 50.37157], [-4.13632, 50.37162], [-4.13631, 50.37166], [-4.13632, 50.3717], [-4.13633, 50.37179]], [[-4.13907, 50.37046], [-4.13904, 50.37052], [-4.13898, 50.37057], [-4.13891, 50.37061], [-4.1388, 50.37065], [-4.1387, 50.37066], [-4.13857, 50.37065], [-4.13845, 50.37061]], [[-4.13711, 50.37539], [-4.13719, 50.37523], [-4.13724, 50.37514], [-4.13799, 50.37429], [-4.13832, 50.37393]], [[-4.1366, 50.37622], [-4.13653, 50.37633], [-4.1365, 50.37637]], [[-4.1365, 50.37637], [-4.13648, 50.3764], [-4.1364, 50.37652]], [[-4.1364, 50.37652], [-4.13633, 50.37661], [-4.13631, 50.37664], [-4.13629, 50.37667], [-4.13628, 50.3767], [-4.13612, 50.37694], [-4.13607, 50.37702]], [[-4.13775, 50.37472], [-4.1377, 50.37478], [-4.13756, 50.37493], [-4.13738, 50.37513], [-4.13737, 50.37514], [-4.13731, 50.37521], [-4.1373, 50.37522], [-4.13726, 50.37525], [-4.13711, 50.37539]], [[-4.1382, 50.37423], [-4.13815, 50.37428], [-4.13809, 50.37435], [-4.13775, 50.37472]], [[-4.13845, 50.37397], [-4.1382, 50.37423]], [[-4.13857, 50.37349], [-4.13857, 50.37354], [-4.13857, 50.37358], [-4.13858, 50.37366], [-4.13859, 50.3737], [-4.13859, 50.37375], [-4.13859, 50.37379], [-4.13858, 50.37383], [-4.13855, 50.37386], [-4.1385, 50.37392], [-4.13845, 50.37397]], [[-4.13803, 50.37293], [-4.13828, 50.37305], [-4.13834, 50.37308]], [[-4.13768, 50.37275], [-4.13779, 50.37281], [-4.13792, 50.37287], [-4.13803, 50.37293]], [[-4.14762, 50.36991], [-4.14697, 50.36992]], [[-4.14814, 50.36991], [-4.14783, 50.36991], [-4.14762, 50.36991]], [[-4.14828, 50.36996], [-4.14821, 50.36993], [-4.14814, 50.36991]], [[-4.14845, 50.37014], [-4.14837, 50.37004], [-4.14834, 50.37001], [-4.14831, 50.36998], [-4.14828, 50.36996]], [[-4.14844, 50.37035], [-4.14845, 50.37014]], [[-4.14843, 50.37057], [-4.14843, 50.37045], [-4.14844, 50.37035]], [[-4.14597, 50.37327], [-4.14602, 50.37326], [-4.14637, 50.3732], [-4.14661, 50.37316], [-4.14679, 50.37313], [-4.14713, 50.37306], [-4.14737, 50.37297], [-4.14742, 50.37295], [-4.14766, 50.37284], [-4.14793, 50.37265], [-4.14821, 50.3724], [-4.14838, 50.37216], [-4.14843, 50.37201], [-4.14845, 50.37188], [-4.14846, 50.3718], [-4.14846, 50.37168], [-4.14845, 50.37141], [-4.14844, 50.37105], [-4.14842, 50.3708], [-4.14842, 50.37068], [-4.14843, 50.37057]], [[-4.14527, 50.3733], [-4.14536, 50.37329], [-4.14547, 50.37328], [-4.14556, 50.37328], [-4.14566, 50.37328], [-4.14597, 50.37327]], [[-4.14485, 50.37331], [-4.14509, 50.37331], [-4.14527, 50.3733]], [[-4.14485, 50.37331], [-4.14444, 50.37332], [-4.14441, 50.37332]], [[-4.14441, 50.37332], [-4.14422, 50.37332]], [[-4.14308, 50.37335], [-4.14422, 50.37332]], [[-4.14284, 50.37336], [-4.14289, 50.37336], [-4.14308, 50.37335]], [[-4.14177, 50.37337], [-4.14217, 50.37336], [-4.14228, 50.37336], [-4.1423, 50.37336], [-4.14233, 50.37336], [-4.14246, 50.37336], [-4.14251, 50.37336], [-4.14263, 50.37336], [-4.14274, 50.37336], [-4.14284, 50.37336]], [[-4.14161, 50.37337], [-4.14177, 50.37337]], [[-4.14145, 50.37337], [-4.14161, 50.37337]], [[-4.14058, 50.3735], [-4.14065, 50.37346], [-4.14075, 50.37341], [-4.14084, 50.37339], [-4.14096, 50.37338], [-4.14118, 50.37338], [-4.14145, 50.37337]], [[-4.14046, 50.37371], [-4.1405, 50.37359], [-4.14053, 50.37356], [-4.14058, 50.3735]], [[-4.14033, 50.37387], [-4.14046, 50.37371]], [[-4.13036, 50.38898], [-4.13037, 50.38885]], [[-4.13037, 50.38885], [-4.13038, 50.38881]], [[-4.13038, 50.38881], [-4.1304, 50.38843]], [[-4.1304, 50.38843], [-4.13043, 50.38832], [-4.13046, 50.38819], [-4.13052, 50.38797]], [[-4.13052, 50.38797], [-4.13088, 50.38719]], [[-4.13088, 50.38719], [-4.13118, 50.38671]], [[-4.13118, 50.38671], [-4.13149, 50.38632]], [[-4.13149, 50.38632], [-4.13162, 50.38616]], [[-4.13162, 50.38616], [-4.1317, 50.38607], [-4.13172, 50.38604], [-4.13181, 50.38594], [-4.132, 50.38577], [-4.13218, 50.38566], [-4.1324, 50.38555], [-4.13303, 50.38532], [-4.13339, 50.38516], [-4.13354, 50.38506], [-4.13368, 50.38494], [-4.13384, 50.38478], [-4.13392, 50.3847]], [[-4.13392, 50.3847], [-4.13416, 50.38445]], [[-4.13289, 50.41083], [-4.13299, 50.41081], [-4.13308, 50.41081], [-4.13317, 50.41083], [-4.13324, 50.41087], [-4.13329, 50.41092], [-4.13331, 50.41097], [-4.13331, 50.41101]], [[-4.13331, 50.41101], [-4.13335, 50.41115], [-4.13342, 50.41128]], [[-4.13342, 50.41128], [-4.13345, 50.4114]], [[-4.1535, 50.41827], [-4.15357, 50.41827], [-4.15372, 50.41828], [-4.1539, 50.41828], [-4.15402, 50.41828]], [[-4.15402, 50.41828], [-4.15415, 50.41828], [-4.15437, 50.41826]], [[-4.15437, 50.41826], [-4.15464, 50.41825]], [[-4.15464, 50.41825], [-4.15465, 50.41825], [-4.15469, 50.41824]], [[-4.15469, 50.41824], [-4.15476, 50.41824], [-4.15496, 50.41823]], [[-4.15496, 50.41823], [-4.15511, 50.41822], [-4.15532, 50.41824]], [[-4.15532, 50.41824], [-4.15547, 50.41824], [-4.15582, 50.41829], [-4.15608, 50.41833], [-4.15616, 50.41834]], [[-4.15616, 50.41834], [-4.15624, 50.41837], [-4.15647, 50.41846]], [[-4.15647, 50.41846], [-4.15668, 50.41855], [-4.1568, 50.4186]], [[-4.1565, 50.41908], [-4.15652, 50.41899], [-4.15653, 50.41892], [-4.15656, 50.4188], [-4.15661, 50.41875], [-4.15671, 50.41868], [-4.15674, 50.41864], [-4.1568, 50.4186]], [[-4.15669, 50.4193], [-4.15659, 50.4192], [-4.1565, 50.41908]], [[-4.15673, 50.41934], [-4.15669, 50.4193]], [[-4.15692, 50.41948], [-4.15673, 50.41934]], [[-4.15812, 50.42005], [-4.15795, 50.42001], [-4.15777, 50.41994], [-4.15747, 50.41979], [-4.15708, 50.41959], [-4.15692, 50.41948]], [[-4.15838, 50.42011], [-4.15812, 50.42005]], [[-4.15875, 50.42019], [-4.15838, 50.42011]], [[-4.15906, 50.42026], [-4.15875, 50.42019]], [[-4.15941, 50.42033], [-4.15906, 50.42026]], [[-4.15974, 50.42042], [-4.15941, 50.42033]], [[-4.15987, 50.42046], [-4.1598, 50.42044], [-4.15974, 50.42042]], [[-4.16023, 50.42058], [-4.16011, 50.42054], [-4.16001, 50.42049], [-4.15987, 50.42046]], [[-4.16034, 50.42062], [-4.16023, 50.42058]], [[-4.16073, 50.4209], [-4.16069, 50.42086], [-4.16052, 50.42071], [-4.16043, 50.42067], [-4.16034, 50.42062]], [[-4.16099, 50.42114], [-4.16073, 50.4209]], [[-4.16115, 50.42132], [-4.16104, 50.42119], [-4.16099, 50.42114]], [[-4.16119, 50.42138], [-4.16117, 50.42135], [-4.16115, 50.42132]], [[-4.16121, 50.42144], [-4.16119, 50.42138]], [[-4.16136, 50.42182], [-4.16132, 50.42168], [-4.16131, 50.42164], [-4.16123, 50.42148], [-4.16121, 50.42144]], [[-4.16136, 50.42211], [-4.16138, 50.4219], [-4.16136, 50.42182]], [[-4.16134, 50.42218], [-4.16136, 50.42211]], [[-4.16099, 50.42274], [-4.16106, 50.42268], [-4.1612, 50.4225], [-4.1613, 50.4223], [-4.16134, 50.42218]], [[-4.16089, 50.42282], [-4.16099, 50.42274]], [[-4.16052, 50.42304], [-4.16069, 50.42295], [-4.16072, 50.42293], [-4.16089, 50.42282]], [[-4.1604, 50.42308], [-4.16047, 50.42306], [-4.16052, 50.42304]], [[-4.15997, 50.42315], [-4.1601, 50.42315], [-4.1604, 50.42308]], [[-4.15982, 50.42314], [-4.15992, 50.42316], [-4.15997, 50.42315]], [[-4.15977, 50.42313], [-4.15982, 50.42314]], [[-4.15951, 50.42308], [-4.15977, 50.42313]], [[-4.15938, 50.42303], [-4.15951, 50.42308]], [[-4.15905, 50.42288], [-4.15938, 50.42303]], [[-4.15893, 50.42283], [-4.15905, 50.42288]], [[-4.15836, 50.42259], [-4.15869, 50.42271], [-4.15893, 50.42283]], [[-4.15825, 50.42255], [-4.15836, 50.42259]], [[-4.15812, 50.4225], [-4.15825, 50.42255]], [[-4.15786, 50.42242], [-4.15795, 50.42245], [-4.15812, 50.4225]], [[-4.1577, 50.42238], [-4.15786, 50.42242]], [[-4.15708, 50.4222], [-4.15715, 50.42222], [-4.15749, 50.42232], [-4.1577, 50.42238]], [[-4.15641, 50.42204], [-4.15708, 50.4222]], [[-4.156, 50.42193], [-4.15641, 50.42204]], [[-4.15558, 50.42181], [-4.15562, 50.42183], [-4.156, 50.42193]], [[-4.15501, 50.42162], [-4.1551, 50.42166], [-4.15558, 50.42181]], [[-4.15473, 50.42151], [-4.15501, 50.42162]], [[-4.15415, 50.42128], [-4.15459, 50.42146], [-4.15473, 50.42151]], [[-4.15404, 50.42124], [-4.15415, 50.42128]], [[-4.15395, 50.42121], [-4.15404, 50.42124]], [[-4.15381, 50.42115], [-4.15395, 50.42121]], [[-4.15373, 50.42112], [-4.15381, 50.42115]], [[-4.15322, 50.42095], [-4.15373, 50.42112]], [[-4.15232, 50.42065], [-4.15322, 50.42095]], [[-4.15183, 50.42049], [-4.15232, 50.42065]], [[-4.15171, 50.42045], [-4.15183, 50.42049]], [[-4.15141, 50.42035], [-4.15164, 50.42043], [-4.15171, 50.42045]], [[-4.15122, 50.42028], [-4.15127, 50.4203], [-4.15141, 50.42035]], [[-4.15117, 50.42026], [-4.15122, 50.42028]], [[-4.15105, 50.42021], [-4.15117, 50.42026]], [[-4.15076, 50.42008], [-4.15094, 50.42017], [-4.15105, 50.42021]], [[-4.1507, 50.42005], [-4.15076, 50.42008]], [[-4.15062, 50.42002], [-4.1507, 50.42005]], [[-4.15058, 50.42], [-4.15062, 50.42002]], [[-4.15053, 50.41997], [-4.15058, 50.42]], [[-4.1505, 50.41996], [-4.15053, 50.41997]], [[-4.15046, 50.41994], [-4.1505, 50.41996]], [[-4.15023, 50.41981], [-4.15041, 50.41991], [-4.15046, 50.41994]], [[-4.15014, 50.41975], [-4.15023, 50.41981]], [[-4.14986, 50.41958], [-4.14999, 50.41966], [-4.15014, 50.41975]], [[-4.14956, 50.41939], [-4.14979, 50.41954], [-4.14986, 50.41958]], [[-4.1493, 50.4192], [-4.14937, 50.41926], [-4.14956, 50.41939]], [[-4.14921, 50.41913], [-4.1493, 50.4192]], [[-4.14897, 50.41893], [-4.14919, 50.41911], [-4.14921, 50.41913]], [[-4.14883, 50.41882], [-4.14897, 50.41893]], [[-4.14863, 50.41861], [-4.14883, 50.41882]], [[-4.1485, 50.41849], [-4.14863, 50.41861]], [[-4.14826, 50.41804], [-4.14834, 50.41822], [-4.14844, 50.41841], [-4.14846, 50.41844], [-4.1485, 50.41849]], [[-4.14823, 50.41798], [-4.14826, 50.41804]], [[-4.14818, 50.41768], [-4.14817, 50.4178], [-4.14821, 50.41794], [-4.14823, 50.41798]], [[-4.14821, 50.41751], [-4.14819, 50.4176], [-4.14818, 50.41768]], [[-4.14825, 50.41741], [-4.14823, 50.41747], [-4.14821, 50.41751]], [[-4.14835, 50.4172], [-4.14834, 50.41723], [-4.14828, 50.41733], [-4.14825, 50.41741]]]}}, {"type": "Feature", "properties": {"mode": "bus", "name": "Bus Route 9 - Royal Parade to Efford", "ref": "9", "operator": "Plymouth Citybus", "osm_id": 13107714}, "geometry": {"type": "MultiLineString", "coordinates": [[[-4.13845, 50.37397], [-4.1382, 50.37423]], [[-4.1382, 50.37423], [-4.13815, 50.37428], [-4.13809, 50.37435], [-4.13775, 50.37472]], [[-4.13775, 50.37472], [-4.1377, 50.37478], [-4.13756, 50.37493], [-4.13738, 50.37513], [-4.13737, 50.37514], [-4.13731, 50.37521], [-4.1373, 50.37522], [-4.13726, 50.37525], [-4.13711, 50.37539]], [[-4.13711, 50.37539], [-4.13698, 50.37562], [-4.13695, 50.37566]], [[-4.13695, 50.37566], [-4.13689, 50.37577], [-4.13686, 50.37581], [-4.13684, 50.37585], [-4.13677, 50.37595], [-4.13668, 50.3761], [-4.1366, 50.37622]], [[-4.1366, 50.37622], [-4.13653, 50.37633], [-4.1365, 50.37637]], [[-4.1365, 50.37637], [-4.13648, 50.3764], [-4.1364, 50.37652]], [[-4.1364, 50.37652], [-4.13633, 50.37661], [-4.13631, 50.37664], [-4.13629, 50.37667], [-4.13628, 50.3767], [-4.13612, 50.37694], [-4.13607, 50.37702]], [[-4.13607, 50.37702], [-4.13598, 50.37715]], [[-4.13598, 50.37715], [-4.13589, 50.37729]], [[-4.13589, 50.37729], [-4.13583, 50.37738], [-4.13571, 50.37757], [-4.13563, 50.37768], [-4.13562, 50.3777], [-4.1355, 50.37789], [-4.13544, 50.37797]], [[-4.13544, 50.37797], [-4.13535, 50.37811], [-4.13524, 50.37828]], [[-4.13524, 50.37828], [-4.13517, 50.37839]], [[-4.13517, 50.37839], [-4.13513, 50.37845], [-4.13504, 50.37859]], [[-4.13504, 50.37859], [-4.13492, 50.37873]], [[-4.13492, 50.37873], [-4.1345, 50.37916], [-4.13442, 50.37927], [-4.13424, 50.37949], [-4.13418, 50.37957], [-4.13384, 50.37997], [-4.13379, 50.38001]], [[-4.13379, 50.38001], [-4.13374, 50.38006], [-4.13361, 50.38019]], [[-4.13361, 50.38019], [-4.13356, 50.38023]], [[-4.13356, 50.38023], [-4.13345, 50.38031]], [[-4.13218, 50.38072], [-4.13266, 50.38052], [-4.13309, 50.38036], [-4.13345, 50.38031]], [[-4.13133, 50.38108], [-4.13218, 50.38072]], [[-4.13073, 50.38132], [-4.13133, 50.38108]], [[-4.12913, 50.38183], [-4.12932, 50.38183], [-4.12949, 50.38181], [-4.12967, 50.38176], [-4.13038, 50.38147], [-4.13073, 50.38132]], [[-4.12847, 50.38184], [-4.12913, 50.38183]], [[-4.12481, 50.38183], [-4.12542, 50.38183], [-4.12632, 50.38184], [-4.12733, 50.38183], [-4.12785, 50.38184], [-4.12839, 50.38184], [-4.12847, 50.38184]], [[-4.12409, 50.38179], [-4.12481, 50.38183]], [[-4.12194, 50.38169], [-4.12217, 50.38169], [-4.12255, 50.3817], [-4.12335, 50.38175], [-4.12409, 50.38179]], [[-4.12111, 50.3819], [-4.12132, 50.38184], [-4.12163, 50.38175], [-4.12182, 50.38171], [-4.12194, 50.38169]], [[-4.12023, 50.38209], [-4.12032, 50.38208], [-4.12063, 50.38202], [-4.12068, 50.38201], [-4.12081, 50.38198], [-4.12111, 50.3819]], [[-4.11981, 50.38214], [-4.12023, 50.38209]], [[-4.11923, 50.38223], [-4.11937, 50.3822], [-4.11966, 50.38216], [-4.11968, 50.38216], [-4.11981, 50.38214]], [[-4.11899, 50.38231], [-4.11913, 50.38225], [-4.11923, 50.38223]], [[-4.11878, 50.38251], [-4.11899, 50.38231]], [[-4.11795, 50.38295], [-4.11811, 50.38294], [-4.1183, 50.3829], [-4.11841, 50.38286], [-4.11851, 50.38279], [-4.11863, 50.38267], [-4.11878, 50.38251]], [[-4.11747, 50.38298], [-4.11795, 50.38295]], [[-4.11654, 50.38307], [-4.11675, 50.38305], [-4.11747, 50.38298]], [[-4.11654, 50.38307], [-4.11656, 50.38312], [-4.11655, 50.38317], [-4.1165, 50.38324], [-4.11624, 50.3834], [-4.11554, 50.3838], [-4.11503, 50.3841]], [[-4.11503, 50.3841], [-4.11495, 50.38414], [-4.11463, 50.38433]], [[-4.11463, 50.38433], [-4.11379, 50.38478], [-4.11351, 50.38495], [-4.1134, 50.38504]], [[-4.1134, 50.38504], [-4.11339, 50.38505], [-4.11324, 50.3852], [-4.11319, 50.38526], [-4.11309, 50.38534], [-4.11286, 50.3855], [-4.1128, 50.38554], [-4.11254, 50.38571], [-4.11231, 50.38586], [-4.11209, 50.38601], [-4.1119, 50.38613], [-4.11156, 50.38636], [-4.11133, 50.38651], [-4.11127, 50.38655], [-4.11117, 50.3866], [-4.11112, 50.38662], [-4.11099, 50.38669], [-4.1107, 50.38682], [-4.11064, 50.38685], [-4.11045, 50.3869], [-4.1103, 50.38694], [-4.11021, 50.38695], [-4.11018, 50.38695], [-4.10992, 50.38696], [-4.10968, 50.38697], [-4.10963, 50.38698]], [[-4.10963, 50.38698], [-4.10966, 50.38718], [-4.10973, 50.38763], [-4.10974, 50.3877], [-4.10977, 50.38799]]]}}, {"type": "Feature", "properties": {"mode": "bus", "name": "Bus Route 8 - Mayflower Street to Efford", "ref": "8", "operator": "Plymouth Citybus", "osm_id": 13107715}, "geometry": {"type": "MultiLineString", "coordinates": [[[-4.13845, 50.37397], [-4.1382, 50.37423]], [[-4.1382, 50.37423], [-4.13815, 50.37428], [-4.13809, 50.37435], [-4.13775, 50.37472]], [[-4.13775, 50.37472], [-4.1377, 50.37478], [-4.13756, 50.37493], [-4.13738, 50.37513], [-4.13737, 50.37514], [-4.13731, 50.37521], [-4.1373, 50.37522], [-4.13726, 50.37525], [-4.13711, 50.37539]], [[-4.13711, 50.37539], [-4.13698, 50.37562], [-4.13695, 50.37566]], [[-4.13695, 50.37566], [-4.13689, 50.37577], [-4.13686, 50.37581], [-4.13684, 50.37585], [-4.13677, 50.37595], [-4.13668, 50.3761], [-4.1366, 50.37622]], [[-4.1366, 50.37622], [-4.13653, 50.37633], [-4.1365, 50.37637]], [[-4.1365, 50.37637], [-4.13648, 50.3764], [-4.1364, 50.37652]], [[-4.1364, 50.37652], [-4.13633, 50.37661], [-4.13631, 50.37664], [-4.13629, 50.37667], [-4.13628, 50.3767], [-4.13612, 50.37694], [-4.13607, 50.37702]], [[-4.13607, 50.37702], [-4.13598, 50.37715]], [[-4.13598, 50.37715], [-4.13589, 50.37729]], [[-4.13589, 50.37729], [-4.13583, 50.37738], [-4.13571, 50.37757], [-4.13563, 50.37768], [-4.13562, 50.3777], [-4.1355, 50.37789], [-4.13544, 50.37797]], [[-4.13544, 50.37797], [-4.13535, 50.37811], [-4.13524, 50.37828]], [[-4.13524, 50.37828], [-4.13517, 50.37839]], [[-4.13517, 50.37839], [-4.13513, 50.37845], [-4.13504, 50.37859]], [[-4.13504, 50.37859], [-4.13492, 50.37873]], [[-4.13492, 50.37873], [-4.1345, 50.37916], [-4.13442, 50.37927], [-4.13424, 50.37949], [-4.13418, 50.37957], [-4.13384, 50.37997], [-4.13379, 50.38001]], [[-4.13379, 50.38001], [-4.13374, 50.38006], [-4.13361, 50.38019]], [[-4.13361, 50.38019], [-4.13356, 50.38023]], [[-4.13218, 50.38072], [-4.13266, 50.38052], [-4.13309, 50.38036], [-4.13345, 50.38031]], [[-4.13133, 50.38108], [-4.13218, 50.38072]], [[-4.13073, 50.38132], [-4.13133, 50.38108]], [[-4.12913, 50.38183], [-4.12932, 50.38183], [-4.12949, 50.38181], [-4.12967, 50.38176], [-4.13038, 50.38147], [-4.13073, 50.38132]], [[-4.12847, 50.38184], [-4.12913, 50.38183]], [[-4.12481, 50.38183], [-4.12542, 50.38183], [-4.12632, 50.38184], [-4.12733, 50.38183], [-4.12785, 50.38184], [-4.12839, 50.38184], [-4.12847, 50.38184]], [[-4.12409, 50.38179], [-4.12481, 50.38183]], [[-4.12194, 50.38169], [-4.12217, 50.38169], [-4.12255, 50.3817], [-4.12335, 50.38175], [-4.12409, 50.38179]], [[-4.12111, 50.3819], [-4.12132, 50.38184], [-4.12163, 50.38175], [-4.12182, 50.38171], [-4.12194, 50.38169]], [[-4.12023, 50.38209], [-4.12032, 50.38208], [-4.12063, 50.38202], [-4.12068, 50.38201], [-4.12081, 50.38198], [-4.12111, 50.3819]], [[-4.11981, 50.38214], [-4.12023, 50.38209]], [[-4.11923, 50.38223], [-4.11937, 50.3822], [-4.11966, 50.38216], [-4.11968, 50.38216], [-4.11981, 50.38214]], [[-4.11899, 50.38231], [-4.11913, 50.38225], [-4.11923, 50.38223]], [[-4.11878, 50.38251], [-4.11899, 50.38231]], [[-4.11795, 50.38295], [-4.11811, 50.38294], [-4.1183, 50.3829], [-4.11841, 50.38286], [-4.11851, 50.38279], [-4.11863, 50.38267], [-4.11878, 50.38251]], [[-4.11747, 50.38298], [-4.11795, 50.38295]], [[-4.11654, 50.38307], [-4.11675, 50.38305], [-4.11747, 50.38298]], [[-4.11578, 50.38313], [-4.11588, 50.38312], [-4.11654, 50.38307]], [[-4.11523, 50.38315], [-4.11552, 50.38313], [-4.11578, 50.38313]], [[-4.11255, 50.38331], [-4.11275, 50.38329], [-4.11314, 50.38323], [-4.11358, 50.38319], [-4.11401, 50.38317], [-4.1143, 50.38316], [-4.11459, 50.38315], [-4.11517, 50.38315], [-4.11523, 50.38315]], [[-4.10829, 50.38353], [-4.10855, 50.38349], [-4.10901, 50.38344], [-4.10984, 50.38332], [-4.11015, 50.38329], [-4.11091, 50.38326], [-4.1114, 50.38326], [-4.11168, 50.38327], [-4.11204, 50.3833], [-4.11227, 50.38332], [-4.11243, 50.38331], [-4.11255, 50.38331]], [[-4.10785, 50.3836], [-4.10803, 50.38356], [-4.10829, 50.38353]], [[-4.10564, 50.38436], [-4.1057, 50.38433], [-4.10574, 50.38432], [-4.1058, 50.38429], [-4.10581, 50.38428], [-4.10608, 50.38417], [-4.10617, 50.3841], [-4.10633, 50.38408], [-4.10638, 50.38407], [-4.10678, 50.38393], [-4.1073, 50.38377], [-4.10734, 50.38376], [-4.10759, 50.38367], [-4.10785, 50.3836]], [[-4.10525, 50.38453], [-4.10556, 50.38439], [-4.10564, 50.38436]], [[-4.104, 50.38473], [-4.10411, 50.38473], [-4.10426, 50.3847], [-4.10461, 50.38467], [-4.10482, 50.38464], [-4.10488, 50.38462], [-4.10501, 50.38459], [-4.10513, 50.38457], [-4.10525, 50.38453]], [[-4.104, 50.38473], [-4.10397, 50.38482], [-4.10393, 50.38488], [-4.10362, 50.38511], [-4.10308, 50.3855], [-4.10263, 50.38584], [-4.1025, 50.38596], [-4.10245, 50.38603]], [[-4.10245, 50.38603], [-4.10242, 50.38607], [-4.10236, 50.38618], [-4.10234, 50.3863], [-4.10233, 50.38644], [-4.10235, 50.38657], [-4.10238, 50.38662], [-4.10241, 50.3867], [-4.10252, 50.38685], [-4.10268, 50.38698], [-4.1028, 50.38706], [-4.10302, 50.38717], [-4.10312, 50.38723], [-4.10323, 50.38734], [-4.1033, 50.38744], [-4.10332, 50.38755], [-4.1033, 50.38765], [-4.10326, 50.38776], [-4.10319, 50.38787], [-4.10309, 50.38794], [-4.10302, 50.38799], [-4.10291, 50.38804], [-4.10276, 50.38809], [-4.1026, 50.38811], [-4.10248, 50.38812], [-4.10232, 50.38812], [-4.10218, 50.38809], [-4.10205, 50.38805], [-4.10194, 50.38801], [-4.10147, 50.38781], [-4.10133, 50.38777], [-4.10112, 50.38772], [-4.10102, 50.3877], [-4.10094, 50.38768], [-4.10083, 50.38767], [-4.10067, 50.38767], [-4.10032, 50.38768], [-4.09923, 50.38775], [-4.09858, 50.38779]], [[-4.09858, 50.38779], [-4.09824, 50.38784], [-4.09772, 50.3879], [-4.09625, 50.38807], [-4.09606, 50.3881], [-4.09593, 50.38813], [-4.09582, 50.38817], [-4.09566, 50.38826], [-4.09552, 50.38838]], [[-4.09552, 50.38838], [-4.09543, 50.38851], [-4.09539, 50.38862], [-4.09541, 50.38883], [-4.09547, 50.38947]], [[-4.09547, 50.38947], [-4.0955, 50.38959], [-4.09555, 50.38968], [-4.09565, 50.38978], [-4.09575, 50.38986], [-4.09589, 50.38993], [-4.09608, 50.39], [-4.09618, 50.39002], [-4.09803, 50.39019], [-4.09901, 50.39028], [-4.09926, 50.39029], [-4.09951, 50.39029], [-4.09972, 50.39026], [-4.09992, 50.39021]], [[-4.09992, 50.39021], [-4.10001, 50.39019], [-4.1007, 50.39002], [-4.10152, 50.38985], [-4.1017, 50.38981], [-4.10207, 50.38975], [-4.10214, 50.38974], [-4.1023, 50.38972], [-4.10272, 50.38966], [-4.10316, 50.38959]], [[-4.10316, 50.38959], [-4.10371, 50.38952], [-4.10379, 50.38951], [-4.10384, 50.3895]], [[-4.10384, 50.3895], [-4.10407, 50.38948], [-4.10436, 50.38946], [-4.1046, 50.38945], [-4.1049, 50.38944], [-4.1055, 50.38942]], [[-4.1055, 50.38942], [-4.10601, 50.3894], [-4.10602, 50.3894], [-4.10677, 50.38937], [-4.10724, 50.38933], [-4.10754, 50.3893], [-4.10784, 50.38927], [-4.10879, 50.38917], [-4.10949, 50.38909], [-4.10968, 50.38907], [-4.10994, 50.38904]], [[-4.10977, 50.38799], [-4.10979, 50.38817], [-4.10981, 50.38833], [-4.10984, 50.38849], [-4.10994, 50.38904]]]}}, {"type": "Feature", "properties": {"mode": "bus", "name": "Bus Route 8 - Efford to Mayflower Street", "ref": "8", "operator": "Plymouth Citybus", "osm_id": 13108166}, "geometry": {"type": "MultiLineString", "coordinates": [[[-4.10963, 50.38698], [-4.10966, 50.38718], [-4.10973, 50.38763], [-4.10974, 50.3877], [-4.10977, 50.38799]], [[-4.1134, 50.38504], [-4.11339, 50.38505], [-4.11324, 50.3852], [-4.11319, 50.38526], [-4.11309, 50.38534], [-4.11286, 50.3855], [-4.1128, 50.38554], [-4.11254, 50.38571], [-4.11231, 50.38586], [-4.11209, 50.38601], [-4.1119, 50.38613], [-4.11156, 50.38636], [-4.11133, 50.38651], [-4.11127, 50.38655], [-4.11117, 50.3866], [-4.11112, 50.38662], [-4.11099, 50.38669], [-4.1107, 50.38682], [-4.11064, 50.38685], [-4.11045, 50.3869], [-4.1103, 50.38694], [-4.11021, 50.38695], [-4.11018, 50.38695], [-4.10992, 50.38696], [-4.10968, 50.38697], [-4.10963, 50.38698]], [[-4.11463, 50.38433], [-4.11379, 50.38478], [-4.11351, 50.38495], [-4.1134, 50.38504]], [[-4.11503, 50.3841], [-4.11495, 50.38414], [-4.11463, 50.38433]], [[-4.11654, 50.38307], [-4.11656, 50.38312], [-4.11655, 50.38317], [-4.1165, 50.38324], [-4.11624, 50.3834], [-4.11554, 50.3838], [-4.11503, 50.3841]], [[-4.11654, 50.38307], [-4.11675, 50.38305], [-4.11747, 50.38298]], [[-4.11747, 50.38298], [-4.11795, 50.38295]], [[-4.11795, 50.38295], [-4.11811, 50.38294], [-4.1183, 50.3829], [-4.11841, 50.38286], [-4.11851, 50.38279], [-4.11863, 50.38267], [-4.11878, 50.38251]], [[-4.11878, 50.38251], [-4.11899, 50.38231]], [[-4.11899, 50.38231], [-4.11913, 50.38225], [-4.11923, 50.38223]], [[-4.11923, 50.38223], [-4.11937, 50.3822], [-4.11966, 50.38216], [-4.11968, 50.38216], [-4.11981, 50.38214]], [[-4.11981, 50.38214], [-4.12023, 50.38209]], [[-4.12023, 50.38209], [-4.12032, 50.38208], [-4.12063, 50.38202], [-4.12068, 50.38201], [-4.12081, 50.38198], [-4.12111, 50.3819]], [[-4.12111, 50.3819], [-4.12132, 50.38184], [-4.12163, 50.38175], [-4.12182, 50.38171], [-4.12194, 50.38169]], [[-4.12194, 50.38169], [-4.12217, 50.38169], [-4.12255, 50.3817], [-4.12335, 50.38175], [-4.12409, 50.38179]], [[-4.12409, 50.38179], [-4.12481, 50.38183]], [[-4.12481, 50.38183], [-4.12542, 50.38183], [-4.12632, 50.38184], [-4.12733, 50.38183], [-4.12785, 50.38184], [-4.12839, 50.38184], [-4.12847, 50.38184]], [[-4.12847, 50.38184], [-4.12913, 50.38183]], [[-4.12913, 50.38183], [-4.12932, 50.38183], [-4.12949, 50.38181], [-4.12967, 50.38176], [-4.13038, 50.38147], [-4.13073, 50.38132]], [[-4.13073, 50.38132], [-4.13133, 50.38108]], [[-4.13133, 50.38108], [-4.13218, 50.38072]], [[-4.13218, 50.38072], [-4.13266, 50.38052], [-4.13309, 50.38036], [-4.13345, 50.38031]], [[-4.13356, 50.38023], [-4.13345, 50.38031]], [[-4.13361, 50.38019], [-4.13356, 50.38023]], [[-4.13379, 50.38001], [-4.13374, 50.38006], [-4.13361, 50.38019]], [[-4.13492, 50.37873], [-4.1345, 50.37916], [-4.13442, 50.37927], [-4.13424, 50.37949], [-4.13418, 50.37957], [-4.13384, 50.37997], [-4.13379, 50.38001]], [[-4.13504, 50.37859], [-4.13492, 50.37873]], [[-4.13517, 50.37839], [-4.13513, 50.37845], [-4.13504, 50.37859]], [[-4.13524, 50.37828], [-4.13517, 50.37839]], [[-4.13544, 50.37797], [-4.13535, 50.37811], [-4.13524, 50.37828]], [[-4.13589, 50.37729], [-4.13583, 50.37738], [-4.13571, 50.37757], [-4.13563, 50.37768], [-4.13562, 50.3777], [-4.1355, 50.37789], [-4.13544, 50.37797]], [[-4.13598, 50.37715], [-4.13589, 50.37729]], [[-4.13607, 50.37702], [-4.13598, 50.37715]], [[-4.1364, 50.37652], [-4.13633, 50.37661], [-4.13631, 50.37664], [-4.13629, 50.37667], [-4.13628, 50.3767], [-4.13612, 50.37694], [-4.13607, 50.37702]], [[-4.1365, 50.37637], [-4.13648, 50.3764], [-4.1364, 50.37652]], [[-4.1366, 50.37622], [-4.13653, 50.37633], [-4.1365, 50.37637]], [[-4.13695, 50.37566], [-4.13689, 50.37577], [-4.13686, 50.37581], [-4.13684, 50.37585], [-4.13677, 50.37595], [-4.13668, 50.3761], [-4.1366, 50.37622]], [[-4.13711, 50.37539], [-4.13698, 50.37562], [-4.13695, 50.37566]], [[-4.13711, 50.37539], [-4.13719, 50.37523], [-4.13724, 50.37514], [-4.13799, 50.37429], [-4.13832, 50.37393]], [[-4.13832, 50.37393], [-4.13842, 50.37383], [-4.13849, 50.37377], [-4.13853, 50.37374]], [[-4.13853, 50.37374], [-4.13859, 50.3737], [-4.13863, 50.37369], [-4.13871, 50.37366], [-4.1388, 50.37365], [-4.13892, 50.37364]], [[-4.13892, 50.37364], [-4.13906, 50.37363], [-4.13921, 50.37361], [-4.1394, 50.37361], [-4.13955, 50.37361], [-4.13987, 50.37371], [-4.1402, 50.37383], [-4.14033, 50.37387]], [[-4.14033, 50.37387], [-4.14046, 50.37371]], [[-4.14046, 50.37371], [-4.1405, 50.37359], [-4.14053, 50.37356], [-4.14058, 50.3735]], [[-4.14058, 50.3735], [-4.14065, 50.37346], [-4.14075, 50.37341], [-4.14084, 50.37339], [-4.14096, 50.37338], [-4.14118, 50.37338], [-4.14145, 50.37337]], [[-4.14145, 50.37337], [-4.14161, 50.37337]], [[-4.14161, 50.37337], [-4.14177, 50.37337]], [[-4.14177, 50.37337], [-4.14217, 50.37336], [-4.14228, 50.37336], [-4.1423, 50.37336], [-4.14233, 50.37336], [-4.14246, 50.37336], [-4.14251, 50.37336], [-4.14263, 50.37336], [-4.14274, 50.37336], [-4.14284, 50.37336]], [[-4.14284, 50.37336], [-4.14289, 50.37336], [-4.14308, 50.37335]], [[-4.14033, 50.37387], [-4.14046, 50.37371]], [[-4.13892, 50.37364], [-4.13906, 50.37363], [-4.13921, 50.37361], [-4.1394, 50.37361], [-4.13955, 50.37361], [-4.13987, 50.37371], [-4.1402, 50.37383], [-4.14033, 50.37387]], [[-4.13853, 50.37374], [-4.13859, 50.3737], [-4.13863, 50.37369], [-4.13871, 50.37366], [-4.1388, 50.37365], [-4.13892, 50.37364]], [[-4.13832, 50.37393], [-4.13842, 50.37383], [-4.13849, 50.37377], [-4.13853, 50.37374]], [[-4.13711, 50.37539], [-4.13719, 50.37523], [-4.13724, 50.37514], [-4.13799, 50.37429], [-4.13832, 50.37393]], [[-4.13775, 50.37472], [-4.1377, 50.37478], [-4.13756, 50.37493], [-4.13738, 50.37513], [-4.13737, 50.37514], [-4.13731, 50.37521], [-4.1373, 50.37522], [-4.13726, 50.37525], [-4.13711, 50.37539]], [[-4.1382, 50.37423], [-4.13815, 50.37428], [-4.13809, 50.37435], [-4.13775, 50.37472]], [[-4.13845, 50.37397], [-4.1382, 50.37423]], [[-4.13919, 50.37375], [-4.13894, 50.3738], [-4.13875, 50.37382], [-4.13869, 50.37384], [-4.1386, 50.37387], [-4.1385, 50.37393], [-4.13845, 50.37397]], [[-4.13919, 50.37375], [-4.13894, 50.3738], [-4.13875, 50.37382], [-4.13869, 50.37384], [-4.1386, 50.37387], [-4.1385, 50.37393], [-4.13845, 50.37397]], [[-4.14308, 50.37335], [-4.14422, 50.37332]], [[-4.14441, 50.37332], [-4.14422, 50.37332]], [[-4.14485, 50.37331], [-4.14444, 50.37332], [-4.14441, 50.37332]], [[-4.14814, 50.36991], [-4.14783, 50.36991], [-4.14762, 50.36991]], [[-4.14762, 50.36991], [-4.14697, 50.36992]], [[-4.14697, 50.36992], [-4.1467, 50.36994], [-4.14657, 50.36995], [-4.14651, 50.36995], [-4.14642, 50.36997], [-4.14634, 50.37]], [[-4.14634, 50.37], [-4.14633, 50.37018], [-4.14632, 50.37025], [-4.14628, 50.37032], [-4.14623, 50.37037], [-4.14618, 50.37041], [-4.14611, 50.37044]], [[-4.14611, 50.37044], [-4.14603, 50.37046], [-4.14591, 50.37048], [-4.14582, 50.37048], [-4.14573, 50.37046]], [[-4.13356, 50.38023], [-4.13345, 50.38031]], [[-4.13982, 50.37382], [-4.13966, 50.37377], [-4.13948, 50.37375], [-4.1394, 50.37375], [-4.13923, 50.37375], [-4.13919, 50.37375]], [[-4.14087, 50.37437], [-4.14024, 50.374], [-4.14021, 50.37398], [-4.1401, 50.37393], [-4.13997, 50.37387], [-4.13982, 50.37382]], [[-4.14192, 50.37533], [-4.14191, 50.37517], [-4.14188, 50.37505], [-4.14186, 50.37498], [-4.14177, 50.37491], [-4.14168, 50.37485], [-4.14149, 50.37474], [-4.14133, 50.37465], [-4.1412, 50.37458], [-4.14108, 50.3745], [-4.14087, 50.37437]], [[-4.14223, 50.37582], [-4.14213, 50.37577], [-4.14205, 50.37571], [-4.14198, 50.37564], [-4.14193, 50.37557], [-4.14191, 50.37549], [-4.1419, 50.37541], [-4.14192, 50.37533]], [[-4.1427, 50.37589], [-4.14259, 50.37589], [-4.14247, 50.37588], [-4.14235, 50.37586], [-4.14223, 50.37582]], [[-4.14282, 50.37587], [-4.14276, 50.37588], [-4.1427, 50.37589]], [[-4.14327, 50.37528], [-4.14331, 50.37536], [-4.14332, 50.37544], [-4.1433, 50.37552]], [[-4.14421, 50.37451], [-4.14382, 50.37477]], [[-4.14448, 50.37431], [-4.14443, 50.37435], [-4.14421, 50.37451]], [[-4.14484, 50.37404], [-4.14448, 50.37431]], [[-4.14554, 50.3736], [-4.14533, 50.37372], [-4.14489, 50.374], [-4.14484, 50.37404]], [[-4.14547, 50.37344], [-4.14551, 50.37352], [-4.14554, 50.3736]], [[-4.14527, 50.3733], [-4.14536, 50.37334], [-4.14542, 50.37338], [-4.14547, 50.37344]], [[-4.14485, 50.37331], [-4.14509, 50.37331], [-4.14527, 50.3733]], [[-4.14484, 50.37404], [-4.14448, 50.37431]], [[-4.14382, 50.37477], [-4.1436, 50.37488], [-4.14347, 50.37498], [-4.14333, 50.37509], [-4.14328, 50.37518], [-4.14327, 50.37528]], [[-4.1433, 50.37552], [-4.14327, 50.3756], [-4.14321, 50.37567], [-4.14314, 50.37574], [-4.14305, 50.37579], [-4.14294, 50.37584], [-4.14282, 50.37587]], [[-4.14282, 50.37587], [-4.14276, 50.37588], [-4.1427, 50.37589]]]}}, {"type": "Feature", "properties": {"mode": "bus", "name": "Bus Route 9 - Efford to Mayflower Street", "ref": "9", "operator": "Plymouth Citybus", "osm_id": 13109649}, "geometry": {"type": "MultiLineString", "coordinates": [[[-4.10977, 50.38799], [-4.10979, 50.38817], [-4.10981, 50.38833], [-4.10984, 50.38849], [-4.10994, 50.38904]], [[-4.1055, 50.38942], [-4.10601, 50.3894], [-4.10602, 50.3894], [-4.10677, 50.38937], [-4.10724, 50.38933], [-4.10754, 50.3893], [-4.10784, 50.38927], [-4.10879, 50.38917], [-4.10949, 50.38909], [-4.10968, 50.38907], [-4.10994, 50.38904]], [[-4.10384, 50.3895], [-4.10407, 50.38948], [-4.10436, 50.38946], [-4.1046, 50.38945], [-4.1049, 50.38944], [-4.1055, 50.38942]], [[-4.10316, 50.38959], [-4.10371, 50.38952], [-4.10379, 50.38951], [-4.10384, 50.3895]], [[-4.09992, 50.39021], [-4.10001, 50.39019], [-4.1007, 50.39002], [-4.10152, 50.38985], [-4.1017, 50.38981], [-4.10207, 50.38975], [-4.10214, 50.38974], [-4.1023, 50.38972], [-4.10272, 50.38966], [-4.10316, 50.38959]], [[-4.09547, 50.38947], [-4.0955, 50.38959], [-4.09555, 50.38968], [-4.09565, 50.38978], [-4.09575, 50.38986], [-4.09589, 50.38993], [-4.09608, 50.39], [-4.09618, 50.39002], [-4.09803, 50.39019], [-4.09901, 50.39028], [-4.09926, 50.39029], [-4.09951, 50.39029], [-4.09972, 50.39026], [-4.09992, 50.39021]], [[-4.09552, 50.38838], [-4.09543, 50.38851], [-4.09539, 50.38862], [-4.09541, 50.38883], [-4.09547, 50.38947]], [[-4.09858, 50.38779], [-4.09824, 50.38784], [-4.09772, 50.3879], [-4.09625, 50.38807], [-4.09606, 50.3881], [-4.09593, 50.38813], [-4.09582, 50.38817], [-4.09566, 50.38826], [-4.09552, 50.38838]], [[-4.10245, 50.38603], [-4.10242, 50.38607], [-4.10236, 50.38618], [-4.10234, 50.3863], [-4.10233, 50.38644], [-4.10235, 50.38657], [-4.10238, 50.38662], [-4.10241, 50.3867], [-4.10252, 50.38685], [-4.10268, 50.38698], [-4.1028, 50.38706], [-4.10302, 50.38717], [-4.10312, 50.38723], [-4.10323, 50.38734], [-4.1033, 50.38744], [-4.10332, 50.38755], [-4.1033, 50.38765], [-4.10326, 50.38776], [-4.10319, 50.38787], [-4.10309, 50.38794], [-4.10302, 50.38799], [-4.10291, 50.38804], [-4.10276, 50.38809], [-4.1026, 50.38811], [-4.10248, 50.38812], [-4.10232, 50.38812], [-4.10218, 50.38809], [-4.10205, 50.38805], [-4.10194, 50.38801], [-4.10147, 50.38781], [-4.10133, 50.38777], [-4.10112, 50.38772], [-4.10102, 50.3877], [-4.10094, 50.38768], [-4.10083, 50.38767], [-4.10067, 50.38767], [-4.10032, 50.38768], [-4.09923, 50.38775], [-4.09858, 50.38779]], [[-4.104, 50.38473], [-4.10397, 50.38482], [-4.10393, 50.38488], [-4.10362, 50.38511], [-4.10308, 50.3855], [-4.10263, 50.38584], [-4.1025, 50.38596], [-4.10245, 50.38603]], [[-4.104, 50.38473], [-4.10411, 50.38473], [-4.10426, 50.3847], [-4.10461, 50.38467], [-4.10482, 50.38464], [-4.10488, 50.38462], [-4.10501, 50.38459], [-4.10513, 50.38457], [-4.10525, 50.38453]], [[-4.10525, 50.38453], [-4.10556, 50.38439], [-4.10564, 50.38436]], [[-4.10564, 50.38436], [-4.1057, 50.38433], [-4.10574, 50.38432], [-4.1058, 50.38429], [-4.10581, 50.38428], [-4.10608, 50.38417], [-4.10617, 50.3841], [-4.10633, 50.38408], [-4.10638, 50.38407], [-4.10678, 50.38393], [-4.1073, 50.38377], [-4.10734, 50.38376], [-4.10759, 50.38367], [-4.10785, 50.3836]], [[-4.10785, 50.3836], [-4.10803, 50.38356], [-4.10829, 50.38353]], [[-4.10829, 50.38353], [-4.10855, 50.38349], [-4.10901, 50.38344], [-4.10984, 50.38332], [-4.11015, 50.38329], [-4.11091, 50.38326], [-4.1114, 50.38326], [-4.11168, 50.38327], [-4.11204, 50.3833], [-4.11227, 50.38332], [-4.11243, 50.38331], [-4.11255, 50.38331]], [[-4.11255, 50.38331], [-4.11275, 50.38329], [-4.11314, 50.38323], [-4.11358, 50.38319], [-4.11401, 50.38317], [-4.1143, 50.38316], [-4.11459, 50.38315], [-4.11517, 50.38315], [-4.11523, 50.38315]], [[-4.11523, 50.38315], [-4.11552, 50.38313], [-4.11578, 50.38313]], [[-4.11578, 50.38313], [-4.11588, 50.38312], [-4.11654, 50.38307]], [[-4.11654, 50.38307], [-4.11675, 50.38305], [-4.11747, 50.38298]], [[-4.11747, 50.38298], [-4.11795, 50.38295]], [[-4.11795, 50.38295], [-4.11811, 50.38294], [-4.1183, 50.3829], [-4.11841, 50.38286], [-4.11851, 50.38279], [-4.11863, 50.38267], [-4.11878, 50.38251]], [[-4.11878, 50.38251], [-4.11899, 50.38231]], [[-4.11899, 50.38231], [-4.11913, 50.38225], [-4.11923, 50.38223]], [[-4.11923, 50.38223], [-4.11937, 50.3822], [-4.11966, 50.38216], [-4.11968, 50.38216], [-4.11981, 50.38214]], [[-4.11981, 50.38214], [-4.12023, 50.38209]], [[-4.12023, 50.38209], [-4.12032, 50.38208], [-4.12063, 50.38202], [-4.12068, 50.38201], [-4.12081, 50.38198], [-4.12111, 50.3819]], [[-4.12111, 50.3819], [-4.12132, 50.38184], [-4.12163, 50.38175], [-4.12182, 50.38171], [-4.12194, 50.38169]], [[-4.12194, 50.38169], [-4.12217, 50.38169], [-4.12255, 50.3817], [-4.12335, 50.38175], [-4.12409, 50.38179]], [[-4.12409, 50.38179], [-4.12481, 50.38183]], [[-4.12481, 50.38183], [-4.12542, 50.38183], [-4.12632, 50.38184], [-4.12733, 50.38183], [-4.12785, 50.38184], [-4.12839, 50.38184], [-4.12847, 50.38184]], [[-4.12847, 50.38184], [-4.12913, 50.38183]], [[-4.12913, 50.38183], [-4.12932, 50.38183], [-4.12949, 50.38181], [-4.12967, 50.38176], [-4.13038, 50.38147], [-4.13073, 50.38132]], [[-4.13073, 50.38132], [-4.13133, 50.38108]], [[-4.13133, 50.38108], [-4.13218, 50.38072]], [[-4.13218, 50.38072], [-4.13266, 50.38052], [-4.13309, 50.38036], [-4.13345, 50.38031]], [[-4.13356, 50.38023], [-4.13345, 50.38031]], [[-4.13361, 50.38019], [-4.13356, 50.38023]], [[-4.13379, 50.38001], [-4.13374, 50.38006], [-4.13361, 50.38019]], [[-4.13492, 50.37873], [-4.1345, 50.37916], [-4.13442, 50.37927], [-4.13424, 50.37949], [-4.13418, 50.37957], [-4.13384, 50.37997], [-4.13379, 50.38001]], [[-4.13504, 50.37859], [-4.13492, 50.37873]], [[-4.13517, 50.37839], [-4.13513, 50.37845], [-4.13504, 50.37859]], [[-4.13524, 50.37828], [-4.13517, 50.37839]], [[-4.13544, 50.37797], [-4.13535, 50.37811], [-4.13524, 50.37828]], [[-4.13589, 50.37729], [-4.13583, 50.37738], [-4.13571, 50.37757], [-4.13563, 50.37768], [-4.13562, 50.3777], [-4.1355, 50.37789], [-4.13544, 50.37797]], [[-4.13598, 50.37715], [-4.13589, 50.37729]], [[-4.13607, 50.37702], [-4.13598, 50.37715]], [[-4.1364, 50.37652], [-4.13633, 50.37661], [-4.13631, 50.37664], [-4.13629, 50.37667], [-4.13628, 50.3767], [-4.13612, 50.37694], [-4.13607, 50.37702]], [[-4.1365, 50.37637], [-4.13648, 50.3764], [-4.1364, 50.37652]], [[-4.1366, 50.37622], [-4.13653, 50.37633], [-4.1365, 50.37637]], [[-4.13695, 50.37566], [-4.13689, 50.37577], [-4.13686, 50.37581], [-4.13684, 50.37585], [-4.13677, 50.37595], [-4.13668, 50.3761], [-4.1366, 50.37622]], [[-4.13711, 50.37539], [-4.13698, 50.37562], [-4.13695, 50.37566]], [[-4.13711, 50.37539], [-4.13719, 50.37523], [-4.13724, 50.37514], [-4.13799, 50.37429], [-4.13832, 50.37393]], [[-4.13832, 50.37393], [-4.13842, 50.37383], [-4.13849, 50.37377], [-4.13853, 50.37374]], [[-4.13853, 50.37374], [-4.13859, 50.3737], [-4.13863, 50.37369], [-4.13871, 50.37366], [-4.1388, 50.37365], [-4.13892, 50.37364]], [[-4.13892, 50.37364], [-4.13906, 50.37363], [-4.13921, 50.37361], [-4.1394, 50.37361], [-4.13955, 50.37361], [-4.13987, 50.37371], [-4.1402, 50.37383], [-4.14033, 50.37387]], [[-4.14033, 50.37387], [-4.14046, 50.37371]], [[-4.14046, 50.37371], [-4.1405, 50.37359], [-4.14053, 50.37356], [-4.14058, 50.3735]], [[-4.14058, 50.3735], [-4.14065, 50.37346], [-4.14075, 50.37341], [-4.14084, 50.37339], [-4.14096, 50.37338], [-4.14118, 50.37338], [-4.14145, 50.37337]], [[-4.14308, 50.37335], [-4.14422, 50.37332]], [[-4.14441, 50.37332], [-4.14422, 50.37332]], [[-4.14485, 50.37331], [-4.14509, 50.37331], [-4.14527, 50.3733]], [[-4.14484, 50.37404], [-4.14448, 50.37431]], [[-4.14327, 50.37528], [-4.14331, 50.37536], [-4.14332, 50.37544], [-4.1433, 50.37552]], [[-4.14282, 50.37587], [-4.14276, 50.37588], [-4.1427, 50.37589]], [[-4.13982, 50.37382], [-4.13966, 50.37377], [-4.13948, 50.37375], [-4.1394, 50.37375], [-4.13923, 50.37375], [-4.13919, 50.37375]], [[-4.13919, 50.37375], [-4.13894, 50.3738], [-4.13875, 50.37382], [-4.13869, 50.37384], [-4.1386, 50.37387], [-4.1385, 50.37393], [-4.13845, 50.37397]], [[-4.13919, 50.37375], [-4.13894, 50.3738], [-4.13875, 50.37382], [-4.13869, 50.37384], [-4.1386, 50.37387], [-4.1385, 50.37393], [-4.13845, 50.37397]], [[-4.13919, 50.37375], [-4.13894, 50.3738], [-4.13875, 50.37382], [-4.13869, 50.37384], [-4.1386, 50.37387], [-4.1385, 50.37393], [-4.13845, 50.37397]], [[-4.13845, 50.37397], [-4.1382, 50.37423]], [[-4.13845, 50.37397], [-4.1382, 50.37423]], [[-4.14844, 50.37035], [-4.14845, 50.37014]], [[-4.14814, 50.36991], [-4.14783, 50.36991], [-4.14762, 50.36991]], [[-4.14762, 50.36991], [-4.14697, 50.36992]], [[-4.14697, 50.36992], [-4.1467, 50.36994], [-4.14657, 50.36995], [-4.14651, 50.36995], [-4.14642, 50.36997], [-4.14634, 50.37]], [[-4.14634, 50.37], [-4.14633, 50.37018], [-4.14632, 50.37025], [-4.14628, 50.37032], [-4.14623, 50.37037], [-4.14618, 50.37041], [-4.14611, 50.37044]], [[-4.14611, 50.37044], [-4.14603, 50.37046], [-4.14591, 50.37048], [-4.14582, 50.37048], [-4.14573, 50.37046]], [[-4.14192, 50.37533], [-4.14191, 50.37517], [-4.14188, 50.37505], [-4.14186, 50.37498], [-4.14177, 50.37491], [-4.14168, 50.37485], [-4.14149, 50.37474], [-4.14133, 50.37465], [-4.1412, 50.37458], [-4.14108, 50.3745], [-4.14087, 50.37437]], [[-4.14282, 50.37587], [-4.14276, 50.37588], [-4.1427, 50.37589]], [[-4.1433, 50.37552], [-4.14327, 50.3756], [-4.14321, 50.37567], [-4.14314, 50.37574], [-4.14305, 50.37579], [-4.14294, 50.37584], [-4.14282, 50.37587]], [[-4.14327, 50.37528], [-4.14331, 50.37536], [-4.14332, 50.37544], [-4.1433, 50.37552]], [[-4.14484, 50.37404], [-4.14448, 50.37431]], [[-4.14033, 50.37387], [-4.14046, 50.37371]], [[-4.13892, 50.37364], [-4.13906, 50.37363], [-4.13921, 50.37361], [-4.1394, 50.37361], [-4.13955, 50.37361], [-4.13987, 50.37371], [-4.1402, 50.37383], [-4.14033, 50.37387]], [[-4.13853, 50.37374], [-4.13859, 50.3737], [-4.13863, 50.37369], [-4.13871, 50.37366], [-4.1388, 50.37365], [-4.13892, 50.37364]], [[-4.13832, 50.37393], [-4.13842, 50.37383], [-4.13849, 50.37377], [-4.13853, 50.37374]], [[-4.13832, 50.37393], [-4.13842, 50.37383], [-4.13849, 50.37377], [-4.13853, 50.37374]], [[-4.13853, 50.37374], [-4.13859, 50.3737], [-4.13863, 50.37369], [-4.13871, 50.37366], [-4.1388, 50.37365], [-4.13892, 50.37364]], [[-4.13892, 50.37364], [-4.13906, 50.37363], [-4.13921, 50.37361], [-4.1394, 50.37361], [-4.13955, 50.37361], [-4.13987, 50.37371], [-4.1402, 50.37383], [-4.14033, 50.37387]], [[-4.14033, 50.37387], [-4.14046, 50.37371]], [[-4.14046, 50.37371], [-4.1405, 50.37359], [-4.14053, 50.37356], [-4.14058, 50.3735]], [[-4.14145, 50.37337], [-4.14161, 50.37337]], [[-4.14161, 50.37337], [-4.14177, 50.37337]], [[-4.14177, 50.37337], [-4.14217, 50.37336], [-4.14228, 50.37336], [-4.1423, 50.37336], [-4.14233, 50.37336], [-4.14246, 50.37336], [-4.14251, 50.37336], [-4.14263, 50.37336], [-4.14274, 50.37336], [-4.14284, 50.37336]], [[-4.14284, 50.37336], [-4.14289, 50.37336], [-4.14308, 50.37335]], [[-4.14308, 50.37335], [-4.14422, 50.37332]], [[-4.14441, 50.37332], [-4.14422, 50.37332]], [[-4.14485, 50.37331], [-4.14444, 50.37332], [-4.14441, 50.37332]], [[-4.14527, 50.3733], [-4.14536, 50.37334], [-4.14542, 50.37338], [-4.14547, 50.37344]], [[-4.14547, 50.37344], [-4.14551, 50.37352], [-4.14554, 50.3736]], [[-4.14554, 50.3736], [-4.14533, 50.37372], [-4.14489, 50.374], [-4.14484, 50.37404]], [[-4.14484, 50.37404], [-4.14448, 50.37431]], [[-4.14448, 50.37431], [-4.14443, 50.37435], [-4.14421, 50.37451]], [[-4.14421, 50.37451], [-4.14382, 50.37477]], [[-4.14382, 50.37477], [-4.1436, 50.37488], [-4.14347, 50.37498], [-4.14333, 50.37509], [-4.14328, 50.37518], [-4.14327, 50.37528]], [[-4.14282, 50.37587], [-4.14276, 50.37588], [-4.1427, 50.37589]], [[-4.1427, 50.37589], [-4.14259, 50.37589], [-4.14247, 50.37588], [-4.14235, 50.37586], [-4.14223, 50.37582]], [[-4.14223, 50.37582], [-4.14213, 50.37577], [-4.14205, 50.37571], [-4.14198, 50.37564], [-4.14193, 50.37557], [-4.14191, 50.37549], [-4.1419, 50.37541], [-4.14192, 50.37533]], [[-4.14087, 50.37437], [-4.14024, 50.374], [-4.14021, 50.37398], [-4.1401, 50.37393], [-4.13997, 50.37387], [-4.13982, 50.37382]], [[-4.1382, 50.37423], [-4.13815, 50.37428], [-4.13809, 50.37435], [-4.13775, 50.37472]], [[-4.13775, 50.37472], [-4.1377, 50.37478], [-4.13756, 50.37493], [-4.13738, 50.37513], [-4.13737, 50.37514], [-4.13731, 50.37521], [-4.1373, 50.37522], [-4.13726, 50.37525], [-4.13711, 50.37539]], [[-4.13711, 50.37539], [-4.13719, 50.37523], [-4.13724, 50.37514], [-4.13799, 50.37429], [-4.13832, 50.37393]]]}}, {"type": "Feature", "properties": {"mode": "bus", "name": "51", "ref": "51", "operator": "Plymouth City Bus", "osm_id": 14509881}, "geometry": {"type": "MultiLineString", "coordinates": [[[-4.10032, 50.38385], [-4.10026, 50.3839], [-4.09982, 50.38422]], [[-4.10092, 50.38338], [-4.10032, 50.38385]], [[-4.10614, 50.37855], [-4.10594, 50.37874], [-4.10537, 50.37928], [-4.10232, 50.3822], [-4.10194, 50.38256], [-4.10154, 50.3829], [-4.10092, 50.38338]], [[-4.10868, 50.37637], [-4.10846, 50.37657], [-4.1077, 50.37716], [-4.10686, 50.37789], [-4.10651, 50.37819], [-4.10614, 50.37855]], [[-4.10868, 50.37637], [-4.10846, 50.37657], [-4.1077, 50.37716], [-4.10686, 50.37789], [-4.10651, 50.37819], [-4.10614, 50.37855]], [[-4.10614, 50.37855], [-4.10594, 50.37874], [-4.10537, 50.37928], [-4.10232, 50.3822], [-4.10194, 50.38256], [-4.10154, 50.3829], [-4.10092, 50.38338]], [[-4.08893, 50.39446], [-4.08917, 50.39446], [-4.08936, 50.39445], [-4.08953, 50.39444]], [[-4.08847, 50.39437], [-4.0887, 50.39443], [-4.08893, 50.39446]], [[-4.08825, 50.39432], [-4.08847, 50.39437]], [[-4.08798, 50.39425], [-4.08811, 50.39429], [-4.08821, 50.39431], [-4.08825, 50.39432]], [[-4.0874, 50.39409], [-4.08748, 50.39412], [-4.08769, 50.39417], [-4.08798, 50.39425]], [[-4.08719, 50.39404], [-4.0874, 50.39409]], [[-4.08672, 50.39387], [-4.08719, 50.39404]], [[-4.08372, 50.39272], [-4.08371, 50.39279], [-4.08375, 50.39288], [-4.08387, 50.39298], [-4.08389, 50.393], [-4.08412, 50.39309], [-4.08444, 50.39319], [-4.08494, 50.39336], [-4.0861, 50.39369], [-4.08672, 50.39387]], [[-4.08398, 50.39244], [-4.08379, 50.39263], [-4.08372, 50.39272]], [[-4.08448, 50.39198], [-4.08444, 50.39201], [-4.08443, 50.39202], [-4.08439, 50.39208], [-4.08433, 50.39213], [-4.08398, 50.39244]], [[-4.08475, 50.39203], [-4.08448, 50.39198]], [[-4.08638, 50.39192], [-4.08585, 50.39205], [-4.08569, 50.39208], [-4.0855, 50.39209], [-4.08529, 50.3921], [-4.08512, 50.39209], [-4.08495, 50.39207], [-4.0848, 50.39204], [-4.08475, 50.39203]], [[-4.08681, 50.39178], [-4.08662, 50.39186], [-4.08638, 50.39192]], [[-4.08694, 50.39176], [-4.08681, 50.39178]], [[-4.08766, 50.39102], [-4.08767, 50.39105], [-4.08765, 50.39116], [-4.08761, 50.39125], [-4.08755, 50.39133], [-4.08726, 50.39161], [-4.08707, 50.39172], [-4.08694, 50.39176]], [[-4.08815, 50.3905], [-4.08794, 50.39062], [-4.0878, 50.39074], [-4.08777, 50.39079], [-4.08771, 50.3909], [-4.08766, 50.39102]], [[-4.08864, 50.39008], [-4.08846, 50.39026], [-4.08815, 50.3905]], [[-4.09203, 50.38603], [-4.09186, 50.38609], [-4.09161, 50.38618], [-4.09128, 50.38632], [-4.09114, 50.38637], [-4.09074, 50.38656], [-4.09037, 50.38676], [-4.0901, 50.38692], [-4.08994, 50.38704], [-4.08985, 50.38711], [-4.08969, 50.38725], [-4.08952, 50.38744], [-4.08936, 50.38769], [-4.0893, 50.38783], [-4.08917, 50.3881], [-4.08913, 50.38822], [-4.08908, 50.38847], [-4.08896, 50.389], [-4.08891, 50.38927], [-4.0888, 50.38969], [-4.08872, 50.38997], [-4.08864, 50.39008]], [[-4.09327, 50.38571], [-4.09297, 50.38576], [-4.09258, 50.38587], [-4.09247, 50.3859], [-4.09208, 50.38601], [-4.09203, 50.38603]], [[-4.09338, 50.38569], [-4.09327, 50.38571]], [[-4.09876, 50.38474], [-4.09849, 50.38484], [-4.09821, 50.38492], [-4.09781, 50.385], [-4.09613, 50.38527], [-4.09521, 50.38541], [-4.09441, 50.38554], [-4.09414, 50.38558], [-4.09348, 50.38567], [-4.09338, 50.38569]], [[-4.09963, 50.38435], [-4.09961, 50.38436], [-4.09921, 50.38456], [-4.09876, 50.38474]], [[-4.08988, 50.39446], [-4.08986, 50.39449], [-4.08981, 50.39452], [-4.08976, 50.39453], [-4.0897, 50.39453], [-4.08964, 50.39452], [-4.08959, 50.3945], [-4.08955, 50.39447], [-4.08953, 50.39444], [-4.08953, 50.39441], [-4.08954, 50.39438], [-4.08956, 50.39435], [-4.08959, 50.39433], [-4.08963, 50.39431], [-4.08967, 50.3943], [-4.08973, 50.3943], [-4.08979, 50.39431], [-4.08984, 50.39433], [-4.08987, 50.39436], [-4.08989, 50.39439], [-4.0899, 50.39443], [-4.08988, 50.39446]], [[-4.09014, 50.39451], [-4.08997, 50.3945], [-4.08986, 50.39449]], [[-4.08989, 50.39439], [-4.08994, 50.39442], [-4.09014, 50.39451]], [[-4.09014, 50.39451], [-4.09019, 50.39453], [-4.09022, 50.39453], [-4.09036, 50.39456], [-4.09054, 50.39458], [-4.09069, 50.39461], [-4.09089, 50.39464], [-4.09104, 50.39467], [-4.09119, 50.39471], [-4.09142, 50.39479], [-4.09165, 50.39485], [-4.09181, 50.39492], [-4.09218, 50.39507], [-4.09254, 50.39522], [-4.09309, 50.39541], [-4.09326, 50.39548], [-4.09383, 50.3957], [-4.09408, 50.3958], [-4.09431, 50.39588]], [[-4.09431, 50.39588], [-4.09468, 50.39602], [-4.09491, 50.3961], [-4.09513, 50.39617]], [[-4.09513, 50.39617], [-4.09511, 50.39625], [-4.0951, 50.39631], [-4.09511, 50.39636], [-4.09523, 50.3965], [-4.09529, 50.39658]], [[-4.09529, 50.39658], [-4.09556, 50.39687], [-4.09577, 50.39712], [-4.09584, 50.39724], [-4.09588, 50.39734], [-4.0959, 50.39745], [-4.09589, 50.39757], [-4.09586, 50.39769], [-4.09584, 50.39771], [-4.09568, 50.39796]], [[-4.09568, 50.39796], [-4.0955, 50.39822]], [[-4.0955, 50.39822], [-4.09547, 50.39827], [-4.09534, 50.39844], [-4.09524, 50.39859]], [[-4.09524, 50.39859], [-4.0952, 50.39865], [-4.09513, 50.39876], [-4.09513, 50.39877], [-4.09503, 50.39889], [-4.09491, 50.399], [-4.09474, 50.3991], [-4.09469, 50.39915]], [[-4.09469, 50.39915], [-4.09469, 50.3992], [-4.09474, 50.39926], [-4.09491, 50.39942], [-4.09509, 50.39965]], [[-4.09509, 50.39965], [-4.09514, 50.39973], [-4.09518, 50.39984], [-4.09522, 50.4], [-4.09523, 50.40003]], [[-4.09523, 50.40003], [-4.09534, 50.40012], [-4.09539, 50.40015], [-4.09549, 50.40019]], [[-4.09549, 50.40019], [-4.09553, 50.40019], [-4.09556, 50.4002], [-4.09559, 50.40022], [-4.09562, 50.40023], [-4.09565, 50.40026], [-4.09566, 50.40028], [-4.09567, 50.40031], [-4.09567, 50.40033], [-4.09567, 50.40036], [-4.09565, 50.40038], [-4.09563, 50.4004], [-4.0956, 50.40042], [-4.09556, 50.40044]], [[-4.09556, 50.40044], [-4.0955, 50.40048], [-4.09545, 50.40051], [-4.09533, 50.40056], [-4.0952, 50.40059]], [[-4.0952, 50.40059], [-4.09507, 50.40065], [-4.09484, 50.40076], [-4.09467, 50.40088], [-4.09455, 50.40098], [-4.09446, 50.40109], [-4.09439, 50.4012], [-4.09432, 50.40133], [-4.09429, 50.40139], [-4.09431, 50.40145], [-4.0943, 50.40161], [-4.0943, 50.40167], [-4.09429, 50.40183], [-4.0943, 50.40212], [-4.0943, 50.40233], [-4.0943, 50.4025], [-4.0943, 50.40267], [-4.0943, 50.40285], [-4.0943, 50.40297]], [[-4.0943, 50.40297], [-4.09431, 50.40304], [-4.09431, 50.40305], [-4.09431, 50.40307], [-4.09432, 50.40322], [-4.09436, 50.40328], [-4.09432, 50.40333], [-4.09428, 50.4034]], [[-4.09428, 50.4034], [-4.09424, 50.40351]], [[-4.09424, 50.40351], [-4.09422, 50.40355], [-4.09416, 50.40377], [-4.09406, 50.40407], [-4.09394, 50.4044], [-4.0939, 50.40451], [-4.0938, 50.4048], [-4.09371, 50.40507], [-4.0937, 50.40509], [-4.09363, 50.40532]], [[-4.09363, 50.40532], [-4.0936, 50.4054]], [[-4.0936, 50.4054], [-4.09356, 50.40555], [-4.09357, 50.40562], [-4.09354, 50.40569], [-4.09353, 50.40571]], [[-4.09353, 50.40571], [-4.09352, 50.40574], [-4.09352, 50.40582], [-4.09354, 50.40593], [-4.09358, 50.40601], [-4.0936, 50.40606], [-4.09366, 50.40614], [-4.09376, 50.40626], [-4.09385, 50.40633], [-4.09394, 50.40639]], [[-4.09394, 50.40639], [-4.09408, 50.40648]], [[-4.09408, 50.40648], [-4.09429, 50.40662]], [[-4.09429, 50.40662], [-4.0947, 50.4069], [-4.09477, 50.40694], [-4.09494, 50.40703]], [[-4.09494, 50.40703], [-4.09516, 50.40715], [-4.09526, 50.40722]], [[-4.09526, 50.40722], [-4.09538, 50.40729]], [[-4.09538, 50.40729], [-4.0953, 50.40736], [-4.09498, 50.40762]], [[-4.09498, 50.40762], [-4.09481, 50.40756]], [[-4.10031, 50.40873], [-4.10018, 50.40872], [-4.1, 50.40867], [-4.09999, 50.40867], [-4.09991, 50.40865]], [[-4.10049, 50.40859], [-4.10048, 50.40859], [-4.10039, 50.40866], [-4.10037, 50.40868], [-4.10031, 50.40873]], [[-4.10084, 50.40845], [-4.10076, 50.40847], [-4.10073, 50.40848], [-4.10062, 50.40852], [-4.10059, 50.40853], [-4.10053, 50.40857], [-4.10049, 50.40859]], [[-4.10312, 50.40789], [-4.10283, 50.40789], [-4.10269, 50.40791], [-4.10249, 50.40793], [-4.10237, 50.40796], [-4.10219, 50.408], [-4.1021, 50.40802], [-4.10204, 50.40804], [-4.10185, 50.4081], [-4.10183, 50.40811], [-4.10174, 50.40814], [-4.10164, 50.40817], [-4.10151, 50.40822], [-4.10146, 50.40824], [-4.10125, 50.40831], [-4.10119, 50.40833], [-4.10103, 50.40839], [-4.10084, 50.40845]], [[-4.1041, 50.40824], [-4.10394, 50.40813], [-4.10388, 50.4081], [-4.10373, 50.40803], [-4.10355, 50.40796], [-4.10343, 50.40793], [-4.10335, 50.40792], [-4.10312, 50.40789]], [[-4.10437, 50.40942], [-4.10442, 50.40921], [-4.10442, 50.40916], [-4.10443, 50.40913], [-4.10445, 50.40892], [-4.10442, 50.40879], [-4.10441, 50.40871], [-4.10434, 50.40855], [-4.10424, 50.40838], [-4.10422, 50.40834], [-4.1041, 50.40824]], [[-4.10189, 50.4115], [-4.102, 50.41148], [-4.10215, 50.41144], [-4.10224, 50.41141], [-4.1025, 50.41129], [-4.10255, 50.41126], [-4.10261, 50.41123], [-4.10267, 50.4112], [-4.10287, 50.4111], [-4.10292, 50.41107], [-4.10313, 50.41089], [-4.10325, 50.41078], [-4.10352, 50.4105], [-4.10368, 50.4103], [-4.10393, 50.41006], [-4.10403, 50.40994], [-4.10408, 50.40988], [-4.10412, 50.40984], [-4.10415, 50.40978], [-4.10424, 50.40965], [-4.10437, 50.40942]], [[-4.10148, 50.41148], [-4.1016, 50.4115], [-4.10171, 50.41151], [-4.10185, 50.4115], [-4.10189, 50.4115]], [[-4.10117, 50.41191], [-4.10131, 50.41171], [-4.10141, 50.41154], [-4.10148, 50.41148]], [[-4.10027, 50.41275], [-4.10067, 50.41245], [-4.10094, 50.41218], [-4.10117, 50.41191]], [[-4.0972, 50.41448], [-4.09746, 50.41433], [-4.09819, 50.41399], [-4.09851, 50.41385], [-4.09909, 50.41353], [-4.09926, 50.41344], [-4.09938, 50.41337], [-4.09979, 50.41309], [-4.10013, 50.41285], [-4.10027, 50.41275]], [[-4.09833, 50.41585], [-4.09809, 50.41585], [-4.09788, 50.41583], [-4.09781, 50.41582], [-4.09767, 50.41578], [-4.09755, 50.41574], [-4.09735, 50.41566], [-4.09722, 50.41555], [-4.09718, 50.41553], [-4.09714, 50.4155], [-4.09705, 50.41541], [-4.09698, 50.41531], [-4.09694, 50.41522], [-4.09692, 50.41515], [-4.09691, 50.4151], [-4.0969, 50.41503], [-4.09691, 50.41492], [-4.09696, 50.41477], [-4.09705, 50.41463], [-4.0972, 50.41448]], [[-4.09959, 50.41559], [-4.09912, 50.4157], [-4.09892, 50.41575], [-4.09859, 50.41582], [-4.09833, 50.41585]], [[-4.09976, 50.41555], [-4.09959, 50.41559]], [[-4.10096, 50.41526], [-4.10095, 50.41527], [-4.10089, 50.41528], [-4.10066, 50.41533], [-4.10027, 50.41543], [-4.10008, 50.41547], [-4.09989, 50.41552], [-4.09981, 50.41554], [-4.09976, 50.41555]], [[-4.10316, 50.41557], [-4.10292, 50.41536], [-4.10291, 50.41535], [-4.10273, 50.41524], [-4.10251, 50.41515], [-4.10221, 50.41509], [-4.10215, 50.41508], [-4.10196, 50.41508], [-4.10186, 50.41508], [-4.10174, 50.41509], [-4.10154, 50.41512], [-4.10096, 50.41526]], [[-4.10324, 50.41584], [-4.10323, 50.4158], [-4.10322, 50.41573], [-4.10316, 50.41557]], [[-4.10323, 50.41602], [-4.10325, 50.41592], [-4.10324, 50.41584]], [[-4.10299, 50.41672], [-4.10321, 50.41613], [-4.10323, 50.41602]], [[-4.10246, 50.41819], [-4.10261, 50.41776], [-4.10271, 50.41747], [-4.10274, 50.41742], [-4.10287, 50.41706], [-4.10299, 50.41672]], [[-4.10233, 50.41865], [-4.10232, 50.41861], [-4.10234, 50.41856], [-4.10235, 50.41848], [-4.10236, 50.41847], [-4.10246, 50.41819]], [[-4.10542, 50.41996], [-4.10519, 50.42002], [-4.10496, 50.42005], [-4.10474, 50.42008], [-4.10446, 50.42009], [-4.10431, 50.42008], [-4.1042, 50.42007], [-4.10394, 50.42003], [-4.10371, 50.41998], [-4.1035, 50.41992], [-4.10346, 50.41991], [-4.10318, 50.41979], [-4.10303, 50.41971], [-4.10287, 50.4196], [-4.10274, 50.41949], [-4.10262, 50.41938], [-4.10257, 50.4193], [-4.1025, 50.41922], [-4.10243, 50.41911], [-4.10236, 50.41894], [-4.10233, 50.41874], [-4.10233, 50.41865]], [[-4.1066, 50.41936], [-4.1064, 50.41948], [-4.10622, 50.41959], [-4.10607, 50.41967], [-4.10584, 50.4198], [-4.10558, 50.41991], [-4.10542, 50.41996]], [[-4.10746, 50.41884], [-4.10711, 50.41905], [-4.10665, 50.41933], [-4.1066, 50.41936]], [[-4.10922, 50.41819], [-4.10892, 50.41824], [-4.10857, 50.41832], [-4.10822, 50.41843], [-4.10804, 50.41851], [-4.10775, 50.41868], [-4.10758, 50.41877], [-4.10746, 50.41884]], [[-4.11293, 50.41799], [-4.1123, 50.41802], [-4.11152, 50.41806], [-4.11024, 50.41813], [-4.10922, 50.41819]], [[-4.11363, 50.41794], [-4.1134, 50.41796], [-4.11315, 50.41798], [-4.11293, 50.41799]], [[-4.11356, 50.41762], [-4.11357, 50.4178], [-4.11363, 50.41794]], [[-4.11348, 50.41746], [-4.11351, 50.41749], [-4.11352, 50.41751], [-4.11356, 50.41762]], [[-4.11375, 50.41725], [-4.11372, 50.41727], [-4.11365, 50.41731], [-4.11356, 50.41738], [-4.11348, 50.41746]], [[-4.11375, 50.41725], [-4.114, 50.41712]], [[-4.114, 50.41712], [-4.11421, 50.41709], [-4.1143, 50.41708], [-4.11439, 50.41707], [-4.11458, 50.41705], [-4.11469, 50.41706]], [[-4.11469, 50.41706], [-4.11486, 50.41706], [-4.11502, 50.41707], [-4.11537, 50.4171], [-4.11568, 50.41714], [-4.11574, 50.41715], [-4.11599, 50.4172]], [[-4.11617, 50.41727], [-4.11606, 50.41723], [-4.11605, 50.41722], [-4.11599, 50.4172]], [[-4.11635, 50.41735], [-4.11617, 50.41727]], [[-4.11659, 50.41765], [-4.11635, 50.41735]], [[-4.11663, 50.41828], [-4.11675, 50.4181], [-4.11676, 50.41804], [-4.11675, 50.41798], [-4.11667, 50.41778], [-4.11659, 50.41765]], [[-4.11831, 50.41916], [-4.11807, 50.41907], [-4.11797, 50.41902], [-4.11787, 50.41896], [-4.1177, 50.41884], [-4.11751, 50.41872], [-4.1172, 50.41857], [-4.11687, 50.41843], [-4.11677, 50.41835], [-4.11663, 50.41828]], [[-4.11873, 50.41922], [-4.11864, 50.41922], [-4.11857, 50.41922], [-4.11848, 50.4192], [-4.11846, 50.4192], [-4.11831, 50.41916]], [[-4.1198, 50.41868], [-4.11979, 50.41869], [-4.11963, 50.4189], [-4.11951, 50.419], [-4.11938, 50.41907], [-4.11923, 50.41912], [-4.11906, 50.41917], [-4.11891, 50.41921], [-4.11873, 50.41922]], [[-4.12012, 50.41797], [-4.12004, 50.41807], [-4.11997, 50.41819], [-4.11992, 50.41833], [-4.11989, 50.41845], [-4.11985, 50.41857], [-4.1198, 50.41868]], [[-4.12012, 50.41797], [-4.1202, 50.41789], [-4.12031, 50.41782], [-4.12039, 50.41778], [-4.12048, 50.41774]], [[-4.12048, 50.41774], [-4.12057, 50.41771], [-4.12068, 50.41769], [-4.12085, 50.41766], [-4.12093, 50.41764], [-4.12102, 50.4176], [-4.12118, 50.41753], [-4.12125, 50.41748]], [[-4.12125, 50.41748], [-4.12133, 50.41735], [-4.1214, 50.41728], [-4.1215, 50.41722], [-4.12162, 50.41716], [-4.12166, 50.41714], [-4.122, 50.41706]], [[-4.09484, 50.40753], [-4.09493, 50.4074], [-4.09497, 50.40731], [-4.09499, 50.40721], [-4.09498, 50.40712], [-4.09494, 50.40703]], [[-4.0959, 50.40778], [-4.09582, 50.40781], [-4.09573, 50.40783], [-4.09562, 50.40784], [-4.09551, 50.40783], [-4.09534, 50.40777], [-4.0952, 50.4077], [-4.09498, 50.40762]], [[-4.09709, 50.40815], [-4.09699, 50.40807], [-4.09695, 50.40804], [-4.09677, 50.40789], [-4.09655, 50.40775], [-4.09641, 50.40769], [-4.09628, 50.40767], [-4.09618, 50.40767], [-4.09607, 50.40769], [-4.09597, 50.40773], [-4.0959, 50.40778]], [[-4.09821, 50.40852], [-4.09797, 50.4085], [-4.09779, 50.40848], [-4.09765, 50.40845], [-4.09748, 50.40839], [-4.09736, 50.40833], [-4.09722, 50.40825], [-4.09718, 50.40822], [-4.09709, 50.40815]], [[-4.09911, 50.40857], [-4.09901, 50.40855], [-4.09868, 50.40853], [-4.09821, 50.40852]], [[-4.09912, 50.40922], [-4.09913, 50.40916], [-4.09913, 50.40908], [-4.09912, 50.40891], [-4.09911, 50.40863], [-4.09911, 50.40857]], [[-4.09814, 50.4097], [-4.09828, 50.40964], [-4.09865, 50.40948], [-4.09895, 50.40935], [-4.09904, 50.40931], [-4.09908, 50.40927], [-4.09912, 50.40922]], [[-4.09814, 50.4097], [-4.09792, 50.40949], [-4.0979, 50.40945], [-4.09789, 50.40941], [-4.09784, 50.40926], [-4.09779, 50.40911], [-4.09779, 50.4091], [-4.09777, 50.40905], [-4.09779, 50.40901], [-4.09782, 50.40898], [-4.098, 50.40896], [-4.09822, 50.40891], [-4.09827, 50.4089], [-4.09837, 50.4089], [-4.09841, 50.4089], [-4.0986, 50.40891], [-4.09861, 50.40891], [-4.09872, 50.40892], [-4.09877, 50.40893], [-4.09912, 50.40891]], [[-4.09991, 50.40865], [-4.09978, 50.40862], [-4.09949, 50.40857], [-4.09922, 50.40855], [-4.09911, 50.40857]], [[-4.11348, 50.41746], [-4.11351, 50.41749], [-4.11352, 50.41751], [-4.11356, 50.41762]], [[-4.11356, 50.41762], [-4.11357, 50.4178], [-4.11363, 50.41794]], [[-4.12206, 50.41705], [-4.12233, 50.41696], [-4.12244, 50.41693], [-4.12257, 50.41688], [-4.12271, 50.41682]], [[-4.12271, 50.41682], [-4.12314, 50.4166], [-4.12358, 50.41637], [-4.12397, 50.41617], [-4.12447, 50.41588], [-4.12475, 50.41572], [-4.12504, 50.41554]], [[-4.12504, 50.41554], [-4.12513, 50.41549], [-4.12534, 50.41534], [-4.12563, 50.41509], [-4.12614, 50.41469], [-4.12633, 50.41451]], [[-4.12633, 50.41451], [-4.12659, 50.4142], [-4.12676, 50.41392], [-4.12678, 50.41389], [-4.12684, 50.4138]], [[-4.12684, 50.4138], [-4.12688, 50.41373]], [[-4.12688, 50.41373], [-4.1271, 50.41337]], [[-4.1271, 50.41337], [-4.12719, 50.41323], [-4.12742, 50.41288], [-4.12767, 50.41252]], [[-4.12767, 50.41252], [-4.12783, 50.41233], [-4.12801, 50.4122], [-4.12815, 50.41211], [-4.12836, 50.41199]], [[-4.12836, 50.41199], [-4.12866, 50.41185], [-4.12899, 50.4117]], [[-4.12899, 50.4117], [-4.12942, 50.41153]], [[-4.12942, 50.41153], [-4.1295, 50.4115], [-4.13008, 50.41124]], [[-4.13008, 50.41124], [-4.13072, 50.41096], [-4.13079, 50.41093], [-4.13099, 50.41083]], [[-4.13099, 50.41083], [-4.13125, 50.4107], [-4.13165, 50.41049]], [[-4.13165, 50.41049], [-4.1317, 50.41046], [-4.1323, 50.41006], [-4.13253, 50.4099], [-4.13276, 50.40971], [-4.13293, 50.40956], [-4.13308, 50.40941], [-4.13322, 50.40927], [-4.13332, 50.40912], [-4.13353, 50.40876], [-4.13359, 50.40858]], [[-4.13359, 50.40858], [-4.13365, 50.40842], [-4.13368, 50.40829]], [[-4.13368, 50.40829], [-4.13371, 50.40811], [-4.13374, 50.40784]], [[-4.13374, 50.40784], [-4.13375, 50.40766]], [[-4.13375, 50.40766], [-4.13378, 50.40736]], [[-4.13378, 50.40736], [-4.13374, 50.40713], [-4.13373, 50.40709]], [[-4.13373, 50.40709], [-4.13371, 50.40699], [-4.13367, 50.40694], [-4.13364, 50.40692], [-4.13359, 50.40689], [-4.1335, 50.40687], [-4.13338, 50.40688], [-4.13332, 50.40691], [-4.13323, 50.40696]], [[-4.13317, 50.40701], [-4.13306, 50.40712]], [[-4.13306, 50.40712], [-4.13297, 50.40724], [-4.13289, 50.40734]], [[-4.13289, 50.40734], [-4.13283, 50.40742]], [[-4.13283, 50.40742], [-4.13279, 50.40749]], [[-4.13279, 50.40749], [-4.13277, 50.40752], [-4.13276, 50.40754], [-4.13274, 50.40758]], [[-4.13274, 50.40758], [-4.13272, 50.40762]], [[-4.13272, 50.40762], [-4.1327, 50.40767]], [[-4.1327, 50.40767], [-4.13265, 50.40778]], [[-4.13265, 50.40778], [-4.1326, 50.40789]], [[-4.1326, 50.40789], [-4.13256, 50.40801]], [[-4.13256, 50.40801], [-4.13253, 50.40808], [-4.13254, 50.40815], [-4.13261, 50.40828]], [[-4.13261, 50.40828], [-4.13283, 50.40844]], [[-4.13283, 50.40844], [-4.13291, 50.4085]], [[-4.13291, 50.4085], [-4.13313, 50.40865], [-4.13333, 50.40879], [-4.13336, 50.40881]], [[-4.13336, 50.40881], [-4.13341, 50.40885], [-4.13367, 50.40905]], [[-4.13367, 50.40905], [-4.13415, 50.40939]], [[-4.13415, 50.40939], [-4.13445, 50.4096]], [[-4.13445, 50.4096], [-4.13455, 50.40968]], [[-4.13455, 50.40968], [-4.13489, 50.40987], [-4.13501, 50.40993], [-4.13521, 50.40998]], [[-4.13521, 50.40998], [-4.1354, 50.41003]], [[-4.1354, 50.41003], [-4.1355, 50.41005]], [[-4.1355, 50.41005], [-4.13579, 50.41012]], [[-4.13579, 50.41012], [-4.13635, 50.41024], [-4.13645, 50.41025], [-4.13859, 50.41079], [-4.13947, 50.41108], [-4.13984, 50.41119], [-4.13999, 50.41123], [-4.14017, 50.41128], [-4.14078, 50.41138], [-4.14116, 50.41145]], [[-4.13579, 50.41012], [-4.13635, 50.41024], [-4.13645, 50.41025], [-4.13859, 50.41079], [-4.13947, 50.41108], [-4.13984, 50.41119], [-4.13999, 50.41123], [-4.14017, 50.41128], [-4.14078, 50.41138], [-4.14116, 50.41145]], [[-4.1355, 50.41005], [-4.13579, 50.41012]], [[-4.1354, 50.41003], [-4.1355, 50.41005]], [[-4.13521, 50.40998], [-4.1354, 50.41003]], [[-4.13455, 50.40968], [-4.13489, 50.40987], [-4.13501, 50.40993], [-4.13521, 50.40998]], [[-4.13455, 50.40968], [-4.13489, 50.40987], [-4.13501, 50.40993], [-4.13521, 50.40998]], [[-4.13521, 50.40998], [-4.1354, 50.41003]], [[-4.1354, 50.41003], [-4.1355, 50.41005]], [[-4.1355, 50.41005], [-4.13579, 50.41012]], [[-4.13579, 50.41012], [-4.13635, 50.41024], [-4.13645, 50.41025], [-4.13859, 50.41079], [-4.13947, 50.41108], [-4.13984, 50.41119], [-4.13999, 50.41123], [-4.14017, 50.41128], [-4.14078, 50.41138], [-4.14116, 50.41145]], [[-4.14116, 50.41145], [-4.14121, 50.41145], [-4.14136, 50.41148]], [[-4.14136, 50.41148], [-4.14151, 50.4115], [-4.14198, 50.41157]], [[-4.14198, 50.41157], [-4.14218, 50.4116], [-4.14223, 50.41161]], [[-4.14223, 50.41161], [-4.14327, 50.41177], [-4.14343, 50.41179]], [[-4.14343, 50.41179], [-4.14348, 50.4118], [-4.14386, 50.41185], [-4.14404, 50.41187]], [[-4.14404, 50.41187], [-4.14425, 50.4119]], [[-4.14425, 50.4119], [-4.14485, 50.41197], [-4.14537, 50.41203], [-4.1455, 50.41204]], [[-4.1455, 50.41204], [-4.14555, 50.41204], [-4.1458, 50.41206], [-4.14658, 50.4121], [-4.14703, 50.41212], [-4.14734, 50.41213]], [[-4.1455, 50.41204], [-4.14555, 50.41204], [-4.1458, 50.41206], [-4.14658, 50.4121], [-4.14703, 50.41212], [-4.14734, 50.41213]], [[-4.1455, 50.41204], [-4.14555, 50.41204], [-4.1458, 50.41206], [-4.14658, 50.4121], [-4.14703, 50.41212], [-4.14734, 50.41213]], [[-4.14734, 50.41213], [-4.14763, 50.41214]], [[-4.14763, 50.41214], [-4.1478, 50.41215]], [[-4.1478, 50.41215], [-4.1495, 50.41222], [-4.15041, 50.41229], [-4.15097, 50.41238]], [[-4.1478, 50.41215], [-4.1495, 50.41222], [-4.15041, 50.41229], [-4.15097, 50.41238]], [[-4.14763, 50.41214], [-4.1478, 50.41215]], [[-4.14734, 50.41213], [-4.14763, 50.41214]], [[-4.16832, 50.41282], [-4.16871, 50.41288], [-4.1695, 50.41298], [-4.17078, 50.41312], [-4.17161, 50.41319], [-4.17221, 50.41309], [-4.17273, 50.41294], [-4.17279, 50.41292], [-4.17314, 50.41291]], [[-4.17314, 50.41291], [-4.17336, 50.4129]], [[-4.17336, 50.4129], [-4.17421, 50.41287]], [[-4.17421, 50.41287], [-4.17476, 50.41282], [-4.17527, 50.41274], [-4.17579, 50.41263]], [[-4.17579, 50.41263], [-4.17632, 50.41249]], [[-4.17632, 50.41249], [-4.17655, 50.41242], [-4.1767, 50.41233], [-4.17679, 50.41226], [-4.17687, 50.41219]], [[-4.17687, 50.41219], [-4.17685, 50.41215], [-4.17685, 50.41211], [-4.17687, 50.41207], [-4.17691, 50.41202], [-4.17697, 50.41199], [-4.17704, 50.41197], [-4.17712, 50.41197]], [[-4.17712, 50.41197], [-4.17719, 50.41193], [-4.17722, 50.41191], [-4.1773, 50.41184]], [[-4.1773, 50.41184], [-4.1776, 50.41143]], [[-4.1776, 50.41143], [-4.17773, 50.41125], [-4.17777, 50.41114]], [[-4.17777, 50.41114], [-4.17775, 50.4111], [-4.17774, 50.41106], [-4.17776, 50.41101], [-4.17778, 50.41098], [-4.17782, 50.41095], [-4.17787, 50.41092]], [[-4.17787, 50.41092], [-4.17796, 50.4109], [-4.17805, 50.4109], [-4.17813, 50.41092], [-4.17817, 50.41094]], [[-4.17817, 50.41094], [-4.17823, 50.41094], [-4.17835, 50.41095], [-4.17848, 50.41094], [-4.1786, 50.41091], [-4.1787, 50.41089]], [[-4.17942, 50.41051], [-4.17919, 50.41063], [-4.17895, 50.41075], [-4.1787, 50.41089]], [[-4.17957, 50.41043], [-4.17942, 50.41051]], [[-4.17973, 50.41037], [-4.17957, 50.41043]], [[-4.18036, 50.41014], [-4.18017, 50.41022], [-4.17982, 50.41034], [-4.17973, 50.41037]], [[-4.18183, 50.4089], [-4.18167, 50.40901], [-4.18125, 50.40928], [-4.18101, 50.40943], [-4.18086, 50.4096], [-4.18053, 50.41001], [-4.18036, 50.41014]], [[-4.18318, 50.40837], [-4.18302, 50.40842], [-4.18282, 50.40849], [-4.18269, 50.40852], [-4.18235, 50.40865], [-4.18183, 50.4089]], [[-4.18355, 50.40827], [-4.18318, 50.40837]], [[-4.18394, 50.40808], [-4.1838, 50.40817], [-4.18365, 50.40824], [-4.18355, 50.40827]], [[-4.18485, 50.40751], [-4.18443, 50.40777], [-4.18394, 50.40808]], [[-4.18553, 50.40704], [-4.18544, 50.40714], [-4.18524, 50.40727], [-4.18485, 50.40751]], [[-4.1859, 50.4069], [-4.18571, 50.40699], [-4.18553, 50.40704]], [[-4.18663, 50.40605], [-4.18652, 50.4062], [-4.18626, 50.40654], [-4.18609, 50.40673], [-4.18603, 50.4068], [-4.1859, 50.4069]], [[-4.18731, 50.40507], [-4.18721, 50.40522], [-4.18693, 50.40563], [-4.18684, 50.40575], [-4.18663, 50.40605]], [[-4.18749, 50.40451], [-4.18749, 50.40469], [-4.18743, 50.40491], [-4.18731, 50.40507]], [[-4.18738, 50.40315], [-4.18743, 50.40345], [-4.18749, 50.40451]], [[-4.18738, 50.40315], [-4.18732, 50.40302], [-4.18731, 50.40291], [-4.1873, 50.40283], [-4.18729, 50.40278], [-4.18729, 50.40276], [-4.18729, 50.40271]], [[-4.18729, 50.40271], [-4.18722, 50.40262]], [[-4.18722, 50.40262], [-4.18706, 50.4024], [-4.18702, 50.40237], [-4.18689, 50.40228]], [[-4.18689, 50.40228], [-4.18679, 50.40223], [-4.18674, 50.4022], [-4.18658, 50.4021]], [[-4.18658, 50.4021], [-4.18635, 50.40197]], [[-4.18635, 50.40197], [-4.18621, 50.40188], [-4.18599, 50.40175], [-4.18569, 50.40157], [-4.18537, 50.40133], [-4.18528, 50.40124]], [[-4.18528, 50.40124], [-4.1851, 50.40121], [-4.18497, 50.40115], [-4.18467, 50.40091], [-4.18438, 50.40067], [-4.18419, 50.40047], [-4.18404, 50.4003], [-4.18397, 50.40019]], [[-4.18397, 50.40019], [-4.1839, 50.40008], [-4.18371, 50.39978]], [[-4.18371, 50.39978], [-4.18368, 50.39973], [-4.18354, 50.3995], [-4.18349, 50.39939]], [[-4.18349, 50.39939], [-4.18347, 50.39934], [-4.18344, 50.39921], [-4.18349, 50.39903]], [[-4.18349, 50.39903], [-4.18348, 50.39869], [-4.18346, 50.39849], [-4.18328, 50.39808], [-4.18314, 50.39782], [-4.18311, 50.39775], [-4.18299, 50.39758], [-4.18296, 50.39755], [-4.18289, 50.39751], [-4.18279, 50.39745], [-4.18269, 50.39741], [-4.18256, 50.39737]], [[-4.18256, 50.39737], [-4.18207, 50.39731]], [[-4.18207, 50.39731], [-4.18164, 50.39725]], [[-4.18164, 50.39725], [-4.18113, 50.39718], [-4.18102, 50.39717], [-4.18044, 50.39709], [-4.18034, 50.39708], [-4.18022, 50.39705], [-4.18009, 50.39701], [-4.17999, 50.39697], [-4.17993, 50.39693], [-4.17991, 50.39692], [-4.17989, 50.39691], [-4.17972, 50.39679], [-4.17958, 50.39668], [-4.17936, 50.39649]], [[-4.17936, 50.39649], [-4.17892, 50.39618]], [[-4.17892, 50.39618], [-4.17879, 50.39607], [-4.17871, 50.396]], [[-4.17871, 50.396], [-4.17863, 50.39593]], [[-4.17863, 50.39593], [-4.17855, 50.39587], [-4.17827, 50.39564]], [[-4.17827, 50.39564], [-4.17801, 50.39542], [-4.17795, 50.39536]], [[-4.17795, 50.39536], [-4.17754, 50.39509], [-4.17701, 50.3947], [-4.17657, 50.39435], [-4.17612, 50.39404]], [[-4.17612, 50.39404], [-4.17606, 50.394], [-4.17573, 50.3938], [-4.17554, 50.39367], [-4.17545, 50.39361]], [[-4.17545, 50.39361], [-4.17533, 50.39351], [-4.1752, 50.39336], [-4.17512, 50.39323], [-4.17506, 50.39314], [-4.17497, 50.39293], [-4.17489, 50.39279], [-4.17478, 50.39263], [-4.17477, 50.39261], [-4.17469, 50.39253], [-4.17459, 50.39245], [-4.1745, 50.39239], [-4.17435, 50.39229], [-4.17419, 50.39221], [-4.17404, 50.39214], [-4.17384, 50.39208], [-4.1734, 50.39196], [-4.17278, 50.39181], [-4.17248, 50.39174], [-4.17209, 50.39164]], [[-4.17209, 50.39164], [-4.17114, 50.39141], [-4.17097, 50.39136], [-4.17096, 50.39136], [-4.17055, 50.39123], [-4.17036, 50.39117], [-4.16944, 50.39076], [-4.16884, 50.39053], [-4.16879, 50.39052], [-4.16828, 50.39029], [-4.16776, 50.38997]], [[-4.16776, 50.38997], [-4.16752, 50.38982], [-4.16747, 50.38978]], [[-4.16747, 50.38978], [-4.16728, 50.38965], [-4.16687, 50.38936], [-4.16668, 50.38923]], [[-4.16668, 50.38923], [-4.16637, 50.38902], [-4.16614, 50.38886], [-4.1656, 50.3885], [-4.16517, 50.38822], [-4.16504, 50.38814]], [[-4.16504, 50.38814], [-4.16486, 50.388], [-4.16474, 50.38791], [-4.16443, 50.3877]], [[-4.16443, 50.3877], [-4.16419, 50.38757], [-4.16404, 50.3875], [-4.16387, 50.38745], [-4.16363, 50.38738], [-4.16347, 50.38735]], [[-4.16347, 50.38735], [-4.16339, 50.38733], [-4.16321, 50.38731], [-4.16315, 50.3873], [-4.16302, 50.38729], [-4.16279, 50.38729], [-4.16259, 50.38728], [-4.16238, 50.38727], [-4.16214, 50.38725], [-4.16196, 50.38721]], [[-4.16196, 50.38721], [-4.16193, 50.38721], [-4.16159, 50.38713]], [[-4.16159, 50.38713], [-4.16152, 50.38711], [-4.16121, 50.38704], [-4.16116, 50.38702], [-4.16091, 50.387], [-4.16077, 50.38697]], [[-4.16077, 50.38697], [-4.16067, 50.38701], [-4.16056, 50.38701], [-4.16045, 50.387], [-4.16037, 50.38696], [-4.1603, 50.3869], [-4.16028, 50.38685]], [[-4.16028, 50.38685], [-4.16016, 50.38679], [-4.16, 50.38674], [-4.15944, 50.38665], [-4.15903, 50.3866], [-4.15884, 50.38656], [-4.15863, 50.38651], [-4.15843, 50.38642], [-4.15828, 50.38631], [-4.15812, 50.38617], [-4.15803, 50.38608], [-4.15793, 50.38598]], [[-4.15793, 50.38598], [-4.15781, 50.38586], [-4.15776, 50.38582], [-4.15767, 50.38572], [-4.15748, 50.38561]], [[-4.15748, 50.38561], [-4.15744, 50.38559], [-4.15729, 50.38552], [-4.15712, 50.38551], [-4.15695, 50.38551], [-4.15676, 50.38553], [-4.15657, 50.38552], [-4.1565, 50.38551]], [[-4.1565, 50.38551], [-4.15634, 50.38549], [-4.15618, 50.38544]], [[-4.15618, 50.38544], [-4.15598, 50.38535], [-4.15584, 50.38527], [-4.15581, 50.38526], [-4.15565, 50.38514]], [[-4.15565, 50.38514], [-4.1556, 50.38506], [-4.15544, 50.3848], [-4.15536, 50.3846], [-4.15526, 50.38446], [-4.15516, 50.38433], [-4.15502, 50.38417], [-4.15497, 50.38413], [-4.15477, 50.38396], [-4.15469, 50.3839], [-4.15458, 50.38381]], [[-4.15458, 50.38381], [-4.15422, 50.38348]], [[-4.15422, 50.38348], [-4.15411, 50.38338], [-4.15361, 50.38289], [-4.15318, 50.38241], [-4.15294, 50.38213], [-4.15282, 50.38195], [-4.15272, 50.3818], [-4.15245, 50.38127], [-4.15225, 50.38097], [-4.15209, 50.38078], [-4.15192, 50.38061], [-4.15166, 50.38035]], [[-4.15166, 50.38035], [-4.15154, 50.38025], [-4.15134, 50.38008]], [[-4.14864, 50.37827], [-4.14887, 50.37843], [-4.14915, 50.37862], [-4.1494, 50.37879], [-4.14948, 50.37884], [-4.14963, 50.37894], [-4.14975, 50.37902], [-4.14987, 50.3791], [-4.15014, 50.37928], [-4.15109, 50.37991], [-4.15134, 50.38008]], [[-4.14864, 50.37827], [-4.14826, 50.37806], [-4.14813, 50.37798], [-4.14804, 50.37792], [-4.14797, 50.37788], [-4.14787, 50.3778], [-4.14768, 50.37769]], [[-4.14768, 50.37769], [-4.14738, 50.37768]], [[-4.14738, 50.37768], [-4.14731, 50.37768], [-4.14725, 50.37765], [-4.14721, 50.37763], [-4.14719, 50.3776]], [[-4.14719, 50.3776], [-4.14719, 50.37757]], [[-4.14719, 50.37757], [-4.14696, 50.37746], [-4.14686, 50.3774], [-4.14654, 50.37729], [-4.14644, 50.37728]], [[-4.14644, 50.37728], [-4.14588, 50.37721]], [[-4.14588, 50.37721], [-4.14574, 50.37719]], [[-4.14574, 50.37719], [-4.1456, 50.37717], [-4.14554, 50.37716], [-4.14531, 50.37712], [-4.1452, 50.37709]], [[-4.1452, 50.37709], [-4.14501, 50.37704], [-4.14449, 50.37686]], [[-4.14448, 50.37685], [-4.14413, 50.37669], [-4.14394, 50.37659], [-4.14372, 50.37647], [-4.14334, 50.37622], [-4.14298, 50.37594], [-4.14282, 50.37587]], [[-4.14282, 50.37587], [-4.14276, 50.37588], [-4.1427, 50.37589]], [[-4.1427, 50.37589], [-4.14259, 50.37589], [-4.14247, 50.37588], [-4.14235, 50.37586], [-4.14223, 50.37582]], [[-4.14223, 50.37582], [-4.14213, 50.37577], [-4.14205, 50.37571], [-4.14198, 50.37564], [-4.14193, 50.37557], [-4.14191, 50.37549], [-4.1419, 50.37541], [-4.14192, 50.37533]], [[-4.14192, 50.37533], [-4.14197, 50.37525], [-4.14203, 50.37518], [-4.14211, 50.37512], [-4.14221, 50.37507], [-4.14233, 50.37503]], [[-4.14233, 50.37503], [-4.14245, 50.375]], [[-4.14245, 50.375], [-4.14254, 50.37499], [-4.14264, 50.37499], [-4.14273, 50.37499]], [[-4.14273, 50.37499], [-4.14291, 50.37495], [-4.14304, 50.37491], [-4.14333, 50.37478]], [[-4.14333, 50.37478], [-4.14346, 50.37468], [-4.14375, 50.37447], [-4.14401, 50.3743], [-4.14406, 50.37426], [-4.14432, 50.37409]], [[-4.14432, 50.37409], [-4.14441, 50.37404], [-4.14466, 50.37387], [-4.14487, 50.37375]], [[-4.14333, 50.37478], [-4.14346, 50.37468], [-4.14375, 50.37447], [-4.14401, 50.3743], [-4.14406, 50.37426], [-4.14432, 50.37409]], [[-4.14432, 50.37409], [-4.14441, 50.37404], [-4.14466, 50.37387], [-4.14487, 50.37375]], [[-4.14487, 50.37375], [-4.14533, 50.37351], [-4.14547, 50.37344]], [[-4.14547, 50.37344], [-4.14564, 50.37338], [-4.14571, 50.37335], [-4.14597, 50.37327]], [[-4.14597, 50.37327], [-4.14602, 50.37326], [-4.14637, 50.3732], [-4.14661, 50.37316], [-4.14679, 50.37313], [-4.14713, 50.37306], [-4.14737, 50.37297], [-4.14742, 50.37295], [-4.14766, 50.37284], [-4.14793, 50.37265], [-4.14821, 50.3724], [-4.14838, 50.37216], [-4.14843, 50.37201], [-4.14845, 50.37188], [-4.14846, 50.3718], [-4.14846, 50.37168], [-4.14845, 50.37141], [-4.14844, 50.37105], [-4.14842, 50.3708], [-4.14842, 50.37068], [-4.14843, 50.37057]], [[-4.14843, 50.37057], [-4.14843, 50.37045], [-4.14844, 50.37035]], [[-4.14844, 50.37035], [-4.14845, 50.37014]], [[-4.14845, 50.37014], [-4.14837, 50.37004], [-4.14834, 50.37001], [-4.14831, 50.36998], [-4.14828, 50.36996]], [[-4.14828, 50.36996], [-4.14821, 50.36993], [-4.14814, 50.36991]], [[-4.14814, 50.36991], [-4.14783, 50.36991], [-4.14762, 50.36991]], [[-4.14762, 50.36991], [-4.14697, 50.36992]], [[-4.14697, 50.36992], [-4.1467, 50.36994], [-4.14657, 50.36995], [-4.14651, 50.36995], [-4.14642, 50.36997], [-4.14634, 50.37]], [[-4.14634, 50.37], [-4.14633, 50.37018], [-4.14632, 50.37025], [-4.14628, 50.37032], [-4.14623, 50.37037], [-4.14618, 50.37041], [-4.14611, 50.37044]], [[-4.14611, 50.37044], [-4.14603, 50.37046], [-4.14591, 50.37048], [-4.14582, 50.37048], [-4.14573, 50.37046]], [[-4.14573, 50.37046], [-4.14561, 50.37042], [-4.14553, 50.37037]], [[-4.14553, 50.37037], [-4.14529, 50.37034], [-4.14521, 50.37033]], [[-4.14521, 50.37033], [-4.14487, 50.37034], [-4.14454, 50.37035]], [[-4.14454, 50.37035], [-4.14357, 50.37037], [-4.14302, 50.37036], [-4.1428, 50.37036]], [[-4.1428, 50.37036], [-4.14241, 50.37036], [-4.14203, 50.37037]], [[-4.14203, 50.37037], [-4.14149, 50.37039], [-4.14126, 50.3704], [-4.14109, 50.3704]], [[-4.14109, 50.3704], [-4.14035, 50.37041], [-4.14031, 50.37041], [-4.14018, 50.37042]], [[-4.14018, 50.37042], [-4.13942, 50.37043], [-4.13923, 50.37043], [-4.13907, 50.37046]], [[-4.13907, 50.37046], [-4.13904, 50.37052], [-4.13898, 50.37057], [-4.13891, 50.37061], [-4.1388, 50.37065], [-4.1387, 50.37066], [-4.13857, 50.37065], [-4.13845, 50.37061]], [[-4.13845, 50.37061], [-4.1383, 50.37064], [-4.13826, 50.37066], [-4.13704, 50.37122], [-4.13671, 50.37136], [-4.13644, 50.3715], [-4.13639, 50.37154], [-4.13635, 50.37157], [-4.13632, 50.37162], [-4.13631, 50.37166], [-4.13632, 50.3717], [-4.13633, 50.37179]], [[-4.13633, 50.37179], [-4.13639, 50.37187], [-4.13643, 50.37195]], [[-4.13643, 50.37195], [-4.1364, 50.37201], [-4.13632, 50.37208], [-4.13627, 50.37211], [-4.13616, 50.37214]], [[-4.13616, 50.37214], [-4.13607, 50.37216], [-4.13603, 50.37215]], [[-4.13603, 50.37215], [-4.13585, 50.37213], [-4.13573, 50.37209], [-4.13567, 50.37206]], [[-4.13567, 50.37206], [-4.13544, 50.37186], [-4.13538, 50.37177]], [[-4.13538, 50.37177], [-4.13516, 50.37172], [-4.13515, 50.37171], [-4.135, 50.3717]], [[-4.135, 50.3717], [-4.13453, 50.37167], [-4.13364, 50.37162], [-4.13303, 50.37158], [-4.13294, 50.37157], [-4.13286, 50.37156]], [[-4.13286, 50.37156], [-4.13265, 50.37153], [-4.13256, 50.37151], [-4.13233, 50.37146]], [[-4.13233, 50.37146], [-4.13194, 50.37136]], [[-4.13194, 50.37136], [-4.13183, 50.37133], [-4.13181, 50.37132]], [[-4.13181, 50.37132], [-4.13169, 50.37129], [-4.13142, 50.37121], [-4.1311, 50.37113], [-4.13096, 50.37109]], [[-4.13096, 50.37109], [-4.13, 50.37087], [-4.12946, 50.37079]], [[-4.12946, 50.37079], [-4.12887, 50.3707]], [[-4.12887, 50.3707], [-4.12796, 50.37054], [-4.1279, 50.37053], [-4.12756, 50.37049], [-4.1275, 50.37048], [-4.12722, 50.37044], [-4.12708, 50.37042], [-4.12687, 50.37039], [-4.1268, 50.37038], [-4.12669, 50.37037], [-4.12644, 50.37034], [-4.12639, 50.37034]], [[-4.12639, 50.37034], [-4.12612, 50.37031], [-4.12601, 50.3703], [-4.1259, 50.3703], [-4.12583, 50.37031], [-4.12577, 50.37032], [-4.12561, 50.37036]], [[-4.12561, 50.37036], [-4.12548, 50.37041]], [[-4.12548, 50.37041], [-4.12542, 50.37045], [-4.12536, 50.37048], [-4.12526, 50.37051]], [[-4.12526, 50.37051], [-4.12516, 50.37052], [-4.12504, 50.37053], [-4.12491, 50.37052]], [[-4.12491, 50.37052], [-4.12472, 50.37044], [-4.12452, 50.37036]], [[-4.11232, 50.37312], [-4.11151, 50.37386], [-4.11072, 50.37457], [-4.11024, 50.37498], [-4.10986, 50.37532], [-4.10967, 50.37549], [-4.10868, 50.37637]], [[-4.11292, 50.3726], [-4.11232, 50.37312]], [[-4.11325, 50.37243], [-4.11292, 50.3726]], [[-4.11398, 50.37214], [-4.11385, 50.37219], [-4.1136, 50.37227], [-4.11342, 50.37235], [-4.11325, 50.37243]], [[-4.11451, 50.37198], [-4.11427, 50.37205], [-4.11426, 50.37206], [-4.1142, 50.37208], [-4.11398, 50.37214]], [[-4.11584, 50.37161], [-4.11547, 50.37168], [-4.11529, 50.37172], [-4.11511, 50.37177], [-4.11499, 50.37181], [-4.11492, 50.37183], [-4.11475, 50.37188], [-4.11469, 50.37191], [-4.11451, 50.37198]], [[-4.11738, 50.37133], [-4.11663, 50.37147], [-4.11638, 50.37151], [-4.11615, 50.37156], [-4.11584, 50.37161]], [[-4.11815, 50.37119], [-4.11811, 50.37119], [-4.11742, 50.37132], [-4.11738, 50.37133]], [[-4.11875, 50.37107], [-4.11815, 50.37119]], [[-4.11902, 50.37103], [-4.11888, 50.37105], [-4.11875, 50.37107]], [[-4.11953, 50.37094], [-4.1192, 50.37099], [-4.11902, 50.37103]], [[-4.1224, 50.37043], [-4.12102, 50.37067], [-4.12086, 50.3707], [-4.11976, 50.37089], [-4.11953, 50.37094]], [[-4.12382, 50.37018], [-4.12372, 50.37019], [-4.12322, 50.37028], [-4.12299, 50.37032], [-4.1224, 50.37043]], [[-4.12421, 50.37025], [-4.12414, 50.37023], [-4.1241, 50.37022], [-4.12401, 50.37019], [-4.12393, 50.37018], [-4.12382, 50.37018]], [[-4.14282, 50.37587], [-4.14276, 50.37588], [-4.1427, 50.37589]], [[-4.14116, 50.41145], [-4.14121, 50.41145], [-4.14136, 50.41148]], [[-4.14136, 50.41148], [-4.14151, 50.4115], [-4.14198, 50.41157]], [[-4.14198, 50.41157], [-4.14218, 50.4116], [-4.14223, 50.41161]], [[-4.14223, 50.41161], [-4.14327, 50.41177], [-4.14343, 50.41179]], [[-4.14343, 50.41179], [-4.14348, 50.4118], [-4.14386, 50.41185], [-4.14404, 50.41187]], [[-4.14343, 50.41179], [-4.14348, 50.4118], [-4.14386, 50.41185], [-4.14404, 50.41187]], [[-4.14223, 50.41161], [-4.14327, 50.41177], [-4.14343, 50.41179]], [[-4.14198, 50.41157], [-4.14218, 50.4116], [-4.14223, 50.41161]], [[-4.14136, 50.41148], [-4.14151, 50.4115], [-4.14198, 50.41157]], [[-4.14116, 50.41145], [-4.14121, 50.41145], [-4.14136, 50.41148]], [[-4.13579, 50.41012], [-4.13635, 50.41024], [-4.13645, 50.41025], [-4.13859, 50.41079], [-4.13947, 50.41108], [-4.13984, 50.41119], [-4.13999, 50.41123], [-4.14017, 50.41128], [-4.14078, 50.41138], [-4.14116, 50.41145]], [[-4.1355, 50.41005], [-4.13579, 50.41012]], [[-4.1354, 50.41003], [-4.1355, 50.41005]], [[-4.13521, 50.40998], [-4.1354, 50.41003]], [[-4.13455, 50.40968], [-4.13489, 50.40987], [-4.13501, 50.40993], [-4.13521, 50.40998]], [[-4.13455, 50.40968], [-4.13489, 50.40987], [-4.13501, 50.40993], [-4.13521, 50.40998]], [[-4.1538, 50.41282], [-4.15414, 50.41283]], [[-4.15414, 50.41283], [-4.15424, 50.41283], [-4.15474, 50.41284], [-4.15579, 50.41289], [-4.15614, 50.41292], [-4.15626, 50.41294], [-4.15718, 50.41302], [-4.15759, 50.41306], [-4.15851, 50.41302], [-4.159, 50.41298], [-4.15935, 50.41295]], [[-4.15414, 50.41283], [-4.15424, 50.41283], [-4.15474, 50.41284], [-4.15579, 50.41289], [-4.15614, 50.41292], [-4.15626, 50.41294], [-4.15718, 50.41302], [-4.15759, 50.41306], [-4.15851, 50.41302], [-4.159, 50.41298], [-4.15935, 50.41295]], [[-4.1538, 50.41282], [-4.15414, 50.41283]], [[-4.15097, 50.41238], [-4.15114, 50.41241], [-4.15145, 50.41246], [-4.15238, 50.41261], [-4.15297, 50.41271], [-4.15337, 50.41277], [-4.1538, 50.41282]], [[-4.15097, 50.41238], [-4.151, 50.41229], [-4.15101, 50.41222], [-4.151, 50.4121], [-4.15092, 50.41172], [-4.15083, 50.41152], [-4.15073, 50.41132], [-4.15069, 50.41123], [-4.15068, 50.41115], [-4.15069, 50.41107], [-4.15073, 50.41102], [-4.15076, 50.411], [-4.15082, 50.41096], [-4.15096, 50.41086], [-4.15101, 50.41084], [-4.15111, 50.41081], [-4.15119, 50.41078]], [[-4.15097, 50.41238], [-4.151, 50.41229], [-4.15101, 50.41222], [-4.151, 50.4121], [-4.15092, 50.41172], [-4.15083, 50.41152], [-4.15073, 50.41132], [-4.15069, 50.41123], [-4.15068, 50.41115], [-4.15069, 50.41107], [-4.15073, 50.41102], [-4.15076, 50.411], [-4.15082, 50.41096], [-4.15096, 50.41086], [-4.15101, 50.41084], [-4.15111, 50.41081], [-4.15119, 50.41078]], [[-4.14404, 50.41187], [-4.14425, 50.4119]], [[-4.14404, 50.41187], [-4.14425, 50.4119]], [[-4.15935, 50.41295], [-4.15946, 50.41294], [-4.16016, 50.41289], [-4.16047, 50.41286]], [[-4.16047, 50.41286], [-4.16118, 50.41278], [-4.16202, 50.41272], [-4.16375, 50.41273]], [[-4.16375, 50.41273], [-4.16495, 50.41274], [-4.16582, 50.41274], [-4.16592, 50.41274], [-4.16637, 50.41274], [-4.16715, 50.41276], [-4.16769, 50.41278], [-4.16802, 50.41279], [-4.16816, 50.41281], [-4.16832, 50.41282]], [[-4.14425, 50.4119], [-4.14485, 50.41197], [-4.14537, 50.41203], [-4.1455, 50.41204]], [[-4.14425, 50.4119], [-4.14485, 50.41197], [-4.14537, 50.41203], [-4.1455, 50.41204]], [[-4.15124, 50.41081], [-4.15121, 50.4108], [-4.15119, 50.41078], [-4.15118, 50.41076], [-4.15118, 50.41075], [-4.15119, 50.41073], [-4.1512, 50.41071], [-4.15123, 50.4107], [-4.15125, 50.41069], [-4.15129, 50.41069], [-4.15132, 50.41069], [-4.15135, 50.4107], [-4.15137, 50.41072], [-4.15138, 50.41074], [-4.15138, 50.41076], [-4.15137, 50.41078], [-4.15135, 50.4108], [-4.15133, 50.41081], [-4.1513, 50.41081], [-4.15127, 50.41081], [-4.15124, 50.41081]], [[-4.15105, 50.41028], [-4.15109, 50.41034]], [[-4.15101, 50.41014], [-4.15105, 50.41028]], [[-4.15191, 50.40926], [-4.15198, 50.4095], [-4.15201, 50.40958], [-4.15203, 50.40965], [-4.15204, 50.40967], [-4.15206, 50.40978], [-4.15203, 50.40983], [-4.15199, 50.40985], [-4.15194, 50.40986], [-4.15172, 50.4099], [-4.15149, 50.40995], [-4.15123, 50.40998], [-4.15113, 50.41001], [-4.15107, 50.41005], [-4.15103, 50.41008], [-4.15101, 50.41014]], [[-4.15046, 50.40952], [-4.15059, 50.40941], [-4.15063, 50.40938], [-4.1507, 50.40934], [-4.15075, 50.40933], [-4.15144, 50.40923], [-4.15157, 50.40921], [-4.15166, 50.4092], [-4.15178, 50.40918], [-4.15183, 50.40919], [-4.15186, 50.4092], [-4.15188, 50.40922], [-4.15191, 50.40926]], [[-4.15003, 50.40976], [-4.15005, 50.40971], [-4.15008, 50.40967], [-4.15015, 50.40962], [-4.15022, 50.4096], [-4.15028, 50.40958], [-4.15042, 50.40955], [-4.15046, 50.40952]], [[-4.15003, 50.40994], [-4.15001, 50.40985], [-4.15001, 50.40978], [-4.15003, 50.40976]], [[-4.15007, 50.41007], [-4.15006, 50.41004], [-4.15003, 50.40994]], [[-4.15009, 50.41013], [-4.15007, 50.41007]], [[-4.15021, 50.41024], [-4.15015, 50.41021], [-4.1501, 50.41016], [-4.15009, 50.41013]], [[-4.15021, 50.41024], [-4.1503, 50.41024], [-4.15043, 50.41023], [-4.1506, 50.41021], [-4.15075, 50.41019]], [[-4.15075, 50.41019], [-4.15105, 50.41028]], [[-4.15105, 50.41028], [-4.15109, 50.41034]], [[-4.15109, 50.41034], [-4.15125, 50.41069]]]}}, {"type": "Feature", "properties": {"mode": "bus", "name": "2", "ref": "2", "operator": "Stagecoach", "osm_id": 15756367}, "geometry": {"type": "MultiLineString", "coordinates": [[[-4.14512, 50.37694], [-4.14533, 50.37702], [-4.14543, 50.37705]], [[-4.14543, 50.37705], [-4.1456, 50.3771]], [[-4.1456, 50.3771], [-4.14565, 50.37711], [-4.14603, 50.37716]], [[-4.14603, 50.37716], [-4.14657, 50.37724]], [[-4.14657, 50.37724], [-4.14676, 50.37728]], [[-4.14676, 50.37728], [-4.14703, 50.37734], [-4.14739, 50.37742]], [[-4.14739, 50.37742], [-4.1476, 50.37744], [-4.14764, 50.37744], [-4.14772, 50.37746], [-4.14782, 50.37747]], [[-4.14782, 50.37747], [-4.14788, 50.3775], [-4.14791, 50.37753], [-4.14793, 50.37757], [-4.14793, 50.37761], [-4.14792, 50.37764]], [[-4.14792, 50.37764], [-4.14803, 50.37781], [-4.14821, 50.37794]], [[-4.14821, 50.37794], [-4.14864, 50.37827]], [[-4.14864, 50.37827], [-4.14887, 50.37843], [-4.14915, 50.37862], [-4.1494, 50.37879], [-4.14948, 50.37884], [-4.14963, 50.37894], [-4.14975, 50.37902], [-4.14987, 50.3791], [-4.15014, 50.37928], [-4.15109, 50.37991], [-4.15134, 50.38008]], [[-4.15134, 50.38008], [-4.15165, 50.38025], [-4.15181, 50.38037], [-4.15202, 50.38057], [-4.15219, 50.38075], [-4.15235, 50.38095], [-4.15255, 50.38124], [-4.15283, 50.38176], [-4.15306, 50.38209], [-4.15328, 50.38235], [-4.15371, 50.38284], [-4.15419, 50.38333], [-4.15471, 50.38377]], [[-4.15471, 50.38377], [-4.15477, 50.38381], [-4.15485, 50.38388], [-4.15498, 50.38398], [-4.15579, 50.38468], [-4.1558, 50.38468]], [[-4.1558, 50.38468], [-4.15614, 50.3849], [-4.15634, 50.38502], [-4.15645, 50.38507]], [[-4.15645, 50.38507], [-4.15662, 50.38516], [-4.15666, 50.38517]], [[-4.15666, 50.38517], [-4.15693, 50.38528]], [[-4.15693, 50.38528], [-4.15707, 50.38531], [-4.15726, 50.38537], [-4.15729, 50.38538]], [[-4.15729, 50.38538], [-4.1575, 50.38546]], [[-4.1575, 50.38546], [-4.15763, 50.38555], [-4.15769, 50.3856]], [[-4.15769, 50.3856], [-4.15788, 50.38578], [-4.15815, 50.38603]], [[-4.15815, 50.38603], [-4.15841, 50.38628], [-4.15855, 50.38638], [-4.15869, 50.38644], [-4.15884, 50.38647], [-4.15893, 50.38649], [-4.15911, 50.38652], [-4.15948, 50.38657]], [[-4.15948, 50.38657], [-4.15951, 50.38658], [-4.16003, 50.38666], [-4.16023, 50.38668], [-4.16035, 50.38668]], [[-4.16035, 50.38668], [-4.1604, 50.38666], [-4.16046, 50.38663], [-4.16051, 50.38662]], [[-4.16051, 50.38662], [-4.16059, 50.38662], [-4.16067, 50.38663], [-4.16077, 50.38666], [-4.16084, 50.38671], [-4.16087, 50.38674], [-4.16088, 50.38677]], [[-4.16088, 50.38677], [-4.16101, 50.3869], [-4.16112, 50.38693], [-4.16128, 50.38697], [-4.16135, 50.38699], [-4.16155, 50.38704], [-4.16163, 50.38705], [-4.16174, 50.38708]], [[-4.16174, 50.38708], [-4.16203, 50.38715], [-4.16243, 50.3872], [-4.16262, 50.3872], [-4.16281, 50.38721], [-4.16303, 50.38722], [-4.1632, 50.38723]], [[-4.1632, 50.38723], [-4.16325, 50.38724], [-4.16343, 50.38726], [-4.16367, 50.38731], [-4.16394, 50.38738], [-4.1641, 50.38744], [-4.16429, 50.38753], [-4.16459, 50.38769], [-4.16496, 50.38794], [-4.165, 50.38797], [-4.16517, 50.38808]], [[-4.16517, 50.38808], [-4.16567, 50.38842], [-4.16597, 50.38864], [-4.16622, 50.3888], [-4.16629, 50.38885], [-4.16647, 50.38898], [-4.16672, 50.38914]], [[-4.16672, 50.38914], [-4.16695, 50.38929], [-4.1674, 50.3896], [-4.16762, 50.38975], [-4.16784, 50.3899]], [[-4.16784, 50.3899], [-4.16832, 50.39026], [-4.16882, 50.3905], [-4.17009, 50.39099], [-4.17059, 50.39118], [-4.17089, 50.39126], [-4.1715, 50.39141]], [[-4.1715, 50.39141], [-4.17251, 50.39166], [-4.17309, 50.39181], [-4.17346, 50.3919], [-4.17351, 50.39191], [-4.17385, 50.392], [-4.17389, 50.39201], [-4.1741, 50.39208], [-4.17428, 50.39216], [-4.17443, 50.39224], [-4.1746, 50.39235], [-4.17475, 50.39246], [-4.17488, 50.39258], [-4.17501, 50.39277], [-4.17507, 50.3929], [-4.17522, 50.39319], [-4.17531, 50.39334], [-4.17535, 50.39338]], [[-4.17535, 50.39338], [-4.1754, 50.39343], [-4.17554, 50.39356]], [[-4.17554, 50.39356], [-4.17563, 50.39363], [-4.17568, 50.39367], [-4.17582, 50.39375]], [[-4.17582, 50.39375], [-4.17585, 50.39377], [-4.17616, 50.39396], [-4.17678, 50.3944], [-4.17763, 50.39503]], [[-4.17763, 50.39503], [-4.17791, 50.39523], [-4.17819, 50.39543], [-4.17843, 50.39559]], [[-4.17843, 50.39559], [-4.17869, 50.39579], [-4.17878, 50.39586]], [[-4.17878, 50.39586], [-4.17882, 50.39589]], [[-4.17882, 50.39589], [-4.17885, 50.39591]], [[-4.17885, 50.39591], [-4.17898, 50.39603], [-4.17904, 50.39607]], [[-4.17904, 50.39607], [-4.17936, 50.39649]], [[-4.18164, 50.39725], [-4.18113, 50.39718], [-4.18102, 50.39717], [-4.18044, 50.39709], [-4.18034, 50.39708], [-4.18022, 50.39705], [-4.18009, 50.39701], [-4.17999, 50.39697], [-4.17993, 50.39693], [-4.17991, 50.39692], [-4.17989, 50.39691], [-4.17972, 50.39679], [-4.17958, 50.39668], [-4.17936, 50.39649]], [[-4.18207, 50.39731], [-4.18164, 50.39725]], [[-4.18256, 50.39737], [-4.18207, 50.39731]], [[-4.18349, 50.39903], [-4.18348, 50.39869], [-4.18346, 50.39849], [-4.18328, 50.39808], [-4.18314, 50.39782], [-4.18311, 50.39775], [-4.18299, 50.39758], [-4.18296, 50.39755], [-4.18289, 50.39751], [-4.18279, 50.39745], [-4.18269, 50.39741], [-4.18256, 50.39737]], [[-4.18349, 50.39903], [-4.18354, 50.3992], [-4.1836, 50.39938], [-4.18361, 50.3994], [-4.18376, 50.39968], [-4.18395, 50.39998], [-4.18406, 50.40015], [-4.18413, 50.40026], [-4.18429, 50.40046], [-4.18445, 50.40062], [-4.18466, 50.40079], [-4.18484, 50.40092], [-4.18505, 50.40107], [-4.18522, 50.40117], [-4.18528, 50.40124]], [[-4.18528, 50.40124], [-4.18547, 50.40131], [-4.18573, 50.40147], [-4.18635, 50.40186], [-4.18666, 50.40204]], [[-4.18666, 50.40204], [-4.18707, 50.40225], [-4.18718, 50.40231], [-4.18729, 50.40236], [-4.18749, 50.40243]], [[-4.18749, 50.40243], [-4.18773, 50.40249], [-4.1881, 50.40256], [-4.18817, 50.40258]], [[-4.18817, 50.40258], [-4.18822, 50.40261], [-4.18825, 50.40265], [-4.18827, 50.4027]], [[-4.18827, 50.4027], [-4.1883, 50.40284], [-4.1883, 50.40288], [-4.18832, 50.40291]], [[-4.18832, 50.40291], [-4.18838, 50.40295], [-4.18843, 50.40298], [-4.18868, 50.40304]], [[-4.1965, 50.40597], [-4.19607, 50.40556], [-4.19551, 50.40511], [-4.19494, 50.40475], [-4.1944, 50.40446], [-4.19383, 50.4042], [-4.19313, 50.40389], [-4.19275, 50.40377], [-4.1923, 50.40365], [-4.19195, 50.40358], [-4.1915, 50.4035], [-4.19145, 50.40349], [-4.19071, 50.40338], [-4.18971, 50.40322], [-4.18868, 50.40304]], [[-4.19709, 50.40654], [-4.19688, 50.40633], [-4.19682, 50.40627], [-4.19675, 50.40621], [-4.19661, 50.40607], [-4.1965, 50.40597]], [[-4.19742, 50.40708], [-4.19728, 50.40682], [-4.19728, 50.40681], [-4.1972, 50.40669], [-4.19715, 50.40662], [-4.19709, 50.40654]], [[-4.19742, 50.40708], [-4.19753, 50.40721], [-4.19759, 50.40729]], [[-4.19759, 50.40729], [-4.19769, 50.40732], [-4.19777, 50.40736]], [[-4.19777, 50.40736], [-4.19813, 50.40752], [-4.1984, 50.40763], [-4.19868, 50.40774]], [[-4.19868, 50.40774], [-4.19922, 50.40782]], [[-4.19922, 50.40782], [-4.2079, 50.40859]], [[-4.20887, 50.40871], [-4.20859, 50.40867], [-4.20814, 50.40861], [-4.2079, 50.40859]], [[-4.20887, 50.40871], [-4.20921, 50.40869], [-4.20971, 50.40875], [-4.21, 50.40878], [-4.21027, 50.40879], [-4.2103, 50.4088], [-4.2104, 50.40881]], [[-4.20887, 50.40871], [-4.20921, 50.40869], [-4.20971, 50.40875], [-4.21, 50.40878], [-4.21027, 50.40879], [-4.2103, 50.4088], [-4.2104, 50.40881]], [[-4.19868, 50.40774], [-4.19922, 50.40782]], [[-4.19868, 50.40774], [-4.19922, 50.40782]], [[-4.21053, 50.40861], [-4.21045, 50.40865], [-4.21042, 50.40871], [-4.2104, 50.40881]], [[-4.21116, 50.40863], [-4.21102, 50.40862], [-4.21087, 50.4086], [-4.21076, 50.40859], [-4.21061, 50.40859], [-4.21053, 50.40861]], [[-4.21167, 50.40868], [-4.21152, 50.40867], [-4.21116, 50.40863]], [[-4.21223, 50.40873], [-4.21201, 50.40871], [-4.21182, 50.40869], [-4.21167, 50.40868]], [[-4.21243, 50.40875], [-4.21223, 50.40873]], [[-4.21285, 50.4088], [-4.21276, 50.40879], [-4.21266, 50.40878], [-4.21243, 50.40875]], [[-4.21335, 50.40885], [-4.21295, 50.40881], [-4.21285, 50.4088]], [[-4.2139, 50.4089], [-4.21379, 50.40889], [-4.21345, 50.40886], [-4.21335, 50.40885]], [[-4.21449, 50.40895], [-4.21442, 50.40894], [-4.21407, 50.40891], [-4.2139, 50.4089]], [[-4.21542, 50.40904], [-4.21513, 50.40901], [-4.21501, 50.409], [-4.21472, 50.40897], [-4.21449, 50.40895]], [[-4.21681, 50.40883], [-4.21661, 50.40886], [-4.21653, 50.40887], [-4.21622, 50.40891], [-4.21557, 50.40898], [-4.2155, 50.40901], [-4.21542, 50.40904]], [[-4.21712, 50.40878], [-4.21681, 50.40883]], [[-4.2173, 50.40874], [-4.21712, 50.40878]], [[-4.21885, 50.40825], [-4.21816, 50.40848], [-4.21773, 50.40861], [-4.21741, 50.40871], [-4.2173, 50.40874]], [[-4.21885, 50.40825], [-4.21816, 50.40848], [-4.21773, 50.40861], [-4.21741, 50.40871], [-4.2173, 50.40874]], [[-4.2173, 50.40874], [-4.21712, 50.40878]], [[-4.21712, 50.40878], [-4.21681, 50.40883]], [[-4.21933, 50.4081], [-4.21885, 50.40825]], [[-4.2197, 50.40797], [-4.21952, 50.40804], [-4.21943, 50.40806], [-4.21933, 50.4081]], [[-4.21987, 50.40793], [-4.2197, 50.40797]], [[-4.22031, 50.40783], [-4.22011, 50.40788], [-4.21987, 50.40793]], [[-4.22298, 50.40655], [-4.22297, 50.40656], [-4.22251, 50.40697], [-4.22224, 50.40721], [-4.22206, 50.40735], [-4.22188, 50.40747], [-4.22176, 50.40751], [-4.22155, 50.40759], [-4.22105, 50.40769], [-4.22063, 50.40777], [-4.22031, 50.40783]], [[-4.22303, 50.40652], [-4.22298, 50.40655]], [[-4.14656, 50.37328], [-4.14641, 50.37331], [-4.14599, 50.37342], [-4.14586, 50.37347], [-4.1457, 50.37352], [-4.14554, 50.3736]], [[-4.14554, 50.3736], [-4.14533, 50.37372], [-4.14489, 50.374], [-4.14484, 50.37404]], [[-4.14484, 50.37404], [-4.14448, 50.37431]], [[-4.14448, 50.37431], [-4.14443, 50.37435], [-4.14421, 50.37451]], [[-4.14421, 50.37451], [-4.14382, 50.37477]], [[-4.14382, 50.37477], [-4.14353, 50.37502], [-4.14344, 50.37512], [-4.1434, 50.3752], [-4.14337, 50.37529], [-4.14337, 50.37537], [-4.14338, 50.37548]], [[-4.14338, 50.37548], [-4.14338, 50.37562], [-4.14339, 50.3757], [-4.14341, 50.37578], [-4.14349, 50.37588], [-4.14358, 50.37599]], [[-4.14358, 50.37599], [-4.14386, 50.3762], [-4.14411, 50.37636]], [[-4.14411, 50.37636], [-4.14428, 50.37648], [-4.14449, 50.37662]], [[-4.14691, 50.37322], [-4.14656, 50.37328]], [[-4.14731, 50.37311], [-4.14691, 50.37322]], [[-4.14865, 50.37178], [-4.14862, 50.37197], [-4.14855, 50.3722], [-4.14846, 50.37234], [-4.14839, 50.37245], [-4.14829, 50.37254], [-4.14808, 50.37272], [-4.14794, 50.37281], [-4.14773, 50.37293], [-4.14751, 50.37303], [-4.14731, 50.37311]], [[-4.14861, 50.37129], [-4.14862, 50.3714], [-4.14864, 50.37156], [-4.14865, 50.37163], [-4.14865, 50.37178]], [[-4.14882, 50.36989], [-4.14878, 50.36994], [-4.14876, 50.36996], [-4.14872, 50.37002], [-4.14866, 50.37011], [-4.14865, 50.37013], [-4.1486, 50.37022], [-4.14857, 50.37031], [-4.14855, 50.37041], [-4.14855, 50.37053], [-4.14856, 50.37064], [-4.14856, 50.37073], [-4.14857, 50.37091], [-4.1486, 50.3711], [-4.1486, 50.37124], [-4.14861, 50.37129]], [[-4.14892, 50.36978], [-4.14882, 50.36989]], [[-4.14903, 50.36954], [-4.14901, 50.36963], [-4.14896, 50.36971], [-4.14892, 50.36978]], [[-4.14868, 50.36941], [-4.1488, 50.36942], [-4.14889, 50.36944], [-4.14897, 50.36948], [-4.14903, 50.36954]], [[-4.14842, 50.36958], [-4.14849, 50.3695], [-4.14857, 50.36945], [-4.14868, 50.36941]], [[-4.14814, 50.36979], [-4.14824, 50.36975], [-4.14827, 50.36972], [-4.14833, 50.36969], [-4.14836, 50.36967], [-4.14842, 50.36958]], [[-4.14687, 50.36984], [-4.14814, 50.36979]], [[-4.14632, 50.36974], [-4.14645, 50.36978], [-4.14653, 50.3698], [-4.14656, 50.36981], [-4.14664, 50.36983], [-4.14673, 50.36984], [-4.14687, 50.36984]], [[-4.14585, 50.3696], [-4.14594, 50.36961], [-4.14606, 50.36963], [-4.14615, 50.36966], [-4.14632, 50.36974]], [[-4.14544, 50.36987], [-4.14544, 50.36983], [-4.14548, 50.36976], [-4.14551, 50.36971], [-4.14556, 50.36967], [-4.14561, 50.36964], [-4.14569, 50.36962], [-4.14577, 50.36961], [-4.14585, 50.3696]], [[-4.14544, 50.37019], [-4.14543, 50.36991], [-4.14544, 50.36987]], [[-4.14323, 50.37028], [-4.14404, 50.37027], [-4.14458, 50.37026], [-4.14507, 50.37023], [-4.1453, 50.37021], [-4.14544, 50.37019]], [[-4.14277, 50.3703], [-4.14323, 50.37028]], [[-4.14208, 50.37031], [-4.14241, 50.37031], [-4.14277, 50.3703]], [[-4.14116, 50.37031], [-4.14133, 50.37031], [-4.14193, 50.37031], [-4.14208, 50.37031]], [[-4.13949, 50.37032], [-4.13999, 50.37033], [-4.14063, 50.37032], [-4.14116, 50.37031]], [[-4.13903, 50.37027], [-4.13918, 50.37031], [-4.13934, 50.37032], [-4.13949, 50.37032]], [[-4.13848, 50.37019], [-4.13857, 50.37016], [-4.1387, 50.37015], [-4.13884, 50.37017], [-4.13891, 50.3702], [-4.13897, 50.37023], [-4.13903, 50.37027]], [[-4.13829, 50.37037], [-4.13832, 50.37032], [-4.13835, 50.37027], [-4.13841, 50.37022], [-4.13848, 50.37019]], [[-4.13829, 50.37043], [-4.13829, 50.37037]], [[-4.13597, 50.37148], [-4.13612, 50.37147], [-4.13619, 50.37147], [-4.13626, 50.37145], [-4.13641, 50.37138], [-4.13704, 50.3711], [-4.13769, 50.37081], [-4.13815, 50.3706], [-4.13817, 50.37058], [-4.13821, 50.37056], [-4.13826, 50.37049], [-4.13829, 50.37043]], [[-4.13542, 50.37159], [-4.13548, 50.37155], [-4.13561, 50.3715], [-4.13571, 50.37147], [-4.13579, 50.37146], [-4.1359, 50.37147], [-4.13594, 50.37147], [-4.13597, 50.37148]], [[-4.13528, 50.37162], [-4.13542, 50.37159]], [[-4.13238, 50.37139], [-4.13254, 50.37143], [-4.13275, 50.37147], [-4.13317, 50.37152], [-4.1335, 50.37154], [-4.13369, 50.37156], [-4.13433, 50.37159], [-4.13459, 50.3716], [-4.1352, 50.37163], [-4.13528, 50.37162]], [[-4.13197, 50.37127], [-4.13238, 50.37139]], [[-4.1313, 50.37109], [-4.13184, 50.37123], [-4.13197, 50.37127]], [[-4.1307, 50.37091], [-4.13113, 50.37103], [-4.1313, 50.37109]], [[-4.13005, 50.37075], [-4.13029, 50.3708], [-4.1307, 50.37091]], [[-4.12912, 50.3706], [-4.13001, 50.37074], [-4.13005, 50.37075]], [[-4.12627, 50.37016], [-4.12643, 50.37018], [-4.12668, 50.3702], [-4.12691, 50.37023], [-4.12695, 50.37023], [-4.12705, 50.37025], [-4.1275, 50.37032], [-4.12773, 50.37036], [-4.12839, 50.37047], [-4.12883, 50.37055], [-4.12895, 50.37057], [-4.12912, 50.3706]], [[-4.12612, 50.37015], [-4.12627, 50.37016]], [[-4.12579, 50.37011], [-4.12583, 50.37012], [-4.12612, 50.37015]], [[-4.1307, 50.37091], [-4.13113, 50.37103], [-4.1313, 50.37109]], [[-4.1313, 50.37109], [-4.13184, 50.37123], [-4.13197, 50.37127]], [[-4.1253, 50.37004], [-4.12579, 50.37011]], [[-4.12509, 50.36996], [-4.1252, 50.37], [-4.1253, 50.37004]], [[-4.12444, 50.37003], [-4.12448, 50.37], [-4.12452, 50.36998], [-4.12464, 50.36995], [-4.12475, 50.36994], [-4.12486, 50.36993], [-4.12497, 50.36994], [-4.12509, 50.36996]], [[-4.1239, 50.3701], [-4.12424, 50.37004], [-4.12427, 50.37004], [-4.12444, 50.37003]], [[-4.1239, 50.3701], [-4.12424, 50.37004], [-4.12427, 50.37004], [-4.12444, 50.37003]], [[-4.12444, 50.37003], [-4.12448, 50.37], [-4.12452, 50.36998], [-4.12464, 50.36995], [-4.12475, 50.36994], [-4.12486, 50.36993], [-4.12497, 50.36994], [-4.12509, 50.36996]], [[-4.12509, 50.36996], [-4.1252, 50.37], [-4.1253, 50.37004]], [[-4.1224, 50.37036], [-4.12263, 50.37032], [-4.12266, 50.37032], [-4.12305, 50.37025], [-4.12317, 50.37023]], [[-4.1224, 50.37036], [-4.12263, 50.37032], [-4.12266, 50.37032], [-4.12305, 50.37025], [-4.12317, 50.37023]], [[-4.1208, 50.37065], [-4.12099, 50.37061], [-4.12153, 50.37052], [-4.12227, 50.37039], [-4.1224, 50.37036]], [[-4.119, 50.37096], [-4.11916, 50.37094], [-4.11937, 50.3709], [-4.1208, 50.37065]], [[-4.11849, 50.37105], [-4.11879, 50.371], [-4.11884, 50.37099], [-4.11892, 50.37098], [-4.119, 50.37096]], [[-4.11849, 50.37105], [-4.11842, 50.37105], [-4.11812, 50.37106]], [[-4.11812, 50.37106], [-4.11791, 50.37106], [-4.11721, 50.37105], [-4.11683, 50.37105], [-4.11651, 50.37103], [-4.1162, 50.37101], [-4.11603, 50.371], [-4.11581, 50.37097], [-4.11544, 50.37094], [-4.11517, 50.37092], [-4.11485, 50.37091], [-4.11465, 50.3709]], [[-4.11382, 50.37076], [-4.11401, 50.37079], [-4.11435, 50.37084], [-4.11465, 50.3709]], [[-4.11273, 50.37047], [-4.11284, 50.37051], [-4.11289, 50.37052], [-4.11302, 50.37057], [-4.11322, 50.37063], [-4.11354, 50.37071], [-4.1136, 50.37072], [-4.11382, 50.37076]], [[-4.1124, 50.37037], [-4.11256, 50.37042], [-4.11273, 50.37047]], [[-4.11171, 50.37011], [-4.11192, 50.37019], [-4.11229, 50.37033], [-4.1124, 50.37037]], [[-4.11074, 50.36966], [-4.11157, 50.37004], [-4.11162, 50.37006], [-4.11171, 50.37011]], [[-4.11045, 50.36953], [-4.11063, 50.36961], [-4.11065, 50.36961], [-4.11074, 50.36966]], [[-4.11033, 50.36948], [-4.11033, 50.36948], [-4.11045, 50.36953]], [[-4.10756, 50.36815], [-4.10863, 50.36867], [-4.10973, 50.3692], [-4.11015, 50.3694], [-4.11018, 50.36942], [-4.11033, 50.36948]], [[-4.10739, 50.36807], [-4.10745, 50.36809], [-4.10756, 50.36815]], [[-4.10708, 50.36792], [-4.10712, 50.36794], [-4.10722, 50.36799], [-4.10739, 50.36807]], [[-4.10159, 50.36626], [-4.10179, 50.36629], [-4.1023, 50.36637], [-4.10269, 50.36646], [-4.10284, 50.36651], [-4.10317, 50.36662], [-4.1037, 50.36679], [-4.10441, 50.36701], [-4.10512, 50.36724], [-4.10569, 50.36742], [-4.10591, 50.36749], [-4.10627, 50.36762], [-4.10661, 50.36773], [-4.10698, 50.36788], [-4.10708, 50.36792]], [[-4.10138, 50.36626], [-4.10154, 50.36626], [-4.10159, 50.36626]], [[-4.10138, 50.36626], [-4.10154, 50.36626], [-4.10159, 50.36626]], [[-4.10159, 50.36626], [-4.10179, 50.36629], [-4.1023, 50.36637], [-4.10269, 50.36646], [-4.10284, 50.36651], [-4.10317, 50.36662], [-4.1037, 50.36679], [-4.10441, 50.36701], [-4.10512, 50.36724], [-4.10569, 50.36742], [-4.10591, 50.36749], [-4.10627, 50.36762], [-4.10661, 50.36773], [-4.10698, 50.36788], [-4.10708, 50.36792]], [[-4.12377, 50.37012], [-4.12381, 50.37012], [-4.12387, 50.37011], [-4.1239, 50.3701]], [[-4.10126, 50.36621], [-4.10133, 50.36622], [-4.10138, 50.36626]], [[-4.10109, 50.36552], [-4.1011, 50.36569], [-4.10113, 50.3658], [-4.10117, 50.36601], [-4.10121, 50.3661], [-4.10126, 50.36621]], [[-4.10096, 50.36527], [-4.10102, 50.36529], [-4.10107, 50.36531], [-4.10112, 50.36534], [-4.10113, 50.36537], [-4.10115, 50.36541], [-4.10114, 50.36545], [-4.10112, 50.36549], [-4.10109, 50.36552]], [[-4.10084, 50.36528], [-4.1009, 50.36527], [-4.10096, 50.36527]], [[-4.10059, 50.36514], [-4.10074, 50.36522], [-4.10078, 50.36524], [-4.10084, 50.36528]], [[-4.10059, 50.36514], [-4.10049, 50.36507], [-4.10032, 50.365], [-4.10012, 50.36494], [-4.0999, 50.36488], [-4.09967, 50.36484]], [[-4.08584, 50.35582], [-4.08586, 50.35568], [-4.0859, 50.35552], [-4.08596, 50.35529], [-4.08601, 50.35512], [-4.08601, 50.35509], [-4.08606, 50.35497], [-4.08614, 50.35483], [-4.08621, 50.35473], [-4.0863, 50.35458], [-4.08632, 50.35453], [-4.08635, 50.35443], [-4.08633, 50.35434], [-4.08631, 50.35418], [-4.0863, 50.3541], [-4.08628, 50.35397], [-4.08624, 50.35384], [-4.08623, 50.35383], [-4.08621, 50.35375]], [[-4.09858, 50.35432], [-4.09841, 50.35416], [-4.09827, 50.35403], [-4.0982, 50.35397], [-4.09811, 50.3539], [-4.09803, 50.35387], [-4.09781, 50.35383], [-4.09716, 50.35377], [-4.09643, 50.3537], [-4.09597, 50.35365], [-4.09472, 50.35343], [-4.09409, 50.35331], [-4.09397, 50.35331], [-4.09387, 50.35331], [-4.09352, 50.35329], [-4.09275, 50.35324], [-4.09207, 50.35319], [-4.09144, 50.35312], [-4.09091, 50.35306], [-4.09072, 50.35306], [-4.09017, 50.35308], [-4.08968, 50.35311], [-4.08949, 50.35312], [-4.08924, 50.35317], [-4.08883, 50.35324], [-4.08759, 50.35348], [-4.08671, 50.35365], [-4.08633, 50.35372], [-4.08621, 50.35375]], [[-4.09915, 50.35414], [-4.09897, 50.35418], [-4.09881, 50.35423], [-4.09868, 50.35428], [-4.09858, 50.35432]], [[-4.10039, 50.35346], [-4.1003, 50.35355], [-4.1003, 50.35356], [-4.1001, 50.35365], [-4.09978, 50.35376], [-4.09951, 50.35387], [-4.09948, 50.35388], [-4.09927, 50.354], [-4.09919, 50.35406], [-4.09915, 50.35414]], [[-4.10087, 50.3533], [-4.10073, 50.3534], [-4.1006, 50.35344], [-4.10052, 50.35345], [-4.10039, 50.35346]], [[-4.10129, 50.35296], [-4.10124, 50.35301], [-4.10104, 50.35318], [-4.10087, 50.3533]], [[-4.10213, 50.35242], [-4.10187, 50.35249], [-4.1017, 50.35257], [-4.10156, 50.35267], [-4.10141, 50.35284], [-4.10129, 50.35295], [-4.10129, 50.35296]], [[-4.10213, 50.35242], [-4.10304, 50.35224], [-4.10338, 50.35218]], [[-4.10338, 50.35218], [-4.10347, 50.35216], [-4.1036, 50.35211], [-4.10378, 50.35212], [-4.10381, 50.35211], [-4.1039, 50.3521], [-4.10411, 50.35205], [-4.10449, 50.35197], [-4.10462, 50.35195], [-4.10492, 50.3519], [-4.1053, 50.35188], [-4.1054, 50.35188], [-4.10565, 50.35188], [-4.10589, 50.3519], [-4.10627, 50.35198], [-4.10682, 50.35213], [-4.10717, 50.35223], [-4.10744, 50.35228]], [[-4.10744, 50.35228], [-4.10763, 50.35233], [-4.108, 50.35239], [-4.10857, 50.35245], [-4.10911, 50.3525], [-4.10954, 50.35255]], [[-4.10954, 50.35255], [-4.10978, 50.35258], [-4.11006, 50.35263], [-4.11028, 50.3527], [-4.11046, 50.35276], [-4.11066, 50.35286], [-4.11081, 50.35294], [-4.11087, 50.35299], [-4.11091, 50.35302], [-4.111, 50.35311], [-4.11105, 50.35316], [-4.11114, 50.35324], [-4.11131, 50.35334], [-4.11144, 50.35338], [-4.11155, 50.35341], [-4.1118, 50.35344], [-4.11196, 50.35343]], [[-4.11196, 50.35343], [-4.11216, 50.3534], [-4.11233, 50.35335], [-4.11251, 50.35329], [-4.11255, 50.35328], [-4.11276, 50.35325], [-4.11303, 50.35324], [-4.11328, 50.35326], [-4.11339, 50.35323], [-4.11351, 50.35322], [-4.11362, 50.35323]], [[-4.11554, 50.35369], [-4.1153, 50.35358], [-4.1152, 50.35354], [-4.11498, 50.35344], [-4.11476, 50.35339], [-4.11448, 50.35332], [-4.11442, 50.35331], [-4.11423, 50.35328], [-4.11394, 50.35326], [-4.11362, 50.35323]], [[-4.1174, 50.35515], [-4.11738, 50.35505], [-4.11738, 50.35504], [-4.11732, 50.35494], [-4.11723, 50.35484], [-4.11712, 50.35472], [-4.11696, 50.35454], [-4.11679, 50.35434], [-4.11667, 50.35422], [-4.11653, 50.35414], [-4.11626, 50.35402], [-4.11585, 50.35384], [-4.11554, 50.35369]], [[-4.11757, 50.3558], [-4.11751, 50.35574], [-4.11745, 50.35567], [-4.11739, 50.35556], [-4.11736, 50.35543], [-4.11738, 50.35529], [-4.1174, 50.35515]], [[-4.11867, 50.35623], [-4.11857, 50.35623], [-4.11845, 50.35625], [-4.11832, 50.35627], [-4.1182, 50.35627], [-4.11813, 50.35625], [-4.11802, 50.35622], [-4.11795, 50.35618], [-4.11786, 50.3561], [-4.11771, 50.35593], [-4.11761, 50.35583], [-4.11757, 50.3558]], [[-4.11867, 50.35623], [-4.1188, 50.35628], [-4.11887, 50.35633], [-4.11908, 50.3566], [-4.11925, 50.35683], [-4.11929, 50.35687], [-4.11933, 50.3569], [-4.11941, 50.35694], [-4.11946, 50.35696], [-4.11955, 50.35698], [-4.11966, 50.35699]], [[-4.11966, 50.35699], [-4.12001, 50.35702]], [[-4.12001, 50.35702], [-4.12018, 50.35705], [-4.1203, 50.35707], [-4.12041, 50.3571], [-4.12051, 50.35713], [-4.12067, 50.35719]], [[-4.12067, 50.35719], [-4.1208, 50.35724], [-4.12081, 50.35724], [-4.12095, 50.35727], [-4.1211, 50.35729], [-4.12126, 50.35727]], [[-4.1239, 50.3701], [-4.12424, 50.37004], [-4.12427, 50.37004], [-4.12444, 50.37003]], [[-4.12579, 50.37011], [-4.12583, 50.37012], [-4.12612, 50.37015]], [[-4.12317, 50.37023], [-4.12321, 50.37022], [-4.12369, 50.37014], [-4.12377, 50.37012]], [[-4.12126, 50.35727], [-4.12144, 50.35723], [-4.12164, 50.35716], [-4.12184, 50.35706], [-4.12193, 50.35704], [-4.12203, 50.35702], [-4.12217, 50.35703], [-4.12233, 50.35705], [-4.12246, 50.35706], [-4.12257, 50.35706], [-4.12269, 50.35706], [-4.12288, 50.35704], [-4.12311, 50.35699], [-4.12326, 50.35696], [-4.1234, 50.35695], [-4.1235, 50.35695], [-4.12369, 50.35695], [-4.12391, 50.35699], [-4.12394, 50.357], [-4.12409, 50.35703], [-4.12422, 50.35709], [-4.12439, 50.35717], [-4.12469, 50.35734], [-4.12482, 50.35742], [-4.12496, 50.35746], [-4.12507, 50.35749]], [[-4.09387, 50.35976], [-4.09379, 50.35992], [-4.09362, 50.36037], [-4.09344, 50.36057], [-4.09309, 50.36073], [-4.09187, 50.36104], [-4.09057, 50.36139]], [[-4.09387, 50.35976], [-4.09372, 50.35972], [-4.09365, 50.3597], [-4.0935, 50.35968], [-4.09345, 50.35969], [-4.0933, 50.35968], [-4.09324, 50.35968], [-4.0928, 50.35968], [-4.09261, 50.35967], [-4.09246, 50.35962], [-4.09241, 50.35959], [-4.09232, 50.35953], [-4.09222, 50.35947], [-4.09221, 50.35946], [-4.09171, 50.35914], [-4.09148, 50.35898], [-4.09132, 50.35888], [-4.09112, 50.35872], [-4.09086, 50.35854], [-4.09077, 50.35845], [-4.09068, 50.35836], [-4.09046, 50.35807], [-4.09029, 50.35781], [-4.09013, 50.35765], [-4.09003, 50.35758], [-4.08998, 50.35756], [-4.08986, 50.35751], [-4.08962, 50.35747], [-4.08935, 50.35742], [-4.08901, 50.35729], [-4.08886, 50.3572]], [[-4.08886, 50.3572], [-4.08878, 50.35715], [-4.08869, 50.35707], [-4.08862, 50.35699]], [[-4.08862, 50.35699], [-4.08854, 50.35685], [-4.08846, 50.3567], [-4.0883, 50.3565], [-4.08815, 50.35638], [-4.088, 50.35628], [-4.0878, 50.35617], [-4.08754, 50.35608], [-4.08718, 50.35597], [-4.08694, 50.35591], [-4.08661, 50.35584], [-4.08631, 50.35583], [-4.08606, 50.35582], [-4.08584, 50.35582]], [[-4.09967, 50.36484], [-4.09938, 50.36484], [-4.09898, 50.36482], [-4.09843, 50.36478], [-4.09749, 50.36466], [-4.09746, 50.36466], [-4.09674, 50.36454], [-4.09655, 50.36449], [-4.09649, 50.36447], [-4.09588, 50.3642], [-4.09554, 50.36404], [-4.09496, 50.36386], [-4.09434, 50.36369], [-4.09381, 50.36355], [-4.0936, 50.36347], [-4.09327, 50.36331], [-4.09295, 50.36313], [-4.09281, 50.36302]], [[-4.10059, 50.36514], [-4.10049, 50.36507], [-4.10032, 50.365], [-4.10012, 50.36494], [-4.0999, 50.36488], [-4.09967, 50.36484]]]}}, {"type": "Feature", "properties": {"mode": "bus", "name": "2", "ref": "2", "operator": "Stagecoach", "osm_id": 15756368}, "geometry": {"type": "MultiLineString", "coordinates": [[[-4.21712, 50.40878], [-4.21681, 50.40883]], [[-4.21712, 50.40878], [-4.21681, 50.40883]], [[-4.2173, 50.40874], [-4.21712, 50.40878]], [[-4.21885, 50.40825], [-4.21816, 50.40848], [-4.21773, 50.40861], [-4.21741, 50.40871], [-4.2173, 50.40874]], [[-4.21885, 50.40825], [-4.21816, 50.40848], [-4.21773, 50.40861], [-4.21741, 50.40871], [-4.2173, 50.40874]], [[-4.2173, 50.40874], [-4.21712, 50.40878]], [[-4.21933, 50.4081], [-4.21885, 50.40825]], [[-4.2197, 50.40797], [-4.21952, 50.40804], [-4.21943, 50.40806], [-4.21933, 50.4081]], [[-4.21987, 50.40793], [-4.2197, 50.40797]], [[-4.22031, 50.40783], [-4.22011, 50.40788], [-4.21987, 50.40793]], [[-4.22298, 50.40655], [-4.22297, 50.40656], [-4.22251, 50.40697], [-4.22224, 50.40721], [-4.22206, 50.40735], [-4.22188, 50.40747], [-4.22176, 50.40751], [-4.22155, 50.40759], [-4.22105, 50.40769], [-4.22063, 50.40777], [-4.22031, 50.40783]], [[-4.22303, 50.40652], [-4.22298, 50.40655]], [[-4.22335, 50.40636], [-4.22317, 50.40645], [-4.22303, 50.40652]], [[-4.22504, 50.40586], [-4.225, 50.40587], [-4.22497, 50.40587], [-4.2248, 50.4059], [-4.22478, 50.4059], [-4.22439, 50.40599], [-4.22437, 50.406], [-4.22431, 50.40601], [-4.22408, 50.40608], [-4.22406, 50.40608], [-4.22383, 50.40616], [-4.22369, 50.40622], [-4.2236, 50.40625], [-4.2235, 50.4063], [-4.22335, 50.40636]], [[-4.22504, 50.40586], [-4.22543, 50.40588], [-4.22586, 50.4059], [-4.22628, 50.40591], [-4.22683, 50.40591], [-4.22739, 50.40589], [-4.22788, 50.40587], [-4.22808, 50.40588], [-4.22819, 50.40588]], [[-4.22819, 50.40588], [-4.2282, 50.40578], [-4.22821, 50.40568], [-4.22825, 50.40536], [-4.22824, 50.40509], [-4.22824, 50.40504]], [[-4.22824, 50.40504], [-4.22825, 50.40483], [-4.22825, 50.4048]], [[-4.22825, 50.4048], [-4.22828, 50.4046], [-4.22829, 50.40452], [-4.2283, 50.40445], [-4.22829, 50.40442], [-4.22827, 50.40437], [-4.22826, 50.40437], [-4.22824, 50.40433], [-4.22821, 50.40429], [-4.22812, 50.40422]], [[-4.22812, 50.40422], [-4.22798, 50.40427], [-4.22784, 50.40429], [-4.22779, 50.40429], [-4.22775, 50.4043], [-4.22772, 50.4043], [-4.2275, 50.4043], [-4.2269, 50.4043], [-4.22688, 50.4043], [-4.22651, 50.4043], [-4.22641, 50.4043], [-4.22625, 50.40432]], [[-4.22625, 50.40432], [-4.22604, 50.40436], [-4.22579, 50.40443], [-4.22538, 50.40457], [-4.22504, 50.4047], [-4.22495, 50.40475], [-4.22485, 50.40481], [-4.2248, 50.40486], [-4.22477, 50.40489]], [[-4.21981, 50.40459], [-4.21966, 50.40435], [-4.21951, 50.40417], [-4.21935, 50.40406], [-4.21929, 50.40403], [-4.21919, 50.40399]], [[-4.21919, 50.40399], [-4.21799, 50.40358]], [[-4.21799, 50.40358], [-4.21782, 50.40352], [-4.21743, 50.40337]], [[-4.21743, 50.40337], [-4.21735, 50.40335], [-4.21712, 50.40328], [-4.21689, 50.40326], [-4.21685, 50.40326], [-4.21637, 50.40324]], [[-4.21637, 50.40324], [-4.21634, 50.4034], [-4.21638, 50.40358], [-4.21646, 50.40375], [-4.2165, 50.40384], [-4.21656, 50.40401]], [[-4.21656, 50.40401], [-4.2166, 50.40413], [-4.2166, 50.40415], [-4.2166, 50.40425], [-4.21658, 50.40433], [-4.21657, 50.40436], [-4.21653, 50.40457], [-4.21654, 50.40468], [-4.21657, 50.40477], [-4.21669, 50.40485], [-4.21687, 50.40494]], [[-4.21687, 50.40494], [-4.21715, 50.40504]], [[-4.21715, 50.40504], [-4.21726, 50.40506], [-4.2174, 50.40509], [-4.21765, 50.40509], [-4.21785, 50.40508], [-4.21808, 50.40505], [-4.21874, 50.40488], [-4.21889, 50.40484], [-4.21918, 50.40476], [-4.2197, 50.40462], [-4.21981, 50.40459]], [[-4.21981, 50.40459], [-4.21986, 50.40466], [-4.21993, 50.40471], [-4.22002, 50.40475]], [[-4.22002, 50.40475], [-4.22017, 50.40475], [-4.22037, 50.40473], [-4.22054, 50.40474]], [[-4.22054, 50.40474], [-4.22065, 50.40479], [-4.22079, 50.4049], [-4.2211, 50.40516], [-4.2212, 50.40525], [-4.22127, 50.40532], [-4.22153, 50.40552], [-4.22172, 50.40564], [-4.22178, 50.40568]], [[-4.22178, 50.40568], [-4.2219, 50.40575], [-4.22205, 50.40583], [-4.22233, 50.40602], [-4.22245, 50.4061]], [[-4.22245, 50.4061], [-4.22303, 50.40652]], [[-4.22054, 50.40474], [-4.22058, 50.40466], [-4.22065, 50.4046], [-4.22082, 50.4045], [-4.22099, 50.40442], [-4.22119, 50.40431], [-4.22131, 50.40426], [-4.22138, 50.40424], [-4.22144, 50.40421], [-4.22157, 50.40418], [-4.22178, 50.40416], [-4.22197, 50.40415], [-4.22217, 50.40416], [-4.22262, 50.40421], [-4.22275, 50.40422]], [[-4.22275, 50.40422], [-4.22348, 50.40431], [-4.22384, 50.40435], [-4.22399, 50.40435]], [[-4.22399, 50.40435], [-4.22414, 50.40434], [-4.22428, 50.40431], [-4.22453, 50.40426]], [[-4.22448, 50.40417], [-4.22453, 50.40426], [-4.22477, 50.40473], [-4.22479, 50.40476], [-4.22485, 50.40481]], [[-4.21681, 50.40883], [-4.21661, 50.40886], [-4.21653, 50.40887], [-4.21622, 50.40891], [-4.21557, 50.40898], [-4.2155, 50.40901], [-4.21542, 50.40904]], [[-4.21542, 50.40904], [-4.21513, 50.40901], [-4.21501, 50.409], [-4.21472, 50.40897], [-4.21449, 50.40895]], [[-4.21542, 50.40904], [-4.21513, 50.40901], [-4.21501, 50.409], [-4.21472, 50.40897], [-4.21449, 50.40895]], [[-4.21542, 50.40904], [-4.21513, 50.40901], [-4.21501, 50.409], [-4.21472, 50.40897], [-4.21449, 50.40895]], [[-4.21449, 50.40895], [-4.21442, 50.40894], [-4.21407, 50.40891], [-4.2139, 50.4089]], [[-4.2139, 50.4089], [-4.21379, 50.40889], [-4.21345, 50.40886], [-4.21335, 50.40885]], [[-4.21335, 50.40885], [-4.21295, 50.40881], [-4.21285, 50.4088]], [[-4.21285, 50.4088], [-4.21276, 50.40879], [-4.21266, 50.40878], [-4.21243, 50.40875]], [[-4.21243, 50.40875], [-4.21223, 50.40873]], [[-4.21223, 50.40873], [-4.21201, 50.40871], [-4.21182, 50.40869], [-4.21167, 50.40868]], [[-4.21167, 50.40868], [-4.21152, 50.40867], [-4.21116, 50.40863]], [[-4.21116, 50.40863], [-4.21102, 50.40862], [-4.21087, 50.4086], [-4.21076, 50.40859], [-4.21061, 50.40859], [-4.21053, 50.40861]], [[-4.21053, 50.40861], [-4.21045, 50.40865], [-4.21042, 50.40871], [-4.2104, 50.40881]], [[-4.2104, 50.40881], [-4.21037, 50.40895]], [[-4.21037, 50.40895], [-4.21034, 50.40914]], [[-4.21034, 50.40914], [-4.2103, 50.40918], [-4.21023, 50.40921], [-4.21017, 50.40922], [-4.21007, 50.40921]], [[-4.21007, 50.40921], [-4.20999, 50.40918], [-4.20943, 50.40899], [-4.20905, 50.40886], [-4.20884, 50.40881], [-4.20842, 50.40874], [-4.20788, 50.40868]], [[-4.20788, 50.40868], [-4.20452, 50.40838], [-4.20167, 50.40813], [-4.20088, 50.40806], [-4.19922, 50.40791]], [[-4.19922, 50.40791], [-4.19883, 50.40787]], [[-4.19883, 50.40787], [-4.19848, 50.40791], [-4.19826, 50.40792], [-4.19806, 50.40792], [-4.19792, 50.40791], [-4.19776, 50.40788], [-4.19763, 50.40784], [-4.19735, 50.40771]], [[-4.19775, 50.40769], [-4.19735, 50.40771]], [[-4.2139, 50.4089], [-4.21379, 50.40889], [-4.21345, 50.40886], [-4.21335, 50.40885]], [[-4.21449, 50.40895], [-4.21442, 50.40894], [-4.21407, 50.40891], [-4.2139, 50.4089]], [[-4.19735, 50.40771], [-4.19725, 50.40771]], [[-4.19725, 50.40771], [-4.19717, 50.40766], [-4.19711, 50.4076], [-4.19708, 50.40753], [-4.1971, 50.40744]], [[-4.1971, 50.40744], [-4.19713, 50.40739], [-4.19719, 50.40735], [-4.19725, 50.40731]], [[-4.19725, 50.40731], [-4.19742, 50.40708]], [[-4.19742, 50.40708], [-4.19728, 50.40682], [-4.19728, 50.40681], [-4.1972, 50.40669], [-4.19715, 50.40662], [-4.19709, 50.40654]], [[-4.19709, 50.40654], [-4.19688, 50.40633], [-4.19682, 50.40627], [-4.19675, 50.40621], [-4.19661, 50.40607], [-4.1965, 50.40597]], [[-4.1965, 50.40597], [-4.19607, 50.40556], [-4.19551, 50.40511], [-4.19494, 50.40475], [-4.1944, 50.40446], [-4.19383, 50.4042], [-4.19313, 50.40389], [-4.19275, 50.40377], [-4.1923, 50.40365], [-4.19195, 50.40358], [-4.1915, 50.4035], [-4.19145, 50.40349], [-4.19071, 50.40338], [-4.18971, 50.40322], [-4.18868, 50.40304]], [[-4.18868, 50.40304], [-4.18838, 50.403], [-4.18825, 50.40297]], [[-4.18825, 50.40297], [-4.1881, 50.40293], [-4.18794, 50.40288]], [[-4.18794, 50.40288], [-4.18781, 50.40283]], [[-4.18781, 50.40283], [-4.18763, 50.40276], [-4.18757, 50.40275], [-4.18746, 50.40275], [-4.18739, 50.40275], [-4.18733, 50.40273], [-4.18729, 50.40271]], [[-4.18729, 50.40271], [-4.18722, 50.40262]], [[-4.18722, 50.40262], [-4.18706, 50.4024], [-4.18702, 50.40237], [-4.18689, 50.40228]], [[-4.18689, 50.40228], [-4.18679, 50.40223], [-4.18674, 50.4022], [-4.18658, 50.4021]], [[-4.18658, 50.4021], [-4.18635, 50.40197]], [[-4.18635, 50.40197], [-4.18621, 50.40188], [-4.18599, 50.40175], [-4.18569, 50.40157], [-4.18537, 50.40133], [-4.18528, 50.40124]], [[-4.18528, 50.40124], [-4.1851, 50.40121], [-4.18497, 50.40115], [-4.18467, 50.40091], [-4.18438, 50.40067], [-4.18419, 50.40047], [-4.18404, 50.4003], [-4.18397, 50.40019]], [[-4.18397, 50.40019], [-4.1839, 50.40008], [-4.18371, 50.39978]], [[-4.18371, 50.39978], [-4.18368, 50.39973], [-4.18354, 50.3995], [-4.18349, 50.39939]], [[-4.18349, 50.39939], [-4.18347, 50.39934], [-4.18344, 50.39921], [-4.18349, 50.39903]], [[-4.18349, 50.39903], [-4.18348, 50.39869], [-4.18346, 50.39849], [-4.18328, 50.39808], [-4.18314, 50.39782], [-4.18311, 50.39775], [-4.18299, 50.39758], [-4.18296, 50.39755], [-4.18289, 50.39751], [-4.18279, 50.39745], [-4.18269, 50.39741], [-4.18256, 50.39737]], [[-4.18256, 50.39737], [-4.18207, 50.39731]], [[-4.18207, 50.39731], [-4.18164, 50.39725]], [[-4.18164, 50.39725], [-4.18113, 50.39718], [-4.18102, 50.39717], [-4.18044, 50.39709], [-4.18034, 50.39708], [-4.18022, 50.39705], [-4.18009, 50.39701], [-4.17999, 50.39697], [-4.17993, 50.39693], [-4.17991, 50.39692], [-4.17989, 50.39691], [-4.17972, 50.39679], [-4.17958, 50.39668], [-4.17936, 50.39649]], [[-4.17936, 50.39649], [-4.17892, 50.39618]], [[-4.17892, 50.39618], [-4.17879, 50.39607], [-4.17871, 50.396]], [[-4.17871, 50.396], [-4.17863, 50.39593]], [[-4.17863, 50.39593], [-4.17855, 50.39587], [-4.17827, 50.39564]], [[-4.17827, 50.39564], [-4.17801, 50.39542], [-4.17795, 50.39536]], [[-4.17795, 50.39536], [-4.17754, 50.39509], [-4.17701, 50.3947], [-4.17657, 50.39435], [-4.17612, 50.39404]], [[-4.17612, 50.39404], [-4.17606, 50.394], [-4.17573, 50.3938], [-4.17554, 50.39367], [-4.17545, 50.39361]], [[-4.17545, 50.39361], [-4.17533, 50.39351], [-4.1752, 50.39336], [-4.17512, 50.39323], [-4.17506, 50.39314], [-4.17497, 50.39293], [-4.17489, 50.39279], [-4.17478, 50.39263], [-4.17477, 50.39261], [-4.17469, 50.39253], [-4.17459, 50.39245], [-4.1745, 50.39239], [-4.17435, 50.39229], [-4.17419, 50.39221], [-4.17404, 50.39214], [-4.17384, 50.39208], [-4.1734, 50.39196], [-4.17278, 50.39181], [-4.17248, 50.39174], [-4.17209, 50.39164]], [[-4.17209, 50.39164], [-4.17114, 50.39141], [-4.17097, 50.39136], [-4.17096, 50.39136], [-4.17055, 50.39123], [-4.17036, 50.39117], [-4.16944, 50.39076], [-4.16884, 50.39053], [-4.16879, 50.39052], [-4.16828, 50.39029], [-4.16776, 50.38997]], [[-4.16776, 50.38997], [-4.16752, 50.38982], [-4.16747, 50.38978]], [[-4.16747, 50.38978], [-4.16728, 50.38965], [-4.16687, 50.38936], [-4.16668, 50.38923]], [[-4.16668, 50.38923], [-4.16637, 50.38902], [-4.16614, 50.38886], [-4.1656, 50.3885], [-4.16517, 50.38822], [-4.16504, 50.38814]], [[-4.16504, 50.38814], [-4.16486, 50.388], [-4.16474, 50.38791], [-4.16443, 50.3877]], [[-4.16443, 50.3877], [-4.16419, 50.38757], [-4.16404, 50.3875], [-4.16387, 50.38745], [-4.16363, 50.38738], [-4.16347, 50.38735]], [[-4.16347, 50.38735], [-4.16339, 50.38733], [-4.16321, 50.38731], [-4.16315, 50.3873], [-4.16302, 50.38729], [-4.16279, 50.38729], [-4.16259, 50.38728], [-4.16238, 50.38727], [-4.16214, 50.38725], [-4.16196, 50.38721]], [[-4.16196, 50.38721], [-4.16193, 50.38721], [-4.16159, 50.38713]], [[-4.16159, 50.38713], [-4.16152, 50.38711], [-4.16121, 50.38704], [-4.16116, 50.38702], [-4.16091, 50.387], [-4.16077, 50.38697]], [[-4.16077, 50.38697], [-4.16067, 50.38701], [-4.16056, 50.38701], [-4.16045, 50.387], [-4.16037, 50.38696], [-4.1603, 50.3869], [-4.16028, 50.38685]], [[-4.16028, 50.38685], [-4.16016, 50.38679], [-4.16, 50.38674], [-4.15944, 50.38665], [-4.15903, 50.3866], [-4.15884, 50.38656], [-4.15863, 50.38651], [-4.15843, 50.38642], [-4.15828, 50.38631], [-4.15812, 50.38617], [-4.15803, 50.38608], [-4.15793, 50.38598]], [[-4.15793, 50.38598], [-4.15781, 50.38586], [-4.15776, 50.38582], [-4.15767, 50.38572], [-4.15748, 50.38561]], [[-4.15748, 50.38561], [-4.15744, 50.38559], [-4.15729, 50.38552], [-4.15712, 50.38551], [-4.15695, 50.38551], [-4.15676, 50.38553], [-4.15657, 50.38552], [-4.1565, 50.38551]], [[-4.1565, 50.38551], [-4.15634, 50.38549], [-4.15618, 50.38544]], [[-4.15618, 50.38544], [-4.15598, 50.38535], [-4.15584, 50.38527], [-4.15581, 50.38526], [-4.15565, 50.38514]], [[-4.15565, 50.38514], [-4.1556, 50.38506], [-4.15544, 50.3848], [-4.15536, 50.3846], [-4.15526, 50.38446], [-4.15516, 50.38433], [-4.15502, 50.38417], [-4.15497, 50.38413], [-4.15477, 50.38396], [-4.15469, 50.3839], [-4.15458, 50.38381]], [[-4.15458, 50.38381], [-4.15422, 50.38348]], [[-4.15422, 50.38348], [-4.15411, 50.38338], [-4.15361, 50.38289], [-4.15318, 50.38241], [-4.15294, 50.38213], [-4.15282, 50.38195], [-4.15272, 50.3818], [-4.15245, 50.38127], [-4.15225, 50.38097], [-4.15209, 50.38078], [-4.15192, 50.38061], [-4.15166, 50.38035]], [[-4.15166, 50.38035], [-4.15154, 50.38025], [-4.15134, 50.38008]], [[-4.14864, 50.37827], [-4.14887, 50.37843], [-4.14915, 50.37862], [-4.1494, 50.37879], [-4.14948, 50.37884], [-4.14963, 50.37894], [-4.14975, 50.37902], [-4.14987, 50.3791], [-4.15014, 50.37928], [-4.15109, 50.37991], [-4.15134, 50.38008]], [[-4.14864, 50.37827], [-4.14826, 50.37806], [-4.14813, 50.37798], [-4.14804, 50.37792], [-4.14797, 50.37788], [-4.14787, 50.3778], [-4.14768, 50.37769]], [[-4.14768, 50.37769], [-4.14738, 50.37768]], [[-4.14738, 50.37768], [-4.14731, 50.37768], [-4.14725, 50.37765], [-4.14721, 50.37763], [-4.14719, 50.3776]], [[-4.14719, 50.3776], [-4.14719, 50.37757]], [[-4.14719, 50.37757], [-4.14696, 50.37746], [-4.14686, 50.3774], [-4.14654, 50.37729], [-4.14644, 50.37728]], [[-4.14644, 50.37728], [-4.14588, 50.37721]], [[-4.14588, 50.37721], [-4.14574, 50.37719]], [[-4.14574, 50.37719], [-4.1456, 50.37717], [-4.14554, 50.37716], [-4.14531, 50.37712], [-4.1452, 50.37709]], [[-4.1452, 50.37709], [-4.14501, 50.37704], [-4.14449, 50.37686]], [[-4.20788, 50.40868], [-4.20452, 50.40838], [-4.20167, 50.40813], [-4.20088, 50.40806], [-4.19922, 50.40791]], [[-4.14448, 50.37685], [-4.14413, 50.37669], [-4.14394, 50.37659], [-4.14372, 50.37647], [-4.14334, 50.37622], [-4.14298, 50.37594], [-4.14282, 50.37587]], [[-4.14282, 50.37587], [-4.14276, 50.37588], [-4.1427, 50.37589]], [[-4.1427, 50.37589], [-4.14259, 50.37589], [-4.14247, 50.37588], [-4.14235, 50.37586], [-4.14223, 50.37582]], [[-4.14223, 50.37582], [-4.14213, 50.37577], [-4.14205, 50.37571], [-4.14198, 50.37564], [-4.14193, 50.37557], [-4.14191, 50.37549], [-4.1419, 50.37541], [-4.14192, 50.37533]], [[-4.14192, 50.37533], [-4.14197, 50.37525], [-4.14203, 50.37518], [-4.14211, 50.37512], [-4.14221, 50.37507], [-4.14233, 50.37503]], [[-4.14233, 50.37503], [-4.14245, 50.375]], [[-4.14245, 50.375], [-4.14254, 50.37499], [-4.14264, 50.37499], [-4.14273, 50.37499]], [[-4.14273, 50.37499], [-4.14291, 50.37495], [-4.14304, 50.37491], [-4.14333, 50.37478]], [[-4.14333, 50.37478], [-4.14346, 50.37468], [-4.14375, 50.37447], [-4.14401, 50.3743], [-4.14406, 50.37426], [-4.14432, 50.37409]], [[-4.14432, 50.37409], [-4.14441, 50.37404], [-4.14466, 50.37387], [-4.14487, 50.37375]], [[-4.14487, 50.37375], [-4.14533, 50.37351], [-4.14547, 50.37344]], [[-4.14547, 50.37344], [-4.14564, 50.37338], [-4.14571, 50.37335], [-4.14597, 50.37327]], [[-4.14597, 50.37327], [-4.14602, 50.37326], [-4.14637, 50.3732], [-4.14661, 50.37316], [-4.14679, 50.37313], [-4.14713, 50.37306], [-4.14737, 50.37297], [-4.14742, 50.37295], [-4.14766, 50.37284], [-4.14793, 50.37265], [-4.14821, 50.3724], [-4.14838, 50.37216], [-4.14843, 50.37201], [-4.14845, 50.37188], [-4.14846, 50.3718], [-4.14846, 50.37168], [-4.14845, 50.37141], [-4.14844, 50.37105], [-4.14842, 50.3708], [-4.14842, 50.37068], [-4.14843, 50.37057]], [[-4.14843, 50.37057], [-4.14843, 50.37045], [-4.14844, 50.37035]], [[-4.14844, 50.37035], [-4.14845, 50.37014]], [[-4.14845, 50.37014], [-4.14837, 50.37004], [-4.14834, 50.37001], [-4.14831, 50.36998], [-4.14828, 50.36996]], [[-4.14828, 50.36996], [-4.14821, 50.36993], [-4.14814, 50.36991]], [[-4.14814, 50.36991], [-4.14783, 50.36991], [-4.14762, 50.36991]], [[-4.14762, 50.36991], [-4.14697, 50.36992]], [[-4.14697, 50.36992], [-4.1467, 50.36994], [-4.14657, 50.36995], [-4.14651, 50.36995], [-4.14642, 50.36997], [-4.14634, 50.37]], [[-4.14697, 50.36992], [-4.1467, 50.36994], [-4.14657, 50.36995], [-4.14651, 50.36995], [-4.14642, 50.36997], [-4.14634, 50.37]], [[-4.14634, 50.37], [-4.14633, 50.37018], [-4.14632, 50.37025], [-4.14628, 50.37032], [-4.14623, 50.37037], [-4.14618, 50.37041], [-4.14611, 50.37044]], [[-4.14611, 50.37044], [-4.14603, 50.37046], [-4.14591, 50.37048], [-4.14582, 50.37048], [-4.14573, 50.37046]], [[-4.14573, 50.37046], [-4.14561, 50.37042], [-4.14553, 50.37037]], [[-4.14553, 50.37037], [-4.14529, 50.37034], [-4.14521, 50.37033]], [[-4.14521, 50.37033], [-4.14487, 50.37034], [-4.14454, 50.37035]], [[-4.14454, 50.37035], [-4.14357, 50.37037], [-4.14302, 50.37036], [-4.1428, 50.37036]], [[-4.1428, 50.37036], [-4.14241, 50.37036], [-4.14203, 50.37037]], [[-4.14203, 50.37037], [-4.14149, 50.37039], [-4.14126, 50.3704], [-4.14109, 50.3704]], [[-4.14109, 50.3704], [-4.14035, 50.37041], [-4.14031, 50.37041], [-4.14018, 50.37042]], [[-4.14018, 50.37042], [-4.13942, 50.37043], [-4.13923, 50.37043], [-4.13907, 50.37046]], [[-4.13907, 50.37046], [-4.13904, 50.37052], [-4.13898, 50.37057], [-4.13891, 50.37061], [-4.1388, 50.37065], [-4.1387, 50.37066], [-4.13857, 50.37065], [-4.13845, 50.37061]], [[-4.13845, 50.37061], [-4.1383, 50.37064], [-4.13826, 50.37066], [-4.13704, 50.37122], [-4.13671, 50.37136], [-4.13644, 50.3715], [-4.13639, 50.37154], [-4.13635, 50.37157], [-4.13632, 50.37162], [-4.13631, 50.37166], [-4.13632, 50.3717], [-4.13633, 50.37179]], [[-4.13633, 50.37179], [-4.13639, 50.37187], [-4.13643, 50.37195]], [[-4.13643, 50.37195], [-4.1364, 50.37201], [-4.13632, 50.37208], [-4.13627, 50.37211], [-4.13616, 50.37214]], [[-4.13616, 50.37214], [-4.13607, 50.37216], [-4.13603, 50.37215]], [[-4.13603, 50.37215], [-4.13585, 50.37213], [-4.13573, 50.37209], [-4.13567, 50.37206]], [[-4.13567, 50.37206], [-4.13544, 50.37186], [-4.13538, 50.37177]], [[-4.13538, 50.37177], [-4.13516, 50.37172], [-4.13515, 50.37171], [-4.135, 50.3717]], [[-4.135, 50.3717], [-4.13453, 50.37167], [-4.13364, 50.37162], [-4.13303, 50.37158], [-4.13294, 50.37157], [-4.13286, 50.37156]], [[-4.13286, 50.37156], [-4.13265, 50.37153], [-4.13256, 50.37151], [-4.13233, 50.37146]], [[-4.13233, 50.37146], [-4.13194, 50.37136]], [[-4.13194, 50.37136], [-4.13183, 50.37133], [-4.13181, 50.37132]], [[-4.13181, 50.37132], [-4.13169, 50.37129], [-4.13142, 50.37121], [-4.1311, 50.37113], [-4.13096, 50.37109]], [[-4.13096, 50.37109], [-4.13, 50.37087], [-4.12946, 50.37079]], [[-4.12946, 50.37079], [-4.12887, 50.3707]], [[-4.12887, 50.3707], [-4.12796, 50.37054], [-4.1279, 50.37053], [-4.12756, 50.37049], [-4.1275, 50.37048], [-4.12722, 50.37044], [-4.12708, 50.37042], [-4.12687, 50.37039], [-4.1268, 50.37038], [-4.12669, 50.37037], [-4.12644, 50.37034], [-4.12639, 50.37034]], [[-4.12639, 50.37034], [-4.12612, 50.37031], [-4.12601, 50.3703], [-4.1259, 50.3703], [-4.12583, 50.37031], [-4.12577, 50.37032], [-4.12561, 50.37036]], [[-4.12561, 50.37036], [-4.12548, 50.37041]], [[-4.12548, 50.37041], [-4.12542, 50.37045], [-4.12536, 50.37048], [-4.12526, 50.37051]], [[-4.12526, 50.37051], [-4.12516, 50.37052], [-4.12504, 50.37053], [-4.12491, 50.37052]], [[-4.12491, 50.37052], [-4.12472, 50.37044], [-4.12452, 50.37036]], [[-4.12452, 50.37036], [-4.12421, 50.37025]], [[-4.12421, 50.37025], [-4.12414, 50.37023], [-4.1241, 50.37022], [-4.12401, 50.37019], [-4.12393, 50.37018], [-4.12382, 50.37018]], [[-4.12382, 50.37018], [-4.12372, 50.37019], [-4.12322, 50.37028], [-4.12299, 50.37032], [-4.1224, 50.37043]], [[-4.12382, 50.37018], [-4.12372, 50.37019], [-4.12322, 50.37028], [-4.12299, 50.37032], [-4.1224, 50.37043]], [[-4.1224, 50.37043], [-4.12102, 50.37067], [-4.12086, 50.3707], [-4.11976, 50.37089], [-4.11953, 50.37094]], [[-4.11953, 50.37094], [-4.1192, 50.37099], [-4.11902, 50.37103]], [[-4.11902, 50.37103], [-4.11888, 50.37105], [-4.11875, 50.37107]], [[-4.11875, 50.37107], [-4.11849, 50.37105]], [[-4.11849, 50.37105], [-4.11842, 50.37105], [-4.11812, 50.37106]], [[-4.11812, 50.37106], [-4.11791, 50.37106], [-4.11721, 50.37105], [-4.11683, 50.37105], [-4.11651, 50.37103], [-4.1162, 50.37101], [-4.11603, 50.371], [-4.11581, 50.37097], [-4.11544, 50.37094], [-4.11517, 50.37092], [-4.11485, 50.37091], [-4.11465, 50.3709]], [[-4.11465, 50.3709], [-4.11437, 50.3709], [-4.11418, 50.37088], [-4.11411, 50.37088], [-4.114, 50.37087], [-4.11379, 50.37085]], [[-4.11379, 50.37085], [-4.11352, 50.37079], [-4.11332, 50.37074], [-4.11275, 50.37056], [-4.11272, 50.37055]], [[-4.11272, 50.37055], [-4.11239, 50.37045], [-4.11213, 50.37037], [-4.112, 50.37034], [-4.11194, 50.37032]], [[-4.11194, 50.37032], [-4.11188, 50.37031], [-4.11183, 50.37029], [-4.11167, 50.37024], [-4.11161, 50.37021], [-4.11157, 50.37019]], [[-4.11157, 50.37019], [-4.1113, 50.37005], [-4.11109, 50.36994], [-4.11065, 50.36975], [-4.11057, 50.3697], [-4.11038, 50.36961]], [[-4.11157, 50.37019], [-4.1113, 50.37005], [-4.11109, 50.36994], [-4.11065, 50.36975], [-4.11057, 50.3697], [-4.11038, 50.36961]], [[-4.11038, 50.36961], [-4.11025, 50.36955]], [[-4.11025, 50.36955], [-4.11014, 50.3695], [-4.1075, 50.36822]], [[-4.1075, 50.36822], [-4.10737, 50.36816]], [[-4.10737, 50.36816], [-4.10715, 50.36807]], [[-4.10715, 50.36807], [-4.10681, 50.36793], [-4.10631, 50.36774], [-4.10583, 50.36758], [-4.1045, 50.36715], [-4.10445, 50.36714], [-4.10441, 50.36712], [-4.10423, 50.36706], [-4.10379, 50.36693], [-4.10362, 50.36687], [-4.10345, 50.36682], [-4.10281, 50.36661], [-4.10278, 50.3666], [-4.10257, 50.36655], [-4.10229, 50.36647], [-4.10224, 50.36646], [-4.102, 50.36642], [-4.10174, 50.36641], [-4.1017, 50.36641], [-4.10157, 50.36642], [-4.10141, 50.36644]], [[-4.10141, 50.36644], [-4.10135, 50.36649], [-4.10126, 50.36651], [-4.10121, 50.36652], [-4.10116, 50.36652], [-4.10107, 50.3665]], [[-4.10107, 50.3665], [-4.101, 50.36646], [-4.10095, 50.3664], [-4.10094, 50.36634]], [[-4.10094, 50.36634], [-4.10096, 50.36629], [-4.10101, 50.36625]], [[-4.10101, 50.36625], [-4.10104, 50.36612], [-4.10105, 50.36604], [-4.10104, 50.36596], [-4.10101, 50.36583], [-4.10096, 50.36568], [-4.10092, 50.36562], [-4.10088, 50.36557]], [[-4.10088, 50.36557], [-4.10082, 50.36556], [-4.10077, 50.36554], [-4.10072, 50.36551], [-4.10069, 50.36547], [-4.10067, 50.36543]], [[-4.10067, 50.36543], [-4.10068, 50.36539], [-4.10071, 50.36534]], [[-4.10071, 50.36534], [-4.10068, 50.36528], [-4.10065, 50.36523], [-4.10059, 50.36514]], [[-4.10059, 50.36514], [-4.10049, 50.36507], [-4.10032, 50.365], [-4.10012, 50.36494], [-4.0999, 50.36488], [-4.09967, 50.36484]], [[-4.08584, 50.35582], [-4.08586, 50.35568], [-4.0859, 50.35552], [-4.08596, 50.35529], [-4.08601, 50.35512], [-4.08601, 50.35509], [-4.08606, 50.35497], [-4.08614, 50.35483], [-4.08621, 50.35473], [-4.0863, 50.35458], [-4.08632, 50.35453], [-4.08635, 50.35443], [-4.08633, 50.35434], [-4.08631, 50.35418], [-4.0863, 50.3541], [-4.08628, 50.35397], [-4.08624, 50.35384], [-4.08623, 50.35383], [-4.08621, 50.35375]], [[-4.09858, 50.35432], [-4.09841, 50.35416], [-4.09827, 50.35403], [-4.0982, 50.35397], [-4.09811, 50.3539], [-4.09803, 50.35387], [-4.09781, 50.35383], [-4.09716, 50.35377], [-4.09643, 50.3537], [-4.09597, 50.35365], [-4.09472, 50.35343], [-4.09409, 50.35331], [-4.09397, 50.35331], [-4.09387, 50.35331], [-4.09352, 50.35329], [-4.09275, 50.35324], [-4.09207, 50.35319], [-4.09144, 50.35312], [-4.09091, 50.35306], [-4.09072, 50.35306], [-4.09017, 50.35308], [-4.08968, 50.35311], [-4.08949, 50.35312], [-4.08924, 50.35317], [-4.08883, 50.35324], [-4.08759, 50.35348], [-4.08671, 50.35365], [-4.08633, 50.35372], [-4.08621, 50.35375]], [[-4.09915, 50.35414], [-4.09897, 50.35418], [-4.09881, 50.35423], [-4.09868, 50.35428], [-4.09858, 50.35432]], [[-4.10039, 50.35346], [-4.1003, 50.35355], [-4.1003, 50.35356], [-4.1001, 50.35365], [-4.09978, 50.35376], [-4.09951, 50.35387], [-4.09948, 50.35388], [-4.09927, 50.354], [-4.09919, 50.35406], [-4.09915, 50.35414]], [[-4.10087, 50.3533], [-4.10073, 50.3534], [-4.1006, 50.35344], [-4.10052, 50.35345], [-4.10039, 50.35346]], [[-4.10129, 50.35296], [-4.10124, 50.35301], [-4.10104, 50.35318], [-4.10087, 50.3533]], [[-4.10213, 50.35242], [-4.10187, 50.35249], [-4.1017, 50.35257], [-4.10156, 50.35267], [-4.10141, 50.35284], [-4.10129, 50.35295], [-4.10129, 50.35296]], [[-4.10213, 50.35242], [-4.10304, 50.35224], [-4.10338, 50.35218]], [[-4.10338, 50.35218], [-4.10347, 50.35216], [-4.1036, 50.35211], [-4.10378, 50.35212], [-4.10381, 50.35211], [-4.1039, 50.3521], [-4.10411, 50.35205], [-4.10449, 50.35197], [-4.10462, 50.35195], [-4.10492, 50.3519], [-4.1053, 50.35188], [-4.1054, 50.35188], [-4.10565, 50.35188], [-4.10589, 50.3519], [-4.10627, 50.35198], [-4.10682, 50.35213], [-4.10717, 50.35223], [-4.10744, 50.35228]], [[-4.10744, 50.35228], [-4.10763, 50.35233], [-4.108, 50.35239], [-4.10857, 50.35245], [-4.10911, 50.3525], [-4.10954, 50.35255]], [[-4.10954, 50.35255], [-4.10978, 50.35258], [-4.11006, 50.35263], [-4.11028, 50.3527], [-4.11046, 50.35276], [-4.11066, 50.35286], [-4.11081, 50.35294], [-4.11087, 50.35299], [-4.11091, 50.35302], [-4.111, 50.35311], [-4.11105, 50.35316], [-4.11114, 50.35324], [-4.11131, 50.35334], [-4.11144, 50.35338], [-4.11155, 50.35341], [-4.1118, 50.35344], [-4.11196, 50.35343]], [[-4.11196, 50.35343], [-4.11216, 50.3534], [-4.11233, 50.35335], [-4.11251, 50.35329], [-4.11255, 50.35328], [-4.11276, 50.35325], [-4.11303, 50.35324], [-4.11328, 50.35326], [-4.11339, 50.35323], [-4.11351, 50.35322], [-4.11362, 50.35323]], [[-4.11554, 50.35369], [-4.1153, 50.35358], [-4.1152, 50.35354], [-4.11498, 50.35344], [-4.11476, 50.35339], [-4.11448, 50.35332], [-4.11442, 50.35331], [-4.11423, 50.35328], [-4.11394, 50.35326], [-4.11362, 50.35323]], [[-4.1174, 50.35515], [-4.11738, 50.35505], [-4.11738, 50.35504], [-4.11732, 50.35494], [-4.11723, 50.35484], [-4.11712, 50.35472], [-4.11696, 50.35454], [-4.11679, 50.35434], [-4.11667, 50.35422], [-4.11653, 50.35414], [-4.11626, 50.35402], [-4.11585, 50.35384], [-4.11554, 50.35369]], [[-4.11757, 50.3558], [-4.11751, 50.35574], [-4.11745, 50.35567], [-4.11739, 50.35556], [-4.11736, 50.35543], [-4.11738, 50.35529], [-4.1174, 50.35515]], [[-4.11867, 50.35623], [-4.11857, 50.35623], [-4.11845, 50.35625], [-4.11832, 50.35627], [-4.1182, 50.35627], [-4.11813, 50.35625], [-4.11802, 50.35622], [-4.11795, 50.35618], [-4.11786, 50.3561], [-4.11771, 50.35593], [-4.11761, 50.35583], [-4.11757, 50.3558]], [[-4.11867, 50.35623], [-4.1188, 50.35628], [-4.11887, 50.35633], [-4.11908, 50.3566], [-4.11925, 50.35683], [-4.11929, 50.35687], [-4.11933, 50.3569], [-4.11941, 50.35694], [-4.11946, 50.35696], [-4.11955, 50.35698], [-4.11966, 50.35699]], [[-4.11966, 50.35699], [-4.12001, 50.35702]], [[-4.12001, 50.35702], [-4.12018, 50.35705], [-4.1203, 50.35707], [-4.12041, 50.3571], [-4.12051, 50.35713], [-4.12067, 50.35719]], [[-4.12067, 50.35719], [-4.1208, 50.35724], [-4.12081, 50.35724], [-4.12095, 50.35727], [-4.1211, 50.35729], [-4.12126, 50.35727]], [[-4.12126, 50.35727], [-4.12144, 50.35723], [-4.12164, 50.35716], [-4.12184, 50.35706], [-4.12193, 50.35704], [-4.12203, 50.35702], [-4.12217, 50.35703], [-4.12233, 50.35705], [-4.12246, 50.35706], [-4.12257, 50.35706], [-4.12269, 50.35706], [-4.12288, 50.35704], [-4.12311, 50.35699], [-4.12326, 50.35696], [-4.1234, 50.35695], [-4.1235, 50.35695], [-4.12369, 50.35695], [-4.12391, 50.35699], [-4.12394, 50.357], [-4.12409, 50.35703], [-4.12422, 50.35709], [-4.12439, 50.35717], [-4.12469, 50.35734], [-4.12482, 50.35742], [-4.12496, 50.35746], [-4.12507, 50.35749]], [[-4.12508, 50.35746], [-4.12511, 50.35743], [-4.12515, 50.35742], [-4.12519, 50.35741], [-4.12523, 50.35741], [-4.12527, 50.35742], [-4.12531, 50.35744], [-4.12533, 50.35746], [-4.12535, 50.35748], [-4.12535, 50.35751], [-4.12534, 50.35753], [-4.12531, 50.35756], [-4.12528, 50.35757], [-4.12524, 50.35758], [-4.1252, 50.35759], [-4.12516, 50.35758], [-4.12512, 50.35757], [-4.12509, 50.35754], [-4.12507, 50.35752], [-4.12507, 50.35749], [-4.12508, 50.35746]], [[-4.10059, 50.36514], [-4.10049, 50.36507], [-4.10032, 50.365], [-4.10012, 50.36494], [-4.0999, 50.36488], [-4.09967, 50.36484]], [[-4.09967, 50.36484], [-4.09938, 50.36484], [-4.09898, 50.36482], [-4.09843, 50.36478], [-4.09749, 50.36466], [-4.09746, 50.36466], [-4.09674, 50.36454], [-4.09655, 50.36449], [-4.09649, 50.36447], [-4.09588, 50.3642], [-4.09554, 50.36404], [-4.09496, 50.36386], [-4.09434, 50.36369], [-4.09381, 50.36355], [-4.0936, 50.36347], [-4.09327, 50.36331], [-4.09295, 50.36313], [-4.09281, 50.36302]], [[-4.09281, 50.36302], [-4.09258, 50.36282], [-4.09243, 50.3627], [-4.09187, 50.36228], [-4.09129, 50.36196], [-4.09113, 50.36189], [-4.09071, 50.36149], [-4.09057, 50.36139]], [[-4.09387, 50.35976], [-4.09379, 50.35992], [-4.09362, 50.36037], [-4.09344, 50.36057], [-4.09309, 50.36073], [-4.09187, 50.36104], [-4.09057, 50.36139]], [[-4.09387, 50.35976], [-4.09372, 50.35972], [-4.09365, 50.3597], [-4.0935, 50.35968], [-4.09345, 50.35969], [-4.0933, 50.35968], [-4.09324, 50.35968], [-4.0928, 50.35968], [-4.09261, 50.35967], [-4.09246, 50.35962], [-4.09241, 50.35959], [-4.09232, 50.35953], [-4.09222, 50.35947], [-4.09221, 50.35946], [-4.09171, 50.35914], [-4.09148, 50.35898], [-4.09132, 50.35888], [-4.09112, 50.35872], [-4.09086, 50.35854], [-4.09077, 50.35845], [-4.09068, 50.35836], [-4.09046, 50.35807], [-4.09029, 50.35781], [-4.09013, 50.35765], [-4.09003, 50.35758], [-4.08998, 50.35756], [-4.08986, 50.35751], [-4.08962, 50.35747], [-4.08935, 50.35742], [-4.08901, 50.35729], [-4.08886, 50.3572]], [[-4.08886, 50.3572], [-4.08878, 50.35715], [-4.08869, 50.35707], [-4.08862, 50.35699]], [[-4.08862, 50.35699], [-4.08854, 50.35685], [-4.08846, 50.3567], [-4.0883, 50.3565], [-4.08815, 50.35638], [-4.088, 50.35628], [-4.0878, 50.35617], [-4.08754, 50.35608], [-4.08718, 50.35597], [-4.08694, 50.35591], [-4.08661, 50.35584], [-4.08631, 50.35583], [-4.08606, 50.35582], [-4.08584, 50.35582]]]}}, {"type": "Feature", "properties": {"mode": "bus", "name": "34", "ref": "34", "operator": "Plymouth Citybus", "osm_id": 15762301}, "geometry": {"type": "MultiLineString", "coordinates": [[[-4.1529, 50.36789], [-4.15295, 50.36787]], [[-4.15295, 50.36787], [-4.15299, 50.36787], [-4.15302, 50.36787], [-4.15305, 50.36787], [-4.15309, 50.36788], [-4.15312, 50.36789], [-4.15314, 50.3679], [-4.15316, 50.36792]], [[-4.15316, 50.36792], [-4.15318, 50.36795], [-4.15318, 50.36799], [-4.15317, 50.36802]], [[-4.1534, 50.36806], [-4.15317, 50.36802]], [[-4.15354, 50.36809], [-4.1534, 50.36806]], [[-4.15371, 50.36813], [-4.15361, 50.36811], [-4.15354, 50.36809]], [[-4.15413, 50.3682], [-4.15404, 50.36819], [-4.15394, 50.36818], [-4.15386, 50.36816], [-4.15371, 50.36813]], [[-4.15486, 50.36817], [-4.15471, 50.36818], [-4.15447, 50.36819], [-4.15434, 50.36819], [-4.15423, 50.3682], [-4.15413, 50.3682]], [[-4.15503, 50.36814], [-4.15498, 50.36815], [-4.15486, 50.36817]], [[-4.15529, 50.368], [-4.15527, 50.36802], [-4.15516, 50.36808], [-4.15503, 50.36814]], [[-4.15577, 50.36775], [-4.15561, 50.36779], [-4.15554, 50.36782], [-4.15546, 50.36787], [-4.15537, 50.36793], [-4.15529, 50.368]], [[-4.15587, 50.36773], [-4.15577, 50.36775]], [[-4.15587, 50.36773], [-4.15577, 50.36775]], [[-4.15607, 50.36767], [-4.15595, 50.36771], [-4.15587, 50.36773]], [[-4.1568, 50.36749], [-4.15607, 50.36767]], [[-4.15692, 50.36746], [-4.1568, 50.36749]], [[-4.15758, 50.3673], [-4.1575, 50.36732], [-4.15737, 50.36734], [-4.1572, 50.36739], [-4.15692, 50.36746]], [[-4.15799, 50.36723], [-4.15782, 50.36726], [-4.15763, 50.36729], [-4.15758, 50.3673]], [[-4.15816, 50.36721], [-4.15799, 50.36723]], [[-4.15816, 50.36721], [-4.15799, 50.36723]], [[-4.15799, 50.36723], [-4.15782, 50.36726], [-4.15763, 50.36729], [-4.15758, 50.3673]], [[-4.15758, 50.3673], [-4.1575, 50.36732], [-4.15737, 50.36734], [-4.1572, 50.36739], [-4.15692, 50.36746]], [[-4.15692, 50.36746], [-4.1568, 50.36749]], [[-4.15841, 50.36717], [-4.15816, 50.36721]], [[-4.15916, 50.36708], [-4.159, 50.36709], [-4.1588, 50.36711], [-4.15859, 50.36714], [-4.15841, 50.36717]], [[-4.16089, 50.3673], [-4.16081, 50.36729], [-4.16073, 50.36728], [-4.16008, 50.36717], [-4.15943, 50.36709], [-4.15934, 50.36707], [-4.15927, 50.36707], [-4.15916, 50.36708]], [[-4.16089, 50.3673], [-4.16108, 50.36725], [-4.16114, 50.36724]], [[-4.16114, 50.36724], [-4.1613, 50.36721], [-4.16177, 50.36716], [-4.16193, 50.36715]], [[-4.16193, 50.36715], [-4.16215, 50.36714]], [[-4.16215, 50.36714], [-4.16205, 50.36681], [-4.16193, 50.36641]], [[-4.16193, 50.36641], [-4.1619, 50.36628], [-4.16177, 50.36583]], [[-4.16177, 50.36583], [-4.16174, 50.36571], [-4.16167, 50.3654], [-4.1615, 50.36477], [-4.1615, 50.36472], [-4.1615, 50.36466], [-4.16126, 50.36376], [-4.16119, 50.36348], [-4.16118, 50.36342], [-4.16118, 50.36335]], [[-4.16118, 50.36335], [-4.16123, 50.36331], [-4.16128, 50.36327], [-4.16148, 50.36323], [-4.16169, 50.36325], [-4.16195, 50.36326], [-4.16212, 50.36327], [-4.16221, 50.36325], [-4.16229, 50.36322]], [[-4.16229, 50.36322], [-4.16239, 50.36309]], [[-4.16239, 50.36309], [-4.16234, 50.36303], [-4.16235, 50.36297], [-4.16236, 50.36294], [-4.1624, 50.3629], [-4.16246, 50.36287], [-4.16254, 50.36285], [-4.16261, 50.36285], [-4.16266, 50.36286], [-4.16271, 50.36287], [-4.16276, 50.3629]], [[-4.16276, 50.3629], [-4.16282, 50.36296], [-4.16282, 50.36302], [-4.16281, 50.36305], [-4.16277, 50.3631], [-4.16274, 50.36312], [-4.16266, 50.36315], [-4.16256, 50.36315]], [[-4.16256, 50.36315], [-4.16243, 50.36323]], [[-4.16243, 50.36323], [-4.16245, 50.36329], [-4.1624, 50.36352], [-4.1624, 50.36355]], [[-4.1624, 50.36355], [-4.16236, 50.36371], [-4.16236, 50.36373]], [[-4.16236, 50.36373], [-4.16231, 50.36394], [-4.16227, 50.36413], [-4.16227, 50.36418]], [[-4.16227, 50.36418], [-4.16228, 50.36428], [-4.16233, 50.36461], [-4.16233, 50.36463], [-4.16244, 50.36494]], [[-4.16244, 50.36494], [-4.16261, 50.36553], [-4.16267, 50.36573]], [[-4.16267, 50.36573], [-4.16282, 50.36631]], [[-4.16282, 50.36631], [-4.16293, 50.3667], [-4.16296, 50.3668], [-4.16302, 50.36701], [-4.16302, 50.36702], [-4.16298, 50.36709]], [[-4.16298, 50.36709], [-4.16297, 50.36711], [-4.16293, 50.36719], [-4.16291, 50.36726]], [[-4.16291, 50.36726], [-4.16294, 50.36735], [-4.16295, 50.36738], [-4.16294, 50.36746], [-4.16289, 50.36751], [-4.16273, 50.36756], [-4.1626, 50.36759], [-4.16244, 50.36765], [-4.16235, 50.36778]], [[-4.16235, 50.36778], [-4.16238, 50.3679]], [[-4.16238, 50.3679], [-4.16243, 50.36808], [-4.16244, 50.36812]], [[-4.16244, 50.36812], [-4.16253, 50.36845]], [[-4.16253, 50.36845], [-4.1626, 50.36867]], [[-4.1626, 50.36867], [-4.16262, 50.36875]], [[-4.16262, 50.36875], [-4.16268, 50.36893]], [[-4.16268, 50.36893], [-4.1627, 50.36904], [-4.16272, 50.36913]], [[-4.16272, 50.36913], [-4.16275, 50.36922]], [[-4.16275, 50.36922], [-4.16278, 50.36941]], [[-4.16278, 50.36941], [-4.16281, 50.36943]], [[-4.16281, 50.36943], [-4.16293, 50.36946]], [[-4.16293, 50.36946], [-4.16307, 50.3695], [-4.16319, 50.36951], [-4.16343, 50.36952], [-4.16405, 50.36954], [-4.16485, 50.36958], [-4.16525, 50.36961]], [[-4.16525, 50.36961], [-4.16542, 50.3696]], [[-4.16542, 50.3696], [-4.16546, 50.36958], [-4.1655, 50.36958]], [[-4.1655, 50.36958], [-4.16555, 50.36958], [-4.16559, 50.3696]], [[-4.16559, 50.3696], [-4.16574, 50.36962], [-4.16584, 50.36963], [-4.16601, 50.36964], [-4.16604, 50.36965], [-4.16635, 50.36968]], [[-4.16635, 50.36968], [-4.16651, 50.36968], [-4.16666, 50.36968], [-4.16674, 50.36967]], [[-4.16674, 50.36967], [-4.167, 50.36965], [-4.16713, 50.36963], [-4.16724, 50.36961], [-4.16734, 50.36959], [-4.16744, 50.36956], [-4.16762, 50.36949], [-4.16774, 50.36944]], [[-4.16774, 50.36944], [-4.16785, 50.36939], [-4.16786, 50.36939], [-4.16789, 50.36938], [-4.16799, 50.36934], [-4.16814, 50.36931], [-4.16829, 50.36928], [-4.16837, 50.36927], [-4.16845, 50.36926], [-4.16855, 50.36926], [-4.16864, 50.36927], [-4.16874, 50.36927], [-4.16883, 50.36929], [-4.16904, 50.36932], [-4.16919, 50.36936], [-4.16931, 50.3694]], [[-4.16931, 50.3694], [-4.17049, 50.36971], [-4.17066, 50.36975], [-4.17091, 50.36981]], [[-4.17091, 50.36981], [-4.17098, 50.36983], [-4.17115, 50.36986], [-4.17129, 50.36988], [-4.17135, 50.36989], [-4.1717, 50.36994], [-4.17229, 50.37001]], [[-4.17229, 50.37001], [-4.17236, 50.37002], [-4.17246, 50.37003], [-4.17288, 50.37009], [-4.17306, 50.37012], [-4.17317, 50.37014], [-4.17352, 50.37022]], [[-4.17352, 50.37022], [-4.17358, 50.37023], [-4.17365, 50.37026], [-4.17371, 50.37029], [-4.17382, 50.37036], [-4.17393, 50.37044], [-4.17412, 50.37064], [-4.17414, 50.37066], [-4.17423, 50.37078], [-4.17432, 50.3709], [-4.17439, 50.371], [-4.1745, 50.37114], [-4.1746, 50.37129], [-4.17466, 50.37138]], [[-4.17466, 50.37138], [-4.17484, 50.37162], [-4.17487, 50.37167], [-4.17498, 50.37181]], [[-4.17498, 50.37181], [-4.17506, 50.37191], [-4.17523, 50.37218], [-4.17529, 50.37226], [-4.17531, 50.37228], [-4.17538, 50.37234], [-4.17539, 50.37235], [-4.17551, 50.37245], [-4.17567, 50.37255], [-4.17588, 50.37267]], [[-4.17588, 50.37267], [-4.17595, 50.3727], [-4.17606, 50.37276]], [[-4.17606, 50.37276], [-4.17613, 50.37279], [-4.17622, 50.37283], [-4.17652, 50.37298]], [[-4.17652, 50.37298], [-4.17667, 50.37305]], [[-4.17667, 50.37305], [-4.17677, 50.37312], [-4.17685, 50.37318], [-4.17687, 50.37319]], [[-4.17687, 50.37319], [-4.17694, 50.37325], [-4.17703, 50.37333]], [[-4.17703, 50.37333], [-4.1771, 50.37343], [-4.17713, 50.37347], [-4.17716, 50.37357], [-4.17717, 50.3736], [-4.17718, 50.37372], [-4.17718, 50.37382], [-4.17718, 50.37388], [-4.17718, 50.37412], [-4.17718, 50.37413], [-4.17718, 50.3742], [-4.17718, 50.37435], [-4.17717, 50.37461], [-4.17717, 50.37463]], [[-4.17717, 50.37463], [-4.17717, 50.37484], [-4.17717, 50.375]], [[-4.17717, 50.375], [-4.17716, 50.37502], [-4.17716, 50.37508], [-4.17716, 50.3751], [-4.17716, 50.37517], [-4.17715, 50.37526], [-4.17715, 50.37528]], [[-4.17715, 50.37528], [-4.17712, 50.37543], [-4.1771, 50.37548], [-4.17708, 50.3755]], [[-4.17708, 50.3755], [-4.17701, 50.37568], [-4.17679, 50.376], [-4.17653, 50.37636], [-4.17642, 50.3765], [-4.17637, 50.37657]], [[-4.17637, 50.37657], [-4.17635, 50.3767], [-4.17637, 50.37676], [-4.17641, 50.37682], [-4.17645, 50.37686], [-4.1765, 50.37691], [-4.17653, 50.37693], [-4.17659, 50.37699]], [[-4.17659, 50.37699], [-4.17686, 50.37699], [-4.17708, 50.37696], [-4.17772, 50.37688], [-4.17804, 50.37684]], [[-4.17804, 50.37684], [-4.17888, 50.37672], [-4.17904, 50.3767]], [[-4.17904, 50.3767], [-4.17929, 50.37666], [-4.1796, 50.37663], [-4.17969, 50.37661], [-4.1798, 50.3766]], [[-4.1798, 50.3766], [-4.17998, 50.37648], [-4.18009, 50.3764], [-4.18018, 50.37633], [-4.18027, 50.37628], [-4.18035, 50.37624], [-4.18059, 50.37618]], [[-4.18059, 50.37618], [-4.18071, 50.3762]], [[-4.18071, 50.3762], [-4.18078, 50.37622], [-4.18082, 50.37626], [-4.18087, 50.37632], [-4.18092, 50.37635], [-4.18097, 50.37637], [-4.1811, 50.37639]], [[-4.18222, 50.37625], [-4.18192, 50.37629], [-4.1811, 50.37639]], [[-4.18269, 50.37619], [-4.18265, 50.37619], [-4.18222, 50.37625]], [[-4.18269, 50.37619], [-4.18274, 50.37616], [-4.18277, 50.37614], [-4.1828, 50.37609], [-4.18281, 50.37605], [-4.18279, 50.37598], [-4.18276, 50.37592], [-4.18278, 50.37588], [-4.18285, 50.37584], [-4.18292, 50.37583], [-4.18299, 50.37584], [-4.18306, 50.37587]], [[-4.18306, 50.37587], [-4.18309, 50.3759], [-4.1831, 50.37596], [-4.1831, 50.37603], [-4.18305, 50.3761], [-4.18297, 50.37615], [-4.18288, 50.37618], [-4.18279, 50.37619]], [[-4.16243, 50.36323], [-4.16245, 50.36329], [-4.1624, 50.36352], [-4.1624, 50.36355]], [[-4.17229, 50.37001], [-4.17236, 50.37002], [-4.17246, 50.37003], [-4.17288, 50.37009], [-4.17306, 50.37012], [-4.17317, 50.37014], [-4.17352, 50.37022]], [[-4.17703, 50.37333], [-4.1771, 50.37343], [-4.17713, 50.37347], [-4.17716, 50.37357], [-4.17717, 50.3736], [-4.17718, 50.37372], [-4.17718, 50.37382], [-4.17718, 50.37388], [-4.17718, 50.37412], [-4.17718, 50.37413], [-4.17718, 50.3742], [-4.17718, 50.37435], [-4.17717, 50.37461], [-4.17717, 50.37463]], [[-4.17717, 50.37463], [-4.17717, 50.37484], [-4.17717, 50.375]], [[-4.17717, 50.375], [-4.17716, 50.37502], [-4.17716, 50.37508], [-4.17716, 50.3751], [-4.17716, 50.37517], [-4.17715, 50.37526], [-4.17715, 50.37528]], [[-4.17715, 50.37528], [-4.17712, 50.37543], [-4.1771, 50.37548], [-4.17708, 50.3755]], [[-4.17804, 50.37684], [-4.17888, 50.37672], [-4.17904, 50.3767]], [[-4.17659, 50.37699], [-4.17686, 50.37699], [-4.17708, 50.37696], [-4.17772, 50.37688], [-4.17804, 50.37684]], [[-4.17659, 50.37699], [-4.17639, 50.37702], [-4.17623, 50.37705], [-4.17617, 50.37706], [-4.17607, 50.37711]], [[-4.17607, 50.37711], [-4.17605, 50.37725], [-4.17605, 50.37742], [-4.17608, 50.37761], [-4.17609, 50.37767], [-4.17613, 50.37779]], [[-4.17613, 50.37779], [-4.17616, 50.37794], [-4.17619, 50.37804]], [[-4.17619, 50.37804], [-4.17626, 50.37832], [-4.17633, 50.37856]], [[-4.17633, 50.37856], [-4.17587, 50.37862]], [[-4.17587, 50.37862], [-4.1757, 50.37864]], [[-4.1757, 50.37864], [-4.17551, 50.37866]], [[-4.17551, 50.37866], [-4.17524, 50.37869]], [[-4.17524, 50.37869], [-4.17514, 50.3787], [-4.17488, 50.37873]], [[-4.17488, 50.37873], [-4.17474, 50.37875], [-4.17438, 50.3788], [-4.17407, 50.37883], [-4.17388, 50.37886]], [[-4.17388, 50.37886], [-4.17373, 50.37887], [-4.1737, 50.37887], [-4.17348, 50.37889], [-4.17309, 50.37894]], [[-4.17309, 50.37894], [-4.173, 50.37895]], [[-4.173, 50.37895], [-4.17291, 50.37896]], [[-4.17291, 50.37896], [-4.17256, 50.379]], [[-4.17256, 50.379], [-4.17221, 50.37904]], [[-4.17221, 50.37904], [-4.17201, 50.37907]], [[-4.17201, 50.37907], [-4.17191, 50.37908], [-4.17177, 50.37909]], [[-4.17177, 50.37909], [-4.17153, 50.37912], [-4.1714, 50.37914]], [[-4.1714, 50.37914], [-4.17053, 50.37924]], [[-4.17053, 50.37924], [-4.17048, 50.37925], [-4.17015, 50.37928], [-4.1698, 50.37933], [-4.16936, 50.37933]], [[-4.16936, 50.37933], [-4.16899, 50.37934], [-4.16897, 50.37934]], [[-4.16897, 50.37934], [-4.16863, 50.37934]], [[-4.16863, 50.37934], [-4.1684, 50.37934], [-4.16837, 50.37934], [-4.16815, 50.37934]], [[-4.16815, 50.37934], [-4.16774, 50.37935]], [[-4.16774, 50.37935], [-4.16761, 50.37935], [-4.16746, 50.37933]], [[-4.16746, 50.37933], [-4.16738, 50.37937], [-4.1672, 50.37954], [-4.16705, 50.37973]], [[-4.16705, 50.37973], [-4.16696, 50.37983], [-4.16692, 50.37988]], [[-4.16692, 50.37988], [-4.16674, 50.3801]], [[-4.16674, 50.3801], [-4.16666, 50.38019], [-4.16651, 50.3804]], [[-4.16651, 50.3804], [-4.1664, 50.38054], [-4.16633, 50.38062], [-4.16628, 50.38069], [-4.16625, 50.38073]], [[-4.16625, 50.38073], [-4.16618, 50.38082], [-4.16613, 50.3809], [-4.1661, 50.38093], [-4.16605, 50.38096], [-4.166, 50.38097], [-4.16593, 50.38098], [-4.16583, 50.38099], [-4.16564, 50.38099], [-4.16559, 50.381], [-4.16542, 50.38102], [-4.16535, 50.38105], [-4.16529, 50.38109], [-4.16526, 50.38112], [-4.16523, 50.38115], [-4.16521, 50.38118], [-4.16519, 50.3812], [-4.16516, 50.38127], [-4.1651, 50.38143], [-4.16502, 50.38161]], [[-4.16502, 50.38161], [-4.16496, 50.38174], [-4.16487, 50.38189], [-4.16474, 50.38206], [-4.16465, 50.38216]], [[-4.16465, 50.38216], [-4.16456, 50.38223]], [[-4.16456, 50.38223], [-4.16442, 50.3823], [-4.16412, 50.38239], [-4.16374, 50.38252], [-4.16356, 50.38258]], [[-4.16356, 50.38258], [-4.16339, 50.38265], [-4.16329, 50.3827], [-4.16297, 50.38291], [-4.16259, 50.38314]], [[-4.16259, 50.38314], [-4.16233, 50.38329], [-4.16197, 50.3835]], [[-4.16197, 50.3835], [-4.1618, 50.38361]], [[-4.1618, 50.38361], [-4.16171, 50.38367], [-4.16153, 50.38377]], [[-4.16153, 50.38377], [-4.16143, 50.38383], [-4.16116, 50.38399], [-4.16086, 50.38414], [-4.16051, 50.38429], [-4.1599, 50.38453]], [[-4.1599, 50.38453], [-4.15976, 50.38459], [-4.15954, 50.38467]], [[-4.15954, 50.38467], [-4.15933, 50.38475], [-4.15916, 50.38481]], [[-4.15916, 50.38481], [-4.15897, 50.38489]], [[-4.15897, 50.38489], [-4.1587, 50.38499]], [[-4.1587, 50.38499], [-4.15858, 50.38504]], [[-4.15858, 50.38504], [-4.15796, 50.38527]], [[-4.15796, 50.38527], [-4.15763, 50.38541], [-4.1575, 50.38546]], [[-4.1575, 50.38546], [-4.15729, 50.38552]], [[-4.15729, 50.38552], [-4.15691, 50.38566], [-4.15684, 50.38569], [-4.15681, 50.38571], [-4.15673, 50.38574], [-4.15666, 50.38578], [-4.15659, 50.38582], [-4.15636, 50.38597], [-4.15616, 50.3861]], [[-4.15729, 50.38552], [-4.15691, 50.38566], [-4.15684, 50.38569], [-4.15681, 50.38571], [-4.15673, 50.38574], [-4.15666, 50.38578], [-4.15659, 50.38582], [-4.15636, 50.38597], [-4.15616, 50.3861]], [[-4.1575, 50.38546], [-4.15729, 50.38552]], [[-4.15796, 50.38527], [-4.15763, 50.38541], [-4.1575, 50.38546]], [[-4.15858, 50.38504], [-4.15796, 50.38527]], [[-4.15858, 50.38504], [-4.15796, 50.38527]], [[-4.18019, 50.37655], [-4.1798, 50.3766]], [[-4.18079, 50.37646], [-4.18059, 50.3765], [-4.18029, 50.37654], [-4.18019, 50.37655]], [[-4.1811, 50.37639], [-4.18096, 50.37642], [-4.18079, 50.37646]], [[-4.18306, 50.37587], [-4.18302, 50.3759], [-4.18299, 50.37595], [-4.18296, 50.37604], [-4.18293, 50.3761], [-4.18279, 50.37619], [-4.18269, 50.37619]], [[-4.16625, 50.38073], [-4.16618, 50.38082], [-4.16613, 50.3809], [-4.1661, 50.38093], [-4.16605, 50.38096], [-4.166, 50.38097], [-4.16593, 50.38098], [-4.16583, 50.38099], [-4.16564, 50.38099], [-4.16559, 50.381], [-4.16542, 50.38102], [-4.16535, 50.38105], [-4.16529, 50.38109], [-4.16526, 50.38112], [-4.16523, 50.38115], [-4.16521, 50.38118], [-4.16519, 50.3812], [-4.16516, 50.38127], [-4.1651, 50.38143], [-4.16502, 50.38161]], [[-4.16259, 50.38314], [-4.16233, 50.38329], [-4.16197, 50.3835]], [[-4.15616, 50.3861], [-4.15606, 50.38624], [-4.15571, 50.38668]], [[-4.15571, 50.38668], [-4.15563, 50.38678], [-4.15554, 50.3869]], [[-4.15554, 50.3869], [-4.15521, 50.38729], [-4.1548, 50.38773]], [[-4.1548, 50.38773], [-4.15467, 50.38784]], [[-4.15467, 50.38784], [-4.15438, 50.38808]], [[-4.15438, 50.38808], [-4.15424, 50.38821], [-4.15395, 50.38849]], [[-4.15395, 50.38849], [-4.15376, 50.38875], [-4.15374, 50.38877]], [[-4.15374, 50.38877], [-4.15342, 50.38905]], [[-4.15342, 50.38905], [-4.15306, 50.3894]], [[-4.15306, 50.3894], [-4.15288, 50.38958]], [[-4.15288, 50.38958], [-4.15283, 50.38965], [-4.15281, 50.3897], [-4.15267, 50.38983]], [[-4.15267, 50.38983], [-4.15232, 50.39015]], [[-4.15232, 50.39015], [-4.15213, 50.39028]], [[-4.15213, 50.39028], [-4.15202, 50.39039]], [[-4.15202, 50.39039], [-4.15195, 50.39046]], [[-4.15195, 50.39046], [-4.15165, 50.39075]], [[-4.15165, 50.39075], [-4.15134, 50.39103], [-4.15086, 50.39144], [-4.15061, 50.39163]], [[-4.15061, 50.39163], [-4.1505, 50.3917], [-4.15032, 50.39182], [-4.15019, 50.3919], [-4.1494, 50.39243]], [[-4.1494, 50.39243], [-4.1492, 50.39256]], [[-4.1492, 50.39256], [-4.14866, 50.39292]], [[-4.14866, 50.39292], [-4.148, 50.39335]], [[-4.148, 50.39335], [-4.14791, 50.3934]], [[-4.14791, 50.3934], [-4.14712, 50.3939]], [[-4.14712, 50.3939], [-4.14693, 50.39403]], [[-4.14693, 50.39403], [-4.14659, 50.39427]], [[-4.14659, 50.39427], [-4.1463, 50.39446], [-4.14618, 50.39454]], [[-4.14618, 50.39454], [-4.14616, 50.39456], [-4.14611, 50.39459], [-4.14537, 50.39509]], [[-4.14537, 50.39509], [-4.14502, 50.39533], [-4.14474, 50.39552]], [[-4.14474, 50.39552], [-4.14441, 50.39575]], [[-4.14441, 50.39575], [-4.14371, 50.39624], [-4.14309, 50.3966], [-4.14308, 50.39661], [-4.14253, 50.39687], [-4.14251, 50.39688], [-4.14225, 50.397]], [[-4.14225, 50.397], [-4.14156, 50.39731]], [[-4.14156, 50.39731], [-4.14126, 50.39745], [-4.14078, 50.39767], [-4.13992, 50.39809], [-4.13968, 50.39821], [-4.13933, 50.39839], [-4.13893, 50.39861]], [[-4.13893, 50.39861], [-4.13857, 50.39879], [-4.13812, 50.39905], [-4.13778, 50.39925], [-4.1375, 50.39943]], [[-4.1375, 50.39943], [-4.13578, 50.40064]], [[-4.13578, 50.40064], [-4.13522, 50.40103], [-4.13502, 50.40117], [-4.13489, 50.40128], [-4.13477, 50.4014], [-4.13467, 50.40153], [-4.13457, 50.40166], [-4.13452, 50.40179], [-4.13447, 50.40191], [-4.13445, 50.40209]], [[-4.13445, 50.40209], [-4.13444, 50.40224], [-4.13446, 50.40239], [-4.13454, 50.403], [-4.13461, 50.40366]], [[-4.13461, 50.40366], [-4.13455, 50.40406], [-4.1345, 50.40431], [-4.13441, 50.40466], [-4.13436, 50.40485]], [[-4.13436, 50.40485], [-4.13429, 50.40505], [-4.13425, 50.40519], [-4.1342, 50.40541]], [[-4.1342, 50.40541], [-4.13418, 50.40549]], [[-4.13418, 50.40549], [-4.13415, 50.40565], [-4.13407, 50.40605], [-4.13401, 50.40675]], [[-4.15438, 50.38808], [-4.15424, 50.38821], [-4.15395, 50.38849]], [[-4.14618, 50.39454], [-4.14616, 50.39456], [-4.14611, 50.39459], [-4.14537, 50.39509]], [[-4.14441, 50.39575], [-4.14371, 50.39624], [-4.14309, 50.3966], [-4.14308, 50.39661], [-4.14253, 50.39687], [-4.14251, 50.39688], [-4.14225, 50.397]], [[-4.1375, 50.39943], [-4.13578, 50.40064]], [[-4.13461, 50.40366], [-4.13455, 50.40406], [-4.1345, 50.40431], [-4.13441, 50.40466], [-4.13436, 50.40485]], [[-4.13401, 50.40678], [-4.1339, 50.4078], [-4.1339, 50.40784], [-4.13387, 50.40808], [-4.13385, 50.40834], [-4.13381, 50.40849]], [[-4.13381, 50.40849], [-4.13373, 50.40872], [-4.13362, 50.40892]], [[-4.13362, 50.40892], [-4.13357, 50.40902], [-4.13341, 50.40923], [-4.13334, 50.40931]], [[-4.13334, 50.40931], [-4.1332, 50.40947]], [[-4.1332, 50.40947], [-4.13314, 50.40953], [-4.13281, 50.40982], [-4.13256, 50.41001], [-4.13217, 50.41028], [-4.13177, 50.41052], [-4.13116, 50.41087], [-4.13041, 50.41126]], [[-4.13041, 50.41126], [-4.13028, 50.41132]], [[-4.13028, 50.41132], [-4.12975, 50.41156], [-4.1293, 50.41177], [-4.12909, 50.41188]], [[-4.12909, 50.41188], [-4.12886, 50.41203], [-4.12871, 50.41213], [-4.12863, 50.41219]], [[-4.12863, 50.41219], [-4.12837, 50.4124], [-4.12812, 50.41262], [-4.12777, 50.41298], [-4.12762, 50.4131]], [[-4.12762, 50.4131], [-4.12753, 50.41321], [-4.12746, 50.41329]], [[-4.12746, 50.41329], [-4.12743, 50.41344], [-4.12737, 50.41358], [-4.12728, 50.41374]], [[-4.12728, 50.41374], [-4.12721, 50.41381], [-4.12713, 50.41393], [-4.12706, 50.41402]], [[-4.12679, 50.41418], [-4.12677, 50.41421], [-4.12664, 50.41437]], [[-4.12706, 50.41402], [-4.12699, 50.41408], [-4.12677, 50.41421]], [[-4.12664, 50.41437], [-4.12659, 50.41442], [-4.12643, 50.4146], [-4.1259, 50.41509], [-4.12534, 50.41552], [-4.12528, 50.41556], [-4.12514, 50.41563]], [[-4.12514, 50.41563], [-4.12485, 50.41583]], [[-4.12485, 50.41583], [-4.12483, 50.41587], [-4.12442, 50.41616], [-4.12426, 50.41629], [-4.12413, 50.41642]], [[-4.12413, 50.41642], [-4.12402, 50.41643], [-4.12386, 50.41647]], [[-4.12386, 50.41647], [-4.12361, 50.41663], [-4.12336, 50.41683], [-4.12318, 50.417], [-4.12309, 50.41708]], [[-4.12309, 50.41708], [-4.12291, 50.41724], [-4.12278, 50.41735]], [[-4.12278, 50.41735], [-4.12281, 50.41741], [-4.12282, 50.41748], [-4.12282, 50.41754], [-4.12281, 50.41759]], [[-4.12281, 50.41759], [-4.12276, 50.41767], [-4.12269, 50.41774], [-4.12262, 50.41781], [-4.12253, 50.41787], [-4.12242, 50.41794], [-4.12228, 50.418]], [[-4.12228, 50.418], [-4.12216, 50.41801]], [[-4.12216, 50.41801], [-4.12204, 50.41801], [-4.1219, 50.418], [-4.12176, 50.41798], [-4.12167, 50.41795], [-4.12151, 50.4179]], [[-4.12151, 50.4179], [-4.12145, 50.41786]], [[-4.12145, 50.41786], [-4.12119, 50.4178], [-4.12108, 50.41778], [-4.12099, 50.41777], [-4.12093, 50.41777], [-4.1208, 50.41776], [-4.12068, 50.41776], [-4.12058, 50.41777], [-4.1205, 50.41778], [-4.12041, 50.41781], [-4.12034, 50.41784], [-4.12026, 50.41788], [-4.12012, 50.41797]], [[-4.12012, 50.41797], [-4.12004, 50.41807], [-4.11997, 50.41819], [-4.11992, 50.41833], [-4.11989, 50.41845], [-4.11985, 50.41857], [-4.1198, 50.41868]], [[-4.1198, 50.41868], [-4.11979, 50.41869], [-4.11963, 50.4189], [-4.11951, 50.419], [-4.11938, 50.41907], [-4.11923, 50.41912], [-4.11906, 50.41917], [-4.11891, 50.41921], [-4.11873, 50.41922]], [[-4.11873, 50.41922], [-4.11864, 50.41922], [-4.11857, 50.41922], [-4.11848, 50.4192], [-4.11846, 50.4192], [-4.11831, 50.41916]], [[-4.11831, 50.41916], [-4.11807, 50.41907], [-4.11797, 50.41902], [-4.11787, 50.41896], [-4.1177, 50.41884], [-4.11751, 50.41872], [-4.1172, 50.41857], [-4.11687, 50.41843], [-4.11677, 50.41835], [-4.11663, 50.41828]], [[-4.11663, 50.41828], [-4.11675, 50.4181], [-4.11676, 50.41804], [-4.11675, 50.41798], [-4.11667, 50.41778], [-4.11659, 50.41765]], [[-4.11659, 50.41765], [-4.11635, 50.41735]], [[-4.11635, 50.41735], [-4.11617, 50.41727]], [[-4.11617, 50.41727], [-4.11606, 50.41723], [-4.11605, 50.41722], [-4.11599, 50.4172]], [[-4.11469, 50.41706], [-4.11486, 50.41706], [-4.11502, 50.41707], [-4.11537, 50.4171], [-4.11568, 50.41714], [-4.11574, 50.41715], [-4.11599, 50.4172]], [[-4.114, 50.41712], [-4.11421, 50.41709], [-4.1143, 50.41708], [-4.11439, 50.41707], [-4.11458, 50.41705], [-4.11469, 50.41706]], [[-4.11375, 50.41725], [-4.114, 50.41712]], [[-4.11375, 50.41725], [-4.11372, 50.41727], [-4.11365, 50.41731], [-4.11356, 50.41738], [-4.11348, 50.41746]], [[-4.11348, 50.41746], [-4.11351, 50.41749], [-4.11352, 50.41751], [-4.11356, 50.41762]], [[-4.11356, 50.41762], [-4.11357, 50.4178], [-4.11363, 50.41794]], [[-4.11369, 50.41826], [-4.11369, 50.41814], [-4.11367, 50.41805], [-4.11363, 50.41794]], [[-4.11362, 50.4186], [-4.11368, 50.41843], [-4.11369, 50.41826]], [[-4.11386, 50.4195], [-4.11366, 50.41934], [-4.11352, 50.41924], [-4.11345, 50.41917], [-4.11341, 50.4191], [-4.11343, 50.41898], [-4.11362, 50.4186]], [[-4.11421, 50.41985], [-4.1141, 50.41967], [-4.11386, 50.4195]], [[-4.11421, 50.41985], [-4.1141, 50.41967], [-4.11386, 50.4195]], [[-4.11386, 50.4195], [-4.11366, 50.41934], [-4.11352, 50.41924], [-4.11345, 50.41917], [-4.11341, 50.4191], [-4.11343, 50.41898], [-4.11362, 50.4186]], [[-4.11362, 50.4186], [-4.11368, 50.41843], [-4.11369, 50.41826]], [[-4.11369, 50.41826], [-4.11369, 50.41814], [-4.11367, 50.41805], [-4.11363, 50.41794]], [[-4.1332, 50.40947], [-4.13314, 50.40953], [-4.13281, 50.40982], [-4.13256, 50.41001], [-4.13217, 50.41028], [-4.13177, 50.41052], [-4.13116, 50.41087], [-4.13041, 50.41126]], [[-4.12386, 50.41647], [-4.12361, 50.41663], [-4.12336, 50.41683], [-4.12318, 50.417], [-4.12309, 50.41708]], [[-4.12145, 50.41786], [-4.12119, 50.4178], [-4.12108, 50.41778], [-4.12099, 50.41777], [-4.12093, 50.41777], [-4.1208, 50.41776], [-4.12068, 50.41776], [-4.12058, 50.41777], [-4.1205, 50.41778], [-4.12041, 50.41781], [-4.12034, 50.41784], [-4.12026, 50.41788], [-4.12012, 50.41797]], [[-4.11411, 50.4199], [-4.11412, 50.41989], [-4.11414, 50.41988], [-4.11415, 50.41987], [-4.11417, 50.41986], [-4.11419, 50.41986], [-4.11421, 50.41985], [-4.11423, 50.41985], [-4.11425, 50.41985], [-4.11427, 50.41986], [-4.11428, 50.41986], [-4.1143, 50.41987], [-4.11432, 50.41988], [-4.11433, 50.41988], [-4.11434, 50.41989], [-4.11435, 50.41991], [-4.11435, 50.41992], [-4.11435, 50.41993], [-4.11435, 50.41994], [-4.11435, 50.41996], [-4.11434, 50.41997], [-4.11433, 50.41998], [-4.11431, 50.41999], [-4.1143, 50.42], [-4.11428, 50.42], [-4.11426, 50.42001], [-4.11424, 50.42001], [-4.11422, 50.42001], [-4.1142, 50.42001], [-4.11418, 50.42001], [-4.11416, 50.42], [-4.11415, 50.41999], [-4.11413, 50.41999], [-4.11412, 50.41997], [-4.11411, 50.41996], [-4.1141, 50.41995], [-4.1141, 50.41994], [-4.1141, 50.41992], [-4.11411, 50.41991], [-4.11411, 50.4199]], [[-4.11415, 50.41999], [-4.11403, 50.42005], [-4.11368, 50.42022], [-4.11299, 50.42049], [-4.11247, 50.42069], [-4.11212, 50.42082]], [[-4.11427, 50.42245], [-4.1141, 50.42225], [-4.11402, 50.42219], [-4.1139, 50.42209], [-4.11364, 50.42191], [-4.11345, 50.42178], [-4.11324, 50.42164], [-4.11302, 50.42149], [-4.11285, 50.42136], [-4.11273, 50.42128], [-4.11217, 50.42086], [-4.11212, 50.42082]], [[-4.11422, 50.42283], [-4.11426, 50.42274], [-4.11429, 50.42269], [-4.11431, 50.42263], [-4.11431, 50.42259], [-4.1143, 50.42251], [-4.11427, 50.42245]], [[-4.11416, 50.42289], [-4.11422, 50.42283]], [[-4.11335, 50.42355], [-4.11335, 50.42346], [-4.11336, 50.42341], [-4.11339, 50.42336], [-4.11344, 50.4233], [-4.1135, 50.42326], [-4.11383, 50.42308], [-4.11416, 50.42289]], [[-4.11361, 50.42413], [-4.11357, 50.42396], [-4.11341, 50.42369], [-4.11335, 50.42355]], [[-4.11367, 50.42433], [-4.11364, 50.42424], [-4.11363, 50.42421], [-4.11361, 50.42413]], [[-4.11397, 50.4246], [-4.11383, 50.42454], [-4.11381, 50.42453], [-4.11371, 50.42444], [-4.11367, 50.42433]], [[-4.11397, 50.4246], [-4.11414, 50.42462]], [[-4.11414, 50.42462], [-4.11425, 50.42465], [-4.11442, 50.42469]], [[-4.11442, 50.42469], [-4.11457, 50.42481]], [[-4.11457, 50.42481], [-4.11459, 50.42498], [-4.11461, 50.42517], [-4.11462, 50.42535], [-4.1146, 50.42551], [-4.11456, 50.42568], [-4.11448, 50.42586], [-4.11441, 50.42598], [-4.11435, 50.42608]], [[-4.11435, 50.42608], [-4.11432, 50.42611], [-4.1142, 50.42626]], [[-4.1142, 50.42626], [-4.11404, 50.42642], [-4.11393, 50.42652]], [[-4.11393, 50.42652], [-4.11372, 50.42669], [-4.11349, 50.42689], [-4.11336, 50.42701], [-4.11327, 50.42711], [-4.1132, 50.42719]], [[-4.1132, 50.42719], [-4.11314, 50.42728]], [[-4.11314, 50.42728], [-4.11309, 50.42733]], [[-4.11309, 50.42733], [-4.11302, 50.42742], [-4.11295, 50.42754]], [[-4.11295, 50.42754], [-4.11284, 50.42781]], [[-4.11284, 50.42781], [-4.11267, 50.42807], [-4.11263, 50.42816], [-4.11259, 50.4282], [-4.1125, 50.42823]], [[-4.1125, 50.42823], [-4.11235, 50.42826], [-4.1123, 50.42827], [-4.11212, 50.42827]], [[-4.11212, 50.42827], [-4.11196, 50.42826], [-4.11187, 50.42825]], [[-4.11187, 50.42825], [-4.11174, 50.42818], [-4.11171, 50.42811], [-4.1117, 50.42767], [-4.1117, 50.42757], [-4.11172, 50.42752], [-4.11179, 50.42748], [-4.11187, 50.42747], [-4.11195, 50.4275]], [[-4.11195, 50.4275], [-4.11199, 50.42754], [-4.11201, 50.42759], [-4.11201, 50.42804]], [[-4.11427, 50.42245], [-4.1141, 50.42225], [-4.11402, 50.42219], [-4.1139, 50.42209], [-4.11364, 50.42191], [-4.11345, 50.42178], [-4.11324, 50.42164], [-4.11302, 50.42149], [-4.11285, 50.42136], [-4.11273, 50.42128], [-4.11217, 50.42086], [-4.11212, 50.42082]], [[-4.11435, 50.42608], [-4.11432, 50.42611], [-4.1142, 50.42626]], [[-4.11284, 50.42781], [-4.11267, 50.42807], [-4.11263, 50.42816], [-4.11259, 50.4282], [-4.1125, 50.42823]], [[-4.16936, 50.37933], [-4.16899, 50.37934], [-4.16897, 50.37934]], [[-4.17053, 50.37924], [-4.17048, 50.37925], [-4.17015, 50.37928], [-4.1698, 50.37933], [-4.16936, 50.37933]], [[-4.1714, 50.37914], [-4.17053, 50.37924]], [[-4.13949, 50.37032], [-4.13999, 50.37033], [-4.14063, 50.37032], [-4.14116, 50.37031]], [[-4.14116, 50.37031], [-4.14133, 50.37031], [-4.14193, 50.37031], [-4.14208, 50.37031]], [[-4.14208, 50.37031], [-4.14241, 50.37031], [-4.14277, 50.3703]], [[-4.14277, 50.3703], [-4.14323, 50.37028]], [[-4.14323, 50.37028], [-4.14404, 50.37027], [-4.14458, 50.37026], [-4.14507, 50.37023], [-4.1453, 50.37021], [-4.14544, 50.37019]], [[-4.14544, 50.37019], [-4.14543, 50.36991], [-4.14544, 50.36987]], [[-4.14544, 50.36987], [-4.14544, 50.36983], [-4.14548, 50.36976], [-4.14551, 50.36971], [-4.14556, 50.36967], [-4.14561, 50.36964], [-4.14569, 50.36962], [-4.14577, 50.36961], [-4.14585, 50.3696]], [[-4.14585, 50.3696], [-4.14594, 50.36961], [-4.14606, 50.36963], [-4.14615, 50.36966], [-4.14632, 50.36974]], [[-4.14632, 50.36974], [-4.14645, 50.36978], [-4.14653, 50.3698], [-4.14656, 50.36981], [-4.14664, 50.36983], [-4.14673, 50.36984], [-4.14687, 50.36984]], [[-4.14687, 50.36984], [-4.14814, 50.36979]], [[-4.14814, 50.36979], [-4.14824, 50.36975], [-4.14827, 50.36972], [-4.14833, 50.36969], [-4.14836, 50.36967], [-4.14842, 50.36958]], [[-4.14842, 50.36958], [-4.14837, 50.3694], [-4.14832, 50.36918], [-4.14827, 50.36904], [-4.14826, 50.36901], [-4.1482, 50.36889], [-4.14816, 50.36884], [-4.14808, 50.36875]], [[-4.14808, 50.36875], [-4.14794, 50.36865]], [[-4.14827, 50.36851], [-4.14801, 50.36862], [-4.14794, 50.36865]], [[-4.14845, 50.36845], [-4.14837, 50.36848], [-4.14827, 50.36851]], [[-4.14854, 50.36842], [-4.14845, 50.36845]], [[-4.14897, 50.36828], [-4.14854, 50.36842]], [[-4.14934, 50.36816], [-4.14897, 50.36828]], [[-4.14976, 50.36802], [-4.14971, 50.36803], [-4.14942, 50.36813], [-4.14934, 50.36816]], [[-4.14991, 50.36797], [-4.14976, 50.36802]], [[-4.14991, 50.36797], [-4.15031, 50.36775]], [[-4.15031, 50.36775], [-4.15033, 50.36773]], [[-4.15033, 50.36773], [-4.15037, 50.36771], [-4.15042, 50.3677], [-4.15047, 50.36771], [-4.15052, 50.36772]], [[-4.15052, 50.36772], [-4.15056, 50.36775]], [[-4.15258, 50.36793], [-4.15266, 50.36793], [-4.15276, 50.36792], [-4.15283, 50.3679], [-4.1529, 50.36789]], [[-4.15258, 50.36793], [-4.15253, 50.36793], [-4.15252, 50.36793], [-4.15213, 50.36789]], [[-4.15213, 50.36789], [-4.15203, 50.36788], [-4.15193, 50.36787], [-4.15183, 50.36785]], [[-4.15183, 50.36785], [-4.15168, 50.36784]], [[-4.15056, 50.36775], [-4.15065, 50.36776], [-4.15072, 50.36777]], [[-4.15072, 50.36777], [-4.15089, 50.36778]], [[-4.15168, 50.36784], [-4.1514, 50.36781], [-4.15125, 50.36779], [-4.15103, 50.36778], [-4.15089, 50.36778]], [[-4.15258, 50.36793], [-4.15266, 50.36793], [-4.15276, 50.36792], [-4.15283, 50.3679], [-4.1529, 50.36789]], [[-4.14854, 50.36842], [-4.14845, 50.36845]], [[-4.14845, 50.36845], [-4.14837, 50.36848], [-4.14827, 50.36851]], [[-4.15056, 50.36775], [-4.15065, 50.36776], [-4.15072, 50.36777]], [[-4.15072, 50.36777], [-4.15089, 50.36778]], [[-4.15168, 50.36784], [-4.1514, 50.36781], [-4.15125, 50.36779], [-4.15103, 50.36778], [-4.15089, 50.36778]], [[-4.15052, 50.36772], [-4.15056, 50.36775]], [[-4.15033, 50.36773], [-4.15037, 50.36771], [-4.15042, 50.3677], [-4.15047, 50.36771], [-4.15052, 50.36772]], [[-4.15031, 50.36775], [-4.15033, 50.36773]], [[-4.14991, 50.36797], [-4.15031, 50.36775]], [[-4.14897, 50.36828], [-4.14854, 50.36842]], [[-4.14632, 50.36974], [-4.14645, 50.36978], [-4.14653, 50.3698], [-4.14656, 50.36981], [-4.14664, 50.36983], [-4.14673, 50.36984], [-4.14687, 50.36984]], [[-4.14585, 50.3696], [-4.14594, 50.36961], [-4.14606, 50.36963], [-4.14615, 50.36966], [-4.14632, 50.36974]], [[-4.14544, 50.36987], [-4.14544, 50.36983], [-4.14548, 50.36976], [-4.14551, 50.36971], [-4.14556, 50.36967], [-4.14561, 50.36964], [-4.14569, 50.36962], [-4.14577, 50.36961], [-4.14585, 50.3696]], [[-4.14544, 50.37019], [-4.14543, 50.36991], [-4.14544, 50.36987]], [[-4.14323, 50.37028], [-4.14404, 50.37027], [-4.14458, 50.37026], [-4.14507, 50.37023], [-4.1453, 50.37021], [-4.14544, 50.37019]], [[-4.14277, 50.3703], [-4.14323, 50.37028]], [[-4.14277, 50.3703], [-4.14323, 50.37028]]]}}, {"type": "Feature", "properties": {"mode": "bus", "name": "34", "ref": "34", "operator": "Plymouth Citybus", "osm_id": 15762302}, "geometry": {"type": "MultiLineString", "coordinates": [[[-4.11201, 50.42804], [-4.1121, 50.42808], [-4.11216, 50.42811], [-4.11223, 50.42812], [-4.1123, 50.42813], [-4.11238, 50.4281], [-4.11245, 50.42804], [-4.11257, 50.4279]], [[-4.11201, 50.42804], [-4.1121, 50.42808], [-4.11216, 50.42811], [-4.11223, 50.42812], [-4.1123, 50.42813], [-4.11238, 50.4281], [-4.11245, 50.42804], [-4.11257, 50.4279]], [[-4.11257, 50.4279], [-4.11259, 50.42781]], [[-4.11259, 50.42781], [-4.11265, 50.42766], [-4.11277, 50.42736], [-4.11283, 50.42727]], [[-4.11283, 50.42727], [-4.11288, 50.4272]], [[-4.11288, 50.4272], [-4.11295, 50.42712]], [[-4.11295, 50.42712], [-4.11309, 50.42694], [-4.11313, 50.4269]], [[-4.11313, 50.4269], [-4.11326, 50.42679], [-4.1135, 50.42664], [-4.11369, 50.42653], [-4.11388, 50.42639], [-4.11407, 50.42622], [-4.11421, 50.42602], [-4.11429, 50.4259], [-4.11436, 50.42575], [-4.11443, 50.42555], [-4.11445, 50.42544], [-4.11446, 50.42531], [-4.11445, 50.42515], [-4.11441, 50.42484]], [[-4.11441, 50.42484], [-4.11435, 50.42475], [-4.11425, 50.42471], [-4.11413, 50.42466], [-4.11397, 50.4246]], [[-4.11397, 50.4246], [-4.11383, 50.42454], [-4.11381, 50.42453], [-4.11371, 50.42444], [-4.11367, 50.42433]], [[-4.11367, 50.42433], [-4.11364, 50.42424], [-4.11363, 50.42421], [-4.11361, 50.42413]], [[-4.11361, 50.42413], [-4.11357, 50.42396], [-4.11341, 50.42369], [-4.11335, 50.42355]], [[-4.11335, 50.42355], [-4.11335, 50.42346], [-4.11336, 50.42341], [-4.11339, 50.42336], [-4.11344, 50.4233], [-4.1135, 50.42326], [-4.11383, 50.42308], [-4.11416, 50.42289]], [[-4.11416, 50.42289], [-4.11422, 50.42283]], [[-4.11422, 50.42283], [-4.11426, 50.42274], [-4.11429, 50.42269], [-4.11431, 50.42263], [-4.11431, 50.42259], [-4.1143, 50.42251], [-4.11427, 50.42245]], [[-4.11427, 50.42245], [-4.1141, 50.42225], [-4.11402, 50.42219], [-4.1139, 50.42209], [-4.11364, 50.42191], [-4.11345, 50.42178], [-4.11324, 50.42164], [-4.11302, 50.42149], [-4.11285, 50.42136], [-4.11273, 50.42128], [-4.11217, 50.42086], [-4.11212, 50.42082]], [[-4.11415, 50.41999], [-4.11403, 50.42005], [-4.11368, 50.42022], [-4.11299, 50.42049], [-4.11247, 50.42069], [-4.11212, 50.42082]], [[-4.11415, 50.41999], [-4.11403, 50.42005], [-4.11368, 50.42022], [-4.11299, 50.42049], [-4.11247, 50.42069], [-4.11212, 50.42082]], [[-4.11427, 50.42245], [-4.1141, 50.42225], [-4.11402, 50.42219], [-4.1139, 50.42209], [-4.11364, 50.42191], [-4.11345, 50.42178], [-4.11324, 50.42164], [-4.11302, 50.42149], [-4.11285, 50.42136], [-4.11273, 50.42128], [-4.11217, 50.42086], [-4.11212, 50.42082]], [[-4.11427, 50.42245], [-4.1141, 50.42225], [-4.11402, 50.42219], [-4.1139, 50.42209], [-4.11364, 50.42191], [-4.11345, 50.42178], [-4.11324, 50.42164], [-4.11302, 50.42149], [-4.11285, 50.42136], [-4.11273, 50.42128], [-4.11217, 50.42086], [-4.11212, 50.42082]], [[-4.11288, 50.4272], [-4.11295, 50.42712]], [[-4.11313, 50.4269], [-4.11326, 50.42679], [-4.1135, 50.42664], [-4.11369, 50.42653], [-4.11388, 50.42639], [-4.11407, 50.42622], [-4.11421, 50.42602], [-4.11429, 50.4259], [-4.11436, 50.42575], [-4.11443, 50.42555], [-4.11445, 50.42544], [-4.11446, 50.42531], [-4.11445, 50.42515], [-4.11441, 50.42484]], [[-4.11367, 50.42433], [-4.11364, 50.42424], [-4.11363, 50.42421], [-4.11361, 50.42413]], [[-4.11361, 50.42413], [-4.11357, 50.42396], [-4.11341, 50.42369], [-4.11335, 50.42355]], [[-4.11335, 50.42355], [-4.11335, 50.42346], [-4.11336, 50.42341], [-4.11339, 50.42336], [-4.11344, 50.4233], [-4.1135, 50.42326], [-4.11383, 50.42308], [-4.11416, 50.42289]], [[-4.11411, 50.4199], [-4.11412, 50.41989], [-4.11414, 50.41988], [-4.11415, 50.41987], [-4.11417, 50.41986], [-4.11419, 50.41986], [-4.11421, 50.41985], [-4.11423, 50.41985], [-4.11425, 50.41985], [-4.11427, 50.41986], [-4.11428, 50.41986], [-4.1143, 50.41987], [-4.11432, 50.41988], [-4.11433, 50.41988], [-4.11434, 50.41989], [-4.11435, 50.41991], [-4.11435, 50.41992], [-4.11435, 50.41993], [-4.11435, 50.41994], [-4.11435, 50.41996], [-4.11434, 50.41997], [-4.11433, 50.41998], [-4.11431, 50.41999], [-4.1143, 50.42], [-4.11428, 50.42], [-4.11426, 50.42001], [-4.11424, 50.42001], [-4.11422, 50.42001], [-4.1142, 50.42001], [-4.11418, 50.42001], [-4.11416, 50.42], [-4.11415, 50.41999], [-4.11413, 50.41999], [-4.11412, 50.41997], [-4.11411, 50.41996], [-4.1141, 50.41995], [-4.1141, 50.41994], [-4.1141, 50.41992], [-4.11411, 50.41991], [-4.11411, 50.4199]], [[-4.11421, 50.41985], [-4.1141, 50.41967], [-4.11386, 50.4195]], [[-4.11386, 50.4195], [-4.11366, 50.41934], [-4.11352, 50.41924], [-4.11345, 50.41917], [-4.11341, 50.4191], [-4.11343, 50.41898], [-4.11362, 50.4186]], [[-4.11421, 50.41985], [-4.1141, 50.41967], [-4.11386, 50.4195]], [[-4.11386, 50.4195], [-4.11366, 50.41934], [-4.11352, 50.41924], [-4.11345, 50.41917], [-4.11341, 50.4191], [-4.11343, 50.41898], [-4.11362, 50.4186]], [[-4.11362, 50.4186], [-4.11368, 50.41843], [-4.11369, 50.41826]], [[-4.11369, 50.41826], [-4.11369, 50.41814], [-4.11367, 50.41805], [-4.11363, 50.41794]], [[-4.11356, 50.41762], [-4.11357, 50.4178], [-4.11363, 50.41794]], [[-4.11348, 50.41746], [-4.11351, 50.41749], [-4.11352, 50.41751], [-4.11356, 50.41762]], [[-4.11375, 50.41725], [-4.11372, 50.41727], [-4.11365, 50.41731], [-4.11356, 50.41738], [-4.11348, 50.41746]], [[-4.11375, 50.41725], [-4.114, 50.41712]], [[-4.114, 50.41712], [-4.11421, 50.41709], [-4.1143, 50.41708], [-4.11439, 50.41707], [-4.11458, 50.41705], [-4.11469, 50.41706]], [[-4.11469, 50.41706], [-4.11486, 50.41706], [-4.11502, 50.41707], [-4.11537, 50.4171], [-4.11568, 50.41714], [-4.11574, 50.41715], [-4.11599, 50.4172]], [[-4.11617, 50.41727], [-4.11606, 50.41723], [-4.11605, 50.41722], [-4.11599, 50.4172]], [[-4.11635, 50.41735], [-4.11617, 50.41727]], [[-4.11659, 50.41765], [-4.11635, 50.41735]], [[-4.11663, 50.41828], [-4.11675, 50.4181], [-4.11676, 50.41804], [-4.11675, 50.41798], [-4.11667, 50.41778], [-4.11659, 50.41765]], [[-4.11831, 50.41916], [-4.11807, 50.41907], [-4.11797, 50.41902], [-4.11787, 50.41896], [-4.1177, 50.41884], [-4.11751, 50.41872], [-4.1172, 50.41857], [-4.11687, 50.41843], [-4.11677, 50.41835], [-4.11663, 50.41828]], [[-4.11873, 50.41922], [-4.11864, 50.41922], [-4.11857, 50.41922], [-4.11848, 50.4192], [-4.11846, 50.4192], [-4.11831, 50.41916]], [[-4.1198, 50.41868], [-4.11979, 50.41869], [-4.11963, 50.4189], [-4.11951, 50.419], [-4.11938, 50.41907], [-4.11923, 50.41912], [-4.11906, 50.41917], [-4.11891, 50.41921], [-4.11873, 50.41922]], [[-4.12012, 50.41797], [-4.12004, 50.41807], [-4.11997, 50.41819], [-4.11992, 50.41833], [-4.11989, 50.41845], [-4.11985, 50.41857], [-4.1198, 50.41868]], [[-4.12012, 50.41797], [-4.1202, 50.41789], [-4.12031, 50.41782], [-4.12039, 50.41778], [-4.12048, 50.41774]], [[-4.12048, 50.41774], [-4.12057, 50.41771], [-4.12068, 50.41769], [-4.12085, 50.41766], [-4.12093, 50.41764], [-4.12102, 50.4176], [-4.12118, 50.41753], [-4.12125, 50.41748]], [[-4.12125, 50.41748], [-4.12133, 50.41735], [-4.1214, 50.41728], [-4.1215, 50.41722], [-4.12162, 50.41716], [-4.12166, 50.41714], [-4.122, 50.41706]], [[-4.122, 50.41706], [-4.12206, 50.41705]], [[-4.12206, 50.41705], [-4.12233, 50.41696], [-4.12244, 50.41693], [-4.12257, 50.41688], [-4.12271, 50.41682]], [[-4.12271, 50.41682], [-4.12314, 50.4166], [-4.12358, 50.41637], [-4.12397, 50.41617], [-4.12447, 50.41588], [-4.12475, 50.41572], [-4.12504, 50.41554]], [[-4.12504, 50.41554], [-4.12513, 50.41549], [-4.12534, 50.41534], [-4.12563, 50.41509], [-4.12614, 50.41469], [-4.12633, 50.41451]], [[-4.12633, 50.41451], [-4.12659, 50.4142], [-4.12676, 50.41392], [-4.12678, 50.41389], [-4.12684, 50.4138]], [[-4.12684, 50.4138], [-4.12688, 50.41373]], [[-4.12688, 50.41373], [-4.1271, 50.41337]], [[-4.1271, 50.41337], [-4.12719, 50.41323], [-4.12742, 50.41288], [-4.12767, 50.41252]], [[-4.12767, 50.41252], [-4.12783, 50.41233], [-4.12801, 50.4122], [-4.12815, 50.41211], [-4.12836, 50.41199]], [[-4.12836, 50.41199], [-4.12866, 50.41185], [-4.12899, 50.4117]], [[-4.12899, 50.4117], [-4.12942, 50.41153]], [[-4.12942, 50.41153], [-4.1295, 50.4115], [-4.13008, 50.41124]], [[-4.13008, 50.41124], [-4.13072, 50.41096], [-4.13079, 50.41093], [-4.13099, 50.41083]], [[-4.13008, 50.41124], [-4.13072, 50.41096], [-4.13079, 50.41093], [-4.13099, 50.41083]], [[-4.12942, 50.41153], [-4.1295, 50.4115], [-4.13008, 50.41124]], [[-4.11663, 50.41828], [-4.11675, 50.4181], [-4.11676, 50.41804], [-4.11675, 50.41798], [-4.11667, 50.41778], [-4.11659, 50.41765]], [[-4.12206, 50.41705], [-4.12233, 50.41696], [-4.12244, 50.41693], [-4.12257, 50.41688], [-4.12271, 50.41682]], [[-4.12504, 50.41554], [-4.12513, 50.41549], [-4.12534, 50.41534], [-4.12563, 50.41509], [-4.12614, 50.41469], [-4.12633, 50.41451]], [[-4.12836, 50.41199], [-4.12866, 50.41185], [-4.12899, 50.4117]], [[-4.13099, 50.41083], [-4.13125, 50.4107], [-4.13165, 50.41049]], [[-4.13165, 50.41049], [-4.1317, 50.41046], [-4.1323, 50.41006], [-4.13253, 50.4099], [-4.13276, 50.40971], [-4.13293, 50.40956], [-4.13308, 50.40941], [-4.13322, 50.40927], [-4.13332, 50.40912], [-4.13353, 50.40876], [-4.13359, 50.40858]], [[-4.13359, 50.40858], [-4.13365, 50.40842], [-4.13368, 50.40829]], [[-4.13368, 50.40829], [-4.13371, 50.40811], [-4.13374, 50.40784]], [[-4.13374, 50.40784], [-4.13375, 50.40766]], [[-4.13375, 50.40766], [-4.13378, 50.40736]], [[-4.13378, 50.40736], [-4.13382, 50.40685], [-4.13384, 50.40673]], [[-4.13384, 50.40673], [-4.13386, 50.40651]], [[-4.13386, 50.40651], [-4.13396, 50.406]], [[-4.13396, 50.406], [-4.13406, 50.40564], [-4.13413, 50.40538]], [[-4.13413, 50.40538], [-4.13416, 50.40522], [-4.13421, 50.40504], [-4.13429, 50.40464], [-4.13436, 50.40435]], [[-4.13436, 50.40435], [-4.13437, 50.40429], [-4.13444, 50.4038]], [[-4.13444, 50.4038], [-4.13447, 50.40351], [-4.13446, 50.40322], [-4.13443, 50.40296], [-4.13439, 50.40271], [-4.13436, 50.40244]], [[-4.13436, 50.40244], [-4.13433, 50.40218], [-4.13436, 50.40197], [-4.1344, 50.40181], [-4.13448, 50.40165], [-4.13455, 50.40152], [-4.13477, 50.40128], [-4.13495, 50.40112], [-4.13535, 50.40083], [-4.13563, 50.40063]], [[-4.13563, 50.40063], [-4.13585, 50.40047], [-4.13745, 50.39937]], [[-4.13745, 50.39937], [-4.138, 50.399], [-4.13848, 50.39872], [-4.1391, 50.39839]], [[-4.1391, 50.39839], [-4.13917, 50.39834], [-4.13964, 50.39811]], [[-4.13964, 50.39811], [-4.1407, 50.39758], [-4.14104, 50.39741], [-4.14122, 50.39733], [-4.14146, 50.39722]], [[-4.14146, 50.39722], [-4.14153, 50.39719], [-4.14168, 50.39713]], [[-4.14168, 50.39713], [-4.1419, 50.39703], [-4.14215, 50.39692]], [[-4.14215, 50.39692], [-4.14242, 50.39681], [-4.14256, 50.39673], [-4.14295, 50.39653], [-4.14358, 50.39615]], [[-4.14358, 50.39615], [-4.1436, 50.39614], [-4.14386, 50.39596], [-4.14413, 50.39578], [-4.14429, 50.39567]], [[-4.14429, 50.39567], [-4.14474, 50.39538]], [[-4.14474, 50.39538], [-4.14482, 50.39532]], [[-4.14482, 50.39532], [-4.14525, 50.39504], [-4.14564, 50.39479]], [[-4.14564, 50.39479], [-4.14575, 50.39471]], [[-4.14575, 50.39471], [-4.14606, 50.39451], [-4.14613, 50.39447]], [[-4.14613, 50.39447], [-4.14627, 50.39439], [-4.14663, 50.39419], [-4.14693, 50.39403]], [[-4.14712, 50.3939], [-4.14693, 50.39403]], [[-4.14791, 50.3934], [-4.14712, 50.3939]], [[-4.148, 50.39335], [-4.14791, 50.3934]], [[-4.14866, 50.39292], [-4.148, 50.39335]], [[-4.1492, 50.39256], [-4.14866, 50.39292]], [[-4.1494, 50.39243], [-4.1492, 50.39256]], [[-4.15061, 50.39163], [-4.1505, 50.3917], [-4.15032, 50.39182], [-4.15019, 50.3919], [-4.1494, 50.39243]], [[-4.15165, 50.39075], [-4.15134, 50.39103], [-4.15086, 50.39144], [-4.15061, 50.39163]], [[-4.15195, 50.39046], [-4.15165, 50.39075]], [[-4.15202, 50.39039], [-4.15195, 50.39046]], [[-4.15213, 50.39028], [-4.15202, 50.39039]], [[-4.15213, 50.39028], [-4.15225, 50.39012], [-4.15258, 50.3898]], [[-4.15258, 50.3898], [-4.15259, 50.38979], [-4.1526, 50.38978], [-4.15273, 50.38966], [-4.15278, 50.38963], [-4.15288, 50.38958]], [[-4.15306, 50.3894], [-4.15288, 50.38958]], [[-4.15342, 50.38905], [-4.15306, 50.3894]], [[-4.15342, 50.38905], [-4.15366, 50.38875]], [[-4.15366, 50.38875], [-4.15395, 50.38849]], [[-4.15438, 50.38808], [-4.15424, 50.38821], [-4.15395, 50.38849]], [[-4.15438, 50.38808], [-4.1547, 50.38769]], [[-4.1547, 50.38769], [-4.15509, 50.38726], [-4.1554, 50.38687], [-4.15544, 50.38679], [-4.15551, 50.38668]], [[-4.15551, 50.38668], [-4.15555, 50.38662], [-4.15559, 50.38654]], [[-4.15559, 50.38654], [-4.15562, 50.38648]], [[-4.15562, 50.38648], [-4.15583, 50.38614], [-4.15592, 50.3859], [-4.15596, 50.38578], [-4.15602, 50.38566], [-4.1561, 50.38553], [-4.15612, 50.3855], [-4.15614, 50.38547], [-4.15618, 50.38544]], [[-4.15618, 50.38544], [-4.1563, 50.38537], [-4.15642, 50.38533]], [[-4.15642, 50.38533], [-4.15649, 50.38531], [-4.15653, 50.3853], [-4.15661, 50.38529], [-4.15676, 50.38528], [-4.15693, 50.38528]], [[-4.15693, 50.38528], [-4.15707, 50.38531], [-4.15726, 50.38537], [-4.15729, 50.38538]], [[-4.15726, 50.38537], [-4.1575, 50.38534]], [[-4.1575, 50.38534], [-4.15768, 50.38532], [-4.15793, 50.38528], [-4.15796, 50.38527]], [[-4.15858, 50.38504], [-4.15796, 50.38527]], [[-4.1587, 50.38499], [-4.15858, 50.38504]], [[-4.15897, 50.38489], [-4.1587, 50.38499]], [[-4.15916, 50.38481], [-4.15897, 50.38489]], [[-4.15954, 50.38467], [-4.15933, 50.38475], [-4.15916, 50.38481]], [[-4.1599, 50.38453], [-4.15976, 50.38459], [-4.15954, 50.38467]], [[-4.16153, 50.38377], [-4.16143, 50.38383], [-4.16116, 50.38399], [-4.16086, 50.38414], [-4.16051, 50.38429], [-4.1599, 50.38453]], [[-4.1618, 50.38361], [-4.16171, 50.38367], [-4.16153, 50.38377]], [[-4.16197, 50.3835], [-4.1618, 50.38361]], [[-4.16259, 50.38314], [-4.16233, 50.38329], [-4.16197, 50.3835]], [[-4.16356, 50.38258], [-4.16339, 50.38265], [-4.16329, 50.3827], [-4.16297, 50.38291], [-4.16259, 50.38314]], [[-4.16456, 50.38223], [-4.16442, 50.3823], [-4.16412, 50.38239], [-4.16374, 50.38252], [-4.16356, 50.38258]], [[-4.16465, 50.38216], [-4.16456, 50.38223]], [[-4.16502, 50.38161], [-4.16496, 50.38174], [-4.16487, 50.38189], [-4.16474, 50.38206], [-4.16465, 50.38216]], [[-4.16625, 50.38073], [-4.16618, 50.38082], [-4.16613, 50.3809], [-4.1661, 50.38093], [-4.16605, 50.38096], [-4.166, 50.38097], [-4.16593, 50.38098], [-4.16583, 50.38099], [-4.16564, 50.38099], [-4.16559, 50.381], [-4.16542, 50.38102], [-4.16535, 50.38105], [-4.16529, 50.38109], [-4.16526, 50.38112], [-4.16523, 50.38115], [-4.16521, 50.38118], [-4.16519, 50.3812], [-4.16516, 50.38127], [-4.1651, 50.38143], [-4.16502, 50.38161]], [[-4.16651, 50.3804], [-4.1664, 50.38054], [-4.16633, 50.38062], [-4.16628, 50.38069], [-4.16625, 50.38073]], [[-4.16674, 50.3801], [-4.16666, 50.38019], [-4.16651, 50.3804]], [[-4.16692, 50.37988], [-4.16674, 50.3801]], [[-4.16705, 50.37973], [-4.16696, 50.37983], [-4.16692, 50.37988]], [[-4.16746, 50.37933], [-4.16738, 50.37937], [-4.1672, 50.37954], [-4.16705, 50.37973]], [[-4.16774, 50.37935], [-4.16761, 50.37935], [-4.16746, 50.37933]], [[-4.16815, 50.37934], [-4.16774, 50.37935]], [[-4.16863, 50.37934], [-4.1684, 50.37934], [-4.16837, 50.37934], [-4.16815, 50.37934]], [[-4.16897, 50.37934], [-4.16863, 50.37934]], [[-4.16936, 50.37933], [-4.16899, 50.37934], [-4.16897, 50.37934]], [[-4.17053, 50.37924], [-4.17048, 50.37925], [-4.17015, 50.37928], [-4.1698, 50.37933], [-4.16936, 50.37933]], [[-4.1714, 50.37914], [-4.17053, 50.37924]], [[-4.17177, 50.37909], [-4.17153, 50.37912], [-4.1714, 50.37914]], [[-4.17201, 50.37907], [-4.17191, 50.37908], [-4.17177, 50.37909]], [[-4.17221, 50.37904], [-4.17201, 50.37907]], [[-4.17256, 50.379], [-4.17221, 50.37904]], [[-4.17291, 50.37896], [-4.17256, 50.379]], [[-4.173, 50.37895], [-4.17291, 50.37896]], [[-4.17309, 50.37894], [-4.173, 50.37895]], [[-4.17388, 50.37886], [-4.17373, 50.37887], [-4.1737, 50.37887], [-4.17348, 50.37889], [-4.17309, 50.37894]], [[-4.17488, 50.37873], [-4.17474, 50.37875], [-4.17438, 50.3788], [-4.17407, 50.37883], [-4.17388, 50.37886]], [[-4.17524, 50.37869], [-4.17514, 50.3787], [-4.17488, 50.37873]], [[-4.17551, 50.37866], [-4.17524, 50.37869]], [[-4.1757, 50.37864], [-4.17551, 50.37866]], [[-4.17587, 50.37862], [-4.1757, 50.37864]], [[-4.17633, 50.37856], [-4.17587, 50.37862]], [[-4.17619, 50.37804], [-4.17626, 50.37832], [-4.17633, 50.37856]], [[-4.17613, 50.37779], [-4.17616, 50.37794], [-4.17619, 50.37804]], [[-4.17607, 50.37711], [-4.17605, 50.37725], [-4.17605, 50.37742], [-4.17608, 50.37761], [-4.17609, 50.37767], [-4.17613, 50.37779]], [[-4.17615, 50.37693], [-4.17607, 50.37711]], [[-4.17615, 50.37693], [-4.17631, 50.37696], [-4.1764, 50.37698], [-4.17651, 50.37698], [-4.17659, 50.37699]], [[-4.17659, 50.37699], [-4.17686, 50.37699], [-4.17708, 50.37696], [-4.17772, 50.37688], [-4.17804, 50.37684]], [[-4.17804, 50.37684], [-4.17888, 50.37672], [-4.17904, 50.3767]], [[-4.17904, 50.3767], [-4.17929, 50.37666], [-4.1796, 50.37663], [-4.17969, 50.37661], [-4.1798, 50.3766]], [[-4.1798, 50.3766], [-4.17998, 50.37648], [-4.18009, 50.3764], [-4.18018, 50.37633], [-4.18027, 50.37628], [-4.18035, 50.37624], [-4.18059, 50.37618]], [[-4.18059, 50.37618], [-4.18071, 50.3762]], [[-4.18071, 50.3762], [-4.18078, 50.37622], [-4.18082, 50.37626], [-4.18087, 50.37632], [-4.18092, 50.37635], [-4.18097, 50.37637], [-4.1811, 50.37639]], [[-4.1811, 50.37639], [-4.18096, 50.37642], [-4.18079, 50.37646]], [[-4.18079, 50.37646], [-4.18059, 50.3765], [-4.18029, 50.37654], [-4.18019, 50.37655]], [[-4.18019, 50.37655], [-4.1798, 50.3766]], [[-4.17626, 50.37675], [-4.17621, 50.37682], [-4.17615, 50.37693]], [[-4.18222, 50.37625], [-4.18192, 50.37629], [-4.1811, 50.37639]], [[-4.18269, 50.37619], [-4.18265, 50.37619], [-4.18222, 50.37625]], [[-4.18269, 50.37619], [-4.18274, 50.37616], [-4.18277, 50.37614], [-4.1828, 50.37609], [-4.18281, 50.37605], [-4.18279, 50.37598], [-4.18276, 50.37592], [-4.18278, 50.37588], [-4.18285, 50.37584], [-4.18292, 50.37583], [-4.18299, 50.37584], [-4.18306, 50.37587]], [[-4.18306, 50.37587], [-4.18309, 50.3759], [-4.1831, 50.37596], [-4.1831, 50.37603], [-4.18305, 50.3761], [-4.18297, 50.37615], [-4.18288, 50.37618], [-4.18279, 50.37619]], [[-4.18306, 50.37587], [-4.18302, 50.3759], [-4.18299, 50.37595], [-4.18296, 50.37604], [-4.18293, 50.3761], [-4.18279, 50.37619], [-4.18269, 50.37619]], [[-4.17708, 50.3755], [-4.17701, 50.37568], [-4.17679, 50.376], [-4.17653, 50.37636], [-4.17642, 50.3765], [-4.17637, 50.37657]], [[-4.17715, 50.37528], [-4.17712, 50.37543], [-4.1771, 50.37548], [-4.17708, 50.3755]], [[-4.17717, 50.375], [-4.17716, 50.37502], [-4.17716, 50.37508], [-4.17716, 50.3751], [-4.17716, 50.37517], [-4.17715, 50.37526], [-4.17715, 50.37528]], [[-4.17717, 50.37463], [-4.17717, 50.37484], [-4.17717, 50.375]], [[-4.17703, 50.37333], [-4.1771, 50.37343], [-4.17713, 50.37347], [-4.17716, 50.37357], [-4.17717, 50.3736], [-4.17718, 50.37372], [-4.17718, 50.37382], [-4.17718, 50.37388], [-4.17718, 50.37412], [-4.17718, 50.37413], [-4.17718, 50.3742], [-4.17718, 50.37435], [-4.17717, 50.37461], [-4.17717, 50.37463]], [[-4.17687, 50.37319], [-4.17694, 50.37325], [-4.17703, 50.37333]], [[-4.17667, 50.37305], [-4.17677, 50.37312], [-4.17685, 50.37318], [-4.17687, 50.37319]], [[-4.17652, 50.37298], [-4.17667, 50.37305]], [[-4.17606, 50.37276], [-4.17613, 50.37279], [-4.17622, 50.37283], [-4.17652, 50.37298]], [[-4.17588, 50.37267], [-4.17595, 50.3727], [-4.17606, 50.37276]], [[-4.17498, 50.37181], [-4.17506, 50.37191], [-4.17523, 50.37218], [-4.17529, 50.37226], [-4.17531, 50.37228], [-4.17538, 50.37234], [-4.17539, 50.37235], [-4.17551, 50.37245], [-4.17567, 50.37255], [-4.17588, 50.37267]], [[-4.17466, 50.37138], [-4.17484, 50.37162], [-4.17487, 50.37167], [-4.17498, 50.37181]], [[-4.17352, 50.37022], [-4.17358, 50.37023], [-4.17365, 50.37026], [-4.17371, 50.37029], [-4.17382, 50.37036], [-4.17393, 50.37044], [-4.17412, 50.37064], [-4.17414, 50.37066], [-4.17423, 50.37078], [-4.17432, 50.3709], [-4.17439, 50.371], [-4.1745, 50.37114], [-4.1746, 50.37129], [-4.17466, 50.37138]], [[-4.17229, 50.37001], [-4.17236, 50.37002], [-4.17246, 50.37003], [-4.17288, 50.37009], [-4.17306, 50.37012], [-4.17317, 50.37014], [-4.17352, 50.37022]], [[-4.17091, 50.36981], [-4.17098, 50.36983], [-4.17115, 50.36986], [-4.17129, 50.36988], [-4.17135, 50.36989], [-4.1717, 50.36994], [-4.17229, 50.37001]], [[-4.16931, 50.3694], [-4.17049, 50.36971], [-4.17066, 50.36975], [-4.17091, 50.36981]], [[-4.16774, 50.36944], [-4.16785, 50.36939], [-4.16786, 50.36939], [-4.16789, 50.36938], [-4.16799, 50.36934], [-4.16814, 50.36931], [-4.16829, 50.36928], [-4.16837, 50.36927], [-4.16845, 50.36926], [-4.16855, 50.36926], [-4.16864, 50.36927], [-4.16874, 50.36927], [-4.16883, 50.36929], [-4.16904, 50.36932], [-4.16919, 50.36936], [-4.16931, 50.3694]], [[-4.16674, 50.36967], [-4.167, 50.36965], [-4.16713, 50.36963], [-4.16724, 50.36961], [-4.16734, 50.36959], [-4.16744, 50.36956], [-4.16762, 50.36949], [-4.16774, 50.36944]], [[-4.16635, 50.36968], [-4.16651, 50.36968], [-4.16666, 50.36968], [-4.16674, 50.36967]], [[-4.16635, 50.36968], [-4.16608, 50.36969], [-4.16579, 50.36969], [-4.16569, 50.36969], [-4.16561, 50.36969]], [[-4.16561, 50.36969], [-4.16557, 50.36971], [-4.16552, 50.36973]], [[-4.16552, 50.36973], [-4.16546, 50.36972], [-4.16544, 50.36971], [-4.1654, 50.36969]], [[-4.1654, 50.36969], [-4.16526, 50.36968]], [[-4.16526, 50.36968], [-4.16442, 50.36964]], [[-4.16442, 50.36964], [-4.16406, 50.36962], [-4.16344, 50.3696], [-4.16337, 50.3696]], [[-4.16337, 50.3696], [-4.16314, 50.36958], [-4.16302, 50.36957], [-4.16293, 50.36958]], [[-4.16293, 50.36958], [-4.16283, 50.36959]], [[-4.16283, 50.36959], [-4.16278, 50.36962], [-4.16274, 50.36964], [-4.16271, 50.36965], [-4.16263, 50.36966], [-4.16258, 50.36966], [-4.1625, 50.36963], [-4.16246, 50.36961], [-4.16243, 50.36957]], [[-4.16243, 50.36957], [-4.16242, 50.36949], [-4.16245, 50.36945], [-4.16248, 50.36942]], [[-4.16248, 50.36942], [-4.16251, 50.3694]], [[-4.16251, 50.3694], [-4.16266, 50.36922]], [[-4.16266, 50.36922], [-4.16272, 50.36913]], [[-4.16268, 50.36893], [-4.1627, 50.36904], [-4.16272, 50.36913]], [[-4.16262, 50.36875], [-4.16268, 50.36893]], [[-4.1626, 50.36867], [-4.16262, 50.36875]], [[-4.16253, 50.36845], [-4.1626, 50.36867]], [[-4.16244, 50.36812], [-4.16253, 50.36845]], [[-4.16238, 50.3679], [-4.16243, 50.36808], [-4.16244, 50.36812]], [[-4.16235, 50.36778], [-4.16238, 50.3679]], [[-4.16235, 50.36778], [-4.16232, 50.36768], [-4.16228, 50.36754], [-4.16215, 50.36714]], [[-4.16215, 50.36714], [-4.16205, 50.36681], [-4.16193, 50.36641]], [[-4.16193, 50.36641], [-4.1619, 50.36628], [-4.16177, 50.36583]], [[-4.16177, 50.36583], [-4.16174, 50.36571], [-4.16167, 50.3654], [-4.1615, 50.36477], [-4.1615, 50.36472], [-4.1615, 50.36466], [-4.16126, 50.36376], [-4.16119, 50.36348], [-4.16118, 50.36342], [-4.16118, 50.36335]], [[-4.16177, 50.36583], [-4.16174, 50.36571], [-4.16167, 50.3654], [-4.1615, 50.36477], [-4.1615, 50.36472], [-4.1615, 50.36466], [-4.16126, 50.36376], [-4.16119, 50.36348], [-4.16118, 50.36342], [-4.16118, 50.36335]], [[-4.16244, 50.36765], [-4.16232, 50.36768], [-4.16219, 50.3677]], [[-4.16219, 50.3677], [-4.16208, 50.36769]], [[-4.16208, 50.36769], [-4.16206, 50.36769], [-4.16186, 50.36772], [-4.16178, 50.36772], [-4.16168, 50.36769]], [[-4.16168, 50.36769], [-4.16158, 50.36762]], [[-4.16158, 50.36762], [-4.16145, 50.36752], [-4.16129, 50.36742]], [[-4.16158, 50.36762], [-4.16145, 50.36752], [-4.16129, 50.36742]], [[-4.16229, 50.36322], [-4.16239, 50.36309]], [[-4.16118, 50.36335], [-4.16123, 50.36331], [-4.16128, 50.36327], [-4.16148, 50.36323], [-4.16169, 50.36325], [-4.16195, 50.36326], [-4.16212, 50.36327], [-4.16221, 50.36325], [-4.16229, 50.36322]], [[-4.16168, 50.36769], [-4.16158, 50.36762]], [[-4.16239, 50.36309], [-4.16234, 50.36303], [-4.16235, 50.36297], [-4.16236, 50.36294], [-4.1624, 50.3629], [-4.16246, 50.36287], [-4.16254, 50.36285], [-4.16261, 50.36285], [-4.16266, 50.36286], [-4.16271, 50.36287], [-4.16276, 50.3629]], [[-4.16276, 50.3629], [-4.16282, 50.36296], [-4.16282, 50.36302], [-4.16281, 50.36305], [-4.16277, 50.3631], [-4.16274, 50.36312], [-4.16266, 50.36315], [-4.16256, 50.36315]], [[-4.16256, 50.36315], [-4.16243, 50.36323]], [[-4.16243, 50.36323], [-4.16245, 50.36329], [-4.1624, 50.36352], [-4.1624, 50.36355]], [[-4.1624, 50.36355], [-4.16236, 50.36371], [-4.16236, 50.36373]], [[-4.16236, 50.36373], [-4.16231, 50.36394], [-4.16227, 50.36413], [-4.16227, 50.36418]], [[-4.16227, 50.36418], [-4.16228, 50.36428], [-4.16233, 50.36461], [-4.16233, 50.36463], [-4.16244, 50.36494]], [[-4.16244, 50.36494], [-4.16261, 50.36553], [-4.16267, 50.36573]], [[-4.16267, 50.36573], [-4.16282, 50.36631]], [[-4.16282, 50.36631], [-4.16293, 50.3667], [-4.16296, 50.3668], [-4.16302, 50.36701], [-4.16302, 50.36702], [-4.16298, 50.36709]], [[-4.16298, 50.36709], [-4.16297, 50.36711], [-4.16293, 50.36719], [-4.16291, 50.36726]], [[-4.16291, 50.36726], [-4.16294, 50.36735], [-4.16295, 50.36738], [-4.16294, 50.36746], [-4.16289, 50.36751], [-4.16273, 50.36756], [-4.1626, 50.36759], [-4.16244, 50.36765], [-4.16235, 50.36778]], [[-4.16129, 50.36742], [-4.16125, 50.3674], [-4.16114, 50.36735]], [[-4.16114, 50.36735], [-4.16089, 50.3673]], [[-4.16089, 50.3673], [-4.16081, 50.36729], [-4.16073, 50.36728], [-4.16008, 50.36717], [-4.15943, 50.36709], [-4.15934, 50.36707], [-4.15927, 50.36707], [-4.15916, 50.36708]], [[-4.15916, 50.36708], [-4.159, 50.36709], [-4.1588, 50.36711], [-4.15859, 50.36714], [-4.15841, 50.36717]], [[-4.15841, 50.36717], [-4.15816, 50.36721]], [[-4.15816, 50.36721], [-4.15799, 50.36723]], [[-4.15799, 50.36723], [-4.15782, 50.36726], [-4.15763, 50.36729], [-4.15758, 50.3673]], [[-4.15758, 50.3673], [-4.1575, 50.36732], [-4.15737, 50.36734], [-4.1572, 50.36739], [-4.15692, 50.36746]], [[-4.15692, 50.36746], [-4.1568, 50.36749]], [[-4.1568, 50.36749], [-4.15607, 50.36767]], [[-4.15607, 50.36767], [-4.15595, 50.36771], [-4.15587, 50.36773]], [[-4.15587, 50.36773], [-4.15577, 50.36775]], [[-4.15577, 50.36775], [-4.15561, 50.36779], [-4.15554, 50.36782], [-4.15546, 50.36787], [-4.15537, 50.36793], [-4.15529, 50.368]], [[-4.15529, 50.368], [-4.15527, 50.36802], [-4.15516, 50.36808], [-4.15503, 50.36814]], [[-4.15503, 50.36814], [-4.15498, 50.36815], [-4.15486, 50.36817]], [[-4.15486, 50.36817], [-4.15471, 50.36818], [-4.15447, 50.36819], [-4.15434, 50.36819], [-4.15423, 50.3682], [-4.15413, 50.3682]], [[-4.15413, 50.3682], [-4.15404, 50.36819], [-4.15394, 50.36818], [-4.15386, 50.36816], [-4.15371, 50.36813]], [[-4.15371, 50.36813], [-4.15361, 50.36811], [-4.15354, 50.36809]], [[-4.15354, 50.36809], [-4.1534, 50.36806]], [[-4.1534, 50.36806], [-4.15317, 50.36802]], [[-4.15317, 50.36802], [-4.15314, 50.36805], [-4.1531, 50.36807], [-4.15305, 50.36808], [-4.153, 50.36808]], [[-4.153, 50.36808], [-4.15295, 50.36807], [-4.15291, 50.36806], [-4.15288, 50.36804]], [[-4.15288, 50.36804], [-4.15282, 50.368], [-4.15275, 50.36797], [-4.15258, 50.36793]], [[-4.15258, 50.36793], [-4.15253, 50.36793], [-4.15252, 50.36793], [-4.15213, 50.36789]], [[-4.15213, 50.36789], [-4.15203, 50.36788], [-4.15193, 50.36787], [-4.15183, 50.36785]], [[-4.15183, 50.36785], [-4.15168, 50.36784]], [[-4.15168, 50.36784], [-4.1514, 50.36781], [-4.15125, 50.36779], [-4.15103, 50.36778], [-4.15089, 50.36778]], [[-4.15089, 50.36778], [-4.15068, 50.36782], [-4.15054, 50.36786]], [[-4.15054, 50.36786], [-4.1505, 50.36787], [-4.15046, 50.36788], [-4.15041, 50.36789], [-4.15037, 50.36788], [-4.15033, 50.36786], [-4.1503, 50.36783], [-4.15029, 50.36779], [-4.15031, 50.36775]], [[-4.15033, 50.36786], [-4.14991, 50.36797]], [[-4.14991, 50.36797], [-4.14976, 50.36802]], [[-4.14976, 50.36802], [-4.14971, 50.36803], [-4.14942, 50.36813], [-4.14934, 50.36816]], [[-4.14934, 50.36816], [-4.14897, 50.36828]], [[-4.14897, 50.36828], [-4.14854, 50.36842]], [[-4.14854, 50.36842], [-4.14845, 50.36845]], [[-4.14845, 50.36845], [-4.14837, 50.36848], [-4.14827, 50.36851]], [[-4.14827, 50.36851], [-4.14801, 50.36862], [-4.14794, 50.36865]], [[-4.14794, 50.36865], [-4.14779, 50.36858], [-4.14774, 50.36855], [-4.14758, 50.36847]], [[-4.14758, 50.36847], [-4.1475, 50.36845], [-4.14724, 50.36841], [-4.14709, 50.36839], [-4.14692, 50.36839], [-4.14685, 50.36839]], [[-4.14758, 50.36847], [-4.1475, 50.36845], [-4.14724, 50.36841], [-4.14709, 50.36839], [-4.14692, 50.36839], [-4.14685, 50.36839]], [[-4.14794, 50.36865], [-4.14779, 50.36858], [-4.14774, 50.36855], [-4.14758, 50.36847]], [[-4.14685, 50.36839], [-4.1463, 50.3684], [-4.14623, 50.3684]], [[-4.14623, 50.3684], [-4.14593, 50.3684], [-4.14575, 50.36839]], [[-4.14575, 50.36839], [-4.14532, 50.36835]], [[-4.14532, 50.36835], [-4.14503, 50.3683], [-4.1447, 50.36826]], [[-4.1447, 50.36826], [-4.14464, 50.36846], [-4.14463, 50.36865]], [[-4.14463, 50.36865], [-4.14465, 50.36869], [-4.14469, 50.36873], [-4.14477, 50.36883], [-4.14499, 50.36906], [-4.1451, 50.36919]], [[-4.1451, 50.36919], [-4.1452, 50.36921]], [[-4.1452, 50.36921], [-4.14526, 50.36923], [-4.1453, 50.36923], [-4.14539, 50.36923]], [[-4.14539, 50.36923], [-4.14544, 50.36918], [-4.14553, 50.36914], [-4.14574, 50.36907], [-4.14585, 50.36906], [-4.14586, 50.36906], [-4.14596, 50.36906], [-4.14616, 50.36913], [-4.14628, 50.36917], [-4.14632, 50.36921], [-4.14634, 50.36923]], [[-4.14634, 50.36923], [-4.14636, 50.36929], [-4.14636, 50.3696]], [[-4.14636, 50.3696], [-4.14636, 50.36962], [-4.14635, 50.36969], [-4.14632, 50.36974]], [[-4.14632, 50.36974], [-4.14633, 50.36977], [-4.14633, 50.36982], [-4.14633, 50.3699], [-4.14634, 50.37]], [[-4.14632, 50.36974], [-4.14633, 50.36977], [-4.14633, 50.36982], [-4.14633, 50.3699], [-4.14634, 50.37]], [[-4.14634, 50.37], [-4.14633, 50.37018], [-4.14632, 50.37025], [-4.14628, 50.37032], [-4.14623, 50.37037], [-4.14618, 50.37041], [-4.14611, 50.37044]], [[-4.14634, 50.37], [-4.14633, 50.37018], [-4.14632, 50.37025], [-4.14628, 50.37032], [-4.14623, 50.37037], [-4.14618, 50.37041], [-4.14611, 50.37044]], [[-4.14611, 50.37044], [-4.14603, 50.37046], [-4.14591, 50.37048], [-4.14582, 50.37048], [-4.14573, 50.37046]], [[-4.14611, 50.37044], [-4.14603, 50.37046], [-4.14591, 50.37048], [-4.14582, 50.37048], [-4.14573, 50.37046]], [[-4.14573, 50.37046], [-4.14561, 50.37042], [-4.14553, 50.37037]], [[-4.14573, 50.37046], [-4.14561, 50.37042], [-4.14553, 50.37037]], [[-4.14553, 50.37037], [-4.14529, 50.37034], [-4.14521, 50.37033]], [[-4.14553, 50.37037], [-4.14529, 50.37034], [-4.14521, 50.37033]], [[-4.14521, 50.37033], [-4.14487, 50.37034], [-4.14454, 50.37035]], [[-4.14521, 50.37033], [-4.14487, 50.37034], [-4.14454, 50.37035]], [[-4.14454, 50.37035], [-4.14357, 50.37037], [-4.14302, 50.37036], [-4.1428, 50.37036]], [[-4.14454, 50.37035], [-4.14357, 50.37037], [-4.14302, 50.37036], [-4.1428, 50.37036]], [[-4.1428, 50.37036], [-4.14241, 50.37036], [-4.14203, 50.37037]], [[-4.14203, 50.37037], [-4.14149, 50.37039], [-4.14126, 50.3704], [-4.14109, 50.3704]], [[-4.14109, 50.3704], [-4.14035, 50.37041], [-4.14031, 50.37041], [-4.14018, 50.37042]], [[-4.14018, 50.37042], [-4.13942, 50.37043], [-4.13923, 50.37043], [-4.13907, 50.37046]], [[-4.13907, 50.37046], [-4.13904, 50.37052], [-4.13898, 50.37057], [-4.13891, 50.37061], [-4.1388, 50.37065], [-4.1387, 50.37066], [-4.13857, 50.37065], [-4.13845, 50.37061]], [[-4.13845, 50.37061], [-4.13838, 50.37056], [-4.13832, 50.3705], [-4.13829, 50.37043]], [[-4.13829, 50.37037], [-4.13832, 50.37032], [-4.13835, 50.37027], [-4.13841, 50.37022], [-4.13848, 50.37019]], [[-4.13848, 50.37019], [-4.13857, 50.37016], [-4.1387, 50.37015], [-4.13884, 50.37017], [-4.13891, 50.3702], [-4.13897, 50.37023], [-4.13903, 50.37027]], [[-4.13903, 50.37027], [-4.13918, 50.37031], [-4.13934, 50.37032], [-4.13949, 50.37032]]]}}, {"type": "Feature", "properties": {"mode": "bus", "name": "50", "ref": "50", "operator": "Plymouth Citybus", "osm_id": 15766472}, "geometry": {"type": "MultiLineString", "coordinates": [[[-4.18731, 50.40507], [-4.18721, 50.40522], [-4.18693, 50.40563], [-4.18684, 50.40575], [-4.18663, 50.40605]], [[-4.18663, 50.40605], [-4.18652, 50.4062], [-4.18626, 50.40654], [-4.18609, 50.40673], [-4.18603, 50.4068], [-4.1859, 50.4069]], [[-4.1859, 50.4069], [-4.18571, 50.40699], [-4.18553, 50.40704]], [[-4.18553, 50.40704], [-4.18544, 50.40714], [-4.18524, 50.40727], [-4.18485, 50.40751]], [[-4.18485, 50.40751], [-4.18443, 50.40777], [-4.18394, 50.40808]], [[-4.18394, 50.40808], [-4.1838, 50.40817], [-4.18365, 50.40824], [-4.18355, 50.40827]], [[-4.18355, 50.40827], [-4.18318, 50.40837]], [[-4.18318, 50.40837], [-4.18302, 50.40842], [-4.18282, 50.40849], [-4.18269, 50.40852], [-4.18235, 50.40865], [-4.18183, 50.4089]], [[-4.18183, 50.4089], [-4.18167, 50.40901], [-4.18125, 50.40928], [-4.18101, 50.40943], [-4.18086, 50.4096], [-4.18053, 50.41001], [-4.18036, 50.41014]], [[-4.18036, 50.41014], [-4.18017, 50.41022], [-4.17982, 50.41034], [-4.17973, 50.41037]], [[-4.17973, 50.41037], [-4.17957, 50.41043]], [[-4.17957, 50.41043], [-4.17942, 50.41051]], [[-4.17942, 50.41051], [-4.17919, 50.41063], [-4.17895, 50.41075], [-4.1787, 50.41089]], [[-4.1787, 50.41089], [-4.17861, 50.41094], [-4.17854, 50.41098], [-4.17849, 50.411]], [[-4.17849, 50.411], [-4.17826, 50.41109]], [[-4.17826, 50.41109], [-4.17825, 50.41112], [-4.17821, 50.41117], [-4.17816, 50.4112], [-4.17809, 50.41122], [-4.17802, 50.41123]], [[-4.17802, 50.41123], [-4.17792, 50.41129], [-4.17789, 50.4113], [-4.17779, 50.41135], [-4.17773, 50.41144]], [[-4.17773, 50.41144], [-4.17747, 50.41179], [-4.17742, 50.41186]], [[-4.17742, 50.41186], [-4.17737, 50.41196], [-4.17734, 50.41208]], [[-4.17734, 50.41208], [-4.17735, 50.41212], [-4.17735, 50.41216]], [[-4.17735, 50.41216], [-4.17733, 50.4122], [-4.17729, 50.41224], [-4.17723, 50.41227], [-4.17717, 50.41228], [-4.1771, 50.41229], [-4.17704, 50.41228]], [[-4.17704, 50.41228], [-4.17694, 50.41231], [-4.17684, 50.41234], [-4.17651, 50.4125], [-4.17619, 50.41261], [-4.17584, 50.4127]], [[-4.17584, 50.4127], [-4.17572, 50.41273], [-4.17531, 50.41281]], [[-4.17531, 50.41281], [-4.17499, 50.41286], [-4.17422, 50.41293], [-4.17375, 50.41296], [-4.17336, 50.41298]], [[-4.17336, 50.41298], [-4.17296, 50.413], [-4.1725, 50.41312], [-4.17222, 50.4132]], [[-4.17222, 50.4132], [-4.17181, 50.41327], [-4.17141, 50.41329], [-4.17083, 50.41323], [-4.16829, 50.4129]], [[-4.16829, 50.4129], [-4.16808, 50.41289], [-4.16767, 50.41286], [-4.16726, 50.41283], [-4.16711, 50.41283], [-4.16703, 50.41283], [-4.16594, 50.41281], [-4.16375, 50.41282]], [[-4.16375, 50.41282], [-4.16333, 50.4128], [-4.16271, 50.4128]], [[-4.16271, 50.4128], [-4.16244, 50.4128], [-4.16195, 50.4128], [-4.16179, 50.41281], [-4.16087, 50.4129]], [[-4.16087, 50.4129], [-4.16048, 50.41293]], [[-4.16048, 50.41293], [-4.16028, 50.41295], [-4.16016, 50.41296], [-4.16, 50.41298]], [[-4.16, 50.41298], [-4.15881, 50.41308]], [[-4.15881, 50.41308], [-4.15808, 50.41313], [-4.15773, 50.41313], [-4.15751, 50.41312], [-4.15706, 50.41308], [-4.15697, 50.41307]], [[-4.15697, 50.41307], [-4.15625, 50.41301], [-4.15582, 50.41297], [-4.15561, 50.41296], [-4.15538, 50.41294], [-4.15457, 50.41295], [-4.15446, 50.41295]], [[-4.15446, 50.41295], [-4.15422, 50.41294], [-4.15419, 50.41294], [-4.15407, 50.41294]], [[-4.15407, 50.41294], [-4.15377, 50.41293], [-4.15358, 50.41291], [-4.15327, 50.41285], [-4.15291, 50.41278]], [[-4.15291, 50.41278], [-4.15245, 50.41269], [-4.15214, 50.41264], [-4.15177, 50.41257], [-4.15162, 50.41255], [-4.15152, 50.41254], [-4.15081, 50.41243]], [[-4.15081, 50.41243], [-4.14994, 50.41233], [-4.14929, 50.41227], [-4.14759, 50.41221], [-4.14734, 50.41221]], [[-4.14734, 50.41221], [-4.14716, 50.4122], [-4.14674, 50.41218]], [[-4.14674, 50.41218], [-4.14557, 50.41212], [-4.1454, 50.41211], [-4.14537, 50.41211]], [[-4.14537, 50.41211], [-4.14484, 50.41203], [-4.14385, 50.41192], [-4.1434, 50.41187]], [[-4.1434, 50.41187], [-4.14256, 50.41175]], [[-4.14256, 50.41175], [-4.14217, 50.4117], [-4.14198, 50.41167]], [[-4.14198, 50.41167], [-4.14157, 50.4116], [-4.14149, 50.41159], [-4.14133, 50.41156]], [[-4.14133, 50.41156], [-4.14085, 50.41148]], [[-4.14085, 50.41148], [-4.14066, 50.41145]], [[-4.14066, 50.41145], [-4.1404, 50.4114]], [[-4.1404, 50.4114], [-4.14016, 50.41136]], [[-4.14016, 50.41136], [-4.1401, 50.41135], [-4.13961, 50.41122]], [[-4.13961, 50.41122], [-4.13943, 50.41117], [-4.13928, 50.41112], [-4.13898, 50.41101]], [[-4.13898, 50.41101], [-4.13867, 50.4109], [-4.13762, 50.41063]], [[-4.13762, 50.41063], [-4.13678, 50.41042]], [[-4.13678, 50.41042], [-4.13669, 50.4104], [-4.1364, 50.41033], [-4.13575, 50.41018]], [[-4.13575, 50.41018], [-4.13553, 50.41013]], [[-4.13553, 50.41013], [-4.13536, 50.41009]], [[-4.13536, 50.41009], [-4.13519, 50.41005], [-4.13507, 50.41002]], [[-4.13507, 50.41002], [-4.13485, 50.40998], [-4.13464, 50.40991]], [[-4.13323, 50.40696], [-4.13321, 50.40698]], [[-4.13041, 50.41126], [-4.13028, 50.41132]], [[-4.13028, 50.41132], [-4.12975, 50.41156], [-4.1293, 50.41177], [-4.12909, 50.41188]], [[-4.12909, 50.41188], [-4.12886, 50.41203], [-4.12871, 50.41213], [-4.12863, 50.41219]], [[-4.12863, 50.41219], [-4.12837, 50.4124], [-4.12812, 50.41262], [-4.12777, 50.41298], [-4.12762, 50.4131]], [[-4.12762, 50.4131], [-4.12753, 50.41321], [-4.12746, 50.41329]], [[-4.12746, 50.41329], [-4.12743, 50.41344], [-4.12737, 50.41358], [-4.12728, 50.41374]], [[-4.12728, 50.41374], [-4.12721, 50.41381], [-4.12713, 50.41393], [-4.12706, 50.41402]], [[-4.12706, 50.41402], [-4.12699, 50.41408], [-4.12677, 50.41421]], [[-4.12679, 50.41418], [-4.12677, 50.41421], [-4.12664, 50.41437]], [[-4.12664, 50.41437], [-4.12659, 50.41442], [-4.12643, 50.4146], [-4.1259, 50.41509], [-4.12534, 50.41552], [-4.12528, 50.41556], [-4.12514, 50.41563]], [[-4.12514, 50.41563], [-4.12485, 50.41583]], [[-4.12485, 50.41583], [-4.12483, 50.41587], [-4.12442, 50.41616], [-4.12426, 50.41629], [-4.12413, 50.41642]], [[-4.12413, 50.41642], [-4.12402, 50.41643], [-4.12386, 50.41647]], [[-4.12386, 50.41647], [-4.12361, 50.41663], [-4.12336, 50.41683], [-4.12318, 50.417], [-4.12309, 50.41708]], [[-4.12309, 50.41708], [-4.12291, 50.41724], [-4.12278, 50.41735]], [[-4.12278, 50.41735], [-4.12281, 50.41741], [-4.12282, 50.41748], [-4.12282, 50.41754], [-4.12281, 50.41759]], [[-4.12281, 50.41759], [-4.12276, 50.41767], [-4.12269, 50.41774], [-4.12262, 50.41781], [-4.12253, 50.41787], [-4.12242, 50.41794], [-4.12228, 50.418]], [[-4.12228, 50.418], [-4.12216, 50.41801]], [[-4.12216, 50.41801], [-4.12204, 50.41801], [-4.1219, 50.418], [-4.12176, 50.41798], [-4.12167, 50.41795], [-4.12151, 50.4179]], [[-4.12151, 50.4179], [-4.12145, 50.41786]], [[-4.12145, 50.41786], [-4.12119, 50.4178], [-4.12108, 50.41778], [-4.12099, 50.41777], [-4.12093, 50.41777], [-4.1208, 50.41776], [-4.12068, 50.41776], [-4.12058, 50.41777], [-4.1205, 50.41778], [-4.12041, 50.41781], [-4.12034, 50.41784], [-4.12026, 50.41788], [-4.12012, 50.41797]], [[-4.12012, 50.41797], [-4.12004, 50.41807], [-4.11997, 50.41819], [-4.11992, 50.41833], [-4.11989, 50.41845], [-4.11985, 50.41857], [-4.1198, 50.41868]], [[-4.1198, 50.41868], [-4.11979, 50.41869], [-4.11963, 50.4189], [-4.11951, 50.419], [-4.11938, 50.41907], [-4.11923, 50.41912], [-4.11906, 50.41917], [-4.11891, 50.41921], [-4.11873, 50.41922]], [[-4.11873, 50.41922], [-4.11864, 50.41922], [-4.11857, 50.41922], [-4.11848, 50.4192], [-4.11846, 50.4192], [-4.11831, 50.41916]], [[-4.11831, 50.41916], [-4.11807, 50.41907], [-4.11797, 50.41902], [-4.11787, 50.41896], [-4.1177, 50.41884], [-4.11751, 50.41872], [-4.1172, 50.41857], [-4.11687, 50.41843], [-4.11677, 50.41835], [-4.11663, 50.41828]], [[-4.11663, 50.41828], [-4.11675, 50.4181], [-4.11676, 50.41804], [-4.11675, 50.41798], [-4.11667, 50.41778], [-4.11659, 50.41765]], [[-4.11659, 50.41765], [-4.11635, 50.41735]], [[-4.11635, 50.41735], [-4.11617, 50.41727]], [[-4.11617, 50.41727], [-4.11606, 50.41723], [-4.11605, 50.41722], [-4.11599, 50.4172]], [[-4.11469, 50.41706], [-4.11486, 50.41706], [-4.11502, 50.41707], [-4.11537, 50.4171], [-4.11568, 50.41714], [-4.11574, 50.41715], [-4.11599, 50.4172]], [[-4.114, 50.41712], [-4.11421, 50.41709], [-4.1143, 50.41708], [-4.11439, 50.41707], [-4.11458, 50.41705], [-4.11469, 50.41706]], [[-4.11375, 50.41725], [-4.114, 50.41712]], [[-4.11375, 50.41725], [-4.11372, 50.41727], [-4.11365, 50.41731], [-4.11356, 50.41738], [-4.11348, 50.41746]], [[-4.11348, 50.41746], [-4.11351, 50.41749], [-4.11352, 50.41751], [-4.11356, 50.41762]], [[-4.11356, 50.41762], [-4.11357, 50.4178], [-4.11363, 50.41794]], [[-4.11363, 50.41794], [-4.1134, 50.41796], [-4.11315, 50.41798], [-4.11293, 50.41799]], [[-4.11293, 50.41799], [-4.1123, 50.41802], [-4.11152, 50.41806], [-4.11024, 50.41813], [-4.10922, 50.41819]], [[-4.10922, 50.41819], [-4.10892, 50.41824], [-4.10857, 50.41832], [-4.10822, 50.41843], [-4.10804, 50.41851], [-4.10775, 50.41868], [-4.10758, 50.41877], [-4.10746, 50.41884]], [[-4.10746, 50.41884], [-4.10711, 50.41905], [-4.10665, 50.41933], [-4.1066, 50.41936]], [[-4.1066, 50.41936], [-4.1064, 50.41948], [-4.10622, 50.41959], [-4.10607, 50.41967], [-4.10584, 50.4198], [-4.10558, 50.41991], [-4.10542, 50.41996]], [[-4.10542, 50.41996], [-4.10519, 50.42002], [-4.10496, 50.42005], [-4.10474, 50.42008], [-4.10446, 50.42009], [-4.10431, 50.42008], [-4.1042, 50.42007], [-4.10394, 50.42003], [-4.10371, 50.41998], [-4.1035, 50.41992], [-4.10346, 50.41991], [-4.10318, 50.41979], [-4.10303, 50.41971], [-4.10287, 50.4196], [-4.10274, 50.41949], [-4.10262, 50.41938], [-4.10257, 50.4193], [-4.1025, 50.41922], [-4.10243, 50.41911], [-4.10236, 50.41894], [-4.10233, 50.41874], [-4.10233, 50.41865]], [[-4.10233, 50.41865], [-4.10232, 50.41861], [-4.10234, 50.41856], [-4.10235, 50.41848], [-4.10236, 50.41847], [-4.10246, 50.41819]], [[-4.10246, 50.41819], [-4.10261, 50.41776], [-4.10271, 50.41747], [-4.10274, 50.41742], [-4.10287, 50.41706], [-4.10299, 50.41672]], [[-4.10299, 50.41672], [-4.10321, 50.41613], [-4.10323, 50.41602]], [[-4.10323, 50.41602], [-4.10325, 50.41592], [-4.10324, 50.41584]], [[-4.10324, 50.41584], [-4.10323, 50.4158], [-4.10322, 50.41573], [-4.10316, 50.41557]], [[-4.10316, 50.41557], [-4.10292, 50.41536], [-4.10291, 50.41535], [-4.10273, 50.41524], [-4.10251, 50.41515], [-4.10221, 50.41509], [-4.10215, 50.41508], [-4.10196, 50.41508], [-4.10186, 50.41508], [-4.10174, 50.41509], [-4.10154, 50.41512], [-4.10096, 50.41526]], [[-4.10096, 50.41526], [-4.10095, 50.41527], [-4.10089, 50.41528], [-4.10066, 50.41533], [-4.10027, 50.41543], [-4.10008, 50.41547], [-4.09989, 50.41552], [-4.09981, 50.41554], [-4.09976, 50.41555]], [[-4.09976, 50.41555], [-4.09959, 50.41559]], [[-4.09959, 50.41559], [-4.09912, 50.4157], [-4.09892, 50.41575], [-4.09859, 50.41582], [-4.09833, 50.41585]], [[-4.09833, 50.41585], [-4.09809, 50.41585], [-4.09788, 50.41583], [-4.09781, 50.41582], [-4.09767, 50.41578], [-4.09755, 50.41574], [-4.09735, 50.41566], [-4.09722, 50.41555], [-4.09718, 50.41553], [-4.09714, 50.4155], [-4.09705, 50.41541], [-4.09698, 50.41531], [-4.09694, 50.41522], [-4.09692, 50.41515], [-4.09691, 50.4151], [-4.0969, 50.41503], [-4.09691, 50.41492], [-4.09696, 50.41477], [-4.09705, 50.41463], [-4.0972, 50.41448]], [[-4.0972, 50.41448], [-4.09746, 50.41433], [-4.09819, 50.41399], [-4.09851, 50.41385], [-4.09909, 50.41353], [-4.09926, 50.41344], [-4.09938, 50.41337], [-4.09979, 50.41309], [-4.10013, 50.41285], [-4.10027, 50.41275]], [[-4.10027, 50.41275], [-4.10067, 50.41245], [-4.10094, 50.41218], [-4.10117, 50.41191]], [[-4.10148, 50.41148], [-4.1016, 50.4115], [-4.10171, 50.41151], [-4.10185, 50.4115], [-4.10189, 50.4115]], [[-4.10189, 50.4115], [-4.102, 50.41148], [-4.10215, 50.41144], [-4.10224, 50.41141], [-4.1025, 50.41129], [-4.10255, 50.41126], [-4.10261, 50.41123], [-4.10267, 50.4112], [-4.10287, 50.4111], [-4.10292, 50.41107], [-4.10313, 50.41089], [-4.10325, 50.41078], [-4.10352, 50.4105], [-4.10368, 50.4103], [-4.10393, 50.41006], [-4.10403, 50.40994], [-4.10408, 50.40988], [-4.10412, 50.40984], [-4.10415, 50.40978], [-4.10424, 50.40965], [-4.10437, 50.40942]], [[-4.10437, 50.40942], [-4.10442, 50.40921], [-4.10442, 50.40916], [-4.10443, 50.40913], [-4.10445, 50.40892], [-4.10442, 50.40879], [-4.10441, 50.40871], [-4.10434, 50.40855], [-4.10424, 50.40838], [-4.10422, 50.40834], [-4.1041, 50.40824]], [[-4.1041, 50.40824], [-4.10394, 50.40813], [-4.10388, 50.4081], [-4.10373, 50.40803], [-4.10355, 50.40796], [-4.10343, 50.40793], [-4.10335, 50.40792], [-4.10312, 50.40789]], [[-4.10312, 50.40789], [-4.10283, 50.40789], [-4.10269, 50.40791], [-4.10249, 50.40793], [-4.10237, 50.40796], [-4.10219, 50.408], [-4.1021, 50.40802], [-4.10204, 50.40804], [-4.10185, 50.4081], [-4.10183, 50.40811], [-4.10174, 50.40814], [-4.10164, 50.40817], [-4.10151, 50.40822], [-4.10146, 50.40824], [-4.10125, 50.40831], [-4.10119, 50.40833], [-4.10103, 50.40839], [-4.10084, 50.40845]], [[-4.10084, 50.40845], [-4.10076, 50.40847], [-4.10073, 50.40848], [-4.10062, 50.40852], [-4.10059, 50.40853], [-4.10053, 50.40857], [-4.10049, 50.40859]], [[-4.10049, 50.40859], [-4.10048, 50.40859], [-4.10039, 50.40866], [-4.10037, 50.40868], [-4.10031, 50.40873]], [[-4.10031, 50.40873], [-4.10018, 50.40872], [-4.1, 50.40867], [-4.09999, 50.40867], [-4.09991, 50.40865]], [[-4.09991, 50.40865], [-4.09978, 50.40862], [-4.09949, 50.40857], [-4.09922, 50.40855], [-4.09911, 50.40857]], [[-4.09911, 50.40857], [-4.09901, 50.40855], [-4.09868, 50.40853], [-4.09821, 50.40852]], [[-4.09821, 50.40852], [-4.09797, 50.4085], [-4.09779, 50.40848], [-4.09765, 50.40845], [-4.09748, 50.40839], [-4.09736, 50.40833], [-4.09722, 50.40825], [-4.09718, 50.40822], [-4.09709, 50.40815]], [[-4.09709, 50.40815], [-4.09699, 50.40807], [-4.09695, 50.40804], [-4.09677, 50.40789], [-4.09655, 50.40775], [-4.09641, 50.40769], [-4.09628, 50.40767], [-4.09618, 50.40767], [-4.09607, 50.40769], [-4.09597, 50.40773], [-4.0959, 50.40778]], [[-4.09814, 50.4097], [-4.09828, 50.40964], [-4.09865, 50.40948], [-4.09895, 50.40935], [-4.09904, 50.40931], [-4.09908, 50.40927], [-4.09912, 50.40922]], [[-4.09912, 50.40922], [-4.09913, 50.40916], [-4.09913, 50.40908], [-4.09912, 50.40891], [-4.09911, 50.40863], [-4.09911, 50.40857]], [[-4.09814, 50.4097], [-4.09792, 50.40949], [-4.0979, 50.40945], [-4.09789, 50.40941], [-4.09784, 50.40926], [-4.09779, 50.40911], [-4.09779, 50.4091], [-4.09777, 50.40905], [-4.09779, 50.40901], [-4.09782, 50.40898], [-4.098, 50.40896], [-4.09822, 50.40891], [-4.09827, 50.4089], [-4.09837, 50.4089], [-4.09841, 50.4089], [-4.0986, 50.40891], [-4.09861, 50.40891], [-4.09872, 50.40892], [-4.09877, 50.40893], [-4.09912, 50.40891]], [[-4.0959, 50.40778], [-4.09582, 50.40781], [-4.09573, 50.40783], [-4.09562, 50.40784], [-4.09551, 50.40783], [-4.09534, 50.40777], [-4.0952, 50.4077], [-4.09498, 50.40762]], [[-4.09014, 50.39451], [-4.08997, 50.3945], [-4.08986, 50.39449]], [[-4.08988, 50.39446], [-4.08986, 50.39449], [-4.08981, 50.39452], [-4.08976, 50.39453], [-4.0897, 50.39453], [-4.08964, 50.39452], [-4.08959, 50.3945], [-4.08955, 50.39447], [-4.08953, 50.39444], [-4.08953, 50.39441], [-4.08954, 50.39438], [-4.08956, 50.39435], [-4.08959, 50.39433], [-4.08963, 50.39431], [-4.08967, 50.3943], [-4.08973, 50.3943], [-4.08979, 50.39431], [-4.08984, 50.39433], [-4.08987, 50.39436], [-4.08989, 50.39439], [-4.0899, 50.39443], [-4.08988, 50.39446]], [[-4.09498, 50.40762], [-4.09481, 50.40756]], [[-4.09647, 50.39593], [-4.09634, 50.39579], [-4.0962, 50.39567], [-4.0956, 50.39534], [-4.09497, 50.39499], [-4.09397, 50.39441], [-4.0927, 50.39373], [-4.09123, 50.39298]], [[-4.09649, 50.39602], [-4.09647, 50.39593]], [[-4.09633, 50.39614], [-4.09649, 50.39602]], [[-4.09608, 50.39621], [-4.09624, 50.39619], [-4.09633, 50.39614]], [[-4.09513, 50.39617], [-4.09535, 50.39618], [-4.09548, 50.3962], [-4.09569, 50.3962], [-4.09608, 50.39621]], [[-4.09431, 50.39588], [-4.09468, 50.39602], [-4.09491, 50.3961], [-4.09513, 50.39617]], [[-4.09014, 50.39451], [-4.09019, 50.39453], [-4.09022, 50.39453], [-4.09036, 50.39456], [-4.09054, 50.39458], [-4.09069, 50.39461], [-4.09089, 50.39464], [-4.09104, 50.39467], [-4.09119, 50.39471], [-4.09142, 50.39479], [-4.09165, 50.39485], [-4.09181, 50.39492], [-4.09218, 50.39507], [-4.09254, 50.39522], [-4.09309, 50.39541], [-4.09326, 50.39548], [-4.09383, 50.3957], [-4.09408, 50.3958], [-4.09431, 50.39588]], [[-4.08989, 50.39439], [-4.08994, 50.39442], [-4.09014, 50.39451]], [[-4.09484, 50.40753], [-4.09493, 50.4074], [-4.09497, 50.40731], [-4.09499, 50.40721], [-4.09498, 50.40712], [-4.09494, 50.40703]], [[-4.09429, 50.40662], [-4.0947, 50.4069], [-4.09477, 50.40694], [-4.09494, 50.40703]], [[-4.09408, 50.40648], [-4.09429, 50.40662]], [[-4.09394, 50.40639], [-4.09408, 50.40648]], [[-4.09353, 50.40571], [-4.09352, 50.40574], [-4.09352, 50.40582], [-4.09354, 50.40593], [-4.09358, 50.40601], [-4.0936, 50.40606], [-4.09366, 50.40614], [-4.09376, 50.40626], [-4.09385, 50.40633], [-4.09394, 50.40639]], [[-4.0936, 50.4054], [-4.09356, 50.40555], [-4.09357, 50.40562], [-4.09354, 50.40569], [-4.09353, 50.40571]], [[-4.09363, 50.40532], [-4.0936, 50.4054]], [[-4.09424, 50.40351], [-4.09422, 50.40355], [-4.09416, 50.40377], [-4.09406, 50.40407], [-4.09394, 50.4044], [-4.0939, 50.40451], [-4.0938, 50.4048], [-4.09371, 50.40507], [-4.0937, 50.40509], [-4.09363, 50.40532]], [[-4.09428, 50.4034], [-4.09424, 50.40351]], [[-4.0943, 50.40297], [-4.09431, 50.40304], [-4.09431, 50.40305], [-4.09431, 50.40307], [-4.09432, 50.40322], [-4.09436, 50.40328], [-4.09432, 50.40333], [-4.09428, 50.4034]], [[-4.0952, 50.40059], [-4.09507, 50.40065], [-4.09484, 50.40076], [-4.09467, 50.40088], [-4.09455, 50.40098], [-4.09446, 50.40109], [-4.09439, 50.4012], [-4.09432, 50.40133], [-4.09429, 50.40139], [-4.09431, 50.40145], [-4.0943, 50.40161], [-4.0943, 50.40167], [-4.09429, 50.40183], [-4.0943, 50.40212], [-4.0943, 50.40233], [-4.0943, 50.4025], [-4.0943, 50.40267], [-4.0943, 50.40285], [-4.0943, 50.40297]], [[-4.0952, 50.40059], [-4.09525, 50.40051], [-4.09528, 50.40038]], [[-4.09528, 50.40038], [-4.09527, 50.40036], [-4.09526, 50.40033], [-4.09526, 50.4003]], [[-4.09526, 50.4003], [-4.09523, 50.4002], [-4.09522, 50.4001], [-4.09523, 50.40003]], [[-4.09509, 50.39965], [-4.09514, 50.39973], [-4.09518, 50.39984], [-4.09522, 50.4], [-4.09523, 50.40003]], [[-4.09469, 50.39915], [-4.09469, 50.3992], [-4.09474, 50.39926], [-4.09491, 50.39942], [-4.09509, 50.39965]], [[-4.09524, 50.39859], [-4.0952, 50.39865], [-4.09513, 50.39876], [-4.09513, 50.39877], [-4.09503, 50.39889], [-4.09491, 50.399], [-4.09474, 50.3991], [-4.09469, 50.39915]], [[-4.0955, 50.39822], [-4.09547, 50.39827], [-4.09534, 50.39844], [-4.09524, 50.39859]], [[-4.09568, 50.39796], [-4.0955, 50.39822]], [[-4.09529, 50.39658], [-4.09556, 50.39687], [-4.09577, 50.39712], [-4.09584, 50.39724], [-4.09588, 50.39734], [-4.0959, 50.39745], [-4.09589, 50.39757], [-4.09586, 50.39769], [-4.09584, 50.39771], [-4.09568, 50.39796]], [[-4.09513, 50.39617], [-4.09511, 50.39625], [-4.0951, 50.39631], [-4.09511, 50.39636], [-4.09523, 50.3965], [-4.09529, 50.39658]], [[-4.09123, 50.39298], [-4.09037, 50.39268], [-4.09005, 50.39257]], [[-4.09005, 50.39257], [-4.08998, 50.39255], [-4.08964, 50.39244]], [[-4.08964, 50.39244], [-4.08889, 50.3922], [-4.08882, 50.39218]], [[-4.08882, 50.39218], [-4.08806, 50.39193], [-4.08759, 50.39182], [-4.08735, 50.39178], [-4.08729, 50.39178], [-4.08694, 50.39176]], [[-4.08694, 50.39176], [-4.08681, 50.39178]], [[-4.08681, 50.39178], [-4.08666, 50.39176], [-4.08645, 50.39171], [-4.0863, 50.39165], [-4.08621, 50.39159], [-4.08613, 50.39151], [-4.08605, 50.39136], [-4.08604, 50.39131]], [[-4.08604, 50.39131], [-4.08609, 50.39121], [-4.08615, 50.39111], [-4.08636, 50.39091], [-4.08648, 50.39084], [-4.0867, 50.39069]], [[-4.0867, 50.39069], [-4.08686, 50.39066], [-4.08691, 50.39065]], [[-4.08691, 50.39065], [-4.08722, 50.39061], [-4.08751, 50.39055], [-4.08778, 50.39047], [-4.08795, 50.3904]], [[-4.08795, 50.3904], [-4.08815, 50.39025], [-4.08829, 50.39006], [-4.0884, 50.38981], [-4.08864, 50.38908]], [[-4.08864, 50.38908], [-4.08888, 50.38833], [-4.08896, 50.38808], [-4.08917, 50.38766], [-4.08935, 50.38739], [-4.08953, 50.38719], [-4.08994, 50.38685], [-4.09024, 50.38667], [-4.09059, 50.38647], [-4.09102, 50.38628], [-4.0915, 50.38608], [-4.09207, 50.38587], [-4.0928, 50.38568], [-4.09347, 50.38555], [-4.09419, 50.38544], [-4.09558, 50.38523]], [[-4.09558, 50.38523], [-4.09629, 50.38513], [-4.09691, 50.38504], [-4.09748, 50.38496], [-4.09795, 50.38486], [-4.0983, 50.38478], [-4.09869, 50.38467], [-4.09894, 50.38457], [-4.09936, 50.38439]], [[-4.09936, 50.38439], [-4.0995, 50.38432], [-4.09966, 50.38422]], [[-4.09966, 50.38422], [-4.10008, 50.38394], [-4.10014, 50.38389]], [[-4.10014, 50.38389], [-4.10072, 50.38343]], [[-4.10072, 50.38343], [-4.10152, 50.3828], [-4.10175, 50.38261]], [[-4.10175, 50.38261], [-4.10185, 50.38252], [-4.10223, 50.38217], [-4.10245, 50.38196]], [[-4.10245, 50.38196], [-4.10281, 50.38161]], [[-4.10281, 50.38161], [-4.10517, 50.37936], [-4.10585, 50.37871], [-4.10659, 50.37801]], [[-4.10659, 50.37801], [-4.10675, 50.37786], [-4.10762, 50.37711], [-4.10805, 50.37677], [-4.10827, 50.37657]], [[-4.10827, 50.37657], [-4.10833, 50.37652], [-4.10857, 50.37631]], [[-4.10857, 50.37631], [-4.10879, 50.37612]], [[-4.10879, 50.37612], [-4.10977, 50.37527], [-4.11015, 50.37495]], [[-4.11015, 50.37495], [-4.11062, 50.37454], [-4.11142, 50.37384], [-4.11153, 50.37373], [-4.1119, 50.37338], [-4.11236, 50.37291]], [[-4.11236, 50.37291], [-4.11268, 50.37263]], [[-4.11268, 50.37263], [-4.11276, 50.37256]], [[-4.11276, 50.37256], [-4.11292, 50.37249], [-4.11299, 50.37246]], [[-4.11299, 50.37246], [-4.11368, 50.3722], [-4.11375, 50.37216], [-4.11379, 50.37211], [-4.11387, 50.37202]], [[-4.11387, 50.37202], [-4.11386, 50.372], [-4.11384, 50.37195], [-4.1138, 50.3718]], [[-4.1138, 50.3718], [-4.11378, 50.37163], [-4.11377, 50.37134], [-4.11376, 50.37116]], [[-4.11376, 50.37116], [-4.11377, 50.37107], [-4.11377, 50.37103], [-4.11377, 50.37101], [-4.11379, 50.37085]], [[-4.11379, 50.37085], [-4.11382, 50.37076]], [[-4.11382, 50.37076], [-4.11401, 50.37079], [-4.11435, 50.37084], [-4.11465, 50.3709]], [[-4.11812, 50.37106], [-4.11791, 50.37106], [-4.11721, 50.37105], [-4.11683, 50.37105], [-4.11651, 50.37103], [-4.1162, 50.37101], [-4.11603, 50.371], [-4.11581, 50.37097], [-4.11544, 50.37094], [-4.11517, 50.37092], [-4.11485, 50.37091], [-4.11465, 50.3709]], [[-4.11849, 50.37105], [-4.11842, 50.37105], [-4.11812, 50.37106]], [[-4.11849, 50.37105], [-4.11879, 50.371], [-4.11884, 50.37099], [-4.11892, 50.37098], [-4.119, 50.37096]], [[-4.119, 50.37096], [-4.11916, 50.37094], [-4.11937, 50.3709], [-4.1208, 50.37065]], [[-4.1208, 50.37065], [-4.12099, 50.37061], [-4.12153, 50.37052], [-4.12227, 50.37039], [-4.1224, 50.37036]], [[-4.1224, 50.37036], [-4.12263, 50.37032], [-4.12266, 50.37032], [-4.12305, 50.37025], [-4.12317, 50.37023]], [[-4.12317, 50.37023], [-4.12321, 50.37022], [-4.12369, 50.37014], [-4.12377, 50.37012]], [[-4.12377, 50.37012], [-4.12381, 50.37012], [-4.12387, 50.37011], [-4.1239, 50.3701]], [[-4.1239, 50.3701], [-4.12424, 50.37004], [-4.12427, 50.37004], [-4.12444, 50.37003]], [[-4.12444, 50.37003], [-4.12448, 50.37], [-4.12452, 50.36998], [-4.12464, 50.36995], [-4.12475, 50.36994], [-4.12486, 50.36993], [-4.12497, 50.36994], [-4.12509, 50.36996]], [[-4.12509, 50.36996], [-4.1252, 50.37], [-4.1253, 50.37004]], [[-4.1253, 50.37004], [-4.12579, 50.37011]], [[-4.12579, 50.37011], [-4.12583, 50.37012], [-4.12612, 50.37015]], [[-4.12612, 50.37015], [-4.12627, 50.37016]], [[-4.12627, 50.37016], [-4.12643, 50.37018], [-4.12668, 50.3702], [-4.12691, 50.37023], [-4.12695, 50.37023], [-4.12705, 50.37025], [-4.1275, 50.37032], [-4.12773, 50.37036], [-4.12839, 50.37047], [-4.12883, 50.37055], [-4.12895, 50.37057], [-4.12912, 50.3706]], [[-4.12912, 50.3706], [-4.13001, 50.37074], [-4.13005, 50.37075]], [[-4.13005, 50.37075], [-4.13029, 50.3708], [-4.1307, 50.37091]], [[-4.1307, 50.37091], [-4.13113, 50.37103], [-4.1313, 50.37109]], [[-4.1307, 50.37091], [-4.13113, 50.37103], [-4.1313, 50.37109]], [[-4.13005, 50.37075], [-4.13029, 50.3708], [-4.1307, 50.37091]], [[-4.1313, 50.37109], [-4.13184, 50.37123], [-4.13197, 50.37127]], [[-4.13197, 50.37127], [-4.13238, 50.37139]], [[-4.13238, 50.37139], [-4.13254, 50.37143], [-4.13275, 50.37147], [-4.13317, 50.37152], [-4.1335, 50.37154], [-4.13369, 50.37156], [-4.13433, 50.37159], [-4.13459, 50.3716], [-4.1352, 50.37163], [-4.13528, 50.37162]], [[-4.13528, 50.37162], [-4.13542, 50.37159]], [[-4.13528, 50.37162], [-4.13542, 50.37159]], [[-4.13238, 50.37139], [-4.13254, 50.37143], [-4.13275, 50.37147], [-4.13317, 50.37152], [-4.1335, 50.37154], [-4.13369, 50.37156], [-4.13433, 50.37159], [-4.13459, 50.3716], [-4.1352, 50.37163], [-4.13528, 50.37162]], [[-4.13197, 50.37127], [-4.13238, 50.37139]], [[-4.1313, 50.37109], [-4.13184, 50.37123], [-4.13197, 50.37127]], [[-4.13542, 50.37159], [-4.13548, 50.37155], [-4.13561, 50.3715], [-4.13571, 50.37147], [-4.13579, 50.37146], [-4.1359, 50.37147], [-4.13594, 50.37147], [-4.13597, 50.37148]], [[-4.13597, 50.37148], [-4.13612, 50.37147], [-4.13619, 50.37147], [-4.13626, 50.37145], [-4.13641, 50.37138], [-4.13704, 50.3711], [-4.13769, 50.37081], [-4.13815, 50.3706], [-4.13817, 50.37058], [-4.13821, 50.37056], [-4.13826, 50.37049], [-4.13829, 50.37043]], [[-4.13829, 50.37043], [-4.13829, 50.37037]], [[-4.13829, 50.37037], [-4.13832, 50.37032], [-4.13835, 50.37027], [-4.13841, 50.37022], [-4.13848, 50.37019]], [[-4.13848, 50.37019], [-4.13857, 50.37016], [-4.1387, 50.37015], [-4.13884, 50.37017], [-4.13891, 50.3702], [-4.13897, 50.37023], [-4.13903, 50.37027]], [[-4.13903, 50.37027], [-4.13918, 50.37031], [-4.13934, 50.37032], [-4.13949, 50.37032]], [[-4.13949, 50.37032], [-4.13999, 50.37033], [-4.14063, 50.37032], [-4.14116, 50.37031]], [[-4.14116, 50.37031], [-4.14133, 50.37031], [-4.14193, 50.37031], [-4.14208, 50.37031]], [[-4.14208, 50.37031], [-4.14241, 50.37031], [-4.14277, 50.3703]], [[-4.14277, 50.3703], [-4.14323, 50.37028]], [[-4.14323, 50.37028], [-4.14404, 50.37027], [-4.14458, 50.37026], [-4.14507, 50.37023], [-4.1453, 50.37021], [-4.14544, 50.37019]], [[-4.14544, 50.37019], [-4.14543, 50.36991], [-4.14544, 50.36987]], [[-4.14544, 50.36987], [-4.14544, 50.36983], [-4.14548, 50.36976], [-4.14551, 50.36971], [-4.14556, 50.36967], [-4.14561, 50.36964], [-4.14569, 50.36962], [-4.14577, 50.36961], [-4.14585, 50.3696]], [[-4.14585, 50.3696], [-4.14594, 50.36961], [-4.14606, 50.36963], [-4.14615, 50.36966], [-4.14632, 50.36974]], [[-4.14632, 50.36974], [-4.14645, 50.36978], [-4.14653, 50.3698], [-4.14656, 50.36981], [-4.14664, 50.36983], [-4.14673, 50.36984], [-4.14687, 50.36984]], [[-4.14687, 50.36984], [-4.14814, 50.36979]], [[-4.14814, 50.36979], [-4.14824, 50.36975], [-4.14827, 50.36972], [-4.14833, 50.36969], [-4.14836, 50.36967], [-4.14842, 50.36958]], [[-4.14842, 50.36958], [-4.14849, 50.3695], [-4.14857, 50.36945], [-4.14868, 50.36941]], [[-4.14868, 50.36941], [-4.1488, 50.36942], [-4.14889, 50.36944], [-4.14897, 50.36948], [-4.14903, 50.36954]], [[-4.14903, 50.36954], [-4.14901, 50.36963], [-4.14896, 50.36971], [-4.14892, 50.36978]], [[-4.14892, 50.36978], [-4.14882, 50.36989]], [[-4.14882, 50.36989], [-4.14878, 50.36994], [-4.14876, 50.36996], [-4.14872, 50.37002], [-4.14866, 50.37011], [-4.14865, 50.37013], [-4.1486, 50.37022], [-4.14857, 50.37031], [-4.14855, 50.37041], [-4.14855, 50.37053], [-4.14856, 50.37064], [-4.14856, 50.37073], [-4.14857, 50.37091], [-4.1486, 50.3711], [-4.1486, 50.37124], [-4.14861, 50.37129]], [[-4.14861, 50.37129], [-4.14862, 50.3714], [-4.14864, 50.37156], [-4.14865, 50.37163], [-4.14865, 50.37178]], [[-4.14865, 50.37178], [-4.14862, 50.37197], [-4.14855, 50.3722], [-4.14846, 50.37234], [-4.14839, 50.37245], [-4.14829, 50.37254], [-4.14808, 50.37272], [-4.14794, 50.37281], [-4.14773, 50.37293], [-4.14751, 50.37303], [-4.14731, 50.37311]], [[-4.14731, 50.37311], [-4.14691, 50.37322]], [[-4.14691, 50.37322], [-4.14656, 50.37328]], [[-4.14656, 50.37328], [-4.14641, 50.37331], [-4.14599, 50.37342], [-4.14586, 50.37347], [-4.1457, 50.37352], [-4.14554, 50.3736]], [[-4.14554, 50.3736], [-4.14533, 50.37372], [-4.14489, 50.374], [-4.14484, 50.37404]], [[-4.14484, 50.37404], [-4.14448, 50.37431]], [[-4.14448, 50.37431], [-4.14443, 50.37435], [-4.14421, 50.37451]], [[-4.14421, 50.37451], [-4.14382, 50.37477]], [[-4.14382, 50.37477], [-4.14353, 50.37502], [-4.14344, 50.37512], [-4.1434, 50.3752], [-4.14337, 50.37529], [-4.14337, 50.37537], [-4.14338, 50.37548]], [[-4.14338, 50.37548], [-4.14338, 50.37562], [-4.14339, 50.3757], [-4.14341, 50.37578], [-4.14349, 50.37588], [-4.14358, 50.37599]], [[-4.14358, 50.37599], [-4.14386, 50.3762], [-4.14411, 50.37636]], [[-4.14411, 50.37636], [-4.14428, 50.37648], [-4.14449, 50.37662]], [[-4.14449, 50.37662], [-4.14465, 50.37671], [-4.14479, 50.37679], [-4.14512, 50.37694]], [[-4.14512, 50.37694], [-4.14533, 50.37702], [-4.14543, 50.37705]], [[-4.14543, 50.37705], [-4.1456, 50.3771]], [[-4.1456, 50.3771], [-4.14565, 50.37711], [-4.14603, 50.37716]], [[-4.14603, 50.37716], [-4.14657, 50.37724]], [[-4.14657, 50.37724], [-4.14676, 50.37728]], [[-4.14676, 50.37728], [-4.14703, 50.37734], [-4.14739, 50.37742]], [[-4.14739, 50.37742], [-4.1476, 50.37744], [-4.14764, 50.37744], [-4.14772, 50.37746], [-4.14782, 50.37747]], [[-4.14782, 50.37747], [-4.14788, 50.3775], [-4.14791, 50.37753], [-4.14793, 50.37757], [-4.14793, 50.37761], [-4.14792, 50.37764]], [[-4.14792, 50.37764], [-4.14803, 50.37781], [-4.14821, 50.37794]], [[-4.14821, 50.37794], [-4.14864, 50.37827]], [[-4.14864, 50.37827], [-4.14887, 50.37843], [-4.14915, 50.37862], [-4.1494, 50.37879], [-4.14948, 50.37884], [-4.14963, 50.37894], [-4.14975, 50.37902], [-4.14987, 50.3791], [-4.15014, 50.37928], [-4.15109, 50.37991], [-4.15134, 50.38008]], [[-4.15134, 50.38008], [-4.15165, 50.38025], [-4.15181, 50.38037], [-4.15202, 50.38057], [-4.15219, 50.38075], [-4.15235, 50.38095], [-4.15255, 50.38124], [-4.15283, 50.38176], [-4.15306, 50.38209], [-4.15328, 50.38235], [-4.15371, 50.38284], [-4.15419, 50.38333], [-4.15471, 50.38377]], [[-4.15471, 50.38377], [-4.15477, 50.38381], [-4.15485, 50.38388], [-4.15498, 50.38398], [-4.15579, 50.38468], [-4.1558, 50.38468]], [[-4.1558, 50.38468], [-4.15614, 50.3849], [-4.15634, 50.38502], [-4.15645, 50.38507]], [[-4.15645, 50.38507], [-4.15662, 50.38516], [-4.15666, 50.38517]], [[-4.15666, 50.38517], [-4.15693, 50.38528]], [[-4.15693, 50.38528], [-4.15707, 50.38531], [-4.15726, 50.38537], [-4.15729, 50.38538]], [[-4.15729, 50.38538], [-4.1575, 50.38546]], [[-4.1575, 50.38546], [-4.15763, 50.38555], [-4.15769, 50.3856]], [[-4.15769, 50.3856], [-4.15788, 50.38578], [-4.15815, 50.38603]], [[-4.15815, 50.38603], [-4.15841, 50.38628], [-4.15855, 50.38638], [-4.15869, 50.38644], [-4.15884, 50.38647], [-4.15893, 50.38649], [-4.15911, 50.38652], [-4.15948, 50.38657]], [[-4.15948, 50.38657], [-4.15951, 50.38658], [-4.16003, 50.38666], [-4.16023, 50.38668], [-4.16035, 50.38668]], [[-4.16035, 50.38668], [-4.1604, 50.38666], [-4.16046, 50.38663], [-4.16051, 50.38662]], [[-4.16051, 50.38662], [-4.16059, 50.38662], [-4.16067, 50.38663], [-4.16077, 50.38666], [-4.16084, 50.38671], [-4.16087, 50.38674], [-4.16088, 50.38677]], [[-4.16088, 50.38677], [-4.16101, 50.3869], [-4.16112, 50.38693], [-4.16128, 50.38697], [-4.16135, 50.38699], [-4.16155, 50.38704], [-4.16163, 50.38705], [-4.16174, 50.38708]], [[-4.16174, 50.38708], [-4.16203, 50.38715], [-4.16243, 50.3872], [-4.16262, 50.3872], [-4.16281, 50.38721], [-4.16303, 50.38722], [-4.1632, 50.38723]], [[-4.1632, 50.38723], [-4.16325, 50.38724], [-4.16343, 50.38726], [-4.16367, 50.38731], [-4.16394, 50.38738], [-4.1641, 50.38744], [-4.16429, 50.38753], [-4.16459, 50.38769], [-4.16496, 50.38794], [-4.165, 50.38797], [-4.16517, 50.38808]], [[-4.16517, 50.38808], [-4.16567, 50.38842], [-4.16597, 50.38864], [-4.16622, 50.3888], [-4.16629, 50.38885], [-4.16647, 50.38898], [-4.16672, 50.38914]], [[-4.16672, 50.38914], [-4.16695, 50.38929], [-4.1674, 50.3896], [-4.16762, 50.38975], [-4.16784, 50.3899]], [[-4.16784, 50.3899], [-4.16832, 50.39026], [-4.16882, 50.3905], [-4.17009, 50.39099], [-4.17059, 50.39118], [-4.17089, 50.39126], [-4.1715, 50.39141]], [[-4.1715, 50.39141], [-4.17251, 50.39166], [-4.17309, 50.39181], [-4.17346, 50.3919], [-4.17351, 50.39191], [-4.17385, 50.392], [-4.17389, 50.39201], [-4.1741, 50.39208], [-4.17428, 50.39216], [-4.17443, 50.39224], [-4.1746, 50.39235], [-4.17475, 50.39246], [-4.17488, 50.39258], [-4.17501, 50.39277], [-4.17507, 50.3929], [-4.17522, 50.39319], [-4.17531, 50.39334], [-4.17535, 50.39338]], [[-4.17535, 50.39338], [-4.1754, 50.39343], [-4.17554, 50.39356]], [[-4.17554, 50.39356], [-4.17563, 50.39363], [-4.17568, 50.39367], [-4.17582, 50.39375]], [[-4.17582, 50.39375], [-4.17585, 50.39377], [-4.17616, 50.39396], [-4.17678, 50.3944], [-4.17763, 50.39503]], [[-4.17763, 50.39503], [-4.17791, 50.39523], [-4.17819, 50.39543], [-4.17843, 50.39559]], [[-4.17843, 50.39559], [-4.17869, 50.39579], [-4.17878, 50.39586]], [[-4.17878, 50.39586], [-4.17882, 50.39589]], [[-4.17882, 50.39589], [-4.17885, 50.39591]], [[-4.17885, 50.39591], [-4.17898, 50.39603], [-4.17904, 50.39607]], [[-4.17904, 50.39607], [-4.17936, 50.39649]], [[-4.18164, 50.39725], [-4.18113, 50.39718], [-4.18102, 50.39717], [-4.18044, 50.39709], [-4.18034, 50.39708], [-4.18022, 50.39705], [-4.18009, 50.39701], [-4.17999, 50.39697], [-4.17993, 50.39693], [-4.17991, 50.39692], [-4.17989, 50.39691], [-4.17972, 50.39679], [-4.17958, 50.39668], [-4.17936, 50.39649]], [[-4.18207, 50.39731], [-4.18164, 50.39725]], [[-4.18256, 50.39737], [-4.18207, 50.39731]], [[-4.18349, 50.39903], [-4.18348, 50.39869], [-4.18346, 50.39849], [-4.18328, 50.39808], [-4.18314, 50.39782], [-4.18311, 50.39775], [-4.18299, 50.39758], [-4.18296, 50.39755], [-4.18289, 50.39751], [-4.18279, 50.39745], [-4.18269, 50.39741], [-4.18256, 50.39737]], [[-4.18349, 50.39903], [-4.18354, 50.3992], [-4.1836, 50.39938], [-4.18361, 50.3994], [-4.18376, 50.39968], [-4.18395, 50.39998], [-4.18406, 50.40015], [-4.18413, 50.40026], [-4.18429, 50.40046], [-4.18445, 50.40062], [-4.18466, 50.40079], [-4.18484, 50.40092], [-4.18505, 50.40107], [-4.18522, 50.40117], [-4.18528, 50.40124]], [[-4.18528, 50.40124], [-4.18547, 50.40131], [-4.18573, 50.40147], [-4.18635, 50.40186], [-4.18666, 50.40204]], [[-4.18666, 50.40204], [-4.18707, 50.40225], [-4.18718, 50.40231], [-4.18729, 50.40236], [-4.18749, 50.40243]], [[-4.18749, 50.40243], [-4.18773, 50.40249], [-4.1881, 50.40256], [-4.18817, 50.40258]], [[-4.18817, 50.40258], [-4.18822, 50.40261], [-4.18825, 50.40265], [-4.18827, 50.4027]], [[-4.18827, 50.4027], [-4.18825, 50.40275], [-4.18822, 50.40279], [-4.18817, 50.40284], [-4.18811, 50.40287], [-4.18804, 50.40288], [-4.18794, 50.40288]], [[-4.18794, 50.40288], [-4.18781, 50.40283]], [[-4.18781, 50.40283], [-4.18763, 50.40281], [-4.18755, 50.40281], [-4.18749, 50.40283], [-4.18744, 50.40285], [-4.18741, 50.40287], [-4.18739, 50.40291], [-4.1874, 50.40301], [-4.18738, 50.40315]], [[-4.18738, 50.40315], [-4.18743, 50.40345], [-4.18749, 50.40451]], [[-4.18749, 50.40451], [-4.18749, 50.40469], [-4.18743, 50.40491], [-4.18731, 50.40507]], [[-4.13454, 50.4099], [-4.13446, 50.40991], [-4.13433, 50.40995], [-4.13411, 50.41014]], [[-4.13397, 50.41029], [-4.13409, 50.41017], [-4.13411, 50.41014]], [[-4.13377, 50.41052], [-4.13386, 50.4104], [-4.13397, 50.41029]], [[-4.13356, 50.41068], [-4.13359, 50.41066], [-4.13365, 50.41063], [-4.13371, 50.41058], [-4.13377, 50.41052]], [[-4.13356, 50.41068], [-4.13353, 50.41074], [-4.13343, 50.41081], [-4.13338, 50.41086], [-4.13336, 50.41089], [-4.13331, 50.41097]], [[-4.13276, 50.41101], [-4.1327, 50.41097], [-4.13259, 50.41088], [-4.13249, 50.41082], [-4.13235, 50.41075], [-4.13221, 50.4107], [-4.13211, 50.41068], [-4.13199, 50.41066], [-4.1319, 50.41066], [-4.13183, 50.41067], [-4.13171, 50.41069], [-4.13154, 50.41077], [-4.13113, 50.41098], [-4.13104, 50.41101], [-4.13086, 50.41109], [-4.13028, 50.41132]], [[-4.13296, 50.41116], [-4.13288, 50.41113], [-4.13281, 50.41109], [-4.13277, 50.41104], [-4.13276, 50.41101]], [[-4.13306, 50.41116], [-4.13296, 50.41116]], [[-4.13331, 50.41101], [-4.13328, 50.41107], [-4.13322, 50.41111], [-4.13315, 50.41115], [-4.13306, 50.41116]], [[-4.13397, 50.41029], [-4.13409, 50.41017], [-4.13411, 50.41014]], [[-4.15097, 50.41238], [-4.151, 50.41229], [-4.15101, 50.41222], [-4.151, 50.4121], [-4.15092, 50.41172], [-4.15083, 50.41152], [-4.15073, 50.41132], [-4.15069, 50.41123], [-4.15068, 50.41115], [-4.15069, 50.41107], [-4.15073, 50.41102], [-4.15076, 50.411], [-4.15082, 50.41096], [-4.15096, 50.41086], [-4.15101, 50.41084], [-4.15111, 50.41081], [-4.15119, 50.41078]], [[-4.15097, 50.41238], [-4.151, 50.41229], [-4.15101, 50.41222], [-4.151, 50.4121], [-4.15092, 50.41172], [-4.15083, 50.41152], [-4.15073, 50.41132], [-4.15069, 50.41123], [-4.15068, 50.41115], [-4.15069, 50.41107], [-4.15073, 50.41102], [-4.15076, 50.411], [-4.15082, 50.41096], [-4.15096, 50.41086], [-4.15101, 50.41084], [-4.15111, 50.41081], [-4.15119, 50.41078]], [[-4.15124, 50.41081], [-4.15121, 50.4108], [-4.15119, 50.41078], [-4.15118, 50.41076], [-4.15118, 50.41075], [-4.15119, 50.41073], [-4.1512, 50.41071], [-4.15123, 50.4107], [-4.15125, 50.41069], [-4.15129, 50.41069], [-4.15132, 50.41069], [-4.15135, 50.4107], [-4.15137, 50.41072], [-4.15138, 50.41074], [-4.15138, 50.41076], [-4.15137, 50.41078], [-4.15135, 50.4108], [-4.15133, 50.41081], [-4.1513, 50.41081], [-4.15127, 50.41081], [-4.15124, 50.41081]], [[-4.15105, 50.41028], [-4.15109, 50.41034]], [[-4.15101, 50.41014], [-4.15105, 50.41028]], [[-4.15191, 50.40926], [-4.15198, 50.4095], [-4.15201, 50.40958], [-4.15203, 50.40965], [-4.15204, 50.40967], [-4.15206, 50.40978], [-4.15203, 50.40983], [-4.15199, 50.40985], [-4.15194, 50.40986], [-4.15172, 50.4099], [-4.15149, 50.40995], [-4.15123, 50.40998], [-4.15113, 50.41001], [-4.15107, 50.41005], [-4.15103, 50.41008], [-4.15101, 50.41014]], [[-4.15046, 50.40952], [-4.15059, 50.40941], [-4.15063, 50.40938], [-4.1507, 50.40934], [-4.15075, 50.40933], [-4.15144, 50.40923], [-4.15157, 50.40921], [-4.15166, 50.4092], [-4.15178, 50.40918], [-4.15183, 50.40919], [-4.15186, 50.4092], [-4.15188, 50.40922], [-4.15191, 50.40926]], [[-4.15003, 50.40976], [-4.15005, 50.40971], [-4.15008, 50.40967], [-4.15015, 50.40962], [-4.15022, 50.4096], [-4.15028, 50.40958], [-4.15042, 50.40955], [-4.15046, 50.40952]], [[-4.15003, 50.40994], [-4.15001, 50.40985], [-4.15001, 50.40978], [-4.15003, 50.40976]], [[-4.15007, 50.41007], [-4.15006, 50.41004], [-4.15003, 50.40994]], [[-4.15009, 50.41013], [-4.15007, 50.41007]], [[-4.15021, 50.41024], [-4.15015, 50.41021], [-4.1501, 50.41016], [-4.15009, 50.41013]], [[-4.15021, 50.41024], [-4.1503, 50.41024], [-4.15043, 50.41023], [-4.1506, 50.41021], [-4.15075, 50.41019]], [[-4.15075, 50.41019], [-4.15105, 50.41028]], [[-4.15105, 50.41028], [-4.15109, 50.41034]], [[-4.15109, 50.41034], [-4.15125, 50.41069]]]}}, {"type": "Feature", "properties": {"mode": "bus", "name": "5A", "ref": "5A", "operator": "Plymouth Citybus", "osm_id": 15794187}, "geometry": {"type": "MultiLineString", "coordinates": [[[-4.13542, 50.37159], [-4.13548, 50.37155], [-4.13561, 50.3715], [-4.13571, 50.37147], [-4.13579, 50.37146], [-4.1359, 50.37147], [-4.13594, 50.37147], [-4.13597, 50.37148]], [[-4.13528, 50.37162], [-4.13542, 50.37159]], [[-4.13238, 50.37139], [-4.13254, 50.37143], [-4.13275, 50.37147], [-4.13317, 50.37152], [-4.1335, 50.37154], [-4.13369, 50.37156], [-4.13433, 50.37159], [-4.13459, 50.3716], [-4.1352, 50.37163], [-4.13528, 50.37162]], [[-4.13238, 50.37139], [-4.13254, 50.37143], [-4.13275, 50.37147], [-4.13317, 50.37152], [-4.1335, 50.37154], [-4.13369, 50.37156], [-4.13433, 50.37159], [-4.13459, 50.3716], [-4.1352, 50.37163], [-4.13528, 50.37162]], [[-4.13528, 50.37162], [-4.13542, 50.37159]], [[-4.13643, 50.37195], [-4.1364, 50.37201], [-4.13632, 50.37208], [-4.13627, 50.37211], [-4.13616, 50.37214]], [[-4.13633, 50.37179], [-4.13639, 50.37187], [-4.13643, 50.37195]], [[-4.13845, 50.37061], [-4.1383, 50.37064], [-4.13826, 50.37066], [-4.13704, 50.37122], [-4.13671, 50.37136], [-4.13644, 50.3715], [-4.13639, 50.37154], [-4.13635, 50.37157], [-4.13632, 50.37162], [-4.13631, 50.37166], [-4.13632, 50.3717], [-4.13633, 50.37179]], [[-4.13907, 50.37046], [-4.13904, 50.37052], [-4.13898, 50.37057], [-4.13891, 50.37061], [-4.1388, 50.37065], [-4.1387, 50.37066], [-4.13857, 50.37065], [-4.13845, 50.37061]], [[-4.14018, 50.37042], [-4.13942, 50.37043], [-4.13923, 50.37043], [-4.13907, 50.37046]], [[-4.14109, 50.3704], [-4.14035, 50.37041], [-4.14031, 50.37041], [-4.14018, 50.37042]], [[-4.14203, 50.37037], [-4.14149, 50.37039], [-4.14126, 50.3704], [-4.14109, 50.3704]], [[-4.1428, 50.37036], [-4.14241, 50.37036], [-4.14203, 50.37037]], [[-4.14454, 50.37035], [-4.14357, 50.37037], [-4.14302, 50.37036], [-4.1428, 50.37036]], [[-4.14521, 50.37033], [-4.14487, 50.37034], [-4.14454, 50.37035]], [[-4.14553, 50.37037], [-4.14529, 50.37034], [-4.14521, 50.37033]], [[-4.14573, 50.37046], [-4.14561, 50.37042], [-4.14553, 50.37037]], [[-4.14611, 50.37044], [-4.14603, 50.37046], [-4.14591, 50.37048], [-4.14582, 50.37048], [-4.14573, 50.37046]], [[-4.14634, 50.37], [-4.14633, 50.37018], [-4.14632, 50.37025], [-4.14628, 50.37032], [-4.14623, 50.37037], [-4.14618, 50.37041], [-4.14611, 50.37044]], [[-4.14632, 50.36974], [-4.14633, 50.36977], [-4.14633, 50.36982], [-4.14633, 50.3699], [-4.14634, 50.37]], [[-4.14585, 50.3696], [-4.14594, 50.36961], [-4.14606, 50.36963], [-4.14615, 50.36966], [-4.14632, 50.36974]], [[-4.14544, 50.36987], [-4.14544, 50.36983], [-4.14548, 50.36976], [-4.14551, 50.36971], [-4.14556, 50.36967], [-4.14561, 50.36964], [-4.14569, 50.36962], [-4.14577, 50.36961], [-4.14585, 50.3696]], [[-4.14544, 50.37019], [-4.14543, 50.36991], [-4.14544, 50.36987]], [[-4.14323, 50.37028], [-4.14404, 50.37027], [-4.14458, 50.37026], [-4.14507, 50.37023], [-4.1453, 50.37021], [-4.14544, 50.37019]], [[-4.14277, 50.3703], [-4.14323, 50.37028]], [[-4.14208, 50.37031], [-4.14241, 50.37031], [-4.14277, 50.3703]], [[-4.14116, 50.37031], [-4.14133, 50.37031], [-4.14193, 50.37031], [-4.14208, 50.37031]], [[-4.13949, 50.37032], [-4.13999, 50.37033], [-4.14063, 50.37032], [-4.14116, 50.37031]], [[-4.13903, 50.37027], [-4.13918, 50.37031], [-4.13934, 50.37032], [-4.13949, 50.37032]], [[-4.13848, 50.37019], [-4.13857, 50.37016], [-4.1387, 50.37015], [-4.13884, 50.37017], [-4.13891, 50.3702], [-4.13897, 50.37023], [-4.13903, 50.37027]], [[-4.13829, 50.37037], [-4.13832, 50.37032], [-4.13835, 50.37027], [-4.13841, 50.37022], [-4.13848, 50.37019]], [[-4.13829, 50.37043], [-4.13829, 50.37037]], [[-4.13597, 50.37148], [-4.13612, 50.37147], [-4.13619, 50.37147], [-4.13626, 50.37145], [-4.13641, 50.37138], [-4.13704, 50.3711], [-4.13769, 50.37081], [-4.13815, 50.3706], [-4.13817, 50.37058], [-4.13821, 50.37056], [-4.13826, 50.37049], [-4.13829, 50.37043]], [[-4.13616, 50.37214], [-4.13607, 50.37216], [-4.13603, 50.37215]], [[-4.13603, 50.37215], [-4.13585, 50.37213], [-4.13573, 50.37209], [-4.13567, 50.37206]], [[-4.13567, 50.37206], [-4.13544, 50.37186], [-4.13538, 50.37177]], [[-4.13538, 50.37177], [-4.13516, 50.37172], [-4.13515, 50.37171], [-4.135, 50.3717]], [[-4.135, 50.3717], [-4.13453, 50.37167], [-4.13364, 50.37162], [-4.13303, 50.37158], [-4.13294, 50.37157], [-4.13286, 50.37156]], [[-4.13286, 50.37156], [-4.13265, 50.37153], [-4.13256, 50.37151], [-4.13233, 50.37146]], [[-4.13233, 50.37146], [-4.13194, 50.37136]], [[-4.13194, 50.37136], [-4.13183, 50.37133], [-4.13181, 50.37132]], [[-4.13181, 50.37132], [-4.13169, 50.37129], [-4.13142, 50.37121], [-4.1311, 50.37113], [-4.13096, 50.37109]], [[-4.13096, 50.37109], [-4.13, 50.37087], [-4.12946, 50.37079]], [[-4.12946, 50.37079], [-4.12887, 50.3707]], [[-4.12887, 50.3707], [-4.12796, 50.37054], [-4.1279, 50.37053], [-4.12756, 50.37049], [-4.1275, 50.37048], [-4.12722, 50.37044], [-4.12708, 50.37042], [-4.12687, 50.37039], [-4.1268, 50.37038], [-4.12669, 50.37037], [-4.12644, 50.37034], [-4.12639, 50.37034]], [[-4.12639, 50.37034], [-4.12612, 50.37031], [-4.12601, 50.3703], [-4.1259, 50.3703], [-4.12583, 50.37031], [-4.12577, 50.37032], [-4.12561, 50.37036]], [[-4.12887, 50.3707], [-4.12796, 50.37054], [-4.1279, 50.37053], [-4.12756, 50.37049], [-4.1275, 50.37048], [-4.12722, 50.37044], [-4.12708, 50.37042], [-4.12687, 50.37039], [-4.1268, 50.37038], [-4.12669, 50.37037], [-4.12644, 50.37034], [-4.12639, 50.37034]], [[-4.12639, 50.37034], [-4.12612, 50.37031], [-4.12601, 50.3703], [-4.1259, 50.3703], [-4.12583, 50.37031], [-4.12577, 50.37032], [-4.12561, 50.37036]], [[-4.13197, 50.37127], [-4.13238, 50.37139]], [[-4.1313, 50.37109], [-4.13184, 50.37123], [-4.13197, 50.37127]], [[-4.1307, 50.37091], [-4.13113, 50.37103], [-4.1313, 50.37109]], [[-4.13005, 50.37075], [-4.13029, 50.3708], [-4.1307, 50.37091]], [[-4.12912, 50.3706], [-4.13001, 50.37074], [-4.13005, 50.37075]], [[-4.12627, 50.37016], [-4.12643, 50.37018], [-4.12668, 50.3702], [-4.12691, 50.37023], [-4.12695, 50.37023], [-4.12705, 50.37025], [-4.1275, 50.37032], [-4.12773, 50.37036], [-4.12839, 50.37047], [-4.12883, 50.37055], [-4.12895, 50.37057], [-4.12912, 50.3706]], [[-4.12612, 50.37015], [-4.12627, 50.37016]], [[-4.12579, 50.37011], [-4.12583, 50.37012], [-4.12612, 50.37015]], [[-4.1253, 50.37004], [-4.12579, 50.37011]], [[-4.12509, 50.36996], [-4.1252, 50.37], [-4.1253, 50.37004]], [[-4.12444, 50.37003], [-4.12448, 50.37], [-4.12452, 50.36998], [-4.12464, 50.36995], [-4.12475, 50.36994], [-4.12486, 50.36993], [-4.12497, 50.36994], [-4.12509, 50.36996]], [[-4.1239, 50.3701], [-4.12424, 50.37004], [-4.12427, 50.37004], [-4.12444, 50.37003]], [[-4.12377, 50.37012], [-4.12381, 50.37012], [-4.12387, 50.37011], [-4.1239, 50.3701]], [[-4.12317, 50.37023], [-4.12321, 50.37022], [-4.12369, 50.37014], [-4.12377, 50.37012]], [[-4.1224, 50.37036], [-4.12263, 50.37032], [-4.12266, 50.37032], [-4.12305, 50.37025], [-4.12317, 50.37023]], [[-4.1208, 50.37065], [-4.12099, 50.37061], [-4.12153, 50.37052], [-4.12227, 50.37039], [-4.1224, 50.37036]], [[-4.119, 50.37096], [-4.11916, 50.37094], [-4.11937, 50.3709], [-4.1208, 50.37065]], [[-4.11849, 50.37105], [-4.11879, 50.371], [-4.11884, 50.37099], [-4.11892, 50.37098], [-4.119, 50.37096]], [[-4.11875, 50.37107], [-4.11849, 50.37105]], [[-4.11902, 50.37103], [-4.11888, 50.37105], [-4.11875, 50.37107]], [[-4.11953, 50.37094], [-4.1192, 50.37099], [-4.11902, 50.37103]], [[-4.1224, 50.37043], [-4.12102, 50.37067], [-4.12086, 50.3707], [-4.11976, 50.37089], [-4.11953, 50.37094]], [[-4.12382, 50.37018], [-4.12372, 50.37019], [-4.12322, 50.37028], [-4.12299, 50.37032], [-4.1224, 50.37043]], [[-4.12421, 50.37025], [-4.12414, 50.37023], [-4.1241, 50.37022], [-4.12401, 50.37019], [-4.12393, 50.37018], [-4.12382, 50.37018]], [[-4.12452, 50.37036], [-4.12421, 50.37025]], [[-4.12491, 50.37052], [-4.12472, 50.37044], [-4.12452, 50.37036]], [[-4.12526, 50.37051], [-4.12516, 50.37052], [-4.12504, 50.37053], [-4.12491, 50.37052]], [[-4.12548, 50.37041], [-4.12542, 50.37045], [-4.12536, 50.37048], [-4.12526, 50.37051]], [[-4.12561, 50.37036], [-4.12548, 50.37041]], [[-4.12526, 50.37051], [-4.12516, 50.37052], [-4.12504, 50.37053], [-4.12491, 50.37052]], [[-4.11849, 50.37105], [-4.11842, 50.37105], [-4.11812, 50.37106]], [[-4.11812, 50.37106], [-4.11791, 50.37106], [-4.11721, 50.37105], [-4.11683, 50.37105], [-4.11651, 50.37103], [-4.1162, 50.37101], [-4.11603, 50.371], [-4.11581, 50.37097], [-4.11544, 50.37094], [-4.11517, 50.37092], [-4.11485, 50.37091], [-4.11465, 50.3709]], [[-4.11465, 50.3709], [-4.11437, 50.3709], [-4.11418, 50.37088], [-4.11411, 50.37088], [-4.114, 50.37087], [-4.11379, 50.37085]], [[-4.11379, 50.37085], [-4.11352, 50.37079], [-4.11332, 50.37074], [-4.11275, 50.37056], [-4.11272, 50.37055]], [[-4.11272, 50.37055], [-4.11239, 50.37045], [-4.11213, 50.37037], [-4.112, 50.37034], [-4.11194, 50.37032]], [[-4.11194, 50.37032], [-4.11188, 50.37031], [-4.11183, 50.37029], [-4.11167, 50.37024], [-4.11161, 50.37021], [-4.11157, 50.37019]], [[-4.11157, 50.37019], [-4.1113, 50.37005], [-4.11109, 50.36994], [-4.11065, 50.36975], [-4.11057, 50.3697], [-4.11038, 50.36961]], [[-4.11038, 50.36961], [-4.11025, 50.36955]], [[-4.11025, 50.36955], [-4.11014, 50.3695], [-4.1075, 50.36822]], [[-4.1075, 50.36822], [-4.10737, 50.36816]], [[-4.10737, 50.36816], [-4.10715, 50.36807]], [[-4.10715, 50.36807], [-4.10681, 50.36793], [-4.10631, 50.36774], [-4.10583, 50.36758], [-4.1045, 50.36715], [-4.10445, 50.36714], [-4.10441, 50.36712], [-4.10423, 50.36706], [-4.10379, 50.36693], [-4.10362, 50.36687], [-4.10345, 50.36682], [-4.10281, 50.36661], [-4.10278, 50.3666], [-4.10257, 50.36655], [-4.10229, 50.36647], [-4.10224, 50.36646], [-4.102, 50.36642], [-4.10174, 50.36641], [-4.1017, 50.36641], [-4.10157, 50.36642], [-4.10141, 50.36644]], [[-4.10141, 50.36644], [-4.10135, 50.36649], [-4.10126, 50.36651], [-4.10121, 50.36652], [-4.10116, 50.36652], [-4.10107, 50.3665]], [[-4.10107, 50.3665], [-4.101, 50.36646], [-4.10095, 50.3664], [-4.10094, 50.36634]], [[-4.10094, 50.36634], [-4.10096, 50.36629], [-4.10101, 50.36625]], [[-4.10101, 50.36625], [-4.10104, 50.36612], [-4.10105, 50.36604], [-4.10104, 50.36596], [-4.10101, 50.36583], [-4.10096, 50.36568], [-4.10092, 50.36562], [-4.10088, 50.36557]], [[-4.10088, 50.36557], [-4.10082, 50.36556], [-4.10077, 50.36554], [-4.10072, 50.36551], [-4.10069, 50.36547], [-4.10067, 50.36543]], [[-4.10067, 50.36543], [-4.10068, 50.36539], [-4.10071, 50.36534]], [[-4.10071, 50.36534], [-4.10074, 50.36531], [-4.10079, 50.36529], [-4.10084, 50.36528]], [[-4.10084, 50.36528], [-4.1009, 50.36527], [-4.10096, 50.36527]], [[-4.10096, 50.36527], [-4.10102, 50.36529], [-4.10107, 50.36531], [-4.10112, 50.36534], [-4.10113, 50.36537], [-4.10115, 50.36541], [-4.10114, 50.36545], [-4.10112, 50.36549], [-4.10109, 50.36552]], [[-4.10109, 50.36552], [-4.1011, 50.36569], [-4.10113, 50.3658], [-4.10117, 50.36601], [-4.10121, 50.3661], [-4.10126, 50.36621]], [[-4.10126, 50.36621], [-4.10133, 50.36622], [-4.10138, 50.36626]], [[-4.10138, 50.36626], [-4.10154, 50.36626], [-4.10159, 50.36626]], [[-4.10159, 50.36626], [-4.10179, 50.36629], [-4.1023, 50.36637], [-4.10269, 50.36646], [-4.10284, 50.36651], [-4.10317, 50.36662], [-4.1037, 50.36679], [-4.10441, 50.36701], [-4.10512, 50.36724], [-4.10569, 50.36742], [-4.10591, 50.36749], [-4.10627, 50.36762], [-4.10661, 50.36773], [-4.10698, 50.36788], [-4.10708, 50.36792]], [[-4.1124, 50.37037], [-4.11256, 50.37042], [-4.11273, 50.37047]], [[-4.11171, 50.37011], [-4.11192, 50.37019], [-4.11229, 50.37033], [-4.1124, 50.37037]], [[-4.11074, 50.36966], [-4.11157, 50.37004], [-4.11162, 50.37006], [-4.11171, 50.37011]], [[-4.11045, 50.36953], [-4.11063, 50.36961], [-4.11065, 50.36961], [-4.11074, 50.36966]], [[-4.11382, 50.37076], [-4.11401, 50.37079], [-4.11435, 50.37084], [-4.11465, 50.3709]], [[-4.11273, 50.37047], [-4.11284, 50.37051], [-4.11289, 50.37052], [-4.11302, 50.37057], [-4.11322, 50.37063], [-4.11354, 50.37071], [-4.1136, 50.37072], [-4.11382, 50.37076]], [[-4.10756, 50.36815], [-4.10863, 50.36867], [-4.10973, 50.3692], [-4.11015, 50.3694], [-4.11018, 50.36942], [-4.11033, 50.36948]], [[-4.10739, 50.36807], [-4.10745, 50.36809], [-4.10756, 50.36815]], [[-4.10708, 50.36792], [-4.10712, 50.36794], [-4.10722, 50.36799], [-4.10739, 50.36807]], [[-4.10096, 50.36527], [-4.10106, 50.36523], [-4.10109, 50.36521], [-4.10118, 50.36515]], [[-4.10118, 50.36515], [-4.10115, 50.36526], [-4.10112, 50.36534]], [[-4.10144, 50.36402], [-4.1014, 50.36407], [-4.10136, 50.36423], [-4.10134, 50.36435], [-4.10131, 50.36447], [-4.10127, 50.36466], [-4.10126, 50.36475], [-4.10124, 50.36481], [-4.10123, 50.36489], [-4.10122, 50.36493], [-4.10121, 50.36499], [-4.10119, 50.36512], [-4.10118, 50.36515]], [[-4.10156, 50.364], [-4.10152, 50.364], [-4.10144, 50.36402]], [[-4.1022, 50.36398], [-4.10207, 50.36397], [-4.10199, 50.36397], [-4.10188, 50.36398], [-4.10182, 50.36398], [-4.10165, 50.36399], [-4.10156, 50.364]], [[-4.1036, 50.36343], [-4.10346, 50.36344], [-4.10335, 50.36348], [-4.10324, 50.36355], [-4.10319, 50.36364], [-4.10314, 50.36372], [-4.10309, 50.36379], [-4.10299, 50.36385], [-4.10292, 50.36391], [-4.10282, 50.36399], [-4.10273, 50.36402], [-4.1026, 50.36402], [-4.10237, 50.36399], [-4.1022, 50.36398]], [[-4.10447, 50.36336], [-4.1043, 50.36339], [-4.10396, 50.36341], [-4.10369, 50.36342], [-4.1036, 50.36343]], [[-4.10499, 50.36323], [-4.10481, 50.36329], [-4.10456, 50.36335], [-4.10447, 50.36336]], [[-4.10617, 50.36264], [-4.10601, 50.36274], [-4.10577, 50.36285], [-4.10552, 50.36301], [-4.10528, 50.36311], [-4.10499, 50.36323]], [[-4.10623, 50.36259], [-4.10617, 50.36264]], [[-4.10668, 50.36154], [-4.1065, 50.36195], [-4.10648, 50.362], [-4.10639, 50.36219], [-4.10632, 50.3624], [-4.10623, 50.36259]], [[-4.10694, 50.36075], [-4.1069, 50.36085], [-4.10674, 50.36141], [-4.10668, 50.36154]], [[-4.107, 50.36048], [-4.10702, 50.36053], [-4.10694, 50.36075]], [[-4.10642, 50.36042], [-4.10696, 50.36046], [-4.107, 50.36048]], [[-4.10577, 50.36039], [-4.1061, 50.3604], [-4.10642, 50.36042]], [[-4.10524, 50.36037], [-4.10531, 50.36037], [-4.10539, 50.36038], [-4.1057, 50.36039], [-4.10577, 50.36039]], [[-4.10505, 50.36037], [-4.10524, 50.36037]], [[-4.10314, 50.3606], [-4.10321, 50.3606], [-4.10341, 50.36056], [-4.10346, 50.36055], [-4.10378, 50.36046], [-4.10413, 50.36037], [-4.10431, 50.36034], [-4.10454, 50.36034], [-4.10467, 50.36035], [-4.10483, 50.36037], [-4.10505, 50.36037]], [[-4.09902, 50.3602], [-4.09958, 50.36031], [-4.10008, 50.36042], [-4.10022, 50.36044], [-4.10032, 50.36046], [-4.10056, 50.36048], [-4.1009, 50.36049], [-4.10157, 50.36051], [-4.10218, 50.36051], [-4.10237, 50.36053], [-4.10283, 50.3606], [-4.10304, 50.36061], [-4.10314, 50.3606]], [[-4.09502, 50.35989], [-4.09556, 50.35993], [-4.09619, 50.35998], [-4.09673, 50.36], [-4.09718, 50.36001], [-4.09764, 50.36003], [-4.09814, 50.36008], [-4.09867, 50.36015], [-4.09902, 50.3602]], [[-4.09387, 50.35976], [-4.09405, 50.35982], [-4.09423, 50.35983], [-4.09457, 50.35987], [-4.09502, 50.35989]], [[-4.09387, 50.35976], [-4.09372, 50.35972], [-4.09365, 50.3597], [-4.0935, 50.35968], [-4.09345, 50.35969], [-4.0933, 50.35968], [-4.09324, 50.35968], [-4.0928, 50.35968], [-4.09261, 50.35967], [-4.09246, 50.35962], [-4.09241, 50.35959], [-4.09232, 50.35953], [-4.09222, 50.35947], [-4.09221, 50.35946], [-4.09171, 50.35914], [-4.09148, 50.35898], [-4.09132, 50.35888], [-4.09112, 50.35872], [-4.09086, 50.35854], [-4.09077, 50.35845], [-4.09068, 50.35836], [-4.09046, 50.35807], [-4.09029, 50.35781], [-4.09013, 50.35765], [-4.09003, 50.35758], [-4.08998, 50.35756], [-4.08986, 50.35751], [-4.08962, 50.35747], [-4.08935, 50.35742], [-4.08901, 50.35729], [-4.08886, 50.3572]], [[-4.08886, 50.3572], [-4.08878, 50.35715], [-4.08869, 50.35707], [-4.08862, 50.35699]], [[-4.08862, 50.35699], [-4.08854, 50.35685], [-4.08846, 50.3567], [-4.0883, 50.3565], [-4.08815, 50.35638], [-4.088, 50.35628], [-4.0878, 50.35617], [-4.08754, 50.35608], [-4.08718, 50.35597], [-4.08694, 50.35591], [-4.08661, 50.35584], [-4.08631, 50.35583], [-4.08606, 50.35582], [-4.08584, 50.35582]], [[-4.08584, 50.35582], [-4.08586, 50.35568], [-4.0859, 50.35552], [-4.08596, 50.35529], [-4.08601, 50.35512], [-4.08601, 50.35509], [-4.08606, 50.35497], [-4.08614, 50.35483], [-4.08621, 50.35473], [-4.0863, 50.35458], [-4.08632, 50.35453], [-4.08635, 50.35443], [-4.08633, 50.35434], [-4.08631, 50.35418], [-4.0863, 50.3541], [-4.08628, 50.35397], [-4.08624, 50.35384], [-4.08623, 50.35383], [-4.08621, 50.35375]], [[-4.0855, 50.35143], [-4.08539, 50.3516], [-4.08527, 50.35185], [-4.08519, 50.35201], [-4.08522, 50.35232], [-4.08526, 50.35247], [-4.08532, 50.35259], [-4.08549, 50.35282], [-4.08572, 50.35303], [-4.08587, 50.3532], [-4.0859, 50.35324], [-4.08596, 50.35332], [-4.08607, 50.35348], [-4.08616, 50.35367], [-4.08621, 50.35375]], [[-4.0855, 50.35143], [-4.08575, 50.35148], [-4.08601, 50.35151], [-4.08624, 50.35153], [-4.08647, 50.35154], [-4.08672, 50.35153], [-4.08698, 50.35151], [-4.08733, 50.35145], [-4.08794, 50.35133], [-4.08862, 50.35119], [-4.0892, 50.35106], [-4.08959, 50.35097], [-4.0898, 50.35093], [-4.08994, 50.35086], [-4.09003, 50.35078], [-4.0901, 50.35069], [-4.09011, 50.3506], [-4.0901, 50.35058], [-4.09007, 50.35052], [-4.09, 50.35043], [-4.08969, 50.35009], [-4.08927, 50.34965], [-4.08918, 50.34956], [-4.08889, 50.34925], [-4.0888, 50.34917], [-4.08867, 50.3491], [-4.08856, 50.34906], [-4.08838, 50.34902], [-4.08818, 50.34901], [-4.08793, 50.349], [-4.08775, 50.34901], [-4.08751, 50.34903], [-4.08715, 50.34906], [-4.08663, 50.34913], [-4.08621, 50.3492], [-4.08569, 50.3493], [-4.08561, 50.34931], [-4.0849, 50.34946], [-4.08449, 50.34954]], [[-4.08398, 50.34838], [-4.0842, 50.34859], [-4.08425, 50.34866], [-4.08434, 50.34875], [-4.08442, 50.3489], [-4.08448, 50.34905], [-4.08449, 50.34919], [-4.08447, 50.34934], [-4.08449, 50.34954]], [[-4.08302, 50.34704], [-4.08314, 50.34731], [-4.08339, 50.34769], [-4.08365, 50.34802], [-4.0837, 50.34809], [-4.08374, 50.34813], [-4.08398, 50.34838]], [[-4.08302, 50.34704], [-4.08281, 50.34684], [-4.08268, 50.34675], [-4.08254, 50.34666], [-4.08254, 50.34666], [-4.08247, 50.34661]], [[-4.07994, 50.34951], [-4.08026, 50.34896], [-4.08042, 50.34867], [-4.08061, 50.34833], [-4.08067, 50.34823], [-4.08092, 50.34776], [-4.08099, 50.34768], [-4.08106, 50.34758], [-4.08122, 50.34743], [-4.08144, 50.34726], [-4.08156, 50.34717], [-4.08199, 50.34687], [-4.08216, 50.34674], [-4.08231, 50.34667], [-4.08237, 50.34665], [-4.08247, 50.34661]], [[-4.07978, 50.34984], [-4.07983, 50.34974], [-4.07993, 50.34952], [-4.07994, 50.34951]], [[-4.07521, 50.35179], [-4.07531, 50.35179], [-4.07546, 50.35177], [-4.07561, 50.35172], [-4.07594, 50.35161], [-4.07613, 50.35154], [-4.077, 50.35122], [-4.0771, 50.35118], [-4.07819, 50.35077], [-4.07858, 50.35062], [-4.07891, 50.3505], [-4.07894, 50.35049], [-4.07907, 50.35045], [-4.0792, 50.3504], [-4.0793, 50.35036], [-4.07938, 50.35031], [-4.0795, 50.35023], [-4.0796, 50.35013], [-4.0797, 50.34998], [-4.07974, 50.34989], [-4.07978, 50.34984]], [[-4.07509, 50.35268], [-4.07507, 50.35241], [-4.07508, 50.35228], [-4.07512, 50.35208], [-4.07521, 50.35179]], [[-4.07417, 50.35355], [-4.07448, 50.35341], [-4.0747, 50.35329], [-4.07489, 50.35318], [-4.07495, 50.35312], [-4.07503, 50.35304], [-4.07507, 50.35296], [-4.0751, 50.35285], [-4.0751, 50.35277], [-4.07509, 50.35268]], [[-4.07315, 50.35602], [-4.07315, 50.35583], [-4.07314, 50.35576], [-4.07312, 50.35557], [-4.07308, 50.35538], [-4.07305, 50.35518], [-4.07301, 50.35499], [-4.07301, 50.35479], [-4.07301, 50.35472], [-4.073, 50.35451], [-4.07302, 50.35428], [-4.07305, 50.35418], [-4.07308, 50.3541], [-4.07315, 50.35401], [-4.07321, 50.35396], [-4.07333, 50.3539], [-4.07349, 50.35382], [-4.07384, 50.35368], [-4.07417, 50.35355]], [[-4.07312, 50.35624], [-4.07315, 50.35602]], [[-4.07279, 50.35784], [-4.07286, 50.35764], [-4.07293, 50.35735], [-4.07302, 50.35688], [-4.07309, 50.35647], [-4.07312, 50.35624]], [[-4.0703, 50.35786], [-4.07062, 50.35782], [-4.07087, 50.35781], [-4.07106, 50.3578], [-4.07132, 50.35779], [-4.07148, 50.35778], [-4.07196, 50.35781], [-4.07208, 50.35781], [-4.07279, 50.35784]], [[-4.06702, 50.35855], [-4.06744, 50.35841], [-4.0676, 50.35836], [-4.0677, 50.35833], [-4.06776, 50.35831], [-4.06801, 50.35824], [-4.06808, 50.35823], [-4.06881, 50.3581], [-4.06943, 50.358], [-4.0696, 50.35798], [-4.07008, 50.35789], [-4.0703, 50.35786]], [[-4.06368, 50.35933], [-4.06375, 50.35929], [-4.06396, 50.35918], [-4.0641, 50.35911], [-4.06426, 50.35904], [-4.06445, 50.35898], [-4.06452, 50.35897], [-4.06475, 50.35894], [-4.06504, 50.35891], [-4.06517, 50.3589], [-4.06524, 50.35889], [-4.06552, 50.35887], [-4.06557, 50.35887], [-4.06559, 50.35886], [-4.06582, 50.35884], [-4.06606, 50.3588], [-4.06623, 50.35877], [-4.06648, 50.35872], [-4.06669, 50.35865], [-4.06674, 50.35864], [-4.06678, 50.35863], [-4.06702, 50.35855]], [[-4.06368, 50.35933], [-4.06362, 50.35937], [-4.06353, 50.35943]], [[-4.06353, 50.35943], [-4.06354, 50.35945], [-4.06353, 50.35949]], [[-4.06353, 50.35949], [-4.06363, 50.35957], [-4.06392, 50.35984], [-4.06457, 50.36036], [-4.06569, 50.36121]], [[-4.06569, 50.36121], [-4.06584, 50.36128], [-4.06591, 50.36131], [-4.06601, 50.36136]], [[-4.06601, 50.36136], [-4.06612, 50.36126], [-4.0663, 50.36121]], [[-4.08307, 50.36086], [-4.08297, 50.36089], [-4.08216, 50.36105], [-4.08131, 50.3612], [-4.08086, 50.36128], [-4.08019, 50.3614], [-4.07961, 50.36148], [-4.07905, 50.36155], [-4.07845, 50.36161], [-4.07789, 50.36165], [-4.07785, 50.36165], [-4.07725, 50.36168], [-4.07661, 50.36169], [-4.07609, 50.36169], [-4.07587, 50.36169], [-4.07553, 50.36168], [-4.07501, 50.36166], [-4.0748, 50.36164], [-4.07444, 50.36162], [-4.07387, 50.36157], [-4.07324, 50.3615], [-4.07203, 50.36138], [-4.07098, 50.36126], [-4.07018, 50.36118], [-4.06983, 50.36115], [-4.06976, 50.36114], [-4.06939, 50.3611], [-4.06902, 50.36107], [-4.06878, 50.36104], [-4.06841, 50.361], [-4.06811, 50.36097], [-4.06787, 50.36096], [-4.06766, 50.36094], [-4.06753, 50.36094], [-4.06723, 50.36097], [-4.06702, 50.361], [-4.06671, 50.36107], [-4.0663, 50.36121]], [[-4.08271, 50.35924], [-4.08269, 50.3595], [-4.08268, 50.35974], [-4.08266, 50.35993], [-4.08268, 50.36015], [-4.08274, 50.36031], [-4.08287, 50.36053], [-4.08294, 50.36063], [-4.08304, 50.36079], [-4.08305, 50.36081], [-4.08307, 50.36086]], [[-4.08416, 50.35625], [-4.08425, 50.3564], [-4.08432, 50.35657], [-4.08436, 50.35667], [-4.08439, 50.35676], [-4.0844, 50.35688], [-4.08437, 50.357], [-4.08429, 50.35712], [-4.0842, 50.35723], [-4.08408, 50.35732], [-4.08385, 50.35745], [-4.08362, 50.35759], [-4.08334, 50.35782], [-4.08324, 50.3579], [-4.08313, 50.35803], [-4.08303, 50.35811], [-4.08296, 50.3582], [-4.08288, 50.35831], [-4.08279, 50.35847], [-4.08274, 50.35861], [-4.08273, 50.35885], [-4.08271, 50.35905], [-4.08271, 50.35924]], [[-4.08584, 50.35582], [-4.08572, 50.35584], [-4.08565, 50.35585], [-4.08516, 50.35596], [-4.0846, 50.3561], [-4.08426, 50.35622], [-4.08416, 50.35625]]]}}, {"type": "Feature", "properties": {"mode": "bus", "name": "21/A", "ref": "21/A", "operator": "Plymouth Citybus", "osm_id": 15794589}, "geometry": {"type": "MultiLineString", "coordinates": [[[-4.07973, 50.39121], [-4.07981, 50.39123], [-4.07984, 50.39124], [-4.07995, 50.39126]], [[-4.07995, 50.39126], [-4.08032, 50.39135]], [[-4.08032, 50.39135], [-4.08091, 50.39152], [-4.08099, 50.39154], [-4.08138, 50.39164]], [[-4.08138, 50.39164], [-4.08158, 50.39167]], [[-4.08158, 50.39167], [-4.08191, 50.3917]], [[-4.08191, 50.3917], [-4.08222, 50.39171], [-4.08242, 50.39172], [-4.08261, 50.39171], [-4.08293, 50.3917], [-4.08334, 50.3917], [-4.08368, 50.3917]], [[-4.08191, 50.3917], [-4.08222, 50.39171], [-4.08242, 50.39172], [-4.08261, 50.39171], [-4.08293, 50.3917], [-4.08334, 50.3917], [-4.08368, 50.3917]], [[-4.08158, 50.39167], [-4.08191, 50.3917]], [[-4.07089, 50.39031], [-4.07106, 50.39033]], [[-4.07089, 50.39031], [-4.07106, 50.39033]], [[-4.06928, 50.39028], [-4.06955, 50.39025], [-4.07089, 50.39031]], [[-4.06958, 50.39036], [-4.06928, 50.39028]], [[-4.07013, 50.39043], [-4.06958, 50.39036]], [[-4.07087, 50.39054], [-4.07013, 50.39043]], [[-4.07291, 50.39085], [-4.07285, 50.39084], [-4.07213, 50.39073], [-4.07194, 50.3907], [-4.07127, 50.3906], [-4.07087, 50.39054]], [[-4.07322, 50.39088], [-4.07291, 50.39085]], [[-4.07395, 50.39098], [-4.07342, 50.39091], [-4.07339, 50.39091], [-4.07322, 50.39088]], [[-4.0744, 50.39101], [-4.07395, 50.39098]], [[-4.07976, 50.39156], [-4.07935, 50.39146], [-4.0793, 50.39145], [-4.07885, 50.39135], [-4.07841, 50.39125], [-4.07755, 50.39114], [-4.07679, 50.3911], [-4.07609, 50.39111], [-4.07541, 50.39109], [-4.0744, 50.39101]], [[-4.08017, 50.39165], [-4.07976, 50.39156]], [[-4.08112, 50.39179], [-4.08088, 50.39177], [-4.08067, 50.39174], [-4.08017, 50.39165]], [[-4.08157, 50.39182], [-4.08112, 50.39179]], [[-4.08186, 50.39185], [-4.08157, 50.39182]], [[-4.08203, 50.39186], [-4.08186, 50.39185]], [[-4.08339, 50.39179], [-4.08301, 50.39179], [-4.08249, 50.39182], [-4.08228, 50.39183], [-4.08203, 50.39186]], [[-4.08398, 50.39186], [-4.08391, 50.39185], [-4.08381, 50.39183], [-4.08373, 50.39183], [-4.08358, 50.39181], [-4.08339, 50.39179]], [[-4.08435, 50.39195], [-4.08398, 50.39186]], [[-4.08448, 50.39198], [-4.08435, 50.39195]], [[-4.08475, 50.39203], [-4.08448, 50.39198]], [[-4.08638, 50.39192], [-4.08585, 50.39205], [-4.08569, 50.39208], [-4.0855, 50.39209], [-4.08529, 50.3921], [-4.08512, 50.39209], [-4.08495, 50.39207], [-4.0848, 50.39204], [-4.08475, 50.39203]], [[-4.08681, 50.39178], [-4.08662, 50.39186], [-4.08638, 50.39192]], [[-4.08681, 50.39178], [-4.08662, 50.39186], [-4.08638, 50.39192]], [[-4.08638, 50.39192], [-4.08585, 50.39205], [-4.08569, 50.39208], [-4.0855, 50.39209], [-4.08529, 50.3921], [-4.08512, 50.39209], [-4.08495, 50.39207], [-4.0848, 50.39204], [-4.08475, 50.39203]], [[-4.08475, 50.39203], [-4.08448, 50.39198]], [[-4.07106, 50.39033], [-4.07129, 50.39035]], [[-4.07129, 50.39035], [-4.07137, 50.39036], [-4.07229, 50.39046], [-4.07314, 50.39055], [-4.07315, 50.39055], [-4.07332, 50.39057]], [[-4.07332, 50.39057], [-4.07415, 50.39066], [-4.07468, 50.39069]], [[-4.07468, 50.39069], [-4.07494, 50.39071], [-4.07602, 50.39078], [-4.07708, 50.39085], [-4.0775, 50.39088]], [[-4.0775, 50.39088], [-4.07775, 50.3909], [-4.07809, 50.39093]], [[-4.07809, 50.39093], [-4.07814, 50.39093], [-4.07871, 50.391]], [[-4.07871, 50.391], [-4.07919, 50.39108], [-4.07955, 50.39117]], [[-4.06928, 50.39028], [-4.06878, 50.39021], [-4.06833, 50.39014], [-4.06828, 50.39014]], [[-4.06547, 50.38967], [-4.06648, 50.38987], [-4.06663, 50.38989], [-4.06759, 50.39006], [-4.06788, 50.39008], [-4.06828, 50.39014]], [[-4.06396, 50.38941], [-4.06428, 50.38946], [-4.06442, 50.38948], [-4.06466, 50.38952], [-4.06472, 50.38954], [-4.06516, 50.38961], [-4.06547, 50.38967]], [[-4.06374, 50.38937], [-4.06396, 50.38941]], [[-4.06363, 50.38935], [-4.06374, 50.38937]], [[-4.06294, 50.38924], [-4.06363, 50.38935]], [[-4.06258, 50.38922], [-4.06276, 50.38923], [-4.06294, 50.38924]], [[-4.06063, 50.38938], [-4.06078, 50.38935], [-4.06104, 50.3893], [-4.06135, 50.38926], [-4.06175, 50.38923], [-4.06226, 50.38922], [-4.06258, 50.38922]], [[-4.05935, 50.38957], [-4.05951, 50.38955], [-4.05967, 50.38953], [-4.05991, 50.38951], [-4.05999, 50.3895], [-4.06014, 50.38947], [-4.06029, 50.38944], [-4.06037, 50.38943], [-4.06063, 50.38938]], [[-4.05935, 50.38957], [-4.05925, 50.38951]], [[-4.05925, 50.38951], [-4.0591, 50.38945]], [[-4.0591, 50.38945], [-4.05906, 50.38943]], [[-4.05906, 50.38943], [-4.05876, 50.38932], [-4.05863, 50.38927], [-4.05807, 50.38908], [-4.05801, 50.38905], [-4.05752, 50.38888]], [[-4.05752, 50.38888], [-4.05724, 50.38879], [-4.05647, 50.38855], [-4.05589, 50.38835], [-4.05566, 50.38827], [-4.05551, 50.38822], [-4.05537, 50.38813]], [[-4.05537, 50.38813], [-4.05533, 50.3881], [-4.05518, 50.388], [-4.05505, 50.38794]], [[-4.05505, 50.38794], [-4.05487, 50.38779], [-4.05471, 50.38772], [-4.05464, 50.3877], [-4.05449, 50.38765], [-4.0538, 50.38746], [-4.0537, 50.38743], [-4.05364, 50.3874], [-4.0535, 50.38733], [-4.05342, 50.3873], [-4.05334, 50.38726], [-4.05326, 50.38722], [-4.05294, 50.38704], [-4.05262, 50.38688], [-4.05243, 50.38681], [-4.05215, 50.38673], [-4.05181, 50.38666], [-4.0515, 50.38662], [-4.05135, 50.38661], [-4.05124, 50.38664], [-4.05117, 50.38668], [-4.05112, 50.38673], [-4.05102, 50.38697], [-4.05099, 50.38701], [-4.05095, 50.38705], [-4.05086, 50.38716], [-4.05076, 50.38725], [-4.05052, 50.38743], [-4.05045, 50.38747]], [[-4.05045, 50.38747], [-4.05042, 50.38752], [-4.0504, 50.3876], [-4.05039, 50.38771], [-4.05035, 50.3878], [-4.0503, 50.38792], [-4.05018, 50.38821], [-4.05004, 50.3885], [-4.05002, 50.38853], [-4.04991, 50.38874], [-4.04979, 50.38896], [-4.04973, 50.38907], [-4.04967, 50.38917], [-4.04965, 50.38929], [-4.04964, 50.38935], [-4.04963, 50.38948], [-4.04962, 50.38954], [-4.04961, 50.38967], [-4.04957, 50.39025], [-4.04957, 50.39029], [-4.04957, 50.39052], [-4.04957, 50.3909], [-4.04957, 50.39099], [-4.04952, 50.39151], [-4.04951, 50.39164], [-4.04948, 50.39199], [-4.04947, 50.39204]], [[-4.04804, 50.39198], [-4.04821, 50.39199], [-4.04843, 50.392], [-4.04866, 50.39202], [-4.04888, 50.39205], [-4.04914, 50.39206], [-4.04931, 50.39206], [-4.04947, 50.39204]], [[-4.05045, 50.38747], [-4.05033, 50.38744], [-4.04985, 50.38737], [-4.04894, 50.38732], [-4.04891, 50.38732], [-4.04879, 50.38731], [-4.0484, 50.38729], [-4.04823, 50.38728], [-4.04817, 50.38728], [-4.04796, 50.38726], [-4.04763, 50.38722], [-4.04685, 50.38712]], [[-4.04685, 50.38623], [-4.04685, 50.38668], [-4.04685, 50.38701], [-4.04685, 50.38712]], [[-4.04662, 50.38399], [-4.0467, 50.38427], [-4.0467, 50.38429], [-4.04676, 50.38459], [-4.04684, 50.38483], [-4.04684, 50.38487], [-4.04685, 50.38499], [-4.04685, 50.3851], [-4.04687, 50.38535], [-4.04686, 50.38587], [-4.04685, 50.38618], [-4.04685, 50.38623]], [[-4.04589, 50.38399], [-4.04662, 50.38399]], [[-4.04475, 50.38397], [-4.04552, 50.38399], [-4.04589, 50.38399]], [[-4.04428, 50.38394], [-4.0445, 50.38396], [-4.04456, 50.38396], [-4.04475, 50.38397]], [[-4.04305, 50.38379], [-4.04333, 50.38384], [-4.04394, 50.38391], [-4.04428, 50.38394]], [[-4.04264, 50.3837], [-4.04273, 50.38373], [-4.04298, 50.38378], [-4.04305, 50.38379]], [[-4.04264, 50.3837], [-4.04264, 50.38363], [-4.04269, 50.38337], [-4.04268, 50.38317], [-4.04265, 50.38305], [-4.04262, 50.38298], [-4.04262, 50.38291], [-4.04266, 50.38278], [-4.04272, 50.38266], [-4.04283, 50.38256], [-4.04302, 50.38237], [-4.04316, 50.38227]], [[-4.04316, 50.38227], [-4.04346, 50.382], [-4.04347, 50.38199], [-4.04366, 50.38176], [-4.04368, 50.38172], [-4.04374, 50.38163], [-4.04382, 50.38144], [-4.04384, 50.3813], [-4.04384, 50.38129], [-4.04386, 50.38115], [-4.04386, 50.38112], [-4.04386, 50.38095], [-4.04384, 50.38077], [-4.04376, 50.38067], [-4.04372, 50.38062]], [[-4.04372, 50.38062], [-4.04362, 50.38059], [-4.04347, 50.38053], [-4.04333, 50.3805], [-4.04315, 50.3805], [-4.04267, 50.38052], [-4.04222, 50.38051], [-4.04207, 50.38049]], [[-4.04207, 50.38049], [-4.04176, 50.38047], [-4.04044, 50.38029], [-4.03999, 50.38023], [-4.03966, 50.3802], [-4.0393, 50.38014], [-4.03901, 50.38008], [-4.03891, 50.38006]], [[-4.03899, 50.37952], [-4.03895, 50.37978], [-4.03893, 50.37998], [-4.03893, 50.37998], [-4.03891, 50.38006]], [[-4.03905, 50.37902], [-4.03901, 50.37929], [-4.03899, 50.37952]], [[-4.02297, 50.38644], [-4.02287, 50.38632], [-4.02286, 50.38629], [-4.02285, 50.38616], [-4.02287, 50.38601], [-4.02298, 50.38581], [-4.02319, 50.38554], [-4.02341, 50.38531]], [[-4.02341, 50.38531], [-4.02382, 50.38499]], [[-4.02382, 50.38499], [-4.02447, 50.38448], [-4.02469, 50.38433], [-4.02509, 50.384], [-4.02531, 50.38377], [-4.02552, 50.38347], [-4.02562, 50.38325], [-4.02566, 50.38305], [-4.02566, 50.38289], [-4.02564, 50.3827], [-4.0256, 50.38252], [-4.02554, 50.38239], [-4.0255, 50.38229], [-4.02541, 50.38211]], [[-4.02541, 50.38211], [-4.02534, 50.38208], [-4.02533, 50.38206], [-4.02518, 50.38179]], [[-4.02541, 50.38201], [-4.02542, 50.38204], [-4.02543, 50.38206], [-4.02541, 50.38211]], [[-4.0253, 50.38178], [-4.02541, 50.38201]], [[-4.02518, 50.38179], [-4.0253, 50.38178]], [[-4.0253, 50.38178], [-4.02572, 50.38182]], [[-4.02572, 50.38182], [-4.02595, 50.38183]], [[-4.03905, 50.37902], [-4.039, 50.37897], [-4.03893, 50.37893], [-4.03882, 50.37889], [-4.03808, 50.37876], [-4.0376, 50.37867], [-4.03675, 50.37852], [-4.03637, 50.37846], [-4.03592, 50.37838], [-4.03545, 50.37832], [-4.0353, 50.37832], [-4.03508, 50.37833], [-4.0349, 50.37835], [-4.03468, 50.37838], [-4.03449, 50.37839], [-4.03428, 50.37839], [-4.0339, 50.37839], [-4.03122, 50.37834], [-4.03045, 50.37833], [-4.02991, 50.37833], [-4.02969, 50.37834], [-4.02948, 50.37837], [-4.02934, 50.3784], [-4.02916, 50.37844], [-4.02885, 50.3785], [-4.0286, 50.37859], [-4.02819, 50.37873], [-4.02783, 50.37886], [-4.02749, 50.379], [-4.02728, 50.37912], [-4.02712, 50.3792], [-4.02695, 50.37932], [-4.02679, 50.37946], [-4.02664, 50.37959], [-4.02651, 50.37972], [-4.02641, 50.37985], [-4.02632, 50.37999], [-4.02621, 50.38022], [-4.02617, 50.38035], [-4.02615, 50.38052], [-4.02614, 50.38068], [-4.02618, 50.38091], [-4.0262, 50.38114], [-4.02619, 50.38129], [-4.02615, 50.38142], [-4.02609, 50.38158], [-4.02595, 50.38183]], [[-4.02323, 50.38648], [-4.02325, 50.38654], [-4.02324, 50.38658], [-4.0232, 50.38662], [-4.02315, 50.38664]], [[-4.02315, 50.38664], [-4.02309, 50.38665], [-4.02303, 50.38665], [-4.02298, 50.38664], [-4.02292, 50.3866]], [[-4.02292, 50.3866], [-4.02289, 50.38654], [-4.0229, 50.38651], [-4.02292, 50.38647], [-4.02297, 50.38644]], [[-4.02297, 50.38644], [-4.02304, 50.38642], [-4.02312, 50.38643], [-4.02318, 50.38645], [-4.02323, 50.38648]], [[-4.02323, 50.38648], [-4.02331, 50.38646], [-4.02342, 50.38645], [-4.02365, 50.38646], [-4.02406, 50.38649]], [[-4.02406, 50.38649], [-4.02458, 50.38647]], [[-4.02458, 50.38647], [-4.02477, 50.38645]], [[-4.02477, 50.38645], [-4.0249, 50.38644], [-4.02524, 50.38638]], [[-4.02524, 50.38638], [-4.02546, 50.38633]], [[-4.02546, 50.38633], [-4.02566, 50.38629]], [[-4.02566, 50.38629], [-4.02596, 50.38622]], [[-4.02596, 50.38622], [-4.02667, 50.38609], [-4.02695, 50.38605], [-4.02732, 50.38602], [-4.02765, 50.38602], [-4.02798, 50.38605], [-4.02832, 50.3861], [-4.0287, 50.38619], [-4.02916, 50.3863], [-4.0293, 50.38634]], [[-4.0293, 50.38634], [-4.02943, 50.38637], [-4.02969, 50.38644], [-4.03012, 50.38657], [-4.03043, 50.38668], [-4.03066, 50.38679], [-4.03093, 50.38691], [-4.03139, 50.38716], [-4.03191, 50.3874]], [[-4.03191, 50.3874], [-4.03224, 50.38752]], [[-4.03224, 50.38752], [-4.03253, 50.3876], [-4.03273, 50.38765]], [[-4.03273, 50.38765], [-4.03288, 50.38769], [-4.0347, 50.38809]], [[-4.0347, 50.38809], [-4.0349, 50.38813], [-4.03526, 50.38821], [-4.03536, 50.38823], [-4.03544, 50.38822], [-4.03553, 50.3882], [-4.03563, 50.38815]], [[-4.02412, 50.39105], [-4.02413, 50.39084], [-4.02415, 50.39077], [-4.02419, 50.39065], [-4.02422, 50.39049], [-4.02423, 50.39026], [-4.02421, 50.38968]], [[-4.02421, 50.38968], [-4.02417, 50.38957], [-4.02412, 50.38946], [-4.02403, 50.38934], [-4.02387, 50.3892], [-4.0236, 50.38903]], [[-4.0236, 50.38903], [-4.0234, 50.3889], [-4.02333, 50.38884], [-4.02328, 50.38879]], [[-4.02328, 50.38879], [-4.02327, 50.38878], [-4.02319, 50.38872], [-4.02312, 50.38866], [-4.02303, 50.38853], [-4.02298, 50.38839], [-4.02296, 50.38825]], [[-4.02296, 50.38825], [-4.02295, 50.38819], [-4.02292, 50.38795], [-4.02293, 50.3878]], [[-4.02293, 50.3878], [-4.02294, 50.38772], [-4.02296, 50.38763], [-4.02304, 50.38746], [-4.02306, 50.38742], [-4.02321, 50.38714], [-4.02326, 50.38699], [-4.02327, 50.38688], [-4.02323, 50.38678], [-4.02317, 50.38667], [-4.02315, 50.38664]], [[-4.0242, 50.39118], [-4.02414, 50.39118], [-4.02408, 50.39116], [-4.02405, 50.39112], [-4.02406, 50.39108], [-4.02408, 50.39106], [-4.02412, 50.39105], [-4.02418, 50.39104], [-4.02424, 50.39107], [-4.02426, 50.39111], [-4.02424, 50.39115], [-4.0242, 50.39118]], [[-4.04751, 50.39186], [-4.04755, 50.39188], [-4.04761, 50.3919], [-4.04775, 50.39196]], [[-4.04697, 50.39168], [-4.04714, 50.39173], [-4.04739, 50.39181], [-4.04751, 50.39186]], [[-4.04546, 50.3911], [-4.04587, 50.39127], [-4.04643, 50.39149], [-4.0468, 50.39162], [-4.04697, 50.39168]], [[-4.04478, 50.39077], [-4.04485, 50.3908], [-4.04511, 50.39092], [-4.04546, 50.3911]], [[-4.04433, 50.39053], [-4.04449, 50.39062], [-4.04478, 50.39077]], [[-4.04409, 50.3904], [-4.04433, 50.39053]], [[-4.04322, 50.38998], [-4.04332, 50.39002], [-4.04364, 50.39018], [-4.04409, 50.3904]], [[-4.03869, 50.38874], [-4.03927, 50.38877], [-4.0396, 50.3888], [-4.03996, 50.38884], [-4.0403, 50.3889], [-4.04071, 50.38898], [-4.04115, 50.38909], [-4.04157, 50.38921], [-4.04186, 50.38932], [-4.04215, 50.38943], [-4.04257, 50.38962], [-4.04322, 50.38998]], [[-4.03838, 50.38874], [-4.03869, 50.38874]], [[-4.03632, 50.38843], [-4.0366, 50.38851], [-4.03692, 50.38857], [-4.03734, 50.38865], [-4.0377, 50.3887], [-4.03803, 50.38872], [-4.03838, 50.38874]], [[-4.04777, 50.39193], [-4.0478, 50.39191], [-4.04786, 50.39189], [-4.04793, 50.39189], [-4.04799, 50.39191], [-4.04803, 50.39195], [-4.04804, 50.39198]], [[-4.08604, 50.39131], [-4.08609, 50.39121], [-4.08615, 50.39111], [-4.08636, 50.39091], [-4.08648, 50.39084], [-4.0867, 50.39069]], [[-4.0867, 50.39069], [-4.08686, 50.39066], [-4.08691, 50.39065]], [[-4.08691, 50.39065], [-4.08722, 50.39061], [-4.08751, 50.39055], [-4.08778, 50.39047], [-4.08795, 50.3904]], [[-4.08795, 50.3904], [-4.08815, 50.39025], [-4.08829, 50.39006], [-4.0884, 50.38981], [-4.08864, 50.38908]], [[-4.08815, 50.3905], [-4.08794, 50.39062], [-4.0878, 50.39074], [-4.08777, 50.39079], [-4.08771, 50.3909], [-4.08766, 50.39102]], [[-4.08766, 50.39102], [-4.08767, 50.39105], [-4.08765, 50.39116], [-4.08761, 50.39125], [-4.08755, 50.39133], [-4.08726, 50.39161], [-4.08707, 50.39172], [-4.08694, 50.39176]], [[-4.08694, 50.39176], [-4.08681, 50.39178]], [[-4.09327, 50.38571], [-4.09297, 50.38576], [-4.09258, 50.38587], [-4.09247, 50.3859], [-4.09208, 50.38601], [-4.09203, 50.38603]], [[-4.09338, 50.38569], [-4.09327, 50.38571]], [[-4.09876, 50.38474], [-4.09849, 50.38484], [-4.09821, 50.38492], [-4.09781, 50.385], [-4.09613, 50.38527], [-4.09521, 50.38541], [-4.09441, 50.38554], [-4.09414, 50.38558], [-4.09348, 50.38567], [-4.09338, 50.38569]], [[-4.09876, 50.38474], [-4.09849, 50.38484], [-4.09821, 50.38492], [-4.09781, 50.385], [-4.09613, 50.38527], [-4.09521, 50.38541], [-4.09441, 50.38554], [-4.09414, 50.38558], [-4.09348, 50.38567], [-4.09338, 50.38569]], [[-4.09338, 50.38569], [-4.09327, 50.38571]], [[-4.09327, 50.38571], [-4.09297, 50.38576], [-4.09258, 50.38587], [-4.09247, 50.3859], [-4.09208, 50.38601], [-4.09203, 50.38603]], [[-4.09203, 50.38603], [-4.09186, 50.38609], [-4.09161, 50.38618], [-4.09128, 50.38632], [-4.09114, 50.38637], [-4.09074, 50.38656], [-4.09037, 50.38676], [-4.0901, 50.38692], [-4.08994, 50.38704], [-4.08985, 50.38711], [-4.08969, 50.38725], [-4.08952, 50.38744], [-4.08936, 50.38769], [-4.0893, 50.38783], [-4.08917, 50.3881], [-4.08913, 50.38822], [-4.08908, 50.38847], [-4.08896, 50.389], [-4.08891, 50.38927], [-4.0888, 50.38969], [-4.08872, 50.38997], [-4.08864, 50.39008]], [[-4.09203, 50.38603], [-4.09186, 50.38609], [-4.09161, 50.38618], [-4.09128, 50.38632], [-4.09114, 50.38637], [-4.09074, 50.38656], [-4.09037, 50.38676], [-4.0901, 50.38692], [-4.08994, 50.38704], [-4.08985, 50.38711], [-4.08969, 50.38725], [-4.08952, 50.38744], [-4.08936, 50.38769], [-4.0893, 50.38783], [-4.08917, 50.3881], [-4.08913, 50.38822], [-4.08908, 50.38847], [-4.08896, 50.389], [-4.08891, 50.38927], [-4.0888, 50.38969], [-4.08872, 50.38997], [-4.08864, 50.39008]], [[-4.09963, 50.38435], [-4.09961, 50.38436], [-4.09921, 50.38456], [-4.09876, 50.38474]], [[-4.09982, 50.38422], [-4.09963, 50.38435]], [[-4.10032, 50.38385], [-4.10026, 50.3839], [-4.09982, 50.38422]], [[-4.10092, 50.38338], [-4.10032, 50.38385]], [[-4.10614, 50.37855], [-4.10594, 50.37874], [-4.10537, 50.37928], [-4.10232, 50.3822], [-4.10194, 50.38256], [-4.10154, 50.3829], [-4.10092, 50.38338]], [[-4.10868, 50.37637], [-4.10846, 50.37657], [-4.1077, 50.37716], [-4.10686, 50.37789], [-4.10651, 50.37819], [-4.10614, 50.37855]], [[-4.11232, 50.37312], [-4.11151, 50.37386], [-4.11072, 50.37457], [-4.11024, 50.37498], [-4.10986, 50.37532], [-4.10967, 50.37549], [-4.10868, 50.37637]], [[-4.11292, 50.3726], [-4.11232, 50.37312]], [[-4.11325, 50.37243], [-4.11292, 50.3726]], [[-4.11398, 50.37214], [-4.11385, 50.37219], [-4.1136, 50.37227], [-4.11342, 50.37235], [-4.11325, 50.37243]], [[-4.11451, 50.37198], [-4.11427, 50.37205], [-4.11426, 50.37206], [-4.1142, 50.37208], [-4.11398, 50.37214]], [[-4.11584, 50.37161], [-4.11547, 50.37168], [-4.11529, 50.37172], [-4.11511, 50.37177], [-4.11499, 50.37181], [-4.11492, 50.37183], [-4.11475, 50.37188], [-4.11469, 50.37191], [-4.11451, 50.37198]], [[-4.11738, 50.37133], [-4.11663, 50.37147], [-4.11638, 50.37151], [-4.11615, 50.37156], [-4.11584, 50.37161]], [[-4.11815, 50.37119], [-4.11811, 50.37119], [-4.11742, 50.37132], [-4.11738, 50.37133]], [[-4.11875, 50.37107], [-4.11815, 50.37119]], [[-4.11902, 50.37103], [-4.11888, 50.37105], [-4.11875, 50.37107]], [[-4.11953, 50.37094], [-4.1192, 50.37099], [-4.11902, 50.37103]], [[-4.1224, 50.37043], [-4.12102, 50.37067], [-4.12086, 50.3707], [-4.11976, 50.37089], [-4.11953, 50.37094]], [[-4.12382, 50.37018], [-4.12372, 50.37019], [-4.12322, 50.37028], [-4.12299, 50.37032], [-4.1224, 50.37043]], [[-4.12421, 50.37025], [-4.12414, 50.37023], [-4.1241, 50.37022], [-4.12401, 50.37019], [-4.12393, 50.37018], [-4.12382, 50.37018]], [[-4.12452, 50.37036], [-4.12421, 50.37025]], [[-4.12491, 50.37052], [-4.12472, 50.37044], [-4.12452, 50.37036]], [[-4.12526, 50.37051], [-4.12516, 50.37052], [-4.12504, 50.37053], [-4.12491, 50.37052]], [[-4.12548, 50.37041], [-4.12542, 50.37045], [-4.12536, 50.37048], [-4.12526, 50.37051]], [[-4.12561, 50.37036], [-4.12548, 50.37041]], [[-4.12639, 50.37034], [-4.12612, 50.37031], [-4.12601, 50.3703], [-4.1259, 50.3703], [-4.12583, 50.37031], [-4.12577, 50.37032], [-4.12561, 50.37036]], [[-4.12887, 50.3707], [-4.12796, 50.37054], [-4.1279, 50.37053], [-4.12756, 50.37049], [-4.1275, 50.37048], [-4.12722, 50.37044], [-4.12708, 50.37042], [-4.12687, 50.37039], [-4.1268, 50.37038], [-4.12669, 50.37037], [-4.12644, 50.37034], [-4.12639, 50.37034]], [[-4.12946, 50.37079], [-4.12887, 50.3707]], [[-4.13096, 50.37109], [-4.13, 50.37087], [-4.12946, 50.37079]], [[-4.13181, 50.37132], [-4.13169, 50.37129], [-4.13142, 50.37121], [-4.1311, 50.37113], [-4.13096, 50.37109]], [[-4.13194, 50.37136], [-4.13183, 50.37133], [-4.13181, 50.37132]], [[-4.13233, 50.37146], [-4.13194, 50.37136]], [[-4.13286, 50.37156], [-4.13265, 50.37153], [-4.13256, 50.37151], [-4.13233, 50.37146]], [[-4.135, 50.3717], [-4.13453, 50.37167], [-4.13364, 50.37162], [-4.13303, 50.37158], [-4.13294, 50.37157], [-4.13286, 50.37156]], [[-4.13538, 50.37177], [-4.13516, 50.37172], [-4.13515, 50.37171], [-4.135, 50.3717]], [[-4.13567, 50.37206], [-4.13544, 50.37186], [-4.13538, 50.37177]], [[-4.13603, 50.37215], [-4.13585, 50.37213], [-4.13573, 50.37209], [-4.13567, 50.37206]], [[-4.13616, 50.37214], [-4.13607, 50.37216], [-4.13603, 50.37215]], [[-4.13643, 50.37195], [-4.1364, 50.37201], [-4.13632, 50.37208], [-4.13627, 50.37211], [-4.13616, 50.37214]], [[-4.13633, 50.37179], [-4.13639, 50.37187], [-4.13643, 50.37195]], [[-4.13845, 50.37061], [-4.1383, 50.37064], [-4.13826, 50.37066], [-4.13704, 50.37122], [-4.13671, 50.37136], [-4.13644, 50.3715], [-4.13639, 50.37154], [-4.13635, 50.37157], [-4.13632, 50.37162], [-4.13631, 50.37166], [-4.13632, 50.3717], [-4.13633, 50.37179]], [[-4.13907, 50.37046], [-4.13904, 50.37052], [-4.13898, 50.37057], [-4.13891, 50.37061], [-4.1388, 50.37065], [-4.1387, 50.37066], [-4.13857, 50.37065], [-4.13845, 50.37061]], [[-4.14018, 50.37042], [-4.13942, 50.37043], [-4.13923, 50.37043], [-4.13907, 50.37046]], [[-4.14109, 50.3704], [-4.14035, 50.37041], [-4.14031, 50.37041], [-4.14018, 50.37042]], [[-4.14203, 50.37037], [-4.14149, 50.37039], [-4.14126, 50.3704], [-4.14109, 50.3704]], [[-4.1428, 50.37036], [-4.14241, 50.37036], [-4.14203, 50.37037]], [[-4.14454, 50.37035], [-4.14357, 50.37037], [-4.14302, 50.37036], [-4.1428, 50.37036]], [[-4.14521, 50.37033], [-4.14487, 50.37034], [-4.14454, 50.37035]], [[-4.14553, 50.37037], [-4.14529, 50.37034], [-4.14521, 50.37033]], [[-4.14573, 50.37046], [-4.14561, 50.37042], [-4.14553, 50.37037]], [[-4.14611, 50.37044], [-4.14603, 50.37046], [-4.14591, 50.37048], [-4.14582, 50.37048], [-4.14573, 50.37046]], [[-4.14634, 50.37], [-4.14633, 50.37018], [-4.14632, 50.37025], [-4.14628, 50.37032], [-4.14623, 50.37037], [-4.14618, 50.37041], [-4.14611, 50.37044]], [[-4.11584, 50.37161], [-4.11547, 50.37168], [-4.11529, 50.37172], [-4.11511, 50.37177], [-4.11499, 50.37181], [-4.11492, 50.37183], [-4.11475, 50.37188], [-4.11469, 50.37191], [-4.11451, 50.37198]], [[-4.09558, 50.38523], [-4.09629, 50.38513], [-4.09691, 50.38504], [-4.09748, 50.38496], [-4.09795, 50.38486], [-4.0983, 50.38478], [-4.09869, 50.38467], [-4.09894, 50.38457], [-4.09936, 50.38439]], [[-4.09936, 50.38439], [-4.0995, 50.38432], [-4.09966, 50.38422]], [[-4.09966, 50.38422], [-4.10008, 50.38394], [-4.10014, 50.38389]], [[-4.10014, 50.38389], [-4.10072, 50.38343]], [[-4.10072, 50.38343], [-4.10152, 50.3828], [-4.10175, 50.38261]], [[-4.10175, 50.38261], [-4.10185, 50.38252], [-4.10223, 50.38217], [-4.10245, 50.38196]], [[-4.10245, 50.38196], [-4.10281, 50.38161]], [[-4.10281, 50.38161], [-4.10517, 50.37936], [-4.10585, 50.37871], [-4.10659, 50.37801]], [[-4.10659, 50.37801], [-4.10675, 50.37786], [-4.10762, 50.37711], [-4.10805, 50.37677], [-4.10827, 50.37657]], [[-4.10827, 50.37657], [-4.10833, 50.37652], [-4.10857, 50.37631]], [[-4.10857, 50.37631], [-4.10879, 50.37612]], [[-4.10879, 50.37612], [-4.10977, 50.37527], [-4.11015, 50.37495]], [[-4.11015, 50.37495], [-4.11062, 50.37454], [-4.11142, 50.37384], [-4.11153, 50.37373], [-4.1119, 50.37338], [-4.11236, 50.37291]], [[-4.11236, 50.37291], [-4.11268, 50.37263]], [[-4.11268, 50.37263], [-4.11276, 50.37256]], [[-4.11276, 50.37256], [-4.11292, 50.37249], [-4.11299, 50.37246]], [[-4.11299, 50.37246], [-4.11368, 50.3722], [-4.11375, 50.37216], [-4.11379, 50.37211], [-4.11387, 50.37202]], [[-4.11398, 50.37214], [-4.11388, 50.37204], [-4.11387, 50.37202]], [[-4.11387, 50.37202], [-4.11386, 50.372], [-4.11384, 50.37195], [-4.1138, 50.3718]], [[-4.1138, 50.3718], [-4.11378, 50.37163], [-4.11377, 50.37134], [-4.11376, 50.37116]], [[-4.11376, 50.37116], [-4.11377, 50.37107], [-4.11377, 50.37103], [-4.11377, 50.37101], [-4.11379, 50.37085]], [[-4.11379, 50.37085], [-4.11382, 50.37076]], [[-4.11382, 50.37076], [-4.11401, 50.37079], [-4.11435, 50.37084], [-4.11465, 50.3709]], [[-4.11812, 50.37106], [-4.11791, 50.37106], [-4.11721, 50.37105], [-4.11683, 50.37105], [-4.11651, 50.37103], [-4.1162, 50.37101], [-4.11603, 50.371], [-4.11581, 50.37097], [-4.11544, 50.37094], [-4.11517, 50.37092], [-4.11485, 50.37091], [-4.11465, 50.3709]], [[-4.11849, 50.37105], [-4.11842, 50.37105], [-4.11812, 50.37106]], [[-4.11849, 50.37105], [-4.11879, 50.371], [-4.11884, 50.37099], [-4.11892, 50.37098], [-4.119, 50.37096]], [[-4.119, 50.37096], [-4.11916, 50.37094], [-4.11937, 50.3709], [-4.1208, 50.37065]], [[-4.1208, 50.37065], [-4.12099, 50.37061], [-4.12153, 50.37052], [-4.12227, 50.37039], [-4.1224, 50.37036]], [[-4.1224, 50.37036], [-4.12263, 50.37032], [-4.12266, 50.37032], [-4.12305, 50.37025], [-4.12317, 50.37023]], [[-4.12317, 50.37023], [-4.12321, 50.37022], [-4.12369, 50.37014], [-4.12377, 50.37012]], [[-4.12377, 50.37012], [-4.12381, 50.37012], [-4.12387, 50.37011], [-4.1239, 50.3701]], [[-4.1239, 50.3701], [-4.12424, 50.37004], [-4.12427, 50.37004], [-4.12444, 50.37003]], [[-4.12444, 50.37003], [-4.12448, 50.37], [-4.12452, 50.36998], [-4.12464, 50.36995], [-4.12475, 50.36994], [-4.12486, 50.36993], [-4.12497, 50.36994], [-4.12509, 50.36996]], [[-4.12509, 50.36996], [-4.1252, 50.37], [-4.1253, 50.37004]], [[-4.1253, 50.37004], [-4.12579, 50.37011]], [[-4.12579, 50.37011], [-4.12583, 50.37012], [-4.12612, 50.37015]], [[-4.12612, 50.37015], [-4.12627, 50.37016]], [[-4.12627, 50.37016], [-4.12643, 50.37018], [-4.12668, 50.3702], [-4.12691, 50.37023], [-4.12695, 50.37023], [-4.12705, 50.37025], [-4.1275, 50.37032], [-4.12773, 50.37036], [-4.12839, 50.37047], [-4.12883, 50.37055], [-4.12895, 50.37057], [-4.12912, 50.3706]], [[-4.12912, 50.3706], [-4.13001, 50.37074], [-4.13005, 50.37075]], [[-4.13005, 50.37075], [-4.13029, 50.3708], [-4.1307, 50.37091]], [[-4.1307, 50.37091], [-4.13113, 50.37103], [-4.1313, 50.37109]], [[-4.1313, 50.37109], [-4.13184, 50.37123], [-4.13197, 50.37127]], [[-4.13197, 50.37127], [-4.13238, 50.37139]], [[-4.13238, 50.37139], [-4.13254, 50.37143], [-4.13275, 50.37147], [-4.13317, 50.37152], [-4.1335, 50.37154], [-4.13369, 50.37156], [-4.13433, 50.37159], [-4.13459, 50.3716], [-4.1352, 50.37163], [-4.13528, 50.37162]], [[-4.13528, 50.37162], [-4.13542, 50.37159]], [[-4.13542, 50.37159], [-4.13548, 50.37155], [-4.13561, 50.3715], [-4.13571, 50.37147], [-4.13579, 50.37146], [-4.1359, 50.37147], [-4.13594, 50.37147], [-4.13597, 50.37148]], [[-4.13597, 50.37148], [-4.13612, 50.37147], [-4.13619, 50.37147], [-4.13626, 50.37145], [-4.13641, 50.37138], [-4.13704, 50.3711], [-4.13769, 50.37081], [-4.13815, 50.3706], [-4.13817, 50.37058], [-4.13821, 50.37056], [-4.13826, 50.37049], [-4.13829, 50.37043]], [[-4.13829, 50.37043], [-4.13829, 50.37037]], [[-4.13829, 50.37037], [-4.13832, 50.37032], [-4.13835, 50.37027], [-4.13841, 50.37022], [-4.13848, 50.37019]], [[-4.13848, 50.37019], [-4.13857, 50.37016], [-4.1387, 50.37015], [-4.13884, 50.37017], [-4.13891, 50.3702], [-4.13897, 50.37023], [-4.13903, 50.37027]], [[-4.13903, 50.37027], [-4.13918, 50.37031], [-4.13934, 50.37032], [-4.13949, 50.37032]], [[-4.13949, 50.37032], [-4.13999, 50.37033], [-4.14063, 50.37032], [-4.14116, 50.37031]], [[-4.14116, 50.37031], [-4.14133, 50.37031], [-4.14193, 50.37031], [-4.14208, 50.37031]], [[-4.14208, 50.37031], [-4.14241, 50.37031], [-4.14277, 50.3703]], [[-4.14323, 50.37028], [-4.14404, 50.37027], [-4.14458, 50.37026], [-4.14507, 50.37023], [-4.1453, 50.37021], [-4.14544, 50.37019]], [[-4.14544, 50.37019], [-4.14543, 50.36991], [-4.14544, 50.36987]], [[-4.14544, 50.36987], [-4.14544, 50.36983], [-4.14548, 50.36976], [-4.14551, 50.36971], [-4.14556, 50.36967], [-4.14561, 50.36964], [-4.14569, 50.36962], [-4.14577, 50.36961], [-4.14585, 50.3696]], [[-4.14585, 50.3696], [-4.14594, 50.36961], [-4.14606, 50.36963], [-4.14615, 50.36966], [-4.14632, 50.36974]], [[-4.14632, 50.36974], [-4.14645, 50.36978], [-4.14653, 50.3698], [-4.14656, 50.36981], [-4.14664, 50.36983], [-4.14673, 50.36984], [-4.14687, 50.36984]], [[-4.14687, 50.36984], [-4.14814, 50.36979]], [[-4.14814, 50.36979], [-4.14833, 50.36979], [-4.14845, 50.36979]], [[-4.14845, 50.36979], [-4.14853, 50.36979], [-4.14892, 50.36978]], [[-4.14892, 50.36978], [-4.14906, 50.36978], [-4.14926, 50.36978], [-4.14936, 50.36978], [-4.14947, 50.36979], [-4.14976, 50.36983]], [[-4.15008, 50.36983], [-4.14976, 50.36983]], [[-4.15085, 50.36981], [-4.15074, 50.36981], [-4.15029, 50.36983], [-4.15008, 50.36983]], [[-4.15103, 50.3698], [-4.15085, 50.36981]], [[-4.15153, 50.36984], [-4.15141, 50.36982], [-4.15125, 50.36981], [-4.15103, 50.3698]], [[-4.15173, 50.36985], [-4.1517, 50.36986], [-4.15165, 50.36987], [-4.1516, 50.36987], [-4.15157, 50.36986], [-4.15153, 50.36984]], [[-4.15218, 50.36977], [-4.15202, 50.36979], [-4.15188, 50.36981], [-4.15173, 50.36985]], [[-4.15218, 50.36977], [-4.15224, 50.36977], [-4.15241, 50.36976]], [[-4.15241, 50.36976], [-4.1528, 50.36975], [-4.1533, 50.36973], [-4.15337, 50.36973], [-4.15393, 50.36971], [-4.15431, 50.3697]], [[-4.15431, 50.3697], [-4.15481, 50.36968], [-4.15541, 50.36967], [-4.15637, 50.36964]], [[-4.15637, 50.36964], [-4.15682, 50.36964], [-4.15745, 50.36962], [-4.15827, 50.3696]], [[-4.15827, 50.3696], [-4.1585, 50.3696], [-4.15902, 50.36959], [-4.1592, 50.36958]], [[-4.1592, 50.36958], [-4.15936, 50.36958]], [[-4.15936, 50.36958], [-4.15972, 50.36956], [-4.16002, 50.36954], [-4.16007, 50.36954]], [[-4.16007, 50.36954], [-4.1602, 50.36953]], [[-4.16007, 50.36954], [-4.1602, 50.36953]], [[-4.08569, 50.39174], [-4.08581, 50.39163], [-4.0859, 50.39154], [-4.08605, 50.39136]], [[-4.08507, 50.39193], [-4.08517, 50.39194], [-4.08528, 50.39194], [-4.08538, 50.39192], [-4.08548, 50.39188], [-4.08559, 50.39182], [-4.08569, 50.39174]], [[-4.08471, 50.39187], [-4.08491, 50.39191], [-4.08507, 50.39193]], [[-4.08449, 50.39181], [-4.08466, 50.39186], [-4.08471, 50.39187]], [[-4.08403, 50.39172], [-4.08449, 50.39181]], [[-4.08368, 50.3917], [-4.08403, 50.39172]], [[-4.14762, 50.36991], [-4.14697, 50.36992]], [[-4.14814, 50.36991], [-4.14783, 50.36991], [-4.14762, 50.36991]], [[-4.14846, 50.3699], [-4.14829, 50.3699], [-4.14814, 50.36991]], [[-4.14882, 50.36989], [-4.14853, 50.3699], [-4.14846, 50.3699]], [[-4.14976, 50.36983], [-4.14954, 50.36986], [-4.14935, 50.36987], [-4.14899, 50.36989], [-4.14882, 50.36989]], [[-4.15176, 50.36972], [-4.15193, 50.36975], [-4.15218, 50.36977]], [[-4.15103, 50.3698], [-4.15125, 50.36977], [-4.15127, 50.36977]], [[-4.15127, 50.36977], [-4.1515, 50.36973]], [[-4.1515, 50.36973], [-4.15154, 50.36971], [-4.15158, 50.36968], [-4.15165, 50.36968], [-4.15174, 50.3697], [-4.15176, 50.36972]], [[-4.1602, 50.36953], [-4.16026, 50.36952], [-4.16054, 50.36949], [-4.16085, 50.36946], [-4.16122, 50.36942], [-4.16132, 50.36941], [-4.16161, 50.36938], [-4.16178, 50.36937], [-4.16185, 50.36937], [-4.1619, 50.36937], [-4.16201, 50.36937], [-4.16212, 50.3694]], [[-4.16223, 50.36948], [-4.16222, 50.36946], [-4.16212, 50.3694]], [[-4.16243, 50.36957], [-4.16233, 50.36953], [-4.16225, 50.36949], [-4.16223, 50.36948]], [[-4.16283, 50.36959], [-4.16278, 50.36962], [-4.16274, 50.36964], [-4.16271, 50.36965], [-4.16263, 50.36966], [-4.16258, 50.36966], [-4.1625, 50.36963], [-4.16246, 50.36961], [-4.16243, 50.36957]], [[-4.16293, 50.36958], [-4.16283, 50.36959]], [[-4.16337, 50.3696], [-4.16314, 50.36958], [-4.16302, 50.36957], [-4.16293, 50.36958]], [[-4.16337, 50.3696], [-4.16314, 50.36958], [-4.16302, 50.36957], [-4.16293, 50.36958]], [[-4.16212, 50.3694], [-4.16224, 50.36942], [-4.1623, 50.36942], [-4.16238, 50.36942], [-4.16248, 50.36942]], [[-4.16248, 50.36942], [-4.16251, 50.3694]], [[-4.16251, 50.3694], [-4.1626, 50.36938], [-4.16268, 50.36938], [-4.16278, 50.36941]], [[-4.16278, 50.36941], [-4.16281, 50.36943]], [[-4.16281, 50.36943], [-4.16293, 50.36946]], [[-4.16293, 50.36946], [-4.16307, 50.3695], [-4.16319, 50.36951], [-4.16343, 50.36952], [-4.16405, 50.36954], [-4.16485, 50.36958], [-4.16525, 50.36961]], [[-4.16442, 50.36964], [-4.16406, 50.36962], [-4.16344, 50.3696], [-4.16337, 50.3696]], [[-4.16442, 50.36964], [-4.16406, 50.36962], [-4.16344, 50.3696], [-4.16337, 50.3696]], [[-4.16526, 50.36968], [-4.16442, 50.36964]], [[-4.1654, 50.36969], [-4.16526, 50.36968]], [[-4.16542, 50.3696], [-4.16546, 50.36958], [-4.1655, 50.36958]], [[-4.1655, 50.36958], [-4.16555, 50.36958], [-4.16559, 50.3696]], [[-4.16559, 50.3696], [-4.16574, 50.36962], [-4.16584, 50.36963], [-4.16601, 50.36964], [-4.16604, 50.36965], [-4.16635, 50.36968]], [[-4.16635, 50.36968], [-4.16608, 50.36969], [-4.16579, 50.36969], [-4.16569, 50.36969], [-4.16561, 50.36969]], [[-4.16635, 50.36968], [-4.16651, 50.36968], [-4.16666, 50.36968], [-4.16674, 50.36967]], [[-4.16674, 50.36967], [-4.167, 50.36965], [-4.16713, 50.36963], [-4.16724, 50.36961], [-4.16734, 50.36959], [-4.16744, 50.36956], [-4.16762, 50.36949], [-4.16774, 50.36944]], [[-4.16774, 50.36944], [-4.16785, 50.36939], [-4.16786, 50.36939], [-4.16789, 50.36938], [-4.16799, 50.36934], [-4.16814, 50.36931], [-4.16829, 50.36928], [-4.16837, 50.36927], [-4.16845, 50.36926], [-4.16855, 50.36926], [-4.16864, 50.36927], [-4.16874, 50.36927], [-4.16883, 50.36929], [-4.16904, 50.36932], [-4.16919, 50.36936], [-4.16931, 50.3694]], [[-4.16931, 50.3694], [-4.17049, 50.36971], [-4.17066, 50.36975], [-4.17091, 50.36981]], [[-4.17091, 50.36981], [-4.17098, 50.36983], [-4.17115, 50.36986], [-4.17129, 50.36988], [-4.17135, 50.36989], [-4.1717, 50.36994], [-4.17229, 50.37001]], [[-4.17229, 50.37001], [-4.17236, 50.37002], [-4.17246, 50.37003], [-4.17288, 50.37009], [-4.17306, 50.37012], [-4.17317, 50.37014], [-4.17352, 50.37022]], [[-4.17352, 50.37022], [-4.17358, 50.37023], [-4.17365, 50.37026], [-4.17371, 50.37029], [-4.17382, 50.37036], [-4.17393, 50.37044], [-4.17412, 50.37064], [-4.17414, 50.37066], [-4.17423, 50.37078], [-4.17432, 50.3709], [-4.17439, 50.371], [-4.1745, 50.37114], [-4.1746, 50.37129], [-4.17466, 50.37138]], [[-4.17466, 50.37138], [-4.17484, 50.37162], [-4.17487, 50.37167], [-4.17498, 50.37181]], [[-4.17498, 50.37181], [-4.17506, 50.37191], [-4.17523, 50.37218], [-4.17529, 50.37226], [-4.17531, 50.37228], [-4.17538, 50.37234], [-4.17539, 50.37235], [-4.17551, 50.37245], [-4.17567, 50.37255], [-4.17588, 50.37267]], [[-4.17588, 50.37267], [-4.17595, 50.3727], [-4.17606, 50.37276]], [[-4.17606, 50.37276], [-4.17613, 50.37279], [-4.17622, 50.37283], [-4.17652, 50.37298]], [[-4.17652, 50.37298], [-4.17667, 50.37305]], [[-4.17667, 50.37305], [-4.17677, 50.37312], [-4.17685, 50.37318], [-4.17687, 50.37319]], [[-4.17687, 50.37319], [-4.17694, 50.37325], [-4.17703, 50.37333]], [[-4.17703, 50.37333], [-4.1771, 50.37343], [-4.17713, 50.37347], [-4.17716, 50.37357], [-4.17717, 50.3736], [-4.17718, 50.37372], [-4.17718, 50.37382], [-4.17718, 50.37388], [-4.17718, 50.37412], [-4.17718, 50.37413], [-4.17718, 50.3742], [-4.17718, 50.37435], [-4.17717, 50.37461], [-4.17717, 50.37463]], [[-4.17717, 50.37463], [-4.17717, 50.37484], [-4.17717, 50.375]], [[-4.17717, 50.375], [-4.17716, 50.37502], [-4.17716, 50.37508], [-4.17716, 50.3751], [-4.17716, 50.37517], [-4.17715, 50.37526], [-4.17715, 50.37528]], [[-4.17715, 50.37528], [-4.17712, 50.37543], [-4.1771, 50.37548], [-4.17708, 50.3755]], [[-4.17708, 50.3755], [-4.17701, 50.37568], [-4.17679, 50.376], [-4.17653, 50.37636], [-4.17642, 50.3765], [-4.17637, 50.37657]], [[-4.17637, 50.37657], [-4.17626, 50.37675]], [[-4.17626, 50.37675], [-4.17621, 50.37682], [-4.17615, 50.37693]], [[-4.17615, 50.37693], [-4.17607, 50.37711]], [[-4.17607, 50.37711], [-4.17605, 50.37725], [-4.17605, 50.37742], [-4.17608, 50.37761], [-4.17609, 50.37767], [-4.17613, 50.37779]], [[-4.17613, 50.37779], [-4.17616, 50.37794], [-4.17619, 50.37804]], [[-4.17619, 50.37804], [-4.17626, 50.37832], [-4.17633, 50.37856]], [[-4.17633, 50.37856], [-4.17657, 50.37854], [-4.17751, 50.37843], [-4.17865, 50.37831]], [[-4.17865, 50.37831], [-4.17873, 50.3783], [-4.17904, 50.37827], [-4.17917, 50.37828]], [[-4.17917, 50.37828], [-4.17925, 50.37831], [-4.1793, 50.37835], [-4.17933, 50.37841], [-4.17936, 50.37855], [-4.17951, 50.37923], [-4.17967, 50.37992], [-4.17967, 50.37996], [-4.17968, 50.37998], [-4.17974, 50.38031]], [[-4.17974, 50.38031], [-4.1799, 50.38104], [-4.17992, 50.38113], [-4.18006, 50.38174], [-4.18006, 50.38176], [-4.18021, 50.38223], [-4.18031, 50.38254], [-4.18033, 50.38257], [-4.18065, 50.38343], [-4.18069, 50.38354]], [[-4.18069, 50.38354], [-4.18073, 50.38365], [-4.18096, 50.38425], [-4.181, 50.38436], [-4.18106, 50.38448], [-4.18112, 50.38457], [-4.18121, 50.38466], [-4.18142, 50.38488], [-4.18187, 50.38529], [-4.18216, 50.38557], [-4.18224, 50.38567], [-4.18239, 50.38585], [-4.1825, 50.38605], [-4.18257, 50.38624], [-4.18258, 50.38634]], [[-4.18258, 50.38634], [-4.18258, 50.38643], [-4.18256, 50.38657], [-4.18249, 50.38673], [-4.18238, 50.38692], [-4.18226, 50.38706], [-4.18225, 50.38708], [-4.18208, 50.38726], [-4.18196, 50.38736], [-4.1819, 50.3874], [-4.18165, 50.38755], [-4.18126, 50.38775]], [[-4.18126, 50.38775], [-4.18084, 50.38799], [-4.18061, 50.38814], [-4.18043, 50.38829], [-4.18028, 50.38843], [-4.18018, 50.38855], [-4.18011, 50.38868]], [[-4.18011, 50.38868], [-4.1801, 50.38871], [-4.18006, 50.38885], [-4.18006, 50.38895], [-4.1801, 50.38912], [-4.18017, 50.3893], [-4.18033, 50.38958], [-4.18057, 50.38992], [-4.1808, 50.3902], [-4.18104, 50.39049], [-4.1811, 50.39056], [-4.18115, 50.39065], [-4.18119, 50.39072], [-4.18121, 50.3908], [-4.18121, 50.39086], [-4.18121, 50.39093], [-4.1812, 50.391], [-4.18118, 50.39107], [-4.18112, 50.39118], [-4.18105, 50.39131], [-4.18096, 50.39141]], [[-4.18096, 50.39141], [-4.18065, 50.39166]], [[-4.18065, 50.39166], [-4.18053, 50.39171], [-4.18044, 50.39177], [-4.1802, 50.39189], [-4.1798, 50.39205], [-4.17909, 50.39228], [-4.17856, 50.39245], [-4.17847, 50.39247], [-4.17776, 50.39273], [-4.17762, 50.39279], [-4.17733, 50.39288], [-4.17658, 50.39312], [-4.1761, 50.39328], [-4.17589, 50.39338], [-4.17578, 50.39344]], [[-4.17578, 50.39344], [-4.17558, 50.39353], [-4.17554, 50.39356], [-4.17545, 50.39361]], [[-4.17612, 50.39404], [-4.17606, 50.394], [-4.17573, 50.3938], [-4.17554, 50.39367], [-4.17545, 50.39361]], [[-4.17795, 50.39536], [-4.17754, 50.39509], [-4.17701, 50.3947], [-4.17657, 50.39435], [-4.17612, 50.39404]], [[-4.17827, 50.39564], [-4.17801, 50.39542], [-4.17795, 50.39536]], [[-4.17863, 50.39593], [-4.17855, 50.39587], [-4.17827, 50.39564]], [[-4.17871, 50.396], [-4.17863, 50.39593]], [[-4.17892, 50.39618], [-4.17879, 50.39607], [-4.17871, 50.396]], [[-4.17936, 50.39649], [-4.17892, 50.39618]], [[-4.17904, 50.39607], [-4.17936, 50.39649]], [[-4.17885, 50.39591], [-4.17898, 50.39603], [-4.17904, 50.39607]], [[-4.17882, 50.39589], [-4.17885, 50.39591]], [[-4.17878, 50.39586], [-4.17882, 50.39589]], [[-4.17843, 50.39559], [-4.17869, 50.39579], [-4.17878, 50.39586]], [[-4.17763, 50.39503], [-4.17791, 50.39523], [-4.17819, 50.39543], [-4.17843, 50.39559]], [[-4.17582, 50.39375], [-4.17585, 50.39377], [-4.17616, 50.39396], [-4.17678, 50.3944], [-4.17763, 50.39503]], [[-4.17589, 50.39338], [-4.17581, 50.39355], [-4.17581, 50.39364], [-4.17582, 50.39375]], [[-4.18164, 50.39725], [-4.18113, 50.39718], [-4.18102, 50.39717], [-4.18044, 50.39709], [-4.18034, 50.39708], [-4.18022, 50.39705], [-4.18009, 50.39701], [-4.17999, 50.39697], [-4.17993, 50.39693], [-4.17991, 50.39692], [-4.17989, 50.39691], [-4.17972, 50.39679], [-4.17958, 50.39668], [-4.17936, 50.39649]], [[-4.18207, 50.39731], [-4.18164, 50.39725]], [[-4.18256, 50.39737], [-4.18207, 50.39731]], [[-4.18349, 50.39903], [-4.18348, 50.39869], [-4.18346, 50.39849], [-4.18328, 50.39808], [-4.18314, 50.39782], [-4.18311, 50.39775], [-4.18299, 50.39758], [-4.18296, 50.39755], [-4.18289, 50.39751], [-4.18279, 50.39745], [-4.18269, 50.39741], [-4.18256, 50.39737]], [[-4.18349, 50.39903], [-4.18354, 50.3992], [-4.1836, 50.39938], [-4.18361, 50.3994], [-4.18376, 50.39968], [-4.18395, 50.39998], [-4.18406, 50.40015], [-4.18413, 50.40026], [-4.18429, 50.40046], [-4.18445, 50.40062], [-4.18466, 50.40079], [-4.18484, 50.40092], [-4.18505, 50.40107], [-4.18522, 50.40117], [-4.18528, 50.40124]], [[-4.18528, 50.40124], [-4.1851, 50.40121], [-4.18497, 50.40115], [-4.18467, 50.40091], [-4.18438, 50.40067], [-4.18419, 50.40047], [-4.18404, 50.4003], [-4.18397, 50.40019]], [[-4.18397, 50.40019], [-4.1839, 50.40008], [-4.18371, 50.39978]], [[-4.18371, 50.39978], [-4.18368, 50.39973], [-4.18354, 50.3995], [-4.18349, 50.39939]], [[-4.18349, 50.39939], [-4.18347, 50.39934], [-4.18344, 50.39921], [-4.18349, 50.39903]], [[-4.18689, 50.40228], [-4.18679, 50.40223], [-4.18674, 50.4022], [-4.18658, 50.4021]], [[-4.18658, 50.4021], [-4.18635, 50.40197]], [[-4.18635, 50.40197], [-4.18621, 50.40188], [-4.18599, 50.40175], [-4.18569, 50.40157], [-4.18537, 50.40133], [-4.18528, 50.40124]], [[-4.18528, 50.40124], [-4.18547, 50.40131], [-4.18573, 50.40147], [-4.18635, 50.40186], [-4.18666, 50.40204]], [[-4.18666, 50.40204], [-4.18707, 50.40225], [-4.18718, 50.40231], [-4.18729, 50.40236], [-4.18749, 50.40243]], [[-4.18749, 50.40243], [-4.18773, 50.40249], [-4.1881, 50.40256], [-4.18817, 50.40258]], [[-4.18817, 50.40258], [-4.18822, 50.40261], [-4.18825, 50.40265], [-4.18827, 50.4027]], [[-4.18827, 50.4027], [-4.18825, 50.40275], [-4.18822, 50.40279], [-4.18817, 50.40284], [-4.18811, 50.40287], [-4.18804, 50.40288], [-4.18794, 50.40288]], [[-4.18794, 50.40288], [-4.18781, 50.40283]], [[-4.18781, 50.40283], [-4.18763, 50.40276], [-4.18757, 50.40275], [-4.18746, 50.40275], [-4.18739, 50.40275], [-4.18733, 50.40273], [-4.18729, 50.40271]], [[-4.18729, 50.40271], [-4.18722, 50.40262]], [[-4.18722, 50.40262], [-4.18706, 50.4024], [-4.18702, 50.40237], [-4.18689, 50.40228]], [[-4.18666, 50.40204], [-4.18687, 50.40191]], [[-4.18687, 50.40191], [-4.18713, 50.4018], [-4.18719, 50.40177], [-4.18745, 50.40163], [-4.18752, 50.4016]], [[-4.19137, 50.39757], [-4.19125, 50.39755], [-4.19111, 50.39754], [-4.19104, 50.39754], [-4.19094, 50.39755], [-4.19073, 50.39757], [-4.19033, 50.39761], [-4.19025, 50.39762], [-4.18973, 50.39767], [-4.18892, 50.39776], [-4.18818, 50.39783], [-4.18807, 50.39785], [-4.18797, 50.39786], [-4.18786, 50.39788]], [[-4.19214, 50.39816], [-4.19192, 50.39796], [-4.1917, 50.39775], [-4.1916, 50.39768], [-4.19157, 50.39766], [-4.19147, 50.3976], [-4.19137, 50.39757]], [[-4.19623, 50.39938], [-4.19585, 50.39912], [-4.19542, 50.39889], [-4.19479, 50.39861], [-4.19437, 50.39846], [-4.19416, 50.39839], [-4.19392, 50.39832], [-4.1936, 50.39828], [-4.19332, 50.39829], [-4.19308, 50.39829], [-4.19254, 50.39829], [-4.19238, 50.39826], [-4.19224, 50.39822], [-4.19214, 50.39816]], [[-4.19974, 50.40039], [-4.19938, 50.40037], [-4.19913, 50.40033], [-4.19897, 50.4003], [-4.19825, 50.40015], [-4.1982, 50.40014], [-4.19799, 50.40009], [-4.19719, 50.39986], [-4.19699, 50.39978], [-4.19681, 50.3997], [-4.19663, 50.39963], [-4.19623, 50.39938]], [[-4.19209, 50.40228], [-4.19323, 50.40194], [-4.19389, 50.40174], [-4.19443, 50.40158], [-4.19455, 50.40155], [-4.19469, 50.40153], [-4.19493, 50.40151], [-4.19521, 50.40151], [-4.19598, 50.40149], [-4.19625, 50.40147], [-4.19648, 50.40146], [-4.19701, 50.40144], [-4.19735, 50.4014], [-4.19766, 50.40133], [-4.19824, 50.40116], [-4.1985, 50.4011], [-4.19854, 50.40109], [-4.19871, 50.40105], [-4.19892, 50.40102], [-4.19918, 50.40101], [-4.1995, 50.40102], [-4.19988, 50.40105], [-4.20029, 50.40109], [-4.20054, 50.40108], [-4.20065, 50.40105], [-4.20078, 50.40099], [-4.20092, 50.40086], [-4.20095, 50.40074], [-4.20091, 50.40064], [-4.20085, 50.40053], [-4.20058, 50.40042], [-4.20044, 50.4004], [-4.2003, 50.4004], [-4.20024, 50.4004], [-4.2001, 50.4004], [-4.19988, 50.4004], [-4.19974, 50.40039]], [[-4.19207, 50.40237], [-4.19209, 50.40228]], [[-4.19203, 50.40262], [-4.19207, 50.40237]], [[-4.19203, 50.40262], [-4.19189, 50.40261]], [[-4.19189, 50.40261], [-4.19129, 50.40257], [-4.19088, 50.40253], [-4.19031, 50.40244], [-4.18941, 50.4022], [-4.18872, 50.40199], [-4.18822, 50.40181], [-4.18804, 50.40174]], [[-4.18804, 50.40174], [-4.18762, 50.40158]], [[-4.18762, 50.40158], [-4.1877, 50.40153], [-4.18775, 50.40149], [-4.18803, 50.40138], [-4.18819, 50.40134]], [[-4.18819, 50.40134], [-4.18797, 50.40121], [-4.18743, 50.4009], [-4.18705, 50.40066], [-4.18666, 50.40041], [-4.18625, 50.40015], [-4.18597, 50.39993], [-4.18566, 50.39963]], [[-4.18588, 50.39861], [-4.1857, 50.39871], [-4.18555, 50.39884], [-4.18544, 50.39894], [-4.18537, 50.39904], [-4.18534, 50.39914], [-4.18536, 50.39924], [-4.18541, 50.39934], [-4.18551, 50.39946], [-4.18566, 50.39963]], [[-4.18786, 50.39788], [-4.18781, 50.3979], [-4.18769, 50.39792], [-4.18745, 50.39799], [-4.18693, 50.39819], [-4.18648, 50.39837], [-4.18588, 50.39861]]]}}, {"type": "Feature", "properties": {"mode": "bus", "name": "Plymouth Citybus 35", "ref": "35", "operator": "Plymouth Citybus", "osm_id": 16220673}, "geometry": {"type": "MultiLineString", "coordinates": [[[-4.14203, 50.37037], [-4.14149, 50.37039], [-4.14126, 50.3704], [-4.14109, 50.3704]], [[-4.14109, 50.3704], [-4.14035, 50.37041], [-4.14031, 50.37041], [-4.14018, 50.37042]], [[-4.14018, 50.37042], [-4.13942, 50.37043], [-4.13923, 50.37043], [-4.13907, 50.37046]], [[-4.13907, 50.37046], [-4.13904, 50.37052], [-4.13898, 50.37057], [-4.13891, 50.37061], [-4.1388, 50.37065], [-4.1387, 50.37066], [-4.13857, 50.37065], [-4.13845, 50.37061]], [[-4.13845, 50.37061], [-4.1383, 50.37064], [-4.13826, 50.37066], [-4.13704, 50.37122], [-4.13671, 50.37136], [-4.13644, 50.3715], [-4.13639, 50.37154], [-4.13635, 50.37157], [-4.13632, 50.37162], [-4.13631, 50.37166], [-4.13632, 50.3717], [-4.13633, 50.37179]], [[-4.13633, 50.37179], [-4.13639, 50.37187], [-4.13643, 50.37195]], [[-4.13643, 50.37195], [-4.13662, 50.37211], [-4.13694, 50.37233], [-4.13707, 50.37241], [-4.13728, 50.37253], [-4.13754, 50.37267], [-4.13768, 50.37275]], [[-4.13768, 50.37275], [-4.13779, 50.37281], [-4.13792, 50.37287], [-4.13803, 50.37293]], [[-4.13803, 50.37293], [-4.13828, 50.37305], [-4.13834, 50.37308]], [[-4.13834, 50.37308], [-4.1384, 50.37312], [-4.13843, 50.37313], [-4.13848, 50.37317], [-4.13852, 50.37321], [-4.13854, 50.3733], [-4.13857, 50.37349]], [[-4.13857, 50.37349], [-4.13857, 50.37354], [-4.13857, 50.37358], [-4.13858, 50.37366], [-4.13859, 50.3737], [-4.13859, 50.37375], [-4.13859, 50.37379], [-4.13858, 50.37383], [-4.13855, 50.37386], [-4.1385, 50.37392], [-4.13845, 50.37397]], [[-4.13845, 50.37397], [-4.1382, 50.37423]], [[-4.1382, 50.37423], [-4.13815, 50.37428], [-4.13809, 50.37435], [-4.13775, 50.37472]], [[-4.13775, 50.37472], [-4.1377, 50.37478], [-4.13756, 50.37493], [-4.13738, 50.37513], [-4.13737, 50.37514], [-4.13731, 50.37521], [-4.1373, 50.37522], [-4.13726, 50.37525], [-4.13711, 50.37539]], [[-4.13711, 50.37539], [-4.13698, 50.37562], [-4.13695, 50.37566]], [[-4.13695, 50.37566], [-4.13689, 50.37577], [-4.13686, 50.37581], [-4.13684, 50.37585], [-4.13677, 50.37595], [-4.13668, 50.3761], [-4.1366, 50.37622]], [[-4.1366, 50.37622], [-4.13653, 50.37633], [-4.1365, 50.37637]], [[-4.1365, 50.37637], [-4.13648, 50.3764], [-4.1364, 50.37652]], [[-4.1364, 50.37652], [-4.13633, 50.37661], [-4.13631, 50.37664], [-4.13629, 50.37667], [-4.13628, 50.3767], [-4.13612, 50.37694], [-4.13607, 50.37702]], [[-4.13607, 50.37702], [-4.13598, 50.37715]], [[-4.13598, 50.37715], [-4.13589, 50.37729]], [[-4.13589, 50.37729], [-4.13583, 50.37738], [-4.13571, 50.37757], [-4.13563, 50.37768], [-4.13562, 50.3777], [-4.1355, 50.37789], [-4.13544, 50.37797]], [[-4.13544, 50.37797], [-4.13535, 50.37811], [-4.13524, 50.37828]], [[-4.13524, 50.37828], [-4.13517, 50.37839]], [[-4.13517, 50.37839], [-4.13513, 50.37845], [-4.13504, 50.37859]], [[-4.13504, 50.37859], [-4.13492, 50.37873]], [[-4.13492, 50.37873], [-4.1345, 50.37916], [-4.13442, 50.37927], [-4.13424, 50.37949], [-4.13418, 50.37957], [-4.13384, 50.37997], [-4.13379, 50.38001]], [[-4.13379, 50.38001], [-4.13374, 50.38006], [-4.13361, 50.38019]], [[-4.13361, 50.38019], [-4.13356, 50.38023]], [[-4.13356, 50.38023], [-4.13345, 50.38031]], [[-4.13344, 50.38047], [-4.13344, 50.38038], [-4.13345, 50.38031]], [[-4.13343, 50.3807], [-4.13343, 50.38063], [-4.13344, 50.38049], [-4.13344, 50.38047]], [[-4.13343, 50.3807], [-4.1335, 50.38082]], [[-4.1335, 50.38082], [-4.13362, 50.38118], [-4.13375, 50.38155], [-4.13389, 50.38191]], [[-4.13389, 50.38191], [-4.13411, 50.38253], [-4.13414, 50.38262]], [[-4.13414, 50.38262], [-4.1342, 50.38278], [-4.13434, 50.38317], [-4.13449, 50.38361], [-4.13449, 50.38362], [-4.13457, 50.38377], [-4.13463, 50.38385], [-4.13466, 50.3839]], [[-4.13466, 50.3839], [-4.13491, 50.38413]], [[-4.13491, 50.38413], [-4.13494, 50.38416], [-4.13501, 50.38424], [-4.13507, 50.38428], [-4.13516, 50.38432], [-4.13525, 50.38438], [-4.1354, 50.38444]], [[-4.1354, 50.38444], [-4.13569, 50.38448]], [[-4.13569, 50.38448], [-4.13607, 50.38454], [-4.13628, 50.38458], [-4.13647, 50.38463]], [[-4.13647, 50.38463], [-4.13683, 50.3848], [-4.13713, 50.38501]], [[-4.13713, 50.38501], [-4.13727, 50.38513], [-4.13742, 50.38526], [-4.13753, 50.38535]], [[-4.13753, 50.38535], [-4.13763, 50.38544], [-4.13771, 50.38552]], [[-4.13771, 50.38552], [-4.13787, 50.38566], [-4.13807, 50.38586]], [[-4.13807, 50.38586], [-4.13814, 50.38593]], [[-4.13814, 50.38593], [-4.13821, 50.386], [-4.13825, 50.38604]], [[-4.13825, 50.38604], [-4.13831, 50.3861]], [[-4.13831, 50.3861], [-4.13842, 50.3862], [-4.1385, 50.38628]], [[-4.1385, 50.38628], [-4.13856, 50.38638], [-4.1386, 50.38644], [-4.13863, 50.38653], [-4.13871, 50.38673]], [[-4.13876, 50.3868], [-4.13871, 50.38673]], [[-4.13876, 50.38729], [-4.13876, 50.38709], [-4.13875, 50.38702], [-4.13874, 50.38687], [-4.13876, 50.3868]], [[-4.13879, 50.38753], [-4.13876, 50.38736], [-4.13876, 50.38729]], [[-4.13882, 50.38769], [-4.1388, 50.38761], [-4.13879, 50.38753]], [[-4.13895, 50.38827], [-4.1389, 50.38803], [-4.13884, 50.38779], [-4.13882, 50.38769]], [[-4.13896, 50.38836], [-4.13895, 50.38831], [-4.13895, 50.38827]], [[-4.13913, 50.38932], [-4.13912, 50.38922], [-4.13904, 50.38894], [-4.13903, 50.38886], [-4.139, 50.38861], [-4.13896, 50.38836]], [[-4.13916, 50.38948], [-4.13913, 50.38932]], [[-4.13918, 50.38964], [-4.13916, 50.38951], [-4.13916, 50.38948]], [[-4.1392, 50.38975], [-4.13918, 50.38964]], [[-4.13927, 50.39], [-4.13922, 50.38985], [-4.1392, 50.38976]], [[-4.13933, 50.39016], [-4.13932, 50.39013], [-4.13927, 50.39]], [[-4.13946, 50.39052], [-4.13941, 50.3904], [-4.13934, 50.39021], [-4.13933, 50.39016]], [[-4.13952, 50.39065], [-4.13946, 50.39052]], [[-4.13963, 50.39086], [-4.13952, 50.39065]], [[-4.13989, 50.39121], [-4.13986, 50.39117], [-4.13968, 50.39094], [-4.13963, 50.39086]], [[-4.14055, 50.39181], [-4.14034, 50.39164], [-4.14026, 50.39158], [-4.14009, 50.39143], [-4.13989, 50.39121]], [[-4.1407, 50.39194], [-4.1406, 50.39184], [-4.14055, 50.39181]], [[-4.14085, 50.39207], [-4.1407, 50.39194]], [[-4.14113, 50.39236], [-4.14107, 50.39229], [-4.14085, 50.39207]], [[-4.14126, 50.39254], [-4.14113, 50.39236]], [[-4.1414, 50.39269], [-4.14126, 50.39254]], [[-4.14157, 50.39291], [-4.14148, 50.39277], [-4.1414, 50.39269]], [[-4.14165, 50.39303], [-4.14164, 50.39301], [-4.14157, 50.39291]], [[-4.1417, 50.39309], [-4.14165, 50.39303]], [[-4.14209, 50.39365], [-4.14199, 50.39351], [-4.14185, 50.39327], [-4.1417, 50.39309]], [[-4.14214, 50.39372], [-4.14209, 50.39365]], [[-4.14224, 50.39387], [-4.14217, 50.39377], [-4.14214, 50.39372]], [[-4.14245, 50.39414], [-4.14236, 50.39402], [-4.14224, 50.39387]], [[-4.14298, 50.39472], [-4.14287, 50.39462], [-4.14275, 50.39449], [-4.14253, 50.39426], [-4.14245, 50.39414]], [[-4.14318, 50.39482], [-4.14307, 50.39477], [-4.14298, 50.39472]], [[-4.14334, 50.3949], [-4.14318, 50.39482]], [[-4.14349, 50.39498], [-4.14334, 50.3949]], [[-4.14419, 50.39558], [-4.14404, 50.39545], [-4.14392, 50.39535], [-4.14381, 50.39526], [-4.14367, 50.39514], [-4.14363, 50.3951], [-4.14349, 50.39498]], [[-4.14429, 50.39567], [-4.14419, 50.39558]], [[-4.14441, 50.39575], [-4.14435, 50.39571], [-4.14429, 50.39567]], [[-4.14476, 50.39602], [-4.14454, 50.39585], [-4.14441, 50.39575]], [[-4.14508, 50.39625], [-4.14494, 50.39615], [-4.14476, 50.39602]], [[-4.1453, 50.39641], [-4.14508, 50.39625]], [[-4.14568, 50.39663], [-4.14555, 50.39658], [-4.14537, 50.39645], [-4.1453, 50.39641]], [[-4.14606, 50.39676], [-4.14588, 50.39671], [-4.14575, 50.39666], [-4.1457, 50.39664], [-4.14568, 50.39663]], [[-4.14682, 50.39701], [-4.1466, 50.39694], [-4.14656, 50.39693], [-4.14606, 50.39676]], [[-4.14713, 50.3971], [-4.14682, 50.39701]], [[-4.14797, 50.39723], [-4.14776, 50.39722], [-4.14765, 50.3972], [-4.14754, 50.39719], [-4.14713, 50.3971]], [[-4.14918, 50.39729], [-4.14886, 50.39727], [-4.14869, 50.39726], [-4.14851, 50.39726], [-4.14816, 50.39725], [-4.14797, 50.39723]], [[-4.15033, 50.39719], [-4.15022, 50.3972], [-4.15011, 50.39721], [-4.14979, 50.39726], [-4.14971, 50.39727], [-4.14946, 50.3973], [-4.14918, 50.39729]], [[-4.15127, 50.39744], [-4.15074, 50.39724], [-4.15055, 50.3972], [-4.15033, 50.39719]], [[-4.1526, 50.39785], [-4.15239, 50.39778], [-4.15188, 50.39763], [-4.15127, 50.39744]], [[-4.15442, 50.39816], [-4.15394, 50.39813], [-4.15359, 50.39809], [-4.15318, 50.39802], [-4.1526, 50.39785]], [[-4.15578, 50.39825], [-4.15543, 50.39823], [-4.15487, 50.39819], [-4.15442, 50.39816]], [[-4.15719, 50.39822], [-4.15677, 50.39825], [-4.15628, 50.39827], [-4.15578, 50.39825]], [[-4.15754, 50.39816], [-4.15746, 50.39818], [-4.15719, 50.39822]], [[-4.15775, 50.39811], [-4.15761, 50.39815], [-4.15754, 50.39816]], [[-4.15795, 50.39808], [-4.15775, 50.39811]], [[-4.15992, 50.39759], [-4.15965, 50.39762], [-4.15952, 50.39767], [-4.15894, 50.39783], [-4.15795, 50.39808]], [[-4.16087, 50.39733], [-4.16058, 50.39741], [-4.15992, 50.39759]], [[-4.16239, 50.39681], [-4.16228, 50.39687], [-4.16194, 50.39702], [-4.16168, 50.3971], [-4.16144, 50.39717], [-4.16123, 50.39724], [-4.16087, 50.39733]], [[-4.16317, 50.39642], [-4.16308, 50.39647], [-4.16248, 50.39676], [-4.16239, 50.39681]], [[-4.16317, 50.39642], [-4.16324, 50.39634], [-4.16333, 50.39629], [-4.16368, 50.39608], [-4.16411, 50.39587], [-4.16445, 50.39576], [-4.16447, 50.39575], [-4.16486, 50.39565]], [[-4.16486, 50.39565], [-4.16509, 50.39559], [-4.1654, 50.39548], [-4.16541, 50.39547], [-4.16554, 50.39542], [-4.16567, 50.39538], [-4.1657, 50.39537], [-4.16602, 50.39524], [-4.16607, 50.39523], [-4.16654, 50.39508], [-4.16698, 50.39497], [-4.16705, 50.39496], [-4.16713, 50.39494], [-4.16731, 50.3949], [-4.16748, 50.39488], [-4.16759, 50.39486], [-4.16771, 50.39488]], [[-4.16771, 50.39488], [-4.16771, 50.39476], [-4.16767, 50.39466], [-4.16767, 50.39465], [-4.16753, 50.39446], [-4.16737, 50.39424], [-4.16735, 50.39421], [-4.16671, 50.39347], [-4.16661, 50.39336], [-4.16653, 50.39327]], [[-4.16386, 50.39394], [-4.16395, 50.39398], [-4.16407, 50.39399], [-4.16421, 50.39399], [-4.16483, 50.3938], [-4.16523, 50.39366], [-4.1657, 50.39353], [-4.16589, 50.39347], [-4.16592, 50.39346], [-4.16653, 50.39327]], [[-4.16386, 50.39394], [-4.16374, 50.39404], [-4.16342, 50.3942], [-4.16339, 50.39421], [-4.16287, 50.39442], [-4.16244, 50.39464], [-4.16241, 50.39465], [-4.16206, 50.39485], [-4.16043, 50.39578], [-4.16027, 50.39592], [-4.16019, 50.39603], [-4.16004, 50.39639], [-4.15991, 50.39672], [-4.15977, 50.39698], [-4.15961, 50.3972], [-4.15952, 50.3973], [-4.1595, 50.39737], [-4.1595, 50.39738], [-4.15965, 50.39762]]]}}, {"type": "Feature", "properties": {"mode": "bus", "name": "Plymouth City Bus 43", "ref": "43", "operator": "Plymouth City Bus", "osm_id": 16806124}, "geometry": {"type": "MultiLineString", "coordinates": [[[-4.1452, 50.37709], [-4.14501, 50.37704], [-4.14449, 50.37686]], [[-4.14574, 50.37719], [-4.1456, 50.37717], [-4.14554, 50.37716], [-4.14531, 50.37712], [-4.1452, 50.37709]], [[-4.14588, 50.37721], [-4.14574, 50.37719]], [[-4.14644, 50.37728], [-4.14588, 50.37721]], [[-4.14719, 50.37757], [-4.14696, 50.37746], [-4.14686, 50.3774], [-4.14654, 50.37729], [-4.14644, 50.37728]], [[-4.14738, 50.37768], [-4.14731, 50.37768], [-4.14725, 50.37765], [-4.14721, 50.37763], [-4.14719, 50.3776]], [[-4.14768, 50.37769], [-4.14738, 50.37768]], [[-4.14864, 50.37827], [-4.14826, 50.37806], [-4.14813, 50.37798], [-4.14804, 50.37792], [-4.14797, 50.37788], [-4.14787, 50.3778], [-4.14768, 50.37769]], [[-4.14821, 50.37794], [-4.14864, 50.37827]], [[-4.14792, 50.37764], [-4.14803, 50.37781], [-4.14821, 50.37794]], [[-4.14782, 50.37747], [-4.14788, 50.3775], [-4.14791, 50.37753], [-4.14793, 50.37757], [-4.14793, 50.37761], [-4.14792, 50.37764]], [[-4.14739, 50.37742], [-4.1476, 50.37744], [-4.14764, 50.37744], [-4.14772, 50.37746], [-4.14782, 50.37747]], [[-4.14676, 50.37728], [-4.14703, 50.37734], [-4.14739, 50.37742]], [[-4.14657, 50.37724], [-4.14676, 50.37728]], [[-4.14603, 50.37716], [-4.14657, 50.37724]], [[-4.1456, 50.3771], [-4.14565, 50.37711], [-4.14603, 50.37716]], [[-4.14543, 50.37705], [-4.1456, 50.3771]], [[-4.14512, 50.37694], [-4.14533, 50.37702], [-4.14543, 50.37705]], [[-4.14449, 50.37662], [-4.14465, 50.37671], [-4.14479, 50.37679], [-4.14512, 50.37694]], [[-4.14411, 50.37636], [-4.14428, 50.37648], [-4.14449, 50.37662]], [[-4.14358, 50.37599], [-4.14386, 50.3762], [-4.14411, 50.37636]], [[-4.14338, 50.37548], [-4.14338, 50.37562], [-4.14339, 50.3757], [-4.14341, 50.37578], [-4.14349, 50.37588], [-4.14358, 50.37599]], [[-4.14382, 50.37477], [-4.14353, 50.37502], [-4.14344, 50.37512], [-4.1434, 50.3752], [-4.14337, 50.37529], [-4.14337, 50.37537], [-4.14338, 50.37548]], [[-4.14421, 50.37451], [-4.14382, 50.37477]], [[-4.14448, 50.37431], [-4.14443, 50.37435], [-4.14421, 50.37451]], [[-4.14484, 50.37404], [-4.14448, 50.37431]], [[-4.14554, 50.3736], [-4.14533, 50.37372], [-4.14489, 50.374], [-4.14484, 50.37404]], [[-4.14656, 50.37328], [-4.14641, 50.37331], [-4.14599, 50.37342], [-4.14586, 50.37347], [-4.1457, 50.37352], [-4.14554, 50.3736]], [[-4.14691, 50.37322], [-4.14656, 50.37328]], [[-4.14731, 50.37311], [-4.14691, 50.37322]], [[-4.14865, 50.37178], [-4.14862, 50.37197], [-4.14855, 50.3722], [-4.14846, 50.37234], [-4.14839, 50.37245], [-4.14829, 50.37254], [-4.14808, 50.37272], [-4.14794, 50.37281], [-4.14773, 50.37293], [-4.14751, 50.37303], [-4.14731, 50.37311]], [[-4.14861, 50.37129], [-4.14862, 50.3714], [-4.14864, 50.37156], [-4.14865, 50.37163], [-4.14865, 50.37178]], [[-4.14882, 50.36989], [-4.14878, 50.36994], [-4.14876, 50.36996], [-4.14872, 50.37002], [-4.14866, 50.37011], [-4.14865, 50.37013], [-4.1486, 50.37022], [-4.14857, 50.37031], [-4.14855, 50.37041], [-4.14855, 50.37053], [-4.14856, 50.37064], [-4.14856, 50.37073], [-4.14857, 50.37091], [-4.1486, 50.3711], [-4.1486, 50.37124], [-4.14861, 50.37129]], [[-4.14892, 50.36978], [-4.14882, 50.36989]], [[-4.14903, 50.36954], [-4.14901, 50.36963], [-4.14896, 50.36971], [-4.14892, 50.36978]], [[-4.14868, 50.36941], [-4.1488, 50.36942], [-4.14889, 50.36944], [-4.14897, 50.36948], [-4.14903, 50.36954]], [[-4.14842, 50.36958], [-4.14849, 50.3695], [-4.14857, 50.36945], [-4.14868, 50.36941]], [[-4.14814, 50.36979], [-4.14824, 50.36975], [-4.14827, 50.36972], [-4.14833, 50.36969], [-4.14836, 50.36967], [-4.14842, 50.36958]], [[-4.14687, 50.36984], [-4.14814, 50.36979]], [[-4.14632, 50.36974], [-4.14645, 50.36978], [-4.14653, 50.3698], [-4.14656, 50.36981], [-4.14664, 50.36983], [-4.14673, 50.36984], [-4.14687, 50.36984]], [[-4.14585, 50.3696], [-4.14594, 50.36961], [-4.14606, 50.36963], [-4.14615, 50.36966], [-4.14632, 50.36974]], [[-4.14544, 50.36987], [-4.14544, 50.36983], [-4.14548, 50.36976], [-4.14551, 50.36971], [-4.14556, 50.36967], [-4.14561, 50.36964], [-4.14569, 50.36962], [-4.14577, 50.36961], [-4.14585, 50.3696]], [[-4.14544, 50.37019], [-4.14543, 50.36991], [-4.14544, 50.36987]], [[-4.14323, 50.37028], [-4.14404, 50.37027], [-4.14458, 50.37026], [-4.14507, 50.37023], [-4.1453, 50.37021], [-4.14544, 50.37019]], [[-4.14277, 50.3703], [-4.14323, 50.37028]], [[-4.14208, 50.37031], [-4.14241, 50.37031], [-4.14277, 50.3703]], [[-4.14116, 50.37031], [-4.14133, 50.37031], [-4.14193, 50.37031], [-4.14208, 50.37031]], [[-4.13949, 50.37032], [-4.13999, 50.37033], [-4.14063, 50.37032], [-4.14116, 50.37031]], [[-4.13903, 50.37027], [-4.13918, 50.37031], [-4.13934, 50.37032], [-4.13949, 50.37032]], [[-4.13848, 50.37019], [-4.13857, 50.37016], [-4.1387, 50.37015], [-4.13884, 50.37017], [-4.13891, 50.3702], [-4.13897, 50.37023], [-4.13903, 50.37027]], [[-4.13829, 50.37037], [-4.13832, 50.37032], [-4.13835, 50.37027], [-4.13841, 50.37022], [-4.13848, 50.37019]], [[-4.13829, 50.37043], [-4.13829, 50.37037]], [[-4.13845, 50.37061], [-4.13838, 50.37056], [-4.13832, 50.3705], [-4.13829, 50.37043]], [[-4.13907, 50.37046], [-4.13904, 50.37052], [-4.13898, 50.37057], [-4.13891, 50.37061], [-4.1388, 50.37065], [-4.1387, 50.37066], [-4.13857, 50.37065], [-4.13845, 50.37061]], [[-4.14018, 50.37042], [-4.13942, 50.37043], [-4.13923, 50.37043], [-4.13907, 50.37046]], [[-4.14109, 50.3704], [-4.14035, 50.37041], [-4.14031, 50.37041], [-4.14018, 50.37042]], [[-4.14203, 50.37037], [-4.14149, 50.37039], [-4.14126, 50.3704], [-4.14109, 50.3704]], [[-4.1428, 50.37036], [-4.14241, 50.37036], [-4.14203, 50.37037]], [[-4.14454, 50.37035], [-4.14357, 50.37037], [-4.14302, 50.37036], [-4.1428, 50.37036]], [[-4.14521, 50.37033], [-4.14487, 50.37034], [-4.14454, 50.37035]], [[-4.14553, 50.37037], [-4.14529, 50.37034], [-4.14521, 50.37033]], [[-4.14573, 50.37046], [-4.14561, 50.37042], [-4.14553, 50.37037]], [[-4.14611, 50.37044], [-4.14603, 50.37046], [-4.14591, 50.37048], [-4.14582, 50.37048], [-4.14573, 50.37046]], [[-4.14634, 50.37], [-4.14633, 50.37018], [-4.14632, 50.37025], [-4.14628, 50.37032], [-4.14623, 50.37037], [-4.14618, 50.37041], [-4.14611, 50.37044]], [[-4.14697, 50.36992], [-4.1467, 50.36994], [-4.14657, 50.36995], [-4.14651, 50.36995], [-4.14642, 50.36997], [-4.14634, 50.37]], [[-4.14762, 50.36991], [-4.14697, 50.36992]], [[-4.14814, 50.36991], [-4.14783, 50.36991], [-4.14762, 50.36991]], [[-4.14828, 50.36996], [-4.14821, 50.36993], [-4.14814, 50.36991]], [[-4.14845, 50.37014], [-4.14837, 50.37004], [-4.14834, 50.37001], [-4.14831, 50.36998], [-4.14828, 50.36996]], [[-4.14844, 50.37035], [-4.14845, 50.37014]], [[-4.14843, 50.37057], [-4.14843, 50.37045], [-4.14844, 50.37035]], [[-4.14597, 50.37327], [-4.14602, 50.37326], [-4.14637, 50.3732], [-4.14661, 50.37316], [-4.14679, 50.37313], [-4.14713, 50.37306], [-4.14737, 50.37297], [-4.14742, 50.37295], [-4.14766, 50.37284], [-4.14793, 50.37265], [-4.14821, 50.3724], [-4.14838, 50.37216], [-4.14843, 50.37201], [-4.14845, 50.37188], [-4.14846, 50.3718], [-4.14846, 50.37168], [-4.14845, 50.37141], [-4.14844, 50.37105], [-4.14842, 50.3708], [-4.14842, 50.37068], [-4.14843, 50.37057]], [[-4.14547, 50.37344], [-4.14564, 50.37338], [-4.14571, 50.37335], [-4.14597, 50.37327]], [[-4.14487, 50.37375], [-4.14533, 50.37351], [-4.14547, 50.37344]], [[-4.14432, 50.37409], [-4.14441, 50.37404], [-4.14466, 50.37387], [-4.14487, 50.37375]], [[-4.14333, 50.37478], [-4.14346, 50.37468], [-4.14375, 50.37447], [-4.14401, 50.3743], [-4.14406, 50.37426], [-4.14432, 50.37409]], [[-4.14273, 50.37499], [-4.14291, 50.37495], [-4.14304, 50.37491], [-4.14333, 50.37478]], [[-4.14245, 50.375], [-4.14254, 50.37499], [-4.14264, 50.37499], [-4.14273, 50.37499]], [[-4.14233, 50.37503], [-4.14245, 50.375]], [[-4.14192, 50.37533], [-4.14197, 50.37525], [-4.14203, 50.37518], [-4.14211, 50.37512], [-4.14221, 50.37507], [-4.14233, 50.37503]], [[-4.14223, 50.37582], [-4.14213, 50.37577], [-4.14205, 50.37571], [-4.14198, 50.37564], [-4.14193, 50.37557], [-4.14191, 50.37549], [-4.1419, 50.37541], [-4.14192, 50.37533]], [[-4.1427, 50.37589], [-4.14259, 50.37589], [-4.14247, 50.37588], [-4.14235, 50.37586], [-4.14223, 50.37582]], [[-4.14282, 50.37587], [-4.14276, 50.37588], [-4.1427, 50.37589]], [[-4.14448, 50.37685], [-4.14413, 50.37669], [-4.14394, 50.37659], [-4.14372, 50.37647], [-4.14334, 50.37622], [-4.14298, 50.37594], [-4.14282, 50.37587]], [[-4.14864, 50.37827], [-4.14887, 50.37843], [-4.14915, 50.37862], [-4.1494, 50.37879], [-4.14948, 50.37884], [-4.14963, 50.37894], [-4.14975, 50.37902], [-4.14987, 50.3791], [-4.15014, 50.37928], [-4.15109, 50.37991], [-4.15134, 50.38008]], [[-4.15166, 50.38035], [-4.15154, 50.38025], [-4.15134, 50.38008]], [[-4.15422, 50.38348], [-4.15411, 50.38338], [-4.15361, 50.38289], [-4.15318, 50.38241], [-4.15294, 50.38213], [-4.15282, 50.38195], [-4.15272, 50.3818], [-4.15245, 50.38127], [-4.15225, 50.38097], [-4.15209, 50.38078], [-4.15192, 50.38061], [-4.15166, 50.38035]], [[-4.15458, 50.38381], [-4.15422, 50.38348]], [[-4.15565, 50.38514], [-4.1556, 50.38506], [-4.15544, 50.3848], [-4.15536, 50.3846], [-4.15526, 50.38446], [-4.15516, 50.38433], [-4.15502, 50.38417], [-4.15497, 50.38413], [-4.15477, 50.38396], [-4.15469, 50.3839], [-4.15458, 50.38381]], [[-4.15618, 50.38544], [-4.15598, 50.38535], [-4.15584, 50.38527], [-4.15581, 50.38526], [-4.15565, 50.38514]], [[-4.1565, 50.38551], [-4.15634, 50.38549], [-4.15618, 50.38544]], [[-4.15748, 50.38561], [-4.15744, 50.38559], [-4.15729, 50.38552], [-4.15712, 50.38551], [-4.15695, 50.38551], [-4.15676, 50.38553], [-4.15657, 50.38552], [-4.1565, 50.38551]], [[-4.15793, 50.38598], [-4.15781, 50.38586], [-4.15776, 50.38582], [-4.15767, 50.38572], [-4.15748, 50.38561]], [[-4.16028, 50.38685], [-4.16016, 50.38679], [-4.16, 50.38674], [-4.15944, 50.38665], [-4.15903, 50.3866], [-4.15884, 50.38656], [-4.15863, 50.38651], [-4.15843, 50.38642], [-4.15828, 50.38631], [-4.15812, 50.38617], [-4.15803, 50.38608], [-4.15793, 50.38598]], [[-4.16077, 50.38697], [-4.16067, 50.38701], [-4.16056, 50.38701], [-4.16045, 50.387], [-4.16037, 50.38696], [-4.1603, 50.3869], [-4.16028, 50.38685]], [[-4.16159, 50.38713], [-4.16152, 50.38711], [-4.16121, 50.38704], [-4.16116, 50.38702], [-4.16091, 50.387], [-4.16077, 50.38697]], [[-4.16196, 50.38721], [-4.16193, 50.38721], [-4.16159, 50.38713]], [[-4.16347, 50.38735], [-4.16339, 50.38733], [-4.16321, 50.38731], [-4.16315, 50.3873], [-4.16302, 50.38729], [-4.16279, 50.38729], [-4.16259, 50.38728], [-4.16238, 50.38727], [-4.16214, 50.38725], [-4.16196, 50.38721]], [[-4.16443, 50.3877], [-4.16419, 50.38757], [-4.16404, 50.3875], [-4.16387, 50.38745], [-4.16363, 50.38738], [-4.16347, 50.38735]], [[-4.16504, 50.38814], [-4.16486, 50.388], [-4.16474, 50.38791], [-4.16443, 50.3877]], [[-4.16668, 50.38923], [-4.16637, 50.38902], [-4.16614, 50.38886], [-4.1656, 50.3885], [-4.16517, 50.38822], [-4.16504, 50.38814]], [[-4.16747, 50.38978], [-4.16728, 50.38965], [-4.16687, 50.38936], [-4.16668, 50.38923]], [[-4.16776, 50.38997], [-4.16752, 50.38982], [-4.16747, 50.38978]], [[-4.17209, 50.39164], [-4.17114, 50.39141], [-4.17097, 50.39136], [-4.17096, 50.39136], [-4.17055, 50.39123], [-4.17036, 50.39117], [-4.16944, 50.39076], [-4.16884, 50.39053], [-4.16879, 50.39052], [-4.16828, 50.39029], [-4.16776, 50.38997]], [[-4.17545, 50.39361], [-4.17533, 50.39351], [-4.1752, 50.39336], [-4.17512, 50.39323], [-4.17506, 50.39314], [-4.17497, 50.39293], [-4.17489, 50.39279], [-4.17478, 50.39263], [-4.17477, 50.39261], [-4.17469, 50.39253], [-4.17459, 50.39245], [-4.1745, 50.39239], [-4.17435, 50.39229], [-4.17419, 50.39221], [-4.17404, 50.39214], [-4.17384, 50.39208], [-4.1734, 50.39196], [-4.17278, 50.39181], [-4.17248, 50.39174], [-4.17209, 50.39164]], [[-4.17612, 50.39404], [-4.17606, 50.394], [-4.17573, 50.3938], [-4.17554, 50.39367], [-4.17545, 50.39361]], [[-4.17795, 50.39536], [-4.17754, 50.39509], [-4.17701, 50.3947], [-4.17657, 50.39435], [-4.17612, 50.39404]], [[-4.17827, 50.39564], [-4.17801, 50.39542], [-4.17795, 50.39536]], [[-4.17863, 50.39593], [-4.17855, 50.39587], [-4.17827, 50.39564]], [[-4.17871, 50.396], [-4.17863, 50.39593]], [[-4.17892, 50.39618], [-4.17879, 50.39607], [-4.17871, 50.396]], [[-4.17936, 50.39649], [-4.17892, 50.39618]], [[-4.17843, 50.39559], [-4.17869, 50.39579], [-4.17878, 50.39586]], [[-4.17878, 50.39586], [-4.17882, 50.39589]], [[-4.17882, 50.39589], [-4.17885, 50.39591]], [[-4.17885, 50.39591], [-4.17898, 50.39603], [-4.17904, 50.39607]], [[-4.17904, 50.39607], [-4.17936, 50.39649]], [[-4.16672, 50.38914], [-4.16695, 50.38929], [-4.1674, 50.3896], [-4.16762, 50.38975], [-4.16784, 50.3899]], [[-4.15769, 50.3856], [-4.15788, 50.38578], [-4.15815, 50.38603]], [[-4.15815, 50.38603], [-4.15841, 50.38628], [-4.15855, 50.38638], [-4.15869, 50.38644], [-4.15884, 50.38647], [-4.15893, 50.38649], [-4.15911, 50.38652], [-4.15948, 50.38657]], [[-4.15948, 50.38657], [-4.15951, 50.38658], [-4.16003, 50.38666], [-4.16023, 50.38668], [-4.16035, 50.38668]], [[-4.16035, 50.38668], [-4.1604, 50.38666], [-4.16046, 50.38663], [-4.16051, 50.38662]], [[-4.16051, 50.38662], [-4.16059, 50.38662], [-4.16067, 50.38663], [-4.16077, 50.38666], [-4.16084, 50.38671], [-4.16087, 50.38674], [-4.16088, 50.38677]], [[-4.16088, 50.38677], [-4.16101, 50.3869], [-4.16112, 50.38693], [-4.16128, 50.38697], [-4.16135, 50.38699], [-4.16155, 50.38704], [-4.16163, 50.38705], [-4.16174, 50.38708]], [[-4.16174, 50.38708], [-4.16203, 50.38715], [-4.16243, 50.3872], [-4.16262, 50.3872], [-4.16281, 50.38721], [-4.16303, 50.38722], [-4.1632, 50.38723]], [[-4.1632, 50.38723], [-4.16325, 50.38724], [-4.16343, 50.38726], [-4.16367, 50.38731], [-4.16394, 50.38738], [-4.1641, 50.38744], [-4.16429, 50.38753], [-4.16459, 50.38769], [-4.16496, 50.38794], [-4.165, 50.38797], [-4.16517, 50.38808]], [[-4.16517, 50.38808], [-4.16567, 50.38842], [-4.16597, 50.38864], [-4.16622, 50.3888], [-4.16629, 50.38885], [-4.16647, 50.38898], [-4.16672, 50.38914]], [[-4.16784, 50.3899], [-4.16832, 50.39026], [-4.16882, 50.3905], [-4.17009, 50.39099], [-4.17059, 50.39118], [-4.17089, 50.39126], [-4.1715, 50.39141]], [[-4.1715, 50.39141], [-4.17251, 50.39166], [-4.17309, 50.39181], [-4.17346, 50.3919], [-4.17351, 50.39191], [-4.17385, 50.392], [-4.17389, 50.39201], [-4.1741, 50.39208], [-4.17428, 50.39216], [-4.17443, 50.39224], [-4.1746, 50.39235], [-4.17475, 50.39246], [-4.17488, 50.39258], [-4.17501, 50.39277], [-4.17507, 50.3929], [-4.17522, 50.39319], [-4.17531, 50.39334], [-4.17535, 50.39338]], [[-4.17535, 50.39338], [-4.1754, 50.39343], [-4.17554, 50.39356]], [[-4.17554, 50.39356], [-4.17563, 50.39363], [-4.17568, 50.39367], [-4.17582, 50.39375]], [[-4.17582, 50.39375], [-4.17585, 50.39377], [-4.17616, 50.39396], [-4.17678, 50.3944], [-4.17763, 50.39503]], [[-4.17763, 50.39503], [-4.17791, 50.39523], [-4.17819, 50.39543], [-4.17843, 50.39559]], [[-4.15134, 50.38008], [-4.15165, 50.38025], [-4.15181, 50.38037], [-4.15202, 50.38057], [-4.15219, 50.38075], [-4.15235, 50.38095], [-4.15255, 50.38124], [-4.15283, 50.38176], [-4.15306, 50.38209], [-4.15328, 50.38235], [-4.15371, 50.38284], [-4.15419, 50.38333], [-4.15471, 50.38377]], [[-4.15471, 50.38377], [-4.15477, 50.38381], [-4.15485, 50.38388], [-4.15498, 50.38398], [-4.15579, 50.38468], [-4.1558, 50.38468]], [[-4.1558, 50.38468], [-4.15614, 50.3849], [-4.15634, 50.38502], [-4.15645, 50.38507]], [[-4.15645, 50.38507], [-4.15662, 50.38516], [-4.15666, 50.38517]], [[-4.15666, 50.38517], [-4.15693, 50.38528]], [[-4.15693, 50.38528], [-4.15707, 50.38531], [-4.15726, 50.38537], [-4.15729, 50.38538]], [[-4.15729, 50.38538], [-4.1575, 50.38546]], [[-4.1575, 50.38546], [-4.15763, 50.38555], [-4.15769, 50.3856]], [[-4.18164, 50.39725], [-4.18113, 50.39718], [-4.18102, 50.39717], [-4.18044, 50.39709], [-4.18034, 50.39708], [-4.18022, 50.39705], [-4.18009, 50.39701], [-4.17999, 50.39697], [-4.17993, 50.39693], [-4.17991, 50.39692], [-4.17989, 50.39691], [-4.17972, 50.39679], [-4.17958, 50.39668], [-4.17936, 50.39649]], [[-4.18207, 50.39731], [-4.18164, 50.39725]], [[-4.18256, 50.39737], [-4.18207, 50.39731]], [[-4.18349, 50.39903], [-4.18348, 50.39869], [-4.18346, 50.39849], [-4.18328, 50.39808], [-4.18314, 50.39782], [-4.18311, 50.39775], [-4.18299, 50.39758], [-4.18296, 50.39755], [-4.18289, 50.39751], [-4.18279, 50.39745], [-4.18269, 50.39741], [-4.18256, 50.39737]], [[-4.18349, 50.39903], [-4.18354, 50.3992], [-4.1836, 50.39938], [-4.18361, 50.3994], [-4.18376, 50.39968], [-4.18395, 50.39998], [-4.18406, 50.40015], [-4.18413, 50.40026], [-4.18429, 50.40046], [-4.18445, 50.40062], [-4.18466, 50.40079], [-4.18484, 50.40092], [-4.18505, 50.40107], [-4.18522, 50.40117], [-4.18528, 50.40124]], [[-4.18528, 50.40124], [-4.1851, 50.40121], [-4.18497, 50.40115], [-4.18467, 50.40091], [-4.18438, 50.40067], [-4.18419, 50.40047], [-4.18404, 50.4003], [-4.18397, 50.40019]], [[-4.18397, 50.40019], [-4.1839, 50.40008], [-4.18371, 50.39978]], [[-4.18371, 50.39978], [-4.18368, 50.39973], [-4.18354, 50.3995], [-4.18349, 50.39939]], [[-4.18349, 50.39939], [-4.18347, 50.39934], [-4.18344, 50.39921], [-4.18349, 50.39903]], [[-4.18635, 50.40197], [-4.18621, 50.40188], [-4.18599, 50.40175], [-4.18569, 50.40157], [-4.18537, 50.40133], [-4.18528, 50.40124]], [[-4.18528, 50.40124], [-4.18547, 50.40131], [-4.18573, 50.40147], [-4.18635, 50.40186], [-4.18666, 50.40204]], [[-4.18666, 50.40204], [-4.18707, 50.40225], [-4.18718, 50.40231], [-4.18729, 50.40236], [-4.18749, 50.40243]], [[-4.18749, 50.40243], [-4.18773, 50.40249], [-4.1881, 50.40256], [-4.18817, 50.40258]], [[-4.18817, 50.40258], [-4.18822, 50.40261], [-4.18825, 50.40265], [-4.18827, 50.4027]], [[-4.18827, 50.4027], [-4.18825, 50.40275], [-4.18822, 50.40279], [-4.18817, 50.40284], [-4.18811, 50.40287], [-4.18804, 50.40288], [-4.18794, 50.40288]], [[-4.18794, 50.40288], [-4.18781, 50.40283]], [[-4.18781, 50.40283], [-4.18763, 50.40281], [-4.18755, 50.40281], [-4.18749, 50.40283], [-4.18744, 50.40285], [-4.18741, 50.40287], [-4.18739, 50.40291], [-4.1874, 50.40301], [-4.18738, 50.40315]], [[-4.18738, 50.40315], [-4.18732, 50.40302], [-4.18731, 50.40291], [-4.1873, 50.40283], [-4.18729, 50.40278], [-4.18729, 50.40276], [-4.18729, 50.40271]], [[-4.18729, 50.40271], [-4.18722, 50.40262]], [[-4.18722, 50.40262], [-4.18706, 50.4024], [-4.18702, 50.40237], [-4.18689, 50.40228]], [[-4.18689, 50.40228], [-4.18679, 50.40223], [-4.18674, 50.4022], [-4.18658, 50.4021]], [[-4.18738, 50.40315], [-4.18743, 50.40345], [-4.18749, 50.40451]], [[-4.18749, 50.40451], [-4.18749, 50.40469], [-4.18743, 50.40491], [-4.18731, 50.40507]], [[-4.18731, 50.40507], [-4.18721, 50.40522], [-4.18693, 50.40563], [-4.18684, 50.40575], [-4.18663, 50.40605]], [[-4.18663, 50.40605], [-4.18652, 50.4062], [-4.18626, 50.40654], [-4.18609, 50.40673], [-4.18603, 50.4068], [-4.1859, 50.4069]], [[-4.1859, 50.4069], [-4.18571, 50.40699], [-4.18553, 50.40704]], [[-4.18553, 50.40704], [-4.18544, 50.40714], [-4.18524, 50.40727], [-4.18485, 50.40751]], [[-4.18485, 50.40751], [-4.18443, 50.40777], [-4.18394, 50.40808]], [[-4.18394, 50.40808], [-4.1838, 50.40817], [-4.18365, 50.40824], [-4.18355, 50.40827]], [[-4.18355, 50.40827], [-4.18318, 50.40837]], [[-4.18318, 50.40837], [-4.18302, 50.40842], [-4.18282, 50.40849], [-4.18269, 50.40852], [-4.18235, 50.40865], [-4.18183, 50.4089]], [[-4.18183, 50.4089], [-4.18167, 50.40901], [-4.18125, 50.40928], [-4.18101, 50.40943], [-4.18086, 50.4096], [-4.18053, 50.41001], [-4.18036, 50.41014]], [[-4.18036, 50.41014], [-4.18017, 50.41022], [-4.17982, 50.41034], [-4.17973, 50.41037]], [[-4.17973, 50.41037], [-4.17957, 50.41043]], [[-4.17957, 50.41043], [-4.17942, 50.41051]], [[-4.17942, 50.41051], [-4.17919, 50.41063], [-4.17895, 50.41075], [-4.1787, 50.41089]], [[-4.1787, 50.41089], [-4.17861, 50.41094], [-4.17854, 50.41098], [-4.17849, 50.411]], [[-4.17849, 50.411], [-4.17826, 50.41109]], [[-4.17826, 50.41109], [-4.17825, 50.41112], [-4.17821, 50.41117], [-4.17816, 50.4112], [-4.17809, 50.41122], [-4.17802, 50.41123]], [[-4.17802, 50.41123], [-4.17792, 50.41129], [-4.17789, 50.4113], [-4.17779, 50.41135], [-4.17773, 50.41144]], [[-4.17773, 50.41144], [-4.17747, 50.41179], [-4.17742, 50.41186]], [[-4.17742, 50.41186], [-4.17737, 50.41196], [-4.17734, 50.41208]], [[-4.17817, 50.41094], [-4.17823, 50.41094], [-4.17835, 50.41095], [-4.17848, 50.41094], [-4.1786, 50.41091], [-4.1787, 50.41089]], [[-4.17787, 50.41092], [-4.17796, 50.4109], [-4.17805, 50.4109], [-4.17813, 50.41092], [-4.17817, 50.41094]], [[-4.17777, 50.41114], [-4.17775, 50.4111], [-4.17774, 50.41106], [-4.17776, 50.41101], [-4.17778, 50.41098], [-4.17782, 50.41095], [-4.17787, 50.41092]], [[-4.1776, 50.41143], [-4.17773, 50.41125], [-4.17777, 50.41114]], [[-4.1773, 50.41184], [-4.1776, 50.41143]], [[-4.17712, 50.41197], [-4.17719, 50.41193], [-4.17722, 50.41191], [-4.1773, 50.41184]], [[-4.17687, 50.41219], [-4.17685, 50.41215], [-4.17685, 50.41211], [-4.17687, 50.41207], [-4.17691, 50.41202], [-4.17697, 50.41199], [-4.17704, 50.41197], [-4.17712, 50.41197]], [[-4.17632, 50.41249], [-4.17655, 50.41242], [-4.1767, 50.41233], [-4.17679, 50.41226], [-4.17687, 50.41219]], [[-4.17579, 50.41263], [-4.17632, 50.41249]], [[-4.17421, 50.41287], [-4.17476, 50.41282], [-4.17527, 50.41274], [-4.17579, 50.41263]], [[-4.17336, 50.4129], [-4.17421, 50.41287]], [[-4.17336, 50.41298], [-4.17336, 50.4129]], [[-4.17355, 50.41345], [-4.17345, 50.4133], [-4.1734, 50.41318], [-4.17336, 50.41298]], [[-4.17285, 50.41497], [-4.17311, 50.4148], [-4.17347, 50.41459], [-4.17359, 50.41451], [-4.17374, 50.41442], [-4.17381, 50.41437], [-4.17388, 50.41431], [-4.17394, 50.41423], [-4.17397, 50.41414], [-4.17396, 50.41406], [-4.17392, 50.41398], [-4.17385, 50.41388], [-4.17355, 50.41345]], [[-4.1726, 50.41527], [-4.17268, 50.41508], [-4.17285, 50.41497]], [[-4.17254, 50.41555], [-4.17256, 50.41547], [-4.17258, 50.41537], [-4.1726, 50.41527]], [[-4.17512, 50.41945], [-4.17489, 50.4194], [-4.17429, 50.41924], [-4.17378, 50.41911], [-4.17327, 50.41898], [-4.17283, 50.41881], [-4.17239, 50.41857], [-4.17203, 50.41839], [-4.1715, 50.41807], [-4.17134, 50.41797], [-4.17131, 50.41792], [-4.17129, 50.41789], [-4.17122, 50.41778], [-4.17116, 50.41764], [-4.17115, 50.41751], [-4.17117, 50.41738], [-4.17125, 50.41721], [-4.17135, 50.41711], [-4.17148, 50.41698], [-4.17182, 50.41662], [-4.17209, 50.41634], [-4.17221, 50.41619], [-4.17229, 50.41608], [-4.17242, 50.41593], [-4.17249, 50.41579], [-4.17253, 50.41562], [-4.17254, 50.41555]], [[-4.17531, 50.41281], [-4.17499, 50.41286], [-4.17422, 50.41293], [-4.17375, 50.41296], [-4.17336, 50.41298]], [[-4.17584, 50.4127], [-4.17572, 50.41273], [-4.17531, 50.41281]], [[-4.17704, 50.41228], [-4.17694, 50.41231], [-4.17684, 50.41234], [-4.17651, 50.4125], [-4.17619, 50.41261], [-4.17584, 50.4127]], [[-4.17735, 50.41216], [-4.17733, 50.4122], [-4.17729, 50.41224], [-4.17723, 50.41227], [-4.17717, 50.41228], [-4.1771, 50.41229], [-4.17704, 50.41228]], [[-4.1751, 50.41948], [-4.17501, 50.41969], [-4.17499, 50.41982], [-4.17498, 50.41996], [-4.175, 50.42015], [-4.17508, 50.42036]], [[-4.17508, 50.42036], [-4.17519, 50.42054], [-4.17531, 50.42069], [-4.17544, 50.42084], [-4.17558, 50.42094], [-4.17564, 50.42098]], [[-4.17564, 50.42098], [-4.17569, 50.42101], [-4.17586, 50.4211], [-4.17603, 50.42119], [-4.17628, 50.42127], [-4.17671, 50.42139]], [[-4.17671, 50.42139], [-4.17872, 50.42194], [-4.17983, 50.42225], [-4.18008, 50.42232], [-4.18068, 50.42246], [-4.18099, 50.42252], [-4.18135, 50.42257], [-4.1816, 50.42258], [-4.18179, 50.42257], [-4.18222, 50.42252], [-4.18247, 50.42246], [-4.18271, 50.42238], [-4.18297, 50.42226], [-4.18314, 50.42214]], [[-4.18314, 50.42214], [-4.18325, 50.42205], [-4.18338, 50.42191], [-4.18342, 50.42186], [-4.18349, 50.42173], [-4.18356, 50.42158], [-4.18359, 50.42146], [-4.18361, 50.42125], [-4.18362, 50.42098], [-4.18363, 50.42087], [-4.18364, 50.42044]], [[-4.18364, 50.42044], [-4.18365, 50.42015], [-4.18364, 50.42007]], [[-4.18364, 50.42007], [-4.1836, 50.41982]], [[-4.1836, 50.41982], [-4.18359, 50.41978], [-4.18357, 50.41975], [-4.18355, 50.41968], [-4.1835, 50.4196]], [[-4.1835, 50.4196], [-4.18345, 50.41951], [-4.18341, 50.41945], [-4.18336, 50.41939], [-4.18331, 50.41934], [-4.18325, 50.41927], [-4.18317, 50.4192], [-4.18308, 50.41912], [-4.18297, 50.41904], [-4.18288, 50.41898], [-4.1828, 50.41894], [-4.1827, 50.41889], [-4.18261, 50.41885], [-4.18251, 50.4188], [-4.18244, 50.41877], [-4.18235, 50.41874], [-4.18226, 50.41871], [-4.18215, 50.41868], [-4.18213, 50.41868], [-4.18206, 50.41866], [-4.18197, 50.41864], [-4.18187, 50.41862], [-4.18179, 50.4186], [-4.18166, 50.41857], [-4.18159, 50.41856], [-4.18154, 50.41855], [-4.18144, 50.41853], [-4.18134, 50.41852], [-4.18117, 50.4185], [-4.18115, 50.41849], [-4.18104, 50.41848], [-4.18101, 50.41848], [-4.18092, 50.41847], [-4.18083, 50.41847], [-4.18075, 50.41846]], [[-4.18075, 50.41846], [-4.18066, 50.41846], [-4.18057, 50.41845], [-4.18048, 50.41845], [-4.18039, 50.41845], [-4.18021, 50.41845], [-4.18013, 50.41846], [-4.18004, 50.41846], [-4.1798, 50.41847], [-4.17938, 50.41849], [-4.17925, 50.4185], [-4.17912, 50.4185], [-4.17885, 50.41851], [-4.17849, 50.41851], [-4.1783, 50.41851], [-4.17818, 50.41851], [-4.17809, 50.4185], [-4.17771, 50.41849], [-4.17752, 50.41848], [-4.1774, 50.41848], [-4.17728, 50.41848], [-4.17713, 50.41848], [-4.17697, 50.41849], [-4.17675, 50.41852], [-4.17662, 50.41854], [-4.17651, 50.41856], [-4.1764, 50.41859], [-4.17629, 50.41862], [-4.1762, 50.41865], [-4.17613, 50.41867], [-4.17606, 50.41869], [-4.17599, 50.41872], [-4.17592, 50.41876], [-4.17585, 50.41879], [-4.17578, 50.41883], [-4.17572, 50.41886], [-4.17565, 50.4189], [-4.17559, 50.41894], [-4.17554, 50.41898], [-4.17543, 50.41907], [-4.17535, 50.41914], [-4.17529, 50.4192], [-4.17524, 50.41926], [-4.1752, 50.41931], [-4.17516, 50.41936], [-4.17514, 50.41941], [-4.17512, 50.41945], [-4.1751, 50.41948]], [[-4.17508, 50.42036], [-4.17519, 50.42054], [-4.17531, 50.42069], [-4.17544, 50.42084], [-4.17558, 50.42094], [-4.17564, 50.42098]], [[-4.17704, 50.41228], [-4.17694, 50.41231], [-4.17684, 50.41234], [-4.17651, 50.4125], [-4.17619, 50.41261], [-4.17584, 50.4127]]]}}, {"type": "Feature", "properties": {"mode": "bus", "name": "Plymouth Citybus 16", "ref": "16", "operator": "Plymouth Citybus", "osm_id": 16806125}, "geometry": {"type": "MultiLineString", "coordinates": [[[-4.14882, 50.36989], [-4.14878, 50.36994], [-4.14876, 50.36996], [-4.14872, 50.37002], [-4.14866, 50.37011], [-4.14865, 50.37013], [-4.1486, 50.37022], [-4.14857, 50.37031], [-4.14855, 50.37041], [-4.14855, 50.37053], [-4.14856, 50.37064], [-4.14856, 50.37073], [-4.14857, 50.37091], [-4.1486, 50.3711], [-4.1486, 50.37124], [-4.14861, 50.37129]], [[-4.14882, 50.36989], [-4.14878, 50.36994], [-4.14876, 50.36996], [-4.14872, 50.37002], [-4.14866, 50.37011], [-4.14865, 50.37013], [-4.1486, 50.37022], [-4.14857, 50.37031], [-4.14855, 50.37041], [-4.14855, 50.37053], [-4.14856, 50.37064], [-4.14856, 50.37073], [-4.14857, 50.37091], [-4.1486, 50.3711], [-4.1486, 50.37124], [-4.14861, 50.37129]], [[-4.14892, 50.36978], [-4.14882, 50.36989]], [[-4.14903, 50.36954], [-4.14901, 50.36963], [-4.14896, 50.36971], [-4.14892, 50.36978]], [[-4.14868, 50.36941], [-4.1488, 50.36942], [-4.14889, 50.36944], [-4.14897, 50.36948], [-4.14903, 50.36954]], [[-4.14842, 50.36958], [-4.14849, 50.3695], [-4.14857, 50.36945], [-4.14868, 50.36941]], [[-4.14814, 50.36979], [-4.14824, 50.36975], [-4.14827, 50.36972], [-4.14833, 50.36969], [-4.14836, 50.36967], [-4.14842, 50.36958]], [[-4.14687, 50.36984], [-4.14814, 50.36979]], [[-4.14632, 50.36974], [-4.14645, 50.36978], [-4.14653, 50.3698], [-4.14656, 50.36981], [-4.14664, 50.36983], [-4.14673, 50.36984], [-4.14687, 50.36984]], [[-4.14585, 50.3696], [-4.14594, 50.36961], [-4.14606, 50.36963], [-4.14615, 50.36966], [-4.14632, 50.36974]], [[-4.14544, 50.36987], [-4.14544, 50.36983], [-4.14548, 50.36976], [-4.14551, 50.36971], [-4.14556, 50.36967], [-4.14561, 50.36964], [-4.14569, 50.36962], [-4.14577, 50.36961], [-4.14585, 50.3696]], [[-4.14544, 50.37019], [-4.14543, 50.36991], [-4.14544, 50.36987]], [[-4.14323, 50.37028], [-4.14404, 50.37027], [-4.14458, 50.37026], [-4.14507, 50.37023], [-4.1453, 50.37021], [-4.14544, 50.37019]], [[-4.14277, 50.3703], [-4.14323, 50.37028]], [[-4.14208, 50.37031], [-4.14241, 50.37031], [-4.14277, 50.3703]], [[-4.14116, 50.37031], [-4.14133, 50.37031], [-4.14193, 50.37031], [-4.14208, 50.37031]], [[-4.13949, 50.37032], [-4.13999, 50.37033], [-4.14063, 50.37032], [-4.14116, 50.37031]], [[-4.13903, 50.37027], [-4.13918, 50.37031], [-4.13934, 50.37032], [-4.13949, 50.37032]], [[-4.13848, 50.37019], [-4.13857, 50.37016], [-4.1387, 50.37015], [-4.13884, 50.37017], [-4.13891, 50.3702], [-4.13897, 50.37023], [-4.13903, 50.37027]], [[-4.13829, 50.37037], [-4.13832, 50.37032], [-4.13835, 50.37027], [-4.13841, 50.37022], [-4.13848, 50.37019]], [[-4.13829, 50.37043], [-4.13829, 50.37037]], [[-4.13845, 50.37061], [-4.13838, 50.37056], [-4.13832, 50.3705], [-4.13829, 50.37043]], [[-4.13907, 50.37046], [-4.13904, 50.37052], [-4.13898, 50.37057], [-4.13891, 50.37061], [-4.1388, 50.37065], [-4.1387, 50.37066], [-4.13857, 50.37065], [-4.13845, 50.37061]], [[-4.14018, 50.37042], [-4.13942, 50.37043], [-4.13923, 50.37043], [-4.13907, 50.37046]], [[-4.14109, 50.3704], [-4.14035, 50.37041], [-4.14031, 50.37041], [-4.14018, 50.37042]], [[-4.14203, 50.37037], [-4.14149, 50.37039], [-4.14126, 50.3704], [-4.14109, 50.3704]], [[-4.1428, 50.37036], [-4.14241, 50.37036], [-4.14203, 50.37037]], [[-4.14454, 50.37035], [-4.14357, 50.37037], [-4.14302, 50.37036], [-4.1428, 50.37036]], [[-4.14521, 50.37033], [-4.14487, 50.37034], [-4.14454, 50.37035]], [[-4.14553, 50.37037], [-4.14529, 50.37034], [-4.14521, 50.37033]], [[-4.14573, 50.37046], [-4.14561, 50.37042], [-4.14553, 50.37037]], [[-4.14611, 50.37044], [-4.14603, 50.37046], [-4.14591, 50.37048], [-4.14582, 50.37048], [-4.14573, 50.37046]], [[-4.14634, 50.37], [-4.14633, 50.37018], [-4.14632, 50.37025], [-4.14628, 50.37032], [-4.14623, 50.37037], [-4.14618, 50.37041], [-4.14611, 50.37044]], [[-4.14697, 50.36992], [-4.1467, 50.36994], [-4.14657, 50.36995], [-4.14651, 50.36995], [-4.14642, 50.36997], [-4.14634, 50.37]], [[-4.14762, 50.36991], [-4.14697, 50.36992]], [[-4.14814, 50.36991], [-4.14783, 50.36991], [-4.14762, 50.36991]], [[-4.14828, 50.36996], [-4.14821, 50.36993], [-4.14814, 50.36991]], [[-4.14845, 50.37014], [-4.14837, 50.37004], [-4.14834, 50.37001], [-4.14831, 50.36998], [-4.14828, 50.36996]], [[-4.14843, 50.37057], [-4.14843, 50.37045], [-4.14844, 50.37035]], [[-4.14597, 50.37327], [-4.14602, 50.37326], [-4.14637, 50.3732], [-4.14661, 50.37316], [-4.14679, 50.37313], [-4.14713, 50.37306], [-4.14737, 50.37297], [-4.14742, 50.37295], [-4.14766, 50.37284], [-4.14793, 50.37265], [-4.14821, 50.3724], [-4.14838, 50.37216], [-4.14843, 50.37201], [-4.14845, 50.37188], [-4.14846, 50.3718], [-4.14846, 50.37168], [-4.14845, 50.37141], [-4.14844, 50.37105], [-4.14842, 50.3708], [-4.14842, 50.37068], [-4.14843, 50.37057]], [[-4.14547, 50.37344], [-4.14564, 50.37338], [-4.14571, 50.37335], [-4.14597, 50.37327]], [[-4.14487, 50.37375], [-4.14533, 50.37351], [-4.14547, 50.37344]], [[-4.14432, 50.37409], [-4.14441, 50.37404], [-4.14466, 50.37387], [-4.14487, 50.37375]], [[-4.14333, 50.37478], [-4.14346, 50.37468], [-4.14375, 50.37447], [-4.14401, 50.3743], [-4.14406, 50.37426], [-4.14432, 50.37409]], [[-4.14273, 50.37499], [-4.14291, 50.37495], [-4.14304, 50.37491], [-4.14333, 50.37478]], [[-4.14245, 50.375], [-4.14254, 50.37499], [-4.14264, 50.37499], [-4.14273, 50.37499]], [[-4.14233, 50.37503], [-4.14245, 50.375]], [[-4.14192, 50.37533], [-4.14197, 50.37525], [-4.14203, 50.37518], [-4.14211, 50.37512], [-4.14221, 50.37507], [-4.14233, 50.37503]], [[-4.14223, 50.37582], [-4.14213, 50.37577], [-4.14205, 50.37571], [-4.14198, 50.37564], [-4.14193, 50.37557], [-4.14191, 50.37549], [-4.1419, 50.37541], [-4.14192, 50.37533]], [[-4.1427, 50.37589], [-4.14259, 50.37589], [-4.14247, 50.37588], [-4.14235, 50.37586], [-4.14223, 50.37582]], [[-4.14282, 50.37587], [-4.14276, 50.37588], [-4.1427, 50.37589]], [[-4.14448, 50.37685], [-4.14413, 50.37669], [-4.14394, 50.37659], [-4.14372, 50.37647], [-4.14334, 50.37622], [-4.14298, 50.37594], [-4.14282, 50.37587]], [[-4.14731, 50.37311], [-4.14691, 50.37322]], [[-4.14691, 50.37322], [-4.14656, 50.37328]], [[-4.14861, 50.37129], [-4.14862, 50.3714], [-4.14864, 50.37156], [-4.14865, 50.37163], [-4.14865, 50.37178]], [[-4.14865, 50.37178], [-4.14862, 50.37197], [-4.14855, 50.3722], [-4.14846, 50.37234], [-4.14839, 50.37245], [-4.14829, 50.37254], [-4.14808, 50.37272], [-4.14794, 50.37281], [-4.14773, 50.37293], [-4.14751, 50.37303], [-4.14731, 50.37311]], [[-4.14554, 50.3736], [-4.14533, 50.37372], [-4.14489, 50.374], [-4.14484, 50.37404]], [[-4.14484, 50.37404], [-4.14448, 50.37431]], [[-4.14448, 50.37431], [-4.14443, 50.37435], [-4.14421, 50.37451]], [[-4.14421, 50.37451], [-4.14382, 50.37477]], [[-4.14382, 50.37477], [-4.14353, 50.37502], [-4.14344, 50.37512], [-4.1434, 50.3752], [-4.14337, 50.37529], [-4.14337, 50.37537], [-4.14338, 50.37548]], [[-4.14338, 50.37548], [-4.14338, 50.37562], [-4.14339, 50.3757], [-4.14341, 50.37578], [-4.14349, 50.37588], [-4.14358, 50.37599]], [[-4.14358, 50.37599], [-4.14386, 50.3762], [-4.14411, 50.37636]], [[-4.14411, 50.37636], [-4.14428, 50.37648], [-4.14449, 50.37662]], [[-4.14449, 50.37662], [-4.14465, 50.37671], [-4.14479, 50.37679], [-4.14512, 50.37694]], [[-4.14512, 50.37694], [-4.14533, 50.37702], [-4.14543, 50.37705]], [[-4.14543, 50.37705], [-4.1456, 50.3771]], [[-4.1456, 50.3771], [-4.14565, 50.37711], [-4.14603, 50.37716]], [[-4.14603, 50.37716], [-4.14657, 50.37724]], [[-4.14657, 50.37724], [-4.14676, 50.37728]], [[-4.14676, 50.37728], [-4.14703, 50.37734], [-4.14739, 50.37742]], [[-4.16159, 50.38713], [-4.16152, 50.38711], [-4.16121, 50.38704], [-4.16116, 50.38702], [-4.16091, 50.387], [-4.16077, 50.38697]], [[-4.16196, 50.38721], [-4.16193, 50.38721], [-4.16159, 50.38713]], [[-4.14768, 50.37769], [-4.14738, 50.37768]], [[-4.16504, 50.38814], [-4.16486, 50.388], [-4.16474, 50.38791], [-4.16443, 50.3877]], [[-4.16668, 50.38923], [-4.16637, 50.38902], [-4.16614, 50.38886], [-4.1656, 50.3885], [-4.16517, 50.38822], [-4.16504, 50.38814]], [[-4.16347, 50.38735], [-4.16339, 50.38733], [-4.16321, 50.38731], [-4.16315, 50.3873], [-4.16302, 50.38729], [-4.16279, 50.38729], [-4.16259, 50.38728], [-4.16238, 50.38727], [-4.16214, 50.38725], [-4.16196, 50.38721]], [[-4.16443, 50.3877], [-4.16419, 50.38757], [-4.16404, 50.3875], [-4.16387, 50.38745], [-4.16363, 50.38738], [-4.16347, 50.38735]], [[-4.14792, 50.37764], [-4.14803, 50.37781], [-4.14821, 50.37794]], [[-4.1632, 50.38723], [-4.16325, 50.38724], [-4.16343, 50.38726], [-4.16367, 50.38731], [-4.16394, 50.38738], [-4.1641, 50.38744], [-4.16429, 50.38753], [-4.16459, 50.38769], [-4.16496, 50.38794], [-4.165, 50.38797], [-4.16517, 50.38808]], [[-4.14821, 50.37794], [-4.14864, 50.37827]], [[-4.15458, 50.38381], [-4.15422, 50.38348]], [[-4.14739, 50.37742], [-4.1476, 50.37744], [-4.14764, 50.37744], [-4.14772, 50.37746], [-4.14782, 50.37747]], [[-4.14782, 50.37747], [-4.14788, 50.3775], [-4.14791, 50.37753], [-4.14793, 50.37757], [-4.14793, 50.37761], [-4.14792, 50.37764]], [[-4.14864, 50.37827], [-4.14887, 50.37843], [-4.14915, 50.37862], [-4.1494, 50.37879], [-4.14948, 50.37884], [-4.14963, 50.37894], [-4.14975, 50.37902], [-4.14987, 50.3791], [-4.15014, 50.37928], [-4.15109, 50.37991], [-4.15134, 50.38008]], [[-4.15166, 50.38035], [-4.15154, 50.38025], [-4.15134, 50.38008]], [[-4.15422, 50.38348], [-4.15411, 50.38338], [-4.15361, 50.38289], [-4.15318, 50.38241], [-4.15294, 50.38213], [-4.15282, 50.38195], [-4.15272, 50.3818], [-4.15245, 50.38127], [-4.15225, 50.38097], [-4.15209, 50.38078], [-4.15192, 50.38061], [-4.15166, 50.38035]], [[-4.15565, 50.38514], [-4.1556, 50.38506], [-4.15544, 50.3848], [-4.15536, 50.3846], [-4.15526, 50.38446], [-4.15516, 50.38433], [-4.15502, 50.38417], [-4.15497, 50.38413], [-4.15477, 50.38396], [-4.15469, 50.3839], [-4.15458, 50.38381]], [[-4.15618, 50.38544], [-4.15598, 50.38535], [-4.15584, 50.38527], [-4.15581, 50.38526], [-4.15565, 50.38514]], [[-4.1565, 50.38551], [-4.15634, 50.38549], [-4.15618, 50.38544]], [[-4.15748, 50.38561], [-4.15744, 50.38559], [-4.15729, 50.38552], [-4.15712, 50.38551], [-4.15695, 50.38551], [-4.15676, 50.38553], [-4.15657, 50.38552], [-4.1565, 50.38551]], [[-4.15793, 50.38598], [-4.15781, 50.38586], [-4.15776, 50.38582], [-4.15767, 50.38572], [-4.15748, 50.38561]], [[-4.16028, 50.38685], [-4.16016, 50.38679], [-4.16, 50.38674], [-4.15944, 50.38665], [-4.15903, 50.3866], [-4.15884, 50.38656], [-4.15863, 50.38651], [-4.15843, 50.38642], [-4.15828, 50.38631], [-4.15812, 50.38617], [-4.15803, 50.38608], [-4.15793, 50.38598]], [[-4.16077, 50.38697], [-4.16067, 50.38701], [-4.16056, 50.38701], [-4.16045, 50.387], [-4.16037, 50.38696], [-4.1603, 50.3869], [-4.16028, 50.38685]], [[-4.16672, 50.38914], [-4.16668, 50.38923]], [[-4.16517, 50.38808], [-4.16567, 50.38842], [-4.16597, 50.38864], [-4.16622, 50.3888], [-4.16629, 50.38885], [-4.16647, 50.38898], [-4.16672, 50.38914]], [[-4.16174, 50.38708], [-4.16203, 50.38715], [-4.16243, 50.3872], [-4.16262, 50.3872], [-4.16281, 50.38721], [-4.16303, 50.38722], [-4.1632, 50.38723]], [[-4.16088, 50.38677], [-4.16101, 50.3869], [-4.16112, 50.38693], [-4.16128, 50.38697], [-4.16135, 50.38699], [-4.16155, 50.38704], [-4.16163, 50.38705], [-4.16174, 50.38708]], [[-4.16051, 50.38662], [-4.16059, 50.38662], [-4.16067, 50.38663], [-4.16077, 50.38666], [-4.16084, 50.38671], [-4.16087, 50.38674], [-4.16088, 50.38677]], [[-4.16035, 50.38668], [-4.1604, 50.38666], [-4.16046, 50.38663], [-4.16051, 50.38662]], [[-4.15948, 50.38657], [-4.15951, 50.38658], [-4.16003, 50.38666], [-4.16023, 50.38668], [-4.16035, 50.38668]], [[-4.15815, 50.38603], [-4.15841, 50.38628], [-4.15855, 50.38638], [-4.15869, 50.38644], [-4.15884, 50.38647], [-4.15893, 50.38649], [-4.15911, 50.38652], [-4.15948, 50.38657]], [[-4.15769, 50.3856], [-4.15788, 50.38578], [-4.15815, 50.38603]], [[-4.1575, 50.38546], [-4.15763, 50.38555], [-4.15769, 50.3856]], [[-4.15729, 50.38538], [-4.1575, 50.38546]], [[-4.15693, 50.38528], [-4.15707, 50.38531], [-4.15726, 50.38537], [-4.15729, 50.38538]], [[-4.15666, 50.38517], [-4.15693, 50.38528]], [[-4.15645, 50.38507], [-4.15662, 50.38516], [-4.15666, 50.38517]], [[-4.1558, 50.38468], [-4.15614, 50.3849], [-4.15634, 50.38502], [-4.15645, 50.38507]], [[-4.15471, 50.38377], [-4.15477, 50.38381], [-4.15485, 50.38388], [-4.15498, 50.38398], [-4.15579, 50.38468], [-4.1558, 50.38468]], [[-4.15134, 50.38008], [-4.15165, 50.38025], [-4.15181, 50.38037], [-4.15202, 50.38057], [-4.15219, 50.38075], [-4.15235, 50.38095], [-4.15255, 50.38124], [-4.15283, 50.38176], [-4.15306, 50.38209], [-4.15328, 50.38235], [-4.15371, 50.38284], [-4.15419, 50.38333], [-4.15471, 50.38377]], [[-4.14738, 50.37768], [-4.14731, 50.37768], [-4.14725, 50.37765], [-4.14721, 50.37763], [-4.14719, 50.3776]], [[-4.14864, 50.37827], [-4.14826, 50.37806], [-4.14813, 50.37798], [-4.14804, 50.37792], [-4.14797, 50.37788], [-4.14787, 50.3778], [-4.14768, 50.37769]], [[-4.14719, 50.37757], [-4.14696, 50.37746], [-4.14686, 50.3774], [-4.14654, 50.37729], [-4.14644, 50.37728]], [[-4.14644, 50.37728], [-4.14588, 50.37721]], [[-4.14588, 50.37721], [-4.14574, 50.37719]], [[-4.14574, 50.37719], [-4.1456, 50.37717], [-4.14554, 50.37716], [-4.14531, 50.37712], [-4.1452, 50.37709]], [[-4.1452, 50.37709], [-4.14501, 50.37704], [-4.14449, 50.37686]], [[-4.14333, 50.37478], [-4.14346, 50.37468], [-4.14375, 50.37447], [-4.14401, 50.3743], [-4.14406, 50.37426], [-4.14432, 50.37409]], [[-4.14432, 50.37409], [-4.14441, 50.37404], [-4.14466, 50.37387], [-4.14487, 50.37375]], [[-4.16668, 50.38923], [-4.16667, 50.38934], [-4.16663, 50.38947], [-4.16658, 50.38956], [-4.16651, 50.38964], [-4.16638, 50.3897], [-4.16619, 50.38975], [-4.16598, 50.3898], [-4.16511, 50.39002], [-4.16474, 50.39012], [-4.16434, 50.39026], [-4.16382, 50.3905]], [[-4.16453, 50.39115], [-4.16419, 50.39084], [-4.16394, 50.39061], [-4.16382, 50.3905]], [[-4.16653, 50.39327], [-4.16646, 50.39317], [-4.16619, 50.39278], [-4.16612, 50.39267], [-4.1658, 50.39216], [-4.1657, 50.39204], [-4.16519, 50.39167], [-4.16475, 50.39132], [-4.16453, 50.39115]], [[-4.16771, 50.39488], [-4.16771, 50.39476], [-4.16767, 50.39466], [-4.16767, 50.39465], [-4.16753, 50.39446], [-4.16737, 50.39424], [-4.16735, 50.39421], [-4.16671, 50.39347], [-4.16661, 50.39336], [-4.16653, 50.39327]], [[-4.16863, 50.39644], [-4.16857, 50.39629], [-4.16841, 50.396], [-4.16812, 50.39548], [-4.16804, 50.39533], [-4.16787, 50.39503], [-4.16778, 50.39494], [-4.16771, 50.39488]], [[-4.16996, 50.39865], [-4.16985, 50.39848], [-4.16952, 50.39796], [-4.1694, 50.39775], [-4.16926, 50.39752], [-4.16912, 50.39727], [-4.16863, 50.39644]], [[-4.17086, 50.40074], [-4.17075, 50.4005], [-4.1707, 50.40034], [-4.17067, 50.40011], [-4.17065, 50.39992], [-4.17062, 50.39974], [-4.17055, 50.39956], [-4.17045, 50.39939], [-4.17027, 50.3991], [-4.17007, 50.39881], [-4.16996, 50.39865]], [[-4.17122, 50.40127], [-4.17119, 50.40124], [-4.17113, 50.4012], [-4.17112, 50.40118], [-4.17103, 50.40104], [-4.171, 50.401], [-4.17095, 50.40091], [-4.17088, 50.40078], [-4.17086, 50.40074]], [[-4.17184, 50.40171], [-4.17122, 50.40127]], [[-4.173, 50.40247], [-4.17274, 50.40231], [-4.1724, 50.40208], [-4.17184, 50.40171]], [[-4.17473, 50.40268], [-4.17463, 50.40269], [-4.17421, 50.40269], [-4.17407, 50.4027], [-4.17365, 50.40266], [-4.17344, 50.40262], [-4.17325, 50.40257], [-4.173, 50.40247]], [[-4.17704, 50.40274], [-4.17673, 50.40268], [-4.17644, 50.40266], [-4.17529, 50.40267], [-4.17473, 50.40268]], [[-4.17727, 50.40295], [-4.17709, 50.40279], [-4.17704, 50.40274]], [[-4.17797, 50.40469], [-4.17806, 50.40444], [-4.17807, 50.40441], [-4.17808, 50.40432], [-4.1781, 50.4042], [-4.17807, 50.40381], [-4.17804, 50.4037], [-4.17777, 50.40332], [-4.17761, 50.4032], [-4.17727, 50.40295]], [[-4.1772, 50.40814], [-4.17711, 50.40808], [-4.1771, 50.40803], [-4.17709, 50.40796], [-4.17711, 50.40778], [-4.17711, 50.40748], [-4.17711, 50.40735], [-4.17711, 50.40731], [-4.17711, 50.4072], [-4.1771, 50.40702], [-4.17711, 50.40667], [-4.17711, 50.4066], [-4.17714, 50.40638], [-4.17719, 50.40619], [-4.17719, 50.40615], [-4.17725, 50.40595], [-4.17744, 50.40561], [-4.17747, 50.40556], [-4.17772, 50.40509], [-4.17788, 50.40479], [-4.17797, 50.40469]], [[-4.1772, 50.40814], [-4.17716, 50.40817], [-4.17703, 50.40823], [-4.17676, 50.40833], [-4.17653, 50.40841], [-4.17637, 50.40847], [-4.17627, 50.40851], [-4.17622, 50.40853], [-4.17575, 50.40869], [-4.17503, 50.40897]], [[-4.17503, 50.40897], [-4.17472, 50.40903], [-4.1744, 50.40907], [-4.17405, 50.40907], [-4.17361, 50.409], [-4.1735, 50.40898], [-4.17325, 50.4089], [-4.17309, 50.40882], [-4.17268, 50.40864], [-4.1718, 50.40826], [-4.17134, 50.40805], [-4.17121, 50.40797], [-4.17107, 50.40785], [-4.17094, 50.40769], [-4.17085, 50.40753], [-4.17084, 50.40752], [-4.17081, 50.40739], [-4.17082, 50.4072], [-4.17089, 50.407], [-4.17097, 50.40688], [-4.17107, 50.40677], [-4.17119, 50.40667], [-4.17137, 50.40659]], [[-4.17137, 50.40659], [-4.17139, 50.40658], [-4.17196, 50.40635], [-4.17207, 50.40631], [-4.17257, 50.40611], [-4.17309, 50.40589], [-4.17321, 50.40583], [-4.17323, 50.40582], [-4.17326, 50.40581], [-4.17337, 50.40572], [-4.1734, 50.40569], [-4.1735, 50.40559], [-4.17351, 50.40558], [-4.17358, 50.4055], [-4.17361, 50.40541], [-4.17363, 50.40523], [-4.17361, 50.40509], [-4.17354, 50.40493], [-4.17353, 50.4049], [-4.17351, 50.40473], [-4.17351, 50.40471], [-4.17355, 50.40455], [-4.17368, 50.40441], [-4.17382, 50.40432], [-4.17391, 50.40428], [-4.17404, 50.40423], [-4.17499, 50.40391], [-4.17533, 50.40378], [-4.17596, 50.40358], [-4.1765, 50.40337], [-4.17663, 50.40329], [-4.17706, 50.40307], [-4.17718, 50.403], [-4.17727, 50.40295]]]}}, {"type": "Feature", "properties": {"mode": "bus", "name": "1A", "ref": "1A", "operator": "", "osm_id": 17805019}, "geometry": {"type": "MultiLineString", "coordinates": [[[-4.05059, 50.36637], [-4.05114, 50.36612], [-4.05155, 50.36595]], [[-4.05155, 50.36595], [-4.05187, 50.36581], [-4.052, 50.36574]], [[-4.052, 50.36574], [-4.05208, 50.36572], [-4.05228, 50.36569], [-4.05241, 50.36568], [-4.05289, 50.36571]], [[-4.05155, 50.36595], [-4.05187, 50.36581], [-4.052, 50.36574]], [[-4.05059, 50.36637], [-4.05114, 50.36612], [-4.05155, 50.36595]], [[-4.052, 50.36574], [-4.05208, 50.36572], [-4.05228, 50.36569], [-4.05241, 50.36568], [-4.05289, 50.36571]], [[-4.05059, 50.36637], [-4.05075, 50.3665]], [[-4.05046, 50.36665], [-4.0503, 50.36654]], [[-4.05397, 50.36576], [-4.05385, 50.36576], [-4.05322, 50.36573], [-4.05306, 50.36572], [-4.05289, 50.36571]], [[-4.05573, 50.3658], [-4.05548, 50.3658], [-4.05534, 50.3658], [-4.05485, 50.36581], [-4.05473, 50.3658], [-4.05446, 50.36579], [-4.05411, 50.36577], [-4.05397, 50.36576]], [[-4.05837, 50.36574], [-4.05761, 50.36578], [-4.05585, 50.3658], [-4.05573, 50.3658]], [[-4.06585, 50.3654], [-4.06496, 50.36541], [-4.06247, 50.36543], [-4.06099, 50.36556], [-4.06032, 50.36562], [-4.05837, 50.36574]], [[-4.06585, 50.3654], [-4.06579, 50.36523], [-4.0656, 50.36432]], [[-4.0656, 50.36432], [-4.06556, 50.36403]], [[-4.06556, 50.36403], [-4.06553, 50.36387], [-4.0655, 50.36376], [-4.0654, 50.36352], [-4.06536, 50.36334], [-4.06535, 50.36315], [-4.06537, 50.36302], [-4.06544, 50.36279], [-4.06556, 50.36245], [-4.0656, 50.36231]], [[-4.0656, 50.36231], [-4.06575, 50.36203], [-4.06588, 50.36187]], [[-4.06605, 50.36174], [-4.06597, 50.36182], [-4.06594, 50.36185], [-4.06588, 50.36187]], [[-4.06608, 50.36156], [-4.06606, 50.36166], [-4.06605, 50.36174]], [[-4.06613, 50.36144], [-4.06608, 50.36156]], [[-4.06601, 50.36136], [-4.06613, 50.36144]], [[-4.06569, 50.36121], [-4.06584, 50.36128], [-4.06591, 50.36131], [-4.06601, 50.36136]], [[-4.06353, 50.35949], [-4.06363, 50.35957], [-4.06392, 50.35984], [-4.06457, 50.36036], [-4.06569, 50.36121]], [[-4.06353, 50.35943], [-4.06354, 50.35945], [-4.06353, 50.35949]], [[-4.06368, 50.35933], [-4.06362, 50.35937], [-4.06353, 50.35943]], [[-4.06368, 50.35933], [-4.06375, 50.35929], [-4.06396, 50.35918], [-4.0641, 50.35911], [-4.06426, 50.35904], [-4.06445, 50.35898], [-4.06452, 50.35897], [-4.06475, 50.35894], [-4.06504, 50.35891], [-4.06517, 50.3589], [-4.06524, 50.35889], [-4.06552, 50.35887], [-4.06557, 50.35887], [-4.06559, 50.35886], [-4.06582, 50.35884], [-4.06606, 50.3588], [-4.06623, 50.35877], [-4.06648, 50.35872], [-4.06669, 50.35865], [-4.06674, 50.35864], [-4.06678, 50.35863], [-4.06702, 50.35855]], [[-4.06702, 50.35855], [-4.06744, 50.35841], [-4.0676, 50.35836], [-4.0677, 50.35833], [-4.06776, 50.35831], [-4.06801, 50.35824], [-4.06808, 50.35823], [-4.06881, 50.3581], [-4.06943, 50.358], [-4.0696, 50.35798], [-4.07008, 50.35789], [-4.0703, 50.35786]], [[-4.0703, 50.35786], [-4.07062, 50.35782], [-4.07087, 50.35781], [-4.07106, 50.3578], [-4.07132, 50.35779], [-4.07148, 50.35778], [-4.07196, 50.35781], [-4.07208, 50.35781], [-4.07279, 50.35784]], [[-4.0748, 50.35777], [-4.07428, 50.35782], [-4.07392, 50.35784], [-4.07354, 50.35784], [-4.0732, 50.35784], [-4.07279, 50.35784]], [[-4.08416, 50.35625], [-4.08376, 50.35639], [-4.08364, 50.35643], [-4.08314, 50.3566], [-4.08289, 50.3567], [-4.08254, 50.35686], [-4.08214, 50.35703], [-4.08191, 50.3571], [-4.08181, 50.35713], [-4.08164, 50.35716], [-4.08126, 50.35723], [-4.08081, 50.3573], [-4.08035, 50.35739], [-4.08028, 50.3574], [-4.07939, 50.35758], [-4.07851, 50.35773], [-4.07815, 50.35779], [-4.07787, 50.3578], [-4.07764, 50.35779], [-4.07748, 50.35778], [-4.07714, 50.35774], [-4.07685, 50.35771], [-4.07643, 50.35767], [-4.07623, 50.35766], [-4.07597, 50.35765], [-4.07559, 50.35767], [-4.07538, 50.35769], [-4.07511, 50.35772], [-4.0748, 50.35777]], [[-4.08584, 50.35582], [-4.08572, 50.35584], [-4.08565, 50.35585], [-4.08516, 50.35596], [-4.0846, 50.3561], [-4.08426, 50.35622], [-4.08416, 50.35625]], [[-4.08862, 50.35699], [-4.08854, 50.35685], [-4.08846, 50.3567], [-4.0883, 50.3565], [-4.08815, 50.35638], [-4.088, 50.35628], [-4.0878, 50.35617], [-4.08754, 50.35608], [-4.08718, 50.35597], [-4.08694, 50.35591], [-4.08661, 50.35584], [-4.08631, 50.35583], [-4.08606, 50.35582], [-4.08584, 50.35582]], [[-4.08886, 50.3572], [-4.08878, 50.35715], [-4.08869, 50.35707], [-4.08862, 50.35699]], [[-4.09387, 50.35976], [-4.09372, 50.35972], [-4.09365, 50.3597], [-4.0935, 50.35968], [-4.09345, 50.35969], [-4.0933, 50.35968], [-4.09324, 50.35968], [-4.0928, 50.35968], [-4.09261, 50.35967], [-4.09246, 50.35962], [-4.09241, 50.35959], [-4.09232, 50.35953], [-4.09222, 50.35947], [-4.09221, 50.35946], [-4.09171, 50.35914], [-4.09148, 50.35898], [-4.09132, 50.35888], [-4.09112, 50.35872], [-4.09086, 50.35854], [-4.09077, 50.35845], [-4.09068, 50.35836], [-4.09046, 50.35807], [-4.09029, 50.35781], [-4.09013, 50.35765], [-4.09003, 50.35758], [-4.08998, 50.35756], [-4.08986, 50.35751], [-4.08962, 50.35747], [-4.08935, 50.35742], [-4.08901, 50.35729], [-4.08886, 50.3572]], [[-4.09387, 50.35976], [-4.09405, 50.35982], [-4.09423, 50.35983], [-4.09457, 50.35987], [-4.09502, 50.35989]], [[-4.09502, 50.35989], [-4.09556, 50.35993], [-4.09619, 50.35998], [-4.09673, 50.36], [-4.09718, 50.36001], [-4.09764, 50.36003], [-4.09814, 50.36008], [-4.09867, 50.36015], [-4.09902, 50.3602]], [[-4.09902, 50.3602], [-4.09901, 50.36029], [-4.09899, 50.36047], [-4.09898, 50.36074], [-4.09898, 50.36091], [-4.09893, 50.36097], [-4.0987, 50.361], [-4.09842, 50.36102], [-4.09797, 50.36098], [-4.09732, 50.36089], [-4.09666, 50.36082]], [[-4.09671, 50.3623], [-4.09667, 50.36221], [-4.09662, 50.36213], [-4.0966, 50.3621], [-4.09657, 50.36204], [-4.09654, 50.36192], [-4.09649, 50.36175], [-4.09647, 50.36162], [-4.09645, 50.36146], [-4.09648, 50.36132], [-4.09651, 50.36123], [-4.09656, 50.36109], [-4.09664, 50.36086], [-4.09666, 50.36082]], [[-4.09688, 50.36265], [-4.09681, 50.36259], [-4.09677, 50.3625], [-4.09671, 50.3623]], [[-4.09897, 50.36344], [-4.09886, 50.36332], [-4.0987, 50.36322], [-4.09854, 50.36314], [-4.09822, 50.36304], [-4.09747, 50.36284], [-4.09699, 50.36272], [-4.09688, 50.36265]], [[-4.09937, 50.36422], [-4.09895, 50.36409], [-4.09895, 50.36391], [-4.099, 50.36364], [-4.099, 50.36353], [-4.09897, 50.36344]], [[-4.09967, 50.36484], [-4.09972, 50.36474], [-4.09986, 50.36459], [-4.09989, 50.36454], [-4.09988, 50.3645], [-4.09988, 50.36448], [-4.09986, 50.36445], [-4.09984, 50.36443], [-4.09966, 50.36435], [-4.09937, 50.36422]], [[-4.10059, 50.36514], [-4.10049, 50.36507], [-4.10032, 50.365], [-4.10012, 50.36494], [-4.0999, 50.36488], [-4.09967, 50.36484]], [[-4.10071, 50.36534], [-4.10068, 50.36528], [-4.10065, 50.36523], [-4.10059, 50.36514]], [[-4.10067, 50.36543], [-4.10068, 50.36539], [-4.10071, 50.36534]], [[-4.10088, 50.36557], [-4.10082, 50.36556], [-4.10077, 50.36554], [-4.10072, 50.36551], [-4.10069, 50.36547], [-4.10067, 50.36543]], [[-4.10101, 50.36625], [-4.10104, 50.36612], [-4.10105, 50.36604], [-4.10104, 50.36596], [-4.10101, 50.36583], [-4.10096, 50.36568], [-4.10092, 50.36562], [-4.10088, 50.36557]], [[-4.10094, 50.36634], [-4.10096, 50.36629], [-4.10101, 50.36625]], [[-4.10107, 50.3665], [-4.101, 50.36646], [-4.10095, 50.3664], [-4.10094, 50.36634]], [[-4.10141, 50.36644], [-4.10135, 50.36649], [-4.10126, 50.36651], [-4.10121, 50.36652], [-4.10116, 50.36652], [-4.10107, 50.3665]], [[-4.10715, 50.36807], [-4.10681, 50.36793], [-4.10631, 50.36774], [-4.10583, 50.36758], [-4.1045, 50.36715], [-4.10445, 50.36714], [-4.10441, 50.36712], [-4.10423, 50.36706], [-4.10379, 50.36693], [-4.10362, 50.36687], [-4.10345, 50.36682], [-4.10281, 50.36661], [-4.10278, 50.3666], [-4.10257, 50.36655], [-4.10229, 50.36647], [-4.10224, 50.36646], [-4.102, 50.36642], [-4.10174, 50.36641], [-4.1017, 50.36641], [-4.10157, 50.36642], [-4.10141, 50.36644]], [[-4.10737, 50.36816], [-4.10715, 50.36807]], [[-4.1075, 50.36822], [-4.10737, 50.36816]], [[-4.11025, 50.36955], [-4.11014, 50.3695], [-4.1075, 50.36822]], [[-4.11038, 50.36961], [-4.11025, 50.36955]], [[-4.11157, 50.37019], [-4.1113, 50.37005], [-4.11109, 50.36994], [-4.11065, 50.36975], [-4.11057, 50.3697], [-4.11038, 50.36961]], [[-4.11157, 50.37019], [-4.1113, 50.37005], [-4.11109, 50.36994], [-4.11065, 50.36975], [-4.11057, 50.3697], [-4.11038, 50.36961]], [[-4.11194, 50.37032], [-4.11188, 50.37031], [-4.11183, 50.37029], [-4.11167, 50.37024], [-4.11161, 50.37021], [-4.11157, 50.37019]], [[-4.11272, 50.37055], [-4.11239, 50.37045], [-4.11213, 50.37037], [-4.112, 50.37034], [-4.11194, 50.37032]], [[-4.11379, 50.37085], [-4.11352, 50.37079], [-4.11332, 50.37074], [-4.11275, 50.37056], [-4.11272, 50.37055]], [[-4.11465, 50.3709], [-4.11437, 50.3709], [-4.11418, 50.37088], [-4.11411, 50.37088], [-4.114, 50.37087], [-4.11379, 50.37085]], [[-4.11812, 50.37106], [-4.11791, 50.37106], [-4.11721, 50.37105], [-4.11683, 50.37105], [-4.11651, 50.37103], [-4.1162, 50.37101], [-4.11603, 50.371], [-4.11581, 50.37097], [-4.11544, 50.37094], [-4.11517, 50.37092], [-4.11485, 50.37091], [-4.11465, 50.3709]], [[-4.11849, 50.37105], [-4.11842, 50.37105], [-4.11812, 50.37106]], [[-4.11875, 50.37107], [-4.11849, 50.37105]], [[-4.11902, 50.37103], [-4.11888, 50.37105], [-4.11875, 50.37107]], [[-4.11953, 50.37094], [-4.1192, 50.37099], [-4.11902, 50.37103]], [[-4.1224, 50.37043], [-4.12102, 50.37067], [-4.12086, 50.3707], [-4.11976, 50.37089], [-4.11953, 50.37094]], [[-4.12382, 50.37018], [-4.12372, 50.37019], [-4.12322, 50.37028], [-4.12299, 50.37032], [-4.1224, 50.37043]], [[-4.12421, 50.37025], [-4.12414, 50.37023], [-4.1241, 50.37022], [-4.12401, 50.37019], [-4.12393, 50.37018], [-4.12382, 50.37018]], [[-4.12452, 50.37036], [-4.12421, 50.37025]], [[-4.12491, 50.37052], [-4.12472, 50.37044], [-4.12452, 50.37036]], [[-4.12526, 50.37051], [-4.12516, 50.37052], [-4.12504, 50.37053], [-4.12491, 50.37052]], [[-4.12548, 50.37041], [-4.12542, 50.37045], [-4.12536, 50.37048], [-4.12526, 50.37051]], [[-4.12639, 50.37034], [-4.12612, 50.37031], [-4.12601, 50.3703], [-4.1259, 50.3703], [-4.12583, 50.37031], [-4.12577, 50.37032], [-4.12561, 50.37036]], [[-4.12887, 50.3707], [-4.12796, 50.37054], [-4.1279, 50.37053], [-4.12756, 50.37049], [-4.1275, 50.37048], [-4.12722, 50.37044], [-4.12708, 50.37042], [-4.12687, 50.37039], [-4.1268, 50.37038], [-4.12669, 50.37037], [-4.12644, 50.37034], [-4.12639, 50.37034]], [[-4.12946, 50.37079], [-4.12887, 50.3707]], [[-4.13096, 50.37109], [-4.13, 50.37087], [-4.12946, 50.37079]], [[-4.13181, 50.37132], [-4.13169, 50.37129], [-4.13142, 50.37121], [-4.1311, 50.37113], [-4.13096, 50.37109]], [[-4.13194, 50.37136], [-4.13183, 50.37133], [-4.13181, 50.37132]], [[-4.13233, 50.37146], [-4.13194, 50.37136]], [[-4.13286, 50.37156], [-4.13265, 50.37153], [-4.13256, 50.37151], [-4.13233, 50.37146]], [[-4.135, 50.3717], [-4.13453, 50.37167], [-4.13364, 50.37162], [-4.13303, 50.37158], [-4.13294, 50.37157], [-4.13286, 50.37156]], [[-4.13538, 50.37177], [-4.13516, 50.37172], [-4.13515, 50.37171], [-4.135, 50.3717]], [[-4.13567, 50.37206], [-4.13544, 50.37186], [-4.13538, 50.37177]], [[-4.13603, 50.37215], [-4.13585, 50.37213], [-4.13573, 50.37209], [-4.13567, 50.37206]], [[-4.13616, 50.37214], [-4.13607, 50.37216], [-4.13603, 50.37215]], [[-4.13643, 50.37195], [-4.1364, 50.37201], [-4.13632, 50.37208], [-4.13627, 50.37211], [-4.13616, 50.37214]], [[-4.13633, 50.37179], [-4.13639, 50.37187], [-4.13643, 50.37195]], [[-4.13845, 50.37061], [-4.1383, 50.37064], [-4.13826, 50.37066], [-4.13704, 50.37122], [-4.13671, 50.37136], [-4.13644, 50.3715], [-4.13639, 50.37154], [-4.13635, 50.37157], [-4.13632, 50.37162], [-4.13631, 50.37166], [-4.13632, 50.3717], [-4.13633, 50.37179]], [[-4.13907, 50.37046], [-4.13904, 50.37052], [-4.13898, 50.37057], [-4.13891, 50.37061], [-4.1388, 50.37065], [-4.1387, 50.37066], [-4.13857, 50.37065], [-4.13845, 50.37061]], [[-4.14018, 50.37042], [-4.13942, 50.37043], [-4.13923, 50.37043], [-4.13907, 50.37046]], [[-4.14109, 50.3704], [-4.14035, 50.37041], [-4.14031, 50.37041], [-4.14018, 50.37042]], [[-4.14203, 50.37037], [-4.14149, 50.37039], [-4.14126, 50.3704], [-4.14109, 50.3704]], [[-4.1428, 50.37036], [-4.14241, 50.37036], [-4.14203, 50.37037]], [[-4.14454, 50.37035], [-4.14357, 50.37037], [-4.14302, 50.37036], [-4.1428, 50.37036]], [[-4.14521, 50.37033], [-4.14487, 50.37034], [-4.14454, 50.37035]], [[-4.14553, 50.37037], [-4.14529, 50.37034], [-4.14521, 50.37033]], [[-4.14573, 50.37046], [-4.14561, 50.37042], [-4.14553, 50.37037]], [[-4.14611, 50.37044], [-4.14603, 50.37046], [-4.14591, 50.37048], [-4.14582, 50.37048], [-4.14573, 50.37046]], [[-4.14634, 50.37], [-4.14633, 50.37018], [-4.14632, 50.37025], [-4.14628, 50.37032], [-4.14623, 50.37037], [-4.14618, 50.37041], [-4.14611, 50.37044]], [[-4.14697, 50.36992], [-4.1467, 50.36994], [-4.14657, 50.36995], [-4.14651, 50.36995], [-4.14642, 50.36997], [-4.14634, 50.37]], [[-4.14762, 50.36991], [-4.14697, 50.36992]], [[-4.14814, 50.36991], [-4.14783, 50.36991], [-4.14762, 50.36991]], [[-4.14828, 50.36996], [-4.14821, 50.36993], [-4.14814, 50.36991]], [[-4.14845, 50.37014], [-4.14837, 50.37004], [-4.14834, 50.37001], [-4.14831, 50.36998], [-4.14828, 50.36996]], [[-4.14844, 50.37035], [-4.14845, 50.37014]], [[-4.14843, 50.37057], [-4.14843, 50.37045], [-4.14844, 50.37035]], [[-4.14597, 50.37327], [-4.14602, 50.37326], [-4.14637, 50.3732], [-4.14661, 50.37316], [-4.14679, 50.37313], [-4.14713, 50.37306], [-4.14737, 50.37297], [-4.14742, 50.37295], [-4.14766, 50.37284], [-4.14793, 50.37265], [-4.14821, 50.3724], [-4.14838, 50.37216], [-4.14843, 50.37201], [-4.14845, 50.37188], [-4.14846, 50.3718], [-4.14846, 50.37168], [-4.14845, 50.37141], [-4.14844, 50.37105], [-4.14842, 50.3708], [-4.14842, 50.37068], [-4.14843, 50.37057]], [[-4.14527, 50.3733], [-4.14536, 50.37329], [-4.14547, 50.37328], [-4.14556, 50.37328], [-4.14566, 50.37328], [-4.14597, 50.37327]], [[-4.14485, 50.37331], [-4.14509, 50.37331], [-4.14527, 50.3733]], [[-4.14485, 50.37331], [-4.14444, 50.37332], [-4.14441, 50.37332]], [[-4.14441, 50.37332], [-4.14422, 50.37332]], [[-4.14308, 50.37335], [-4.14422, 50.37332]], [[-4.14284, 50.37336], [-4.14289, 50.37336], [-4.14308, 50.37335]], [[-4.14177, 50.37337], [-4.14217, 50.37336], [-4.14228, 50.37336], [-4.1423, 50.37336], [-4.14233, 50.37336], [-4.14246, 50.37336], [-4.14251, 50.37336], [-4.14263, 50.37336], [-4.14274, 50.37336], [-4.14284, 50.37336]], [[-4.14161, 50.37337], [-4.14177, 50.37337]], [[-4.14145, 50.37337], [-4.14161, 50.37337]], [[-4.14058, 50.3735], [-4.14065, 50.37346], [-4.14075, 50.37341], [-4.14084, 50.37339], [-4.14096, 50.37338], [-4.14118, 50.37338], [-4.14145, 50.37337]], [[-4.14046, 50.37371], [-4.1405, 50.37359], [-4.14053, 50.37356], [-4.14058, 50.3735]], [[-4.14033, 50.37387], [-4.14046, 50.37371]], [[-4.13892, 50.37364], [-4.13906, 50.37363], [-4.13921, 50.37361], [-4.1394, 50.37361], [-4.13955, 50.37361], [-4.13987, 50.37371], [-4.1402, 50.37383], [-4.14033, 50.37387]], [[-4.13853, 50.37374], [-4.13859, 50.3737], [-4.13863, 50.37369], [-4.13871, 50.37366], [-4.1388, 50.37365], [-4.13892, 50.37364]], [[-4.13832, 50.37393], [-4.13842, 50.37383], [-4.13849, 50.37377], [-4.13853, 50.37374]], [[-4.13711, 50.37539], [-4.13719, 50.37523], [-4.13724, 50.37514], [-4.13799, 50.37429], [-4.13832, 50.37393]], [[-4.13711, 50.37539], [-4.13698, 50.37562], [-4.13695, 50.37566]], [[-4.13695, 50.37566], [-4.13689, 50.37577], [-4.13686, 50.37581], [-4.13684, 50.37585], [-4.13677, 50.37595], [-4.13668, 50.3761], [-4.1366, 50.37622]], [[-4.1366, 50.37622], [-4.13653, 50.37633], [-4.1365, 50.37637]], [[-4.1365, 50.37637], [-4.13648, 50.3764], [-4.1364, 50.37652]], [[-4.1364, 50.37652], [-4.13633, 50.37661], [-4.13631, 50.37664], [-4.13629, 50.37667], [-4.13628, 50.3767], [-4.13612, 50.37694], [-4.13607, 50.37702]], [[-4.13607, 50.37702], [-4.13598, 50.37715]], [[-4.13598, 50.37715], [-4.13589, 50.37729]], [[-4.13589, 50.37729], [-4.13583, 50.37738], [-4.13571, 50.37757], [-4.13563, 50.37768], [-4.13562, 50.3777], [-4.1355, 50.37789], [-4.13544, 50.37797]], [[-4.13544, 50.37797], [-4.13535, 50.37811], [-4.13524, 50.37828]], [[-4.13524, 50.37828], [-4.13517, 50.37839]], [[-4.13517, 50.37839], [-4.13513, 50.37845], [-4.13504, 50.37859]], [[-4.13504, 50.37859], [-4.13492, 50.37873]], [[-4.13492, 50.37873], [-4.1345, 50.37916], [-4.13442, 50.37927], [-4.13424, 50.37949], [-4.13418, 50.37957], [-4.13384, 50.37997], [-4.13379, 50.38001]], [[-4.13379, 50.38001], [-4.13374, 50.38006], [-4.13361, 50.38019]], [[-4.13361, 50.38019], [-4.13356, 50.38023]], [[-4.13356, 50.38023], [-4.13345, 50.38031]], [[-4.13344, 50.38047], [-4.13344, 50.38038], [-4.13345, 50.38031]], [[-4.13343, 50.3807], [-4.13343, 50.38063], [-4.13344, 50.38049], [-4.13344, 50.38047]], [[-4.13405, 50.38263], [-4.13403, 50.38258], [-4.1338, 50.38198], [-4.13367, 50.38162], [-4.13362, 50.38148], [-4.13352, 50.38118], [-4.13344, 50.38096], [-4.13342, 50.38081], [-4.13343, 50.3807]], [[-4.13408, 50.38273], [-4.13405, 50.38263]], [[-4.13441, 50.38402], [-4.13442, 50.38389], [-4.13441, 50.38384], [-4.1344, 50.3837], [-4.13428, 50.3833], [-4.13419, 50.38301], [-4.13412, 50.38283], [-4.13408, 50.38273]], [[-4.13436, 50.38415], [-4.13441, 50.38402]], [[-4.13428, 50.38426], [-4.13436, 50.38415]], [[-4.13416, 50.38445], [-4.13428, 50.38426]], [[-4.13392, 50.3847], [-4.13416, 50.38445]], [[-4.13162, 50.38616], [-4.1317, 50.38607], [-4.13172, 50.38604], [-4.13181, 50.38594], [-4.132, 50.38577], [-4.13218, 50.38566], [-4.1324, 50.38555], [-4.13303, 50.38532], [-4.13339, 50.38516], [-4.13354, 50.38506], [-4.13368, 50.38494], [-4.13384, 50.38478], [-4.13392, 50.3847]], [[-4.13149, 50.38632], [-4.13162, 50.38616]], [[-4.13118, 50.38671], [-4.13149, 50.38632]], [[-4.13088, 50.38719], [-4.13118, 50.38671]], [[-4.13052, 50.38797], [-4.13088, 50.38719]], [[-4.1304, 50.38843], [-4.13043, 50.38832], [-4.13046, 50.38819], [-4.13052, 50.38797]], [[-4.13038, 50.38881], [-4.1304, 50.38843]], [[-4.13037, 50.38885], [-4.13038, 50.38881]], [[-4.13036, 50.38898], [-4.13037, 50.38885]], [[-4.13032, 50.38911], [-4.13036, 50.38898]], [[-4.13064, 50.39147], [-4.13064, 50.39145], [-4.13054, 50.391], [-4.13048, 50.39066], [-4.13047, 50.39059], [-4.13044, 50.39045], [-4.13027, 50.38952], [-4.13028, 50.38946], [-4.13028, 50.38931], [-4.13029, 50.38926], [-4.13032, 50.38911]], [[-4.13105, 50.39222], [-4.13074, 50.39184], [-4.13068, 50.39168], [-4.13064, 50.39147]], [[-4.13123, 50.3924], [-4.13108, 50.39225], [-4.13105, 50.39222]], [[-4.13208, 50.39319], [-4.13189, 50.39304], [-4.13154, 50.39272], [-4.13123, 50.3924]], [[-4.13281, 50.39373], [-4.13225, 50.3933], [-4.13219, 50.39325], [-4.13208, 50.39319]], [[-4.133, 50.39397], [-4.13289, 50.39383], [-4.13283, 50.39376], [-4.13281, 50.39373]], [[-4.13339, 50.39511], [-4.13338, 50.39506], [-4.13334, 50.39487], [-4.13327, 50.39465], [-4.13309, 50.39423], [-4.133, 50.39397]], [[-4.13363, 50.39624], [-4.13355, 50.39584], [-4.13339, 50.39511]], [[-4.13379, 50.39702], [-4.13374, 50.39682], [-4.13365, 50.39632], [-4.13363, 50.39624]], [[-4.1345, 50.39789], [-4.13409, 50.39748], [-4.13404, 50.39744], [-4.13392, 50.39728], [-4.13387, 50.39719], [-4.13386, 50.39716], [-4.13379, 50.39702]], [[-4.13511, 50.39923], [-4.13509, 50.39912], [-4.13504, 50.39881], [-4.13496, 50.39859], [-4.1349, 50.39846], [-4.13471, 50.39818], [-4.1345, 50.39789]], [[-4.13519, 50.39979], [-4.13518, 50.39964], [-4.13518, 50.39963], [-4.13511, 50.39923]], [[-4.13519, 50.39986], [-4.13519, 50.39979]], [[-4.13488, 50.40026], [-4.13494, 50.40017], [-4.13503, 50.40011], [-4.1351, 50.40005], [-4.13515, 50.39999], [-4.13517, 50.39993], [-4.13519, 50.39986]], [[-4.13473, 50.40041], [-4.13474, 50.40038], [-4.13482, 50.4003], [-4.13488, 50.40026]], [[-4.13461, 50.40068], [-4.13473, 50.40041]], [[-4.13462, 50.40087], [-4.13461, 50.40087], [-4.13459, 50.40076], [-4.13461, 50.40068]], [[-4.1345, 50.40135], [-4.13454, 50.4013], [-4.13458, 50.40125], [-4.13462, 50.40119], [-4.13464, 50.40112], [-4.13465, 50.40106], [-4.13465, 50.40101], [-4.13464, 50.40095], [-4.13462, 50.40087]], [[-4.13427, 50.40174], [-4.1343, 50.40168], [-4.13439, 50.4015], [-4.1345, 50.40135]], [[-4.13444, 50.4038], [-4.13434, 50.40324], [-4.13424, 50.40279], [-4.13419, 50.40256], [-4.13417, 50.40233], [-4.13417, 50.40208], [-4.13427, 50.40174]], [[-4.13436, 50.40435], [-4.13437, 50.40429], [-4.13444, 50.4038]], [[-4.13413, 50.40538], [-4.13416, 50.40522], [-4.13421, 50.40504], [-4.13429, 50.40464], [-4.13436, 50.40435]], [[-4.13396, 50.406], [-4.13406, 50.40564], [-4.13413, 50.40538]], [[-4.13386, 50.40651], [-4.13396, 50.406]], [[-4.13384, 50.40673], [-4.13386, 50.40651]], [[-4.13378, 50.40736], [-4.13382, 50.40685], [-4.13384, 50.40673]], [[-4.13375, 50.40766], [-4.13378, 50.40736]], [[-4.13374, 50.40784], [-4.13375, 50.40766]], [[-4.13368, 50.40829], [-4.13371, 50.40811], [-4.13374, 50.40784]], [[-4.13165, 50.41049], [-4.1317, 50.41046], [-4.1323, 50.41006], [-4.13253, 50.4099], [-4.13276, 50.40971], [-4.13293, 50.40956], [-4.13308, 50.40941], [-4.13322, 50.40927], [-4.13332, 50.40912], [-4.13353, 50.40876], [-4.13359, 50.40858]], [[-4.13099, 50.41083], [-4.13125, 50.4107], [-4.13165, 50.41049]], [[-4.13008, 50.41124], [-4.13072, 50.41096], [-4.13079, 50.41093], [-4.13099, 50.41083]], [[-4.12942, 50.41153], [-4.1295, 50.4115], [-4.13008, 50.41124]], [[-4.12899, 50.4117], [-4.12942, 50.41153]], [[-4.12836, 50.41199], [-4.12866, 50.41185], [-4.12899, 50.4117]], [[-4.12767, 50.41252], [-4.12783, 50.41233], [-4.12801, 50.4122], [-4.12815, 50.41211], [-4.12836, 50.41199]], [[-4.1271, 50.41337], [-4.12719, 50.41323], [-4.12742, 50.41288], [-4.12767, 50.41252]], [[-4.12184, 50.41285], [-4.12191, 50.41286], [-4.12203, 50.41288], [-4.12239, 50.41291], [-4.1227, 50.41293], [-4.12353, 50.4129], [-4.12371, 50.4129], [-4.12414, 50.41291], [-4.12456, 50.41294], [-4.12489, 50.41299], [-4.12511, 50.41305], [-4.12517, 50.41308], [-4.12541, 50.41318], [-4.12581, 50.41334], [-4.12611, 50.41343], [-4.12638, 50.41348], [-4.12663, 50.41351], [-4.12678, 50.4135], [-4.12679, 50.4135], [-4.12695, 50.41346], [-4.1271, 50.41337]], [[-4.12182, 50.41294], [-4.12181, 50.41299], [-4.12179, 50.41303], [-4.1218, 50.41315], [-4.12188, 50.41363]], [[-4.12188, 50.41363], [-4.12188, 50.41384], [-4.12189, 50.4141], [-4.12189, 50.41418], [-4.1219, 50.41423]], [[-4.1219, 50.41423], [-4.12195, 50.4144], [-4.12201, 50.41449], [-4.1221, 50.41454]], [[-4.1221, 50.41454], [-4.12229, 50.41455], [-4.12248, 50.41455], [-4.12285, 50.41455], [-4.12295, 50.41455], [-4.12321, 50.41448], [-4.12347, 50.41441], [-4.12368, 50.41431]], [[-4.12388, 50.41436], [-4.1238, 50.41436], [-4.12374, 50.41434], [-4.12368, 50.41431]], [[-4.12388, 50.41436], [-4.12385, 50.41448], [-4.12381, 50.41469], [-4.12374, 50.41508]], [[-4.12374, 50.41508], [-4.12372, 50.41515], [-4.12368, 50.41529], [-4.12363, 50.41538], [-4.1236, 50.41548]], [[-4.1236, 50.41548], [-4.12366, 50.41562]], [[-4.12366, 50.41562], [-4.12354, 50.41564], [-4.1234, 50.41566], [-4.12326, 50.41564], [-4.12315, 50.41563], [-4.12309, 50.41562]], [[-4.12309, 50.41562], [-4.12299, 50.41563], [-4.12284, 50.41566]], [[-4.12284, 50.41566], [-4.12257, 50.41571], [-4.12233, 50.41569], [-4.1221, 50.41567], [-4.12179, 50.4157], [-4.12155, 50.41572]], [[-4.12155, 50.41572], [-4.12158, 50.41586], [-4.1216, 50.41599]], [[-4.1216, 50.41599], [-4.12161, 50.41607], [-4.12162, 50.41616], [-4.12163, 50.41618]], [[-4.12165, 50.41643], [-4.12163, 50.41624], [-4.12163, 50.41618]], [[-4.12167, 50.41678], [-4.12165, 50.41654], [-4.12165, 50.41647], [-4.12165, 50.41643]], [[-4.12158, 50.41694], [-4.12161, 50.41687], [-4.12167, 50.41678]], [[-4.12125, 50.41748], [-4.12122, 50.41734], [-4.12127, 50.41725], [-4.12135, 50.41717], [-4.12156, 50.41699], [-4.12156, 50.41698], [-4.12158, 50.41694]], [[-4.12048, 50.41774], [-4.12057, 50.41771], [-4.12068, 50.41769], [-4.12085, 50.41766], [-4.12093, 50.41764], [-4.12102, 50.4176], [-4.12118, 50.41753], [-4.12125, 50.41748]], [[-4.12012, 50.41797], [-4.1202, 50.41789], [-4.12031, 50.41782], [-4.12039, 50.41778], [-4.12048, 50.41774]], [[-4.12012, 50.41797], [-4.12004, 50.41807], [-4.11997, 50.41819], [-4.11992, 50.41833], [-4.11989, 50.41845], [-4.11985, 50.41857], [-4.1198, 50.41868]], [[-4.1198, 50.41868], [-4.11979, 50.41869], [-4.11963, 50.4189], [-4.11951, 50.419], [-4.11938, 50.41907], [-4.11923, 50.41912], [-4.11906, 50.41917], [-4.11891, 50.41921], [-4.11873, 50.41922]], [[-4.11831, 50.41916], [-4.11807, 50.41907], [-4.11797, 50.41902], [-4.11787, 50.41896], [-4.1177, 50.41884], [-4.11751, 50.41872], [-4.1172, 50.41857], [-4.11687, 50.41843], [-4.11677, 50.41835], [-4.11663, 50.41828]], [[-4.11663, 50.41828], [-4.11675, 50.4181], [-4.11676, 50.41804], [-4.11675, 50.41798], [-4.11667, 50.41778], [-4.11659, 50.41765]], [[-4.11659, 50.41765], [-4.11635, 50.41735]], [[-4.11635, 50.41735], [-4.11617, 50.41727]], [[-4.11617, 50.41727], [-4.11606, 50.41723], [-4.11605, 50.41722], [-4.11599, 50.4172]], [[-4.11469, 50.41706], [-4.11486, 50.41706], [-4.11502, 50.41707], [-4.11537, 50.4171], [-4.11568, 50.41714], [-4.11574, 50.41715], [-4.11599, 50.4172]], [[-4.114, 50.41712], [-4.11421, 50.41709], [-4.1143, 50.41708], [-4.11439, 50.41707], [-4.11458, 50.41705], [-4.11469, 50.41706]], [[-4.11375, 50.41725], [-4.114, 50.41712]], [[-4.11375, 50.41725], [-4.11372, 50.41727], [-4.11365, 50.41731], [-4.11356, 50.41738], [-4.11348, 50.41746]], [[-4.11348, 50.41746], [-4.11351, 50.41749], [-4.11352, 50.41751], [-4.11356, 50.41762]], [[-4.11356, 50.41762], [-4.11357, 50.4178], [-4.11363, 50.41794]], [[-4.11369, 50.41826], [-4.11369, 50.41814], [-4.11367, 50.41805], [-4.11363, 50.41794]], [[-4.11362, 50.4186], [-4.11368, 50.41843], [-4.11369, 50.41826]], [[-4.11386, 50.4195], [-4.11366, 50.41934], [-4.11352, 50.41924], [-4.11345, 50.41917], [-4.11341, 50.4191], [-4.11343, 50.41898], [-4.11362, 50.4186]], [[-4.11421, 50.41985], [-4.1141, 50.41967], [-4.11386, 50.4195]], [[-4.11411, 50.4199], [-4.11412, 50.41989], [-4.11414, 50.41988], [-4.11415, 50.41987], [-4.11417, 50.41986], [-4.11419, 50.41986], [-4.11421, 50.41985], [-4.11423, 50.41985], [-4.11425, 50.41985], [-4.11427, 50.41986], [-4.11428, 50.41986], [-4.1143, 50.41987], [-4.11432, 50.41988], [-4.11433, 50.41988], [-4.11434, 50.41989], [-4.11435, 50.41991], [-4.11435, 50.41992], [-4.11435, 50.41993], [-4.11435, 50.41994], [-4.11435, 50.41996], [-4.11434, 50.41997], [-4.11433, 50.41998], [-4.11431, 50.41999], [-4.1143, 50.42], [-4.11428, 50.42], [-4.11426, 50.42001], [-4.11424, 50.42001], [-4.11422, 50.42001], [-4.1142, 50.42001], [-4.11418, 50.42001], [-4.11416, 50.42], [-4.11415, 50.41999], [-4.11413, 50.41999], [-4.11412, 50.41997], [-4.11411, 50.41996], [-4.1141, 50.41995], [-4.1141, 50.41994], [-4.1141, 50.41992], [-4.11411, 50.41991], [-4.11411, 50.4199]], [[-4.11415, 50.41999], [-4.11403, 50.42005], [-4.11368, 50.42022], [-4.11299, 50.42049], [-4.11247, 50.42069], [-4.11212, 50.42082]], [[-4.11427, 50.42245], [-4.1141, 50.42225], [-4.11402, 50.42219], [-4.1139, 50.42209], [-4.11364, 50.42191], [-4.11345, 50.42178], [-4.11324, 50.42164], [-4.11302, 50.42149], [-4.11285, 50.42136], [-4.11273, 50.42128], [-4.11217, 50.42086], [-4.11212, 50.42082]], [[-4.11422, 50.42283], [-4.11426, 50.42274], [-4.11429, 50.42269], [-4.11431, 50.42263], [-4.11431, 50.42259], [-4.1143, 50.42251], [-4.11427, 50.42245]], [[-4.11416, 50.42289], [-4.11422, 50.42283]], [[-4.11335, 50.42355], [-4.11335, 50.42346], [-4.11336, 50.42341], [-4.11339, 50.42336], [-4.11344, 50.4233], [-4.1135, 50.42326], [-4.11383, 50.42308], [-4.11416, 50.42289]], [[-4.11361, 50.42413], [-4.11357, 50.42396], [-4.11341, 50.42369], [-4.11335, 50.42355]], [[-4.11367, 50.42433], [-4.11364, 50.42424], [-4.11363, 50.42421], [-4.11361, 50.42413]], [[-4.11397, 50.4246], [-4.11383, 50.42454], [-4.11381, 50.42453], [-4.11371, 50.42444], [-4.11367, 50.42433]], [[-4.11441, 50.42484], [-4.11435, 50.42475], [-4.11425, 50.42471], [-4.11413, 50.42466], [-4.11397, 50.4246]], [[-4.11313, 50.4269], [-4.11326, 50.42679], [-4.1135, 50.42664], [-4.11369, 50.42653], [-4.11388, 50.42639], [-4.11407, 50.42622], [-4.11421, 50.42602], [-4.11429, 50.4259], [-4.11436, 50.42575], [-4.11443, 50.42555], [-4.11445, 50.42544], [-4.11446, 50.42531], [-4.11445, 50.42515], [-4.11441, 50.42484]], [[-4.11295, 50.42712], [-4.11309, 50.42694], [-4.11313, 50.4269]], [[-4.11288, 50.4272], [-4.11295, 50.42712]], [[-4.11283, 50.42727], [-4.11288, 50.4272]], [[-4.11259, 50.42781], [-4.11265, 50.42766], [-4.11277, 50.42736], [-4.11283, 50.42727]], [[-4.11257, 50.4279], [-4.11259, 50.42781]], [[-4.11201, 50.42804], [-4.1121, 50.42808], [-4.11216, 50.42811], [-4.11223, 50.42812], [-4.1123, 50.42813], [-4.11238, 50.4281], [-4.11245, 50.42804], [-4.11257, 50.4279]], [[-4.05075, 50.3665], [-4.05046, 50.36665]], [[-4.12184, 50.41285], [-4.12182, 50.41294]]]}}, {"type": "Feature", "properties": {"mode": "bus", "name": "1A", "ref": "1A", "operator": "Stagecoach", "osm_id": 17805020}, "geometry": {"type": "MultiLineString", "coordinates": [[[-4.05573, 50.3658], [-4.05548, 50.3658], [-4.05534, 50.3658], [-4.05485, 50.36581], [-4.05473, 50.3658], [-4.05446, 50.36579], [-4.05411, 50.36577], [-4.05397, 50.36576]], [[-4.05837, 50.36574], [-4.05761, 50.36578], [-4.05585, 50.3658], [-4.05573, 50.3658]], [[-4.06585, 50.3654], [-4.06496, 50.36541], [-4.06247, 50.36543], [-4.06099, 50.36556], [-4.06032, 50.36562], [-4.05837, 50.36574]], [[-4.06585, 50.3654], [-4.06579, 50.36523], [-4.0656, 50.36432]], [[-4.0656, 50.36432], [-4.06556, 50.36403]], [[-4.06556, 50.36403], [-4.06553, 50.36387], [-4.0655, 50.36376], [-4.0654, 50.36352], [-4.06536, 50.36334], [-4.06535, 50.36315], [-4.06537, 50.36302], [-4.06544, 50.36279], [-4.06556, 50.36245], [-4.0656, 50.36231]], [[-4.0656, 50.36231], [-4.06575, 50.36203], [-4.06588, 50.36187]], [[-4.06588, 50.36187], [-4.06595, 50.36161], [-4.06596, 50.36158], [-4.06598, 50.3615]], [[-4.06598, 50.3615], [-4.06582, 50.3614], [-4.06562, 50.36128], [-4.06451, 50.36046], [-4.06411, 50.36014], [-4.06363, 50.35976], [-4.06344, 50.3596], [-4.06335, 50.35956]], [[-4.06329, 50.35954], [-4.06324, 50.3595], [-4.06322, 50.35946], [-4.06323, 50.35942], [-4.06326, 50.35939], [-4.06331, 50.35937], [-4.06336, 50.35936], [-4.06343, 50.35936], [-4.06349, 50.35938]], [[-4.06349, 50.35938], [-4.06362, 50.35935], [-4.06368, 50.35933]], [[-4.06368, 50.35933], [-4.06375, 50.35929], [-4.06396, 50.35918], [-4.0641, 50.35911], [-4.06426, 50.35904], [-4.06445, 50.35898], [-4.06452, 50.35897], [-4.06475, 50.35894], [-4.06504, 50.35891], [-4.06517, 50.3589], [-4.06524, 50.35889], [-4.06552, 50.35887], [-4.06557, 50.35887], [-4.06559, 50.35886], [-4.06582, 50.35884], [-4.06606, 50.3588], [-4.06623, 50.35877], [-4.06648, 50.35872], [-4.06669, 50.35865], [-4.06674, 50.35864], [-4.06678, 50.35863], [-4.06702, 50.35855]], [[-4.06702, 50.35855], [-4.06744, 50.35841], [-4.0676, 50.35836], [-4.0677, 50.35833], [-4.06776, 50.35831], [-4.06801, 50.35824], [-4.06808, 50.35823], [-4.06881, 50.3581], [-4.06943, 50.358], [-4.0696, 50.35798], [-4.07008, 50.35789], [-4.0703, 50.35786]], [[-4.0703, 50.35786], [-4.07062, 50.35782], [-4.07087, 50.35781], [-4.07106, 50.3578], [-4.07132, 50.35779], [-4.07148, 50.35778], [-4.07196, 50.35781], [-4.07208, 50.35781], [-4.07279, 50.35784]], [[-4.0748, 50.35777], [-4.07428, 50.35782], [-4.07392, 50.35784], [-4.07354, 50.35784], [-4.0732, 50.35784], [-4.07279, 50.35784]], [[-4.08416, 50.35625], [-4.08376, 50.35639], [-4.08364, 50.35643], [-4.08314, 50.3566], [-4.08289, 50.3567], [-4.08254, 50.35686], [-4.08214, 50.35703], [-4.08191, 50.3571], [-4.08181, 50.35713], [-4.08164, 50.35716], [-4.08126, 50.35723], [-4.08081, 50.3573], [-4.08035, 50.35739], [-4.08028, 50.3574], [-4.07939, 50.35758], [-4.07851, 50.35773], [-4.07815, 50.35779], [-4.07787, 50.3578], [-4.07764, 50.35779], [-4.07748, 50.35778], [-4.07714, 50.35774], [-4.07685, 50.35771], [-4.07643, 50.35767], [-4.07623, 50.35766], [-4.07597, 50.35765], [-4.07559, 50.35767], [-4.07538, 50.35769], [-4.07511, 50.35772], [-4.0748, 50.35777]], [[-4.08584, 50.35582], [-4.08572, 50.35584], [-4.08565, 50.35585], [-4.08516, 50.35596], [-4.0846, 50.3561], [-4.08426, 50.35622], [-4.08416, 50.35625]], [[-4.08862, 50.35699], [-4.08854, 50.35685], [-4.08846, 50.3567], [-4.0883, 50.3565], [-4.08815, 50.35638], [-4.088, 50.35628], [-4.0878, 50.35617], [-4.08754, 50.35608], [-4.08718, 50.35597], [-4.08694, 50.35591], [-4.08661, 50.35584], [-4.08631, 50.35583], [-4.08606, 50.35582], [-4.08584, 50.35582]], [[-4.08886, 50.3572], [-4.08878, 50.35715], [-4.08869, 50.35707], [-4.08862, 50.35699]], [[-4.09387, 50.35976], [-4.09372, 50.35972], [-4.09365, 50.3597], [-4.0935, 50.35968], [-4.09345, 50.35969], [-4.0933, 50.35968], [-4.09324, 50.35968], [-4.0928, 50.35968], [-4.09261, 50.35967], [-4.09246, 50.35962], [-4.09241, 50.35959], [-4.09232, 50.35953], [-4.09222, 50.35947], [-4.09221, 50.35946], [-4.09171, 50.35914], [-4.09148, 50.35898], [-4.09132, 50.35888], [-4.09112, 50.35872], [-4.09086, 50.35854], [-4.09077, 50.35845], [-4.09068, 50.35836], [-4.09046, 50.35807], [-4.09029, 50.35781], [-4.09013, 50.35765], [-4.09003, 50.35758], [-4.08998, 50.35756], [-4.08986, 50.35751], [-4.08962, 50.35747], [-4.08935, 50.35742], [-4.08901, 50.35729], [-4.08886, 50.3572]], [[-4.09387, 50.35976], [-4.09405, 50.35982], [-4.09423, 50.35983], [-4.09457, 50.35987], [-4.09502, 50.35989]], [[-4.09502, 50.35989], [-4.09556, 50.35993], [-4.09619, 50.35998], [-4.09673, 50.36], [-4.09718, 50.36001], [-4.09764, 50.36003], [-4.09814, 50.36008], [-4.09867, 50.36015], [-4.09902, 50.3602]], [[-4.09902, 50.3602], [-4.09901, 50.36029], [-4.09899, 50.36047], [-4.09898, 50.36074], [-4.09898, 50.36091], [-4.09893, 50.36097], [-4.0987, 50.361], [-4.09842, 50.36102], [-4.09797, 50.36098], [-4.09732, 50.36089], [-4.09666, 50.36082]], [[-4.09671, 50.3623], [-4.09667, 50.36221], [-4.09662, 50.36213], [-4.0966, 50.3621], [-4.09657, 50.36204], [-4.09654, 50.36192], [-4.09649, 50.36175], [-4.09647, 50.36162], [-4.09645, 50.36146], [-4.09648, 50.36132], [-4.09651, 50.36123], [-4.09656, 50.36109], [-4.09664, 50.36086], [-4.09666, 50.36082]], [[-4.09688, 50.36265], [-4.09681, 50.36259], [-4.09677, 50.3625], [-4.09671, 50.3623]], [[-4.09897, 50.36344], [-4.09886, 50.36332], [-4.0987, 50.36322], [-4.09854, 50.36314], [-4.09822, 50.36304], [-4.09747, 50.36284], [-4.09699, 50.36272], [-4.09688, 50.36265]], [[-4.09937, 50.36422], [-4.09895, 50.36409], [-4.09895, 50.36391], [-4.099, 50.36364], [-4.099, 50.36353], [-4.09897, 50.36344]], [[-4.09967, 50.36484], [-4.09972, 50.36474], [-4.09986, 50.36459], [-4.09989, 50.36454], [-4.09988, 50.3645], [-4.09988, 50.36448], [-4.09986, 50.36445], [-4.09984, 50.36443], [-4.09966, 50.36435], [-4.09937, 50.36422]], [[-4.10059, 50.36514], [-4.10049, 50.36507], [-4.10032, 50.365], [-4.10012, 50.36494], [-4.0999, 50.36488], [-4.09967, 50.36484]], [[-4.10059, 50.36514], [-4.10074, 50.36522], [-4.10078, 50.36524], [-4.10084, 50.36528]], [[-4.10084, 50.36528], [-4.1009, 50.36527], [-4.10096, 50.36527]], [[-4.10096, 50.36527], [-4.10102, 50.36529], [-4.10107, 50.36531], [-4.10112, 50.36534], [-4.10113, 50.36537], [-4.10115, 50.36541], [-4.10114, 50.36545], [-4.10112, 50.36549], [-4.10109, 50.36552]], [[-4.10109, 50.36552], [-4.1011, 50.36569], [-4.10113, 50.3658], [-4.10117, 50.36601], [-4.10121, 50.3661], [-4.10126, 50.36621]], [[-4.10126, 50.36621], [-4.10133, 50.36622], [-4.10138, 50.36626]], [[-4.10138, 50.36626], [-4.10154, 50.36626], [-4.10159, 50.36626]], [[-4.10159, 50.36626], [-4.10179, 50.36629], [-4.1023, 50.36637], [-4.10269, 50.36646], [-4.10284, 50.36651], [-4.10317, 50.36662], [-4.1037, 50.36679], [-4.10441, 50.36701], [-4.10512, 50.36724], [-4.10569, 50.36742], [-4.10591, 50.36749], [-4.10627, 50.36762], [-4.10661, 50.36773], [-4.10698, 50.36788], [-4.10708, 50.36792]], [[-4.10708, 50.36792], [-4.10712, 50.36794], [-4.10722, 50.36799], [-4.10739, 50.36807]], [[-4.10739, 50.36807], [-4.10745, 50.36809], [-4.10756, 50.36815]], [[-4.10756, 50.36815], [-4.10863, 50.36867], [-4.10973, 50.3692], [-4.11015, 50.3694], [-4.11018, 50.36942], [-4.11033, 50.36948]], [[-4.11033, 50.36948], [-4.11033, 50.36948], [-4.11045, 50.36953]], [[-4.11045, 50.36953], [-4.11063, 50.36961], [-4.11065, 50.36961], [-4.11074, 50.36966]], [[-4.11074, 50.36966], [-4.11157, 50.37004], [-4.11162, 50.37006], [-4.11171, 50.37011]], [[-4.11171, 50.37011], [-4.11192, 50.37019], [-4.11229, 50.37033], [-4.1124, 50.37037]], [[-4.1124, 50.37037], [-4.11256, 50.37042], [-4.11273, 50.37047]], [[-4.11273, 50.37047], [-4.11284, 50.37051], [-4.11289, 50.37052], [-4.11302, 50.37057], [-4.11322, 50.37063], [-4.11354, 50.37071], [-4.1136, 50.37072], [-4.11382, 50.37076]], [[-4.11382, 50.37076], [-4.11401, 50.37079], [-4.11435, 50.37084], [-4.11465, 50.3709]], [[-4.11812, 50.37106], [-4.11791, 50.37106], [-4.11721, 50.37105], [-4.11683, 50.37105], [-4.11651, 50.37103], [-4.1162, 50.37101], [-4.11603, 50.371], [-4.11581, 50.37097], [-4.11544, 50.37094], [-4.11517, 50.37092], [-4.11485, 50.37091], [-4.11465, 50.3709]], [[-4.11849, 50.37105], [-4.11842, 50.37105], [-4.11812, 50.37106]], [[-4.11849, 50.37105], [-4.11879, 50.371], [-4.11884, 50.37099], [-4.11892, 50.37098], [-4.119, 50.37096]], [[-4.119, 50.37096], [-4.11916, 50.37094], [-4.11937, 50.3709], [-4.1208, 50.37065]], [[-4.1208, 50.37065], [-4.12099, 50.37061], [-4.12153, 50.37052], [-4.12227, 50.37039], [-4.1224, 50.37036]], [[-4.1224, 50.37036], [-4.12263, 50.37032], [-4.12266, 50.37032], [-4.12305, 50.37025], [-4.12317, 50.37023]], [[-4.12317, 50.37023], [-4.12321, 50.37022], [-4.12369, 50.37014], [-4.12377, 50.37012]], [[-4.12377, 50.37012], [-4.12381, 50.37012], [-4.12387, 50.37011], [-4.1239, 50.3701]], [[-4.1239, 50.3701], [-4.12424, 50.37004], [-4.12427, 50.37004], [-4.12444, 50.37003]], [[-4.12444, 50.37003], [-4.12448, 50.37], [-4.12452, 50.36998], [-4.12464, 50.36995], [-4.12475, 50.36994], [-4.12486, 50.36993], [-4.12497, 50.36994], [-4.12509, 50.36996]], [[-4.12509, 50.36996], [-4.1252, 50.37], [-4.1253, 50.37004]], [[-4.1253, 50.37004], [-4.12579, 50.37011]], [[-4.12579, 50.37011], [-4.12583, 50.37012], [-4.12612, 50.37015]], [[-4.12612, 50.37015], [-4.12627, 50.37016]], [[-4.12627, 50.37016], [-4.12643, 50.37018], [-4.12668, 50.3702], [-4.12691, 50.37023], [-4.12695, 50.37023], [-4.12705, 50.37025], [-4.1275, 50.37032], [-4.12773, 50.37036], [-4.12839, 50.37047], [-4.12883, 50.37055], [-4.12895, 50.37057], [-4.12912, 50.3706]], [[-4.12912, 50.3706], [-4.13001, 50.37074], [-4.13005, 50.37075]], [[-4.13005, 50.37075], [-4.13029, 50.3708], [-4.1307, 50.37091]], [[-4.1307, 50.37091], [-4.13113, 50.37103], [-4.1313, 50.37109]], [[-4.1313, 50.37109], [-4.13184, 50.37123], [-4.13197, 50.37127]], [[-4.13197, 50.37127], [-4.13238, 50.37139]], [[-4.13238, 50.37139], [-4.13254, 50.37143], [-4.13275, 50.37147], [-4.13317, 50.37152], [-4.1335, 50.37154], [-4.13369, 50.37156], [-4.13433, 50.37159], [-4.13459, 50.3716], [-4.1352, 50.37163], [-4.13528, 50.37162]], [[-4.13528, 50.37162], [-4.13542, 50.37159]], [[-4.13542, 50.37159], [-4.13548, 50.37155], [-4.13561, 50.3715], [-4.13571, 50.37147], [-4.13579, 50.37146], [-4.1359, 50.37147], [-4.13594, 50.37147], [-4.13597, 50.37148]], [[-4.13597, 50.37148], [-4.13612, 50.37147], [-4.13619, 50.37147], [-4.13626, 50.37145], [-4.13641, 50.37138], [-4.13704, 50.3711], [-4.13769, 50.37081], [-4.13815, 50.3706], [-4.13817, 50.37058], [-4.13821, 50.37056], [-4.13826, 50.37049], [-4.13829, 50.37043]], [[-4.13597, 50.37148], [-4.13612, 50.37147], [-4.13619, 50.37147], [-4.13626, 50.37145], [-4.13641, 50.37138], [-4.13704, 50.3711], [-4.13769, 50.37081], [-4.13815, 50.3706], [-4.13817, 50.37058], [-4.13821, 50.37056], [-4.13826, 50.37049], [-4.13829, 50.37043]], [[-4.13542, 50.37159], [-4.13548, 50.37155], [-4.13561, 50.3715], [-4.13571, 50.37147], [-4.13579, 50.37146], [-4.1359, 50.37147], [-4.13594, 50.37147], [-4.13597, 50.37148]], [[-4.13949, 50.37032], [-4.13999, 50.37033], [-4.14063, 50.37032], [-4.14116, 50.37031]], [[-4.13903, 50.37027], [-4.13918, 50.37031], [-4.13934, 50.37032], [-4.13949, 50.37032]], [[-4.13848, 50.37019], [-4.13857, 50.37016], [-4.1387, 50.37015], [-4.13884, 50.37017], [-4.13891, 50.3702], [-4.13897, 50.37023], [-4.13903, 50.37027]], [[-4.13829, 50.37037], [-4.13832, 50.37032], [-4.13835, 50.37027], [-4.13841, 50.37022], [-4.13848, 50.37019]], [[-4.13829, 50.37043], [-4.13829, 50.37037]], [[-4.14208, 50.37031], [-4.14241, 50.37031], [-4.14277, 50.3703]], [[-4.14277, 50.3703], [-4.14323, 50.37028]], [[-4.14323, 50.37028], [-4.14404, 50.37027], [-4.14458, 50.37026], [-4.14507, 50.37023], [-4.1453, 50.37021], [-4.14544, 50.37019]], [[-4.14544, 50.37019], [-4.14543, 50.36991], [-4.14544, 50.36987]], [[-4.14544, 50.36987], [-4.14544, 50.36983], [-4.14548, 50.36976], [-4.14551, 50.36971], [-4.14556, 50.36967], [-4.14561, 50.36964], [-4.14569, 50.36962], [-4.14577, 50.36961], [-4.14585, 50.3696]], [[-4.14585, 50.3696], [-4.14594, 50.36961], [-4.14606, 50.36963], [-4.14615, 50.36966], [-4.14632, 50.36974]], [[-4.14632, 50.36974], [-4.14633, 50.36977], [-4.14633, 50.36982], [-4.14633, 50.3699], [-4.14634, 50.37]], [[-4.14634, 50.37], [-4.14633, 50.37018], [-4.14632, 50.37025], [-4.14628, 50.37032], [-4.14623, 50.37037], [-4.14618, 50.37041], [-4.14611, 50.37044]], [[-4.14611, 50.37044], [-4.14603, 50.37046], [-4.14591, 50.37048], [-4.14582, 50.37048], [-4.14573, 50.37046]], [[-4.14573, 50.37046], [-4.14561, 50.37042], [-4.14553, 50.37037]], [[-4.14553, 50.37037], [-4.14529, 50.37034], [-4.14521, 50.37033]], [[-4.14521, 50.37033], [-4.14487, 50.37034], [-4.14454, 50.37035]], [[-4.14454, 50.37035], [-4.14357, 50.37037], [-4.14302, 50.37036], [-4.1428, 50.37036]], [[-4.1428, 50.37036], [-4.14241, 50.37036], [-4.14203, 50.37037]], [[-4.14203, 50.37037], [-4.14149, 50.37039], [-4.14126, 50.3704], [-4.14109, 50.3704]], [[-4.14109, 50.3704], [-4.14035, 50.37041], [-4.14031, 50.37041], [-4.14018, 50.37042]], [[-4.14018, 50.37042], [-4.13942, 50.37043], [-4.13923, 50.37043], [-4.13907, 50.37046]], [[-4.13907, 50.37046], [-4.13904, 50.37052], [-4.13898, 50.37057], [-4.13891, 50.37061], [-4.1388, 50.37065], [-4.1387, 50.37066], [-4.13857, 50.37065], [-4.13845, 50.37061]], [[-4.13845, 50.37061], [-4.1383, 50.37064], [-4.13826, 50.37066], [-4.13704, 50.37122], [-4.13671, 50.37136], [-4.13644, 50.3715], [-4.13639, 50.37154], [-4.13635, 50.37157], [-4.13632, 50.37162], [-4.13631, 50.37166], [-4.13632, 50.3717], [-4.13633, 50.37179]], [[-4.13633, 50.37179], [-4.13639, 50.37187], [-4.13643, 50.37195]], [[-4.13643, 50.37195], [-4.13662, 50.37211], [-4.13694, 50.37233], [-4.13707, 50.37241], [-4.13728, 50.37253], [-4.13754, 50.37267], [-4.13768, 50.37275]], [[-4.13768, 50.37275], [-4.13779, 50.37281], [-4.13792, 50.37287], [-4.13803, 50.37293]], [[-4.13803, 50.37293], [-4.13828, 50.37305], [-4.13834, 50.37308]], [[-4.13834, 50.37308], [-4.1384, 50.37312], [-4.13843, 50.37313], [-4.13848, 50.37317], [-4.13852, 50.37321], [-4.13854, 50.3733], [-4.13857, 50.37349]], [[-4.13857, 50.37349], [-4.13857, 50.37354], [-4.13857, 50.37358], [-4.13858, 50.37366], [-4.13859, 50.3737], [-4.13859, 50.37375], [-4.13859, 50.37379], [-4.13858, 50.37383], [-4.13855, 50.37386], [-4.1385, 50.37392], [-4.13845, 50.37397]], [[-4.13845, 50.37397], [-4.1382, 50.37423]], [[-4.1382, 50.37423], [-4.13815, 50.37428], [-4.13809, 50.37435], [-4.13775, 50.37472]], [[-4.13775, 50.37472], [-4.1377, 50.37478], [-4.13756, 50.37493], [-4.13738, 50.37513], [-4.13737, 50.37514], [-4.13731, 50.37521], [-4.1373, 50.37522], [-4.13726, 50.37525], [-4.13711, 50.37539]], [[-4.13711, 50.37539], [-4.13698, 50.37562], [-4.13695, 50.37566]], [[-4.13695, 50.37566], [-4.13689, 50.37577], [-4.13686, 50.37581], [-4.13684, 50.37585], [-4.13677, 50.37595], [-4.13668, 50.3761], [-4.1366, 50.37622]], [[-4.1366, 50.37622], [-4.13653, 50.37633], [-4.1365, 50.37637]], [[-4.1365, 50.37637], [-4.13648, 50.3764], [-4.1364, 50.37652]], [[-4.1364, 50.37652], [-4.13633, 50.37661], [-4.13631, 50.37664], [-4.13629, 50.37667], [-4.13628, 50.3767], [-4.13612, 50.37694], [-4.13607, 50.37702]], [[-4.13607, 50.37702], [-4.13598, 50.37715]], [[-4.13598, 50.37715], [-4.13589, 50.37729]], [[-4.13589, 50.37729], [-4.13583, 50.37738], [-4.13571, 50.37757], [-4.13563, 50.37768], [-4.13562, 50.3777], [-4.1355, 50.37789], [-4.13544, 50.37797]], [[-4.13544, 50.37797], [-4.13535, 50.37811], [-4.13524, 50.37828]], [[-4.13524, 50.37828], [-4.13517, 50.37839]], [[-4.13524, 50.37828], [-4.13517, 50.37839]], [[-4.13517, 50.37839], [-4.13513, 50.37845], [-4.13504, 50.37859]], [[-4.13504, 50.37859], [-4.13492, 50.37873]], [[-4.13492, 50.37873], [-4.1345, 50.37916], [-4.13442, 50.37927], [-4.13424, 50.37949], [-4.13418, 50.37957], [-4.13384, 50.37997], [-4.13379, 50.38001]], [[-4.13379, 50.38001], [-4.13374, 50.38006], [-4.13361, 50.38019]], [[-4.13361, 50.38019], [-4.13356, 50.38023]], [[-4.13356, 50.38023], [-4.13345, 50.38031]], [[-4.13344, 50.38047], [-4.13344, 50.38038], [-4.13345, 50.38031]], [[-4.13343, 50.3807], [-4.13343, 50.38063], [-4.13344, 50.38049], [-4.13344, 50.38047]], [[-4.13343, 50.3807], [-4.1335, 50.38082]], [[-4.1335, 50.38082], [-4.13362, 50.38118], [-4.13375, 50.38155], [-4.13389, 50.38191]], [[-4.13389, 50.38191], [-4.13411, 50.38253], [-4.13414, 50.38262]], [[-4.13414, 50.38262], [-4.1342, 50.38278], [-4.13434, 50.38317], [-4.13449, 50.38361], [-4.13449, 50.38362], [-4.13457, 50.38377], [-4.13463, 50.38385], [-4.13466, 50.3839]], [[-4.13466, 50.3839], [-4.13491, 50.38413]], [[-4.13491, 50.38413], [-4.1349, 50.38422], [-4.13485, 50.38427], [-4.1348, 50.3843], [-4.13472, 50.38434]], [[-4.13472, 50.38434], [-4.13459, 50.38434]], [[-4.13459, 50.38434], [-4.13452, 50.38434]], [[-4.13452, 50.38434], [-4.13445, 50.38435]], [[-4.13445, 50.38435], [-4.13433, 50.38438], [-4.13416, 50.38445]], [[-4.13392, 50.3847], [-4.13416, 50.38445]], [[-4.13162, 50.38616], [-4.1317, 50.38607], [-4.13172, 50.38604], [-4.13181, 50.38594], [-4.132, 50.38577], [-4.13218, 50.38566], [-4.1324, 50.38555], [-4.13303, 50.38532], [-4.13339, 50.38516], [-4.13354, 50.38506], [-4.13368, 50.38494], [-4.13384, 50.38478], [-4.13392, 50.3847]], [[-4.13149, 50.38632], [-4.13162, 50.38616]], [[-4.13118, 50.38671], [-4.13149, 50.38632]], [[-4.13088, 50.38719], [-4.13118, 50.38671]], [[-4.13052, 50.38797], [-4.13088, 50.38719]], [[-4.1304, 50.38843], [-4.13043, 50.38832], [-4.13046, 50.38819], [-4.13052, 50.38797]], [[-4.13038, 50.38881], [-4.1304, 50.38843]], [[-4.13037, 50.38885], [-4.13038, 50.38881]], [[-4.13036, 50.38898], [-4.13037, 50.38885]], [[-4.13036, 50.38898], [-4.13039, 50.38926], [-4.13039, 50.38932]], [[-4.13039, 50.38932], [-4.13043, 50.3897]], [[-4.13043, 50.3897], [-4.13055, 50.39033], [-4.13057, 50.39044]], [[-4.13057, 50.39044], [-4.1306, 50.39058], [-4.13069, 50.39099]], [[-4.13069, 50.39099], [-4.13084, 50.39175], [-4.13086, 50.3918]], [[-4.13086, 50.3918], [-4.13091, 50.3919]], [[-4.13091, 50.3919], [-4.13105, 50.39222]], [[-4.13123, 50.3924], [-4.13108, 50.39225], [-4.13105, 50.39222]], [[-4.13208, 50.39319], [-4.13189, 50.39304], [-4.13154, 50.39272], [-4.13123, 50.3924]], [[-4.13281, 50.39373], [-4.13225, 50.3933], [-4.13219, 50.39325], [-4.13208, 50.39319]], [[-4.133, 50.39397], [-4.13289, 50.39383], [-4.13283, 50.39376], [-4.13281, 50.39373]], [[-4.13339, 50.39511], [-4.13338, 50.39506], [-4.13334, 50.39487], [-4.13327, 50.39465], [-4.13309, 50.39423], [-4.133, 50.39397]], [[-4.13363, 50.39624], [-4.13355, 50.39584], [-4.13339, 50.39511]], [[-4.13379, 50.39702], [-4.13374, 50.39682], [-4.13365, 50.39632], [-4.13363, 50.39624]], [[-4.1345, 50.39789], [-4.13409, 50.39748], [-4.13404, 50.39744], [-4.13392, 50.39728], [-4.13387, 50.39719], [-4.13386, 50.39716], [-4.13379, 50.39702]], [[-4.1345, 50.39789], [-4.1348, 50.39816], [-4.13493, 50.39829], [-4.13499, 50.39836], [-4.13505, 50.39846], [-4.13511, 50.39861], [-4.13517, 50.39878]], [[-4.13517, 50.39878], [-4.13518, 50.39881], [-4.1352, 50.39894], [-4.13522, 50.39902], [-4.13523, 50.39913], [-4.13525, 50.39922]], [[-4.13525, 50.39922], [-4.13528, 50.3996]], [[-4.13528, 50.3996], [-4.13529, 50.39965], [-4.1353, 50.39975], [-4.13532, 50.39979]], [[-4.13532, 50.39979], [-4.13533, 50.39984], [-4.13536, 50.39989], [-4.1354, 50.39993], [-4.13544, 50.39997], [-4.13549, 50.40001], [-4.13555, 50.40004], [-4.13579, 50.40011]], [[-4.13579, 50.40011], [-4.13596, 50.40009], [-4.13617, 50.40007], [-4.1363, 50.40006], [-4.13635, 50.40006]], [[-4.13635, 50.40006], [-4.13643, 50.40006], [-4.13656, 50.40006], [-4.13666, 50.40008], [-4.13674, 50.40011], [-4.1368, 50.40014], [-4.13686, 50.40019], [-4.1369, 50.40024], [-4.13691, 50.40025], [-4.13691, 50.40031]], [[-4.13691, 50.40031], [-4.13692, 50.40036], [-4.13692, 50.40041]], [[-4.13692, 50.40041], [-4.1369, 50.40047], [-4.13676, 50.40077]], [[-4.13676, 50.40077], [-4.13675, 50.40079], [-4.13672, 50.40084], [-4.13667, 50.40088], [-4.13661, 50.40092], [-4.13655, 50.40095], [-4.13647, 50.40097], [-4.13637, 50.40099], [-4.13625, 50.401], [-4.13616, 50.401]], [[-4.13616, 50.401], [-4.13611, 50.401], [-4.1359, 50.40101], [-4.13574, 50.40103], [-4.13565, 50.40104]], [[-4.13565, 50.40104], [-4.13542, 50.40111], [-4.1353, 50.40115], [-4.1352, 50.40121], [-4.13513, 50.40125], [-4.13506, 50.40129], [-4.13499, 50.40135], [-4.13493, 50.40141], [-4.13487, 50.40149], [-4.13481, 50.40156], [-4.13473, 50.40169], [-4.13469, 50.40178]], [[-4.13469, 50.40178], [-4.13466, 50.40189], [-4.13463, 50.40203], [-4.13463, 50.40218]], [[-4.13463, 50.40218], [-4.13462, 50.40237], [-4.13465, 50.4029], [-4.13465, 50.40323], [-4.13465, 50.40328]], [[-4.13461, 50.40366], [-4.13455, 50.40406], [-4.1345, 50.40431], [-4.13441, 50.40466], [-4.13436, 50.40485]], [[-4.13436, 50.40485], [-4.13429, 50.40505], [-4.13425, 50.40519], [-4.1342, 50.40541]], [[-4.1342, 50.40541], [-4.13418, 50.40549]], [[-4.13418, 50.40549], [-4.13415, 50.40565], [-4.13407, 50.40605], [-4.13401, 50.40675]], [[-4.13401, 50.40678], [-4.1339, 50.4078], [-4.1339, 50.40784], [-4.13387, 50.40808], [-4.13385, 50.40834], [-4.13381, 50.40849]], [[-4.13381, 50.40849], [-4.13373, 50.40872], [-4.13362, 50.40892]], [[-4.13362, 50.40892], [-4.13357, 50.40902], [-4.13341, 50.40923], [-4.13334, 50.40931]], [[-4.13334, 50.40931], [-4.1332, 50.40947]], [[-4.1332, 50.40947], [-4.13314, 50.40953], [-4.13281, 50.40982], [-4.13256, 50.41001], [-4.13217, 50.41028], [-4.13177, 50.41052], [-4.13116, 50.41087], [-4.13041, 50.41126]], [[-4.13041, 50.41126], [-4.13028, 50.41132]], [[-4.13028, 50.41132], [-4.12975, 50.41156], [-4.1293, 50.41177], [-4.12909, 50.41188]], [[-4.12909, 50.41188], [-4.12886, 50.41203], [-4.12871, 50.41213], [-4.12863, 50.41219]], [[-4.12863, 50.41219], [-4.12849, 50.41226], [-4.12829, 50.41239], [-4.12811, 50.41253], [-4.12799, 50.41257]], [[-4.12799, 50.41257], [-4.12783, 50.41264], [-4.12772, 50.41271]], [[-4.12772, 50.41271], [-4.1274, 50.41313], [-4.12721, 50.41342]], [[-4.12721, 50.41342], [-4.12704, 50.41367], [-4.127, 50.41373], [-4.12694, 50.41378]], [[-4.12694, 50.41378], [-4.12684, 50.4138]], [[-4.12684, 50.4138], [-4.12671, 50.41378]], [[-4.12671, 50.41378], [-4.12665, 50.41377], [-4.12647, 50.41372]], [[-4.12647, 50.41372], [-4.12582, 50.41348], [-4.12558, 50.41336], [-4.12525, 50.4132], [-4.12518, 50.41316], [-4.12511, 50.41313], [-4.12487, 50.41306], [-4.12462, 50.41302], [-4.12437, 50.413]], [[-4.12406, 50.41426], [-4.12404, 50.41429], [-4.124, 50.41432], [-4.12394, 50.41435], [-4.12388, 50.41436]], [[-4.12388, 50.41436], [-4.12385, 50.41448], [-4.12381, 50.41469], [-4.12374, 50.41508]], [[-4.12374, 50.41508], [-4.12372, 50.41515], [-4.12368, 50.41529], [-4.12363, 50.41538], [-4.1236, 50.41548]], [[-4.1236, 50.41548], [-4.12366, 50.41562]], [[-4.12366, 50.41562], [-4.12354, 50.41564], [-4.1234, 50.41566], [-4.12326, 50.41564], [-4.12315, 50.41563], [-4.12309, 50.41562]], [[-4.12309, 50.41562], [-4.12299, 50.41563], [-4.12284, 50.41566]], [[-4.12284, 50.41566], [-4.12257, 50.41571], [-4.12233, 50.41569], [-4.1221, 50.41567], [-4.12179, 50.4157], [-4.12155, 50.41572]], [[-4.12155, 50.41572], [-4.12158, 50.41586], [-4.1216, 50.41599]], [[-4.1216, 50.41599], [-4.12161, 50.41607], [-4.12162, 50.41616], [-4.12163, 50.41618]], [[-4.12109, 50.4162], [-4.1212, 50.41619], [-4.12163, 50.41618]], [[-4.12109, 50.4162], [-4.12086, 50.41622]], [[-4.12086, 50.41622], [-4.12031, 50.41618]], [[-4.12031, 50.41618], [-4.12016, 50.41617], [-4.119, 50.41614]], [[-4.119, 50.41614], [-4.11864, 50.41612], [-4.11843, 50.4161]], [[-4.11843, 50.4161], [-4.11815, 50.41608]], [[-4.11815, 50.41608], [-4.11771, 50.41607]], [[-4.11771, 50.41607], [-4.11739, 50.41606], [-4.1172, 50.41606]], [[-4.11722, 50.41638], [-4.11721, 50.41629], [-4.11721, 50.41625], [-4.1172, 50.41606]], [[-4.11701, 50.41664], [-4.11708, 50.41658], [-4.11714, 50.41653], [-4.11719, 50.41648], [-4.1172, 50.41645], [-4.11722, 50.41638]], [[-4.11617, 50.41727], [-4.11629, 50.41717], [-4.11633, 50.41714], [-4.11655, 50.417], [-4.11671, 50.41689], [-4.11679, 50.41683], [-4.11687, 50.41676], [-4.11695, 50.41669], [-4.11701, 50.41664]], [[-4.11617, 50.41727], [-4.11606, 50.41723], [-4.11605, 50.41722], [-4.11599, 50.4172]], [[-4.11469, 50.41706], [-4.11486, 50.41706], [-4.11502, 50.41707], [-4.11537, 50.4171], [-4.11568, 50.41714], [-4.11574, 50.41715], [-4.11599, 50.4172]], [[-4.114, 50.41712], [-4.11421, 50.41709], [-4.1143, 50.41708], [-4.11439, 50.41707], [-4.11458, 50.41705], [-4.11469, 50.41706]], [[-4.11375, 50.41725], [-4.114, 50.41712]], [[-4.11375, 50.41725], [-4.11372, 50.41727], [-4.11365, 50.41731], [-4.11356, 50.41738], [-4.11348, 50.41746]], [[-4.11348, 50.41746], [-4.11351, 50.41749], [-4.11352, 50.41751], [-4.11356, 50.41762]], [[-4.11356, 50.41762], [-4.11357, 50.4178], [-4.11363, 50.41794]], [[-4.11369, 50.41826], [-4.11369, 50.41814], [-4.11367, 50.41805], [-4.11363, 50.41794]], [[-4.11362, 50.4186], [-4.11368, 50.41843], [-4.11369, 50.41826]], [[-4.11386, 50.4195], [-4.11366, 50.41934], [-4.11352, 50.41924], [-4.11345, 50.41917], [-4.11341, 50.4191], [-4.11343, 50.41898], [-4.11362, 50.4186]], [[-4.11421, 50.41985], [-4.1141, 50.41967], [-4.11386, 50.4195]], [[-4.11411, 50.4199], [-4.11412, 50.41989], [-4.11414, 50.41988], [-4.11415, 50.41987], [-4.11417, 50.41986], [-4.11419, 50.41986], [-4.11421, 50.41985], [-4.11423, 50.41985], [-4.11425, 50.41985], [-4.11427, 50.41986], [-4.11428, 50.41986], [-4.1143, 50.41987], [-4.11432, 50.41988], [-4.11433, 50.41988], [-4.11434, 50.41989], [-4.11435, 50.41991], [-4.11435, 50.41992], [-4.11435, 50.41993], [-4.11435, 50.41994], [-4.11435, 50.41996], [-4.11434, 50.41997], [-4.11433, 50.41998], [-4.11431, 50.41999], [-4.1143, 50.42], [-4.11428, 50.42], [-4.11426, 50.42001], [-4.11424, 50.42001], [-4.11422, 50.42001], [-4.1142, 50.42001], [-4.11418, 50.42001], [-4.11416, 50.42], [-4.11415, 50.41999], [-4.11413, 50.41999], [-4.11412, 50.41997], [-4.11411, 50.41996], [-4.1141, 50.41995], [-4.1141, 50.41994], [-4.1141, 50.41992], [-4.11411, 50.41991], [-4.11411, 50.4199]], [[-4.11415, 50.41999], [-4.11403, 50.42005], [-4.11368, 50.42022], [-4.11299, 50.42049], [-4.11247, 50.42069], [-4.11212, 50.42082]], [[-4.11427, 50.42245], [-4.1141, 50.42225], [-4.11402, 50.42219], [-4.1139, 50.42209], [-4.11364, 50.42191], [-4.11345, 50.42178], [-4.11324, 50.42164], [-4.11302, 50.42149], [-4.11285, 50.42136], [-4.11273, 50.42128], [-4.11217, 50.42086], [-4.11212, 50.42082]], [[-4.11422, 50.42283], [-4.11426, 50.42274], [-4.11429, 50.42269], [-4.11431, 50.42263], [-4.11431, 50.42259], [-4.1143, 50.42251], [-4.11427, 50.42245]], [[-4.11416, 50.42289], [-4.11422, 50.42283]], [[-4.11335, 50.42355], [-4.11335, 50.42346], [-4.11336, 50.42341], [-4.11339, 50.42336], [-4.11344, 50.4233], [-4.1135, 50.42326], [-4.11383, 50.42308], [-4.11416, 50.42289]], [[-4.11361, 50.42413], [-4.11357, 50.42396], [-4.11341, 50.42369], [-4.11335, 50.42355]], [[-4.11367, 50.42433], [-4.11364, 50.42424], [-4.11363, 50.42421], [-4.11361, 50.42413]], [[-4.11397, 50.4246], [-4.11383, 50.42454], [-4.11381, 50.42453], [-4.11371, 50.42444], [-4.11367, 50.42433]], [[-4.1132, 50.42719], [-4.11314, 50.42728]], [[-4.11393, 50.42652], [-4.11372, 50.42669], [-4.11349, 50.42689], [-4.11336, 50.42701], [-4.11327, 50.42711], [-4.1132, 50.42719]], [[-4.1142, 50.42626], [-4.11404, 50.42642], [-4.11393, 50.42652]], [[-4.11435, 50.42608], [-4.11432, 50.42611], [-4.1142, 50.42626]], [[-4.11457, 50.42481], [-4.11459, 50.42498], [-4.11461, 50.42517], [-4.11462, 50.42535], [-4.1146, 50.42551], [-4.11456, 50.42568], [-4.11448, 50.42586], [-4.11441, 50.42598], [-4.11435, 50.42608]], [[-4.11442, 50.42469], [-4.11457, 50.42481]], [[-4.11414, 50.42462], [-4.11425, 50.42465], [-4.11442, 50.42469]], [[-4.11309, 50.42733], [-4.11302, 50.42742], [-4.11295, 50.42754]], [[-4.11295, 50.42754], [-4.11284, 50.42781]], [[-4.11284, 50.42781], [-4.11267, 50.42807], [-4.11263, 50.42816], [-4.11259, 50.4282], [-4.1125, 50.42823]], [[-4.1125, 50.42823], [-4.11235, 50.42826], [-4.1123, 50.42827], [-4.11212, 50.42827]], [[-4.11212, 50.42827], [-4.11196, 50.42826], [-4.11187, 50.42825]], [[-4.11187, 50.42825], [-4.11174, 50.42818], [-4.11171, 50.42811], [-4.1117, 50.42767], [-4.1117, 50.42757], [-4.11172, 50.42752], [-4.11179, 50.42748], [-4.11187, 50.42747], [-4.11195, 50.4275]], [[-4.11195, 50.4275], [-4.11199, 50.42754], [-4.11201, 50.42759], [-4.11201, 50.42804]], [[-4.05075, 50.3665], [-4.05046, 50.36665]], [[-4.05046, 50.36665], [-4.0503, 50.36654]], [[-4.0503, 50.36654], [-4.05041, 50.36647], [-4.05059, 50.36637]], [[-4.05059, 50.36637], [-4.05114, 50.36612], [-4.05155, 50.36595]], [[-4.05155, 50.36595], [-4.05187, 50.36581], [-4.052, 50.36574]], [[-4.052, 50.36574], [-4.05208, 50.36572], [-4.05228, 50.36569], [-4.05241, 50.36568], [-4.05289, 50.36571]], [[-4.05397, 50.36576], [-4.05385, 50.36576], [-4.05322, 50.36573], [-4.05306, 50.36572], [-4.05289, 50.36571]], [[-4.12437, 50.413], [-4.12363, 50.41299], [-4.12325, 50.413], [-4.12291, 50.41301], [-4.12249, 50.41301], [-4.12222, 50.41299], [-4.12201, 50.41296], [-4.12189, 50.41295], [-4.12182, 50.41294]], [[-4.12182, 50.41294], [-4.12181, 50.41299], [-4.12179, 50.41303], [-4.1218, 50.41315], [-4.12188, 50.41363]], [[-4.12188, 50.41363], [-4.12188, 50.41384], [-4.12189, 50.4141], [-4.12189, 50.41418], [-4.1219, 50.41423]], [[-4.1219, 50.41423], [-4.12195, 50.4144], [-4.12201, 50.41449], [-4.1221, 50.41454]], [[-4.1221, 50.41454], [-4.12229, 50.41455], [-4.12248, 50.41455], [-4.12285, 50.41455], [-4.12295, 50.41455], [-4.12321, 50.41448], [-4.12347, 50.41441], [-4.12368, 50.41431]], [[-4.12368, 50.41431], [-4.12365, 50.41427], [-4.12364, 50.41423], [-4.12365, 50.41419], [-4.12367, 50.41415], [-4.12372, 50.41412], [-4.12378, 50.41409], [-4.12385, 50.41409], [-4.12391, 50.41409], [-4.12397, 50.41411], [-4.12402, 50.41414], [-4.12405, 50.41417], [-4.12407, 50.41421], [-4.12406, 50.41425], [-4.12406, 50.41426]], [[-4.1364, 50.37652], [-4.13633, 50.37661], [-4.13631, 50.37664], [-4.13629, 50.37667], [-4.13628, 50.3767], [-4.13612, 50.37694], [-4.13607, 50.37702]]]}}, {"type": "Feature", "properties": {"mode": "bus", "name": "23", "ref": "23", "operator": "Plymouth Citybus", "osm_id": 17999187}, "geometry": {"type": "MultiLineString", "coordinates": [[[-4.12032, 50.37813], [-4.12058, 50.37811], [-4.12084, 50.37809], [-4.12101, 50.3781], [-4.12121, 50.37811], [-4.12135, 50.37812], [-4.1215, 50.3781], [-4.12211, 50.37802], [-4.12266, 50.37794], [-4.12325, 50.37793], [-4.12468, 50.37825], [-4.12473, 50.37826], [-4.12483, 50.37829]], [[-4.11582, 50.37872], [-4.1159, 50.37872], [-4.11633, 50.3787], [-4.11695, 50.37868], [-4.11709, 50.37867], [-4.11728, 50.37866], [-4.11785, 50.37859], [-4.11852, 50.37849], [-4.12032, 50.37813]], [[-4.11036, 50.37936], [-4.11136, 50.37924], [-4.11226, 50.37912], [-4.11352, 50.37895], [-4.11391, 50.37889], [-4.11436, 50.37882], [-4.11498, 50.37875], [-4.11582, 50.37872]], [[-4.10908, 50.3789], [-4.10908, 50.37902], [-4.10911, 50.37908], [-4.10916, 50.37916], [-4.1093, 50.37926], [-4.1094, 50.37931], [-4.10955, 50.37936], [-4.10965, 50.37938], [-4.10976, 50.37939], [-4.11, 50.3794], [-4.11036, 50.37936]], [[-4.11258, 50.3774], [-4.11183, 50.3776], [-4.11006, 50.37806], [-4.10981, 50.37815], [-4.1096, 50.37828], [-4.10945, 50.37838], [-4.10933, 50.37849], [-4.10923, 50.3786], [-4.10913, 50.37877], [-4.10908, 50.3789]], [[-4.11652, 50.3763], [-4.11575, 50.37652], [-4.1149, 50.37675], [-4.11474, 50.3768], [-4.11464, 50.37682], [-4.11455, 50.37683], [-4.11433, 50.37689], [-4.11431, 50.3769], [-4.11404, 50.37697], [-4.11381, 50.37703], [-4.11338, 50.37714], [-4.11321, 50.3772], [-4.1131, 50.37725], [-4.11258, 50.3774]], [[-4.11988, 50.37537], [-4.11961, 50.37544], [-4.11902, 50.37562], [-4.11829, 50.37581], [-4.11822, 50.37583], [-4.11817, 50.37584], [-4.11813, 50.37585], [-4.1181, 50.37585], [-4.11803, 50.37587], [-4.11773, 50.37595], [-4.11705, 50.37614], [-4.11693, 50.37617], [-4.11688, 50.37619], [-4.11682, 50.37621], [-4.11679, 50.37622], [-4.11672, 50.37625], [-4.11662, 50.37628], [-4.11652, 50.3763]], [[-4.12164, 50.37486], [-4.12134, 50.37493], [-4.12102, 50.37503], [-4.12088, 50.37508], [-4.12074, 50.37511], [-4.12061, 50.37515], [-4.12044, 50.3752], [-4.12019, 50.37527], [-4.11988, 50.37537]], [[-4.1236, 50.37428], [-4.1233, 50.37438], [-4.12301, 50.37446], [-4.12269, 50.37456], [-4.12239, 50.37464], [-4.12164, 50.37486]], [[-4.12452, 50.37401], [-4.1236, 50.37428]], [[-4.12541, 50.37377], [-4.12508, 50.37386], [-4.12507, 50.37386], [-4.12452, 50.37401]], [[-4.12614, 50.37356], [-4.12588, 50.37364], [-4.12541, 50.37377]], [[-4.12657, 50.37343], [-4.12633, 50.3735], [-4.12614, 50.37356]], [[-4.12722, 50.37324], [-4.12692, 50.37333], [-4.12657, 50.37343]], [[-4.12774, 50.37308], [-4.12722, 50.37324]], [[-4.12819, 50.37295], [-4.12801, 50.37301], [-4.12774, 50.37308]], [[-4.12828, 50.37304], [-4.12819, 50.37295]], [[-4.13014, 50.37482], [-4.13009, 50.37471], [-4.13008, 50.37469], [-4.12916, 50.37384], [-4.12906, 50.37375], [-4.12898, 50.37367], [-4.12828, 50.37304]], [[-4.13014, 50.37482], [-4.13019, 50.37492], [-4.13021, 50.37505]], [[-4.13021, 50.37505], [-4.13023, 50.37512]], [[-4.13023, 50.37512], [-4.13026, 50.37531]], [[-4.13026, 50.37531], [-4.13034, 50.37579]], [[-4.13034, 50.37579], [-4.13049, 50.37665]], [[-4.13049, 50.37665], [-4.13054, 50.37695]], [[-4.13054, 50.37695], [-4.13064, 50.37751]], [[-4.13064, 50.37751], [-4.13065, 50.37757], [-4.13069, 50.37784], [-4.13072, 50.37807]], [[-4.13072, 50.37807], [-4.13074, 50.3783]], [[-4.12481, 50.37831], [-4.12479, 50.37833], [-4.12441, 50.37873]], [[-4.12789, 50.37946], [-4.12766, 50.37941], [-4.12724, 50.37932], [-4.12648, 50.37916], [-4.12633, 50.37913], [-4.12441, 50.37873]], [[-4.12799, 50.37948], [-4.12789, 50.37946]], [[-4.12846, 50.37951], [-4.12828, 50.37952], [-4.12812, 50.37951], [-4.12799, 50.37948]], [[-4.12952, 50.37941], [-4.12945, 50.3794], [-4.12937, 50.37939], [-4.12931, 50.37939], [-4.12924, 50.37939], [-4.12912, 50.37941], [-4.12905, 50.37942], [-4.12846, 50.37951]], [[-4.12952, 50.37941], [-4.12963, 50.37933]], [[-4.12963, 50.37933], [-4.12984, 50.37911]], [[-4.12984, 50.37911], [-4.12991, 50.37903], [-4.13001, 50.37892], [-4.13006, 50.37886]], [[-4.13006, 50.37886], [-4.13014, 50.37876], [-4.1302, 50.3787], [-4.13025, 50.37865], [-4.13037, 50.37855], [-4.1304, 50.37853], [-4.13049, 50.37846]], [[-4.13049, 50.37846], [-4.13058, 50.3784], [-4.13068, 50.37839], [-4.13074, 50.37833]], [[-4.12819, 50.37295], [-4.12843, 50.37285], [-4.12854, 50.37282], [-4.12871, 50.37277], [-4.12888, 50.37272]], [[-4.12888, 50.37272], [-4.12936, 50.37259]], [[-4.12888, 50.37272], [-4.12936, 50.37259]], [[-4.12888, 50.37272], [-4.12936, 50.37259]], [[-4.12936, 50.37259], [-4.12953, 50.37254]], [[-4.12953, 50.37254], [-4.12971, 50.37249]], [[-4.12971, 50.37249], [-4.12998, 50.37241], [-4.13009, 50.37239], [-4.13019, 50.37237]], [[-4.13019, 50.37237], [-4.13076, 50.3723], [-4.13088, 50.37229]], [[-4.13088, 50.37229], [-4.13092, 50.37228], [-4.1311, 50.37226]], [[-4.1311, 50.37226], [-4.1314, 50.37222], [-4.13176, 50.3722], [-4.13196, 50.3722], [-4.13215, 50.37221]], [[-4.13215, 50.37221], [-4.1324, 50.37224]], [[-4.1324, 50.37224], [-4.13247, 50.37225], [-4.13289, 50.37238]], [[-4.13289, 50.37238], [-4.13324, 50.37241]], [[-4.13324, 50.37241], [-4.13342, 50.37243], [-4.13353, 50.37243], [-4.13387, 50.37243]], [[-4.13387, 50.37243], [-4.13397, 50.37243], [-4.1344, 50.37242], [-4.13472, 50.37241]], [[-4.13387, 50.37243], [-4.13397, 50.37243], [-4.1344, 50.37242], [-4.13472, 50.37241]], [[-4.13324, 50.37241], [-4.13342, 50.37243], [-4.13353, 50.37243], [-4.13387, 50.37243]], [[-4.13289, 50.37238], [-4.13324, 50.37241]], [[-4.1324, 50.37224], [-4.13247, 50.37225], [-4.13289, 50.37238]], [[-4.13215, 50.37221], [-4.1324, 50.37224]], [[-4.1311, 50.37226], [-4.1314, 50.37222], [-4.13176, 50.3722], [-4.13196, 50.3722], [-4.13215, 50.37221]], [[-4.13088, 50.37229], [-4.13092, 50.37228], [-4.1311, 50.37226]], [[-4.13019, 50.37237], [-4.13076, 50.3723], [-4.13088, 50.37229]], [[-4.12971, 50.37249], [-4.12998, 50.37241], [-4.13009, 50.37239], [-4.13019, 50.37237]], [[-4.12953, 50.37254], [-4.12971, 50.37249]], [[-4.12936, 50.37259], [-4.12953, 50.37254]], [[-4.12888, 50.37272], [-4.12936, 50.37259]], [[-4.12936, 50.37259], [-4.12953, 50.37254]], [[-4.12953, 50.37254], [-4.12971, 50.37249]], [[-4.12971, 50.37249], [-4.12998, 50.37241], [-4.13009, 50.37239], [-4.13019, 50.37237]], [[-4.13019, 50.37237], [-4.13076, 50.3723], [-4.13088, 50.37229]], [[-4.13088, 50.37229], [-4.13092, 50.37228], [-4.1311, 50.37226]], [[-4.1311, 50.37226], [-4.1314, 50.37222], [-4.13176, 50.3722], [-4.13196, 50.3722], [-4.13215, 50.37221]], [[-4.13215, 50.37221], [-4.1324, 50.37224]], [[-4.1324, 50.37224], [-4.13247, 50.37225], [-4.13289, 50.37238]], [[-4.13289, 50.37238], [-4.13324, 50.37241]], [[-4.13324, 50.37241], [-4.13342, 50.37243], [-4.13353, 50.37243], [-4.13387, 50.37243]], [[-4.13387, 50.37243], [-4.13397, 50.37243], [-4.1344, 50.37242], [-4.13472, 50.37241]], [[-4.13472, 50.37241], [-4.13482, 50.3724], [-4.13529, 50.37235], [-4.13537, 50.37234]], [[-4.13537, 50.37234], [-4.13555, 50.37235]], [[-4.13555, 50.37235], [-4.13566, 50.37217], [-4.13567, 50.37206]], [[-4.13567, 50.37206], [-4.13544, 50.37186], [-4.13538, 50.37177]], [[-4.13538, 50.37177], [-4.13538, 50.37168], [-4.13542, 50.37159]], [[-4.13542, 50.37159], [-4.13548, 50.37155], [-4.13561, 50.3715], [-4.13571, 50.37147], [-4.13579, 50.37146], [-4.1359, 50.37147], [-4.13594, 50.37147], [-4.13597, 50.37148]], [[-4.13597, 50.37148], [-4.13612, 50.37147], [-4.13619, 50.37147], [-4.13626, 50.37145], [-4.13641, 50.37138], [-4.13704, 50.3711], [-4.13769, 50.37081], [-4.13815, 50.3706], [-4.13817, 50.37058], [-4.13821, 50.37056], [-4.13826, 50.37049], [-4.13829, 50.37043]], [[-4.13597, 50.37148], [-4.13612, 50.37147], [-4.13619, 50.37147], [-4.13626, 50.37145], [-4.13641, 50.37138], [-4.13704, 50.3711], [-4.13769, 50.37081], [-4.13815, 50.3706], [-4.13817, 50.37058], [-4.13821, 50.37056], [-4.13826, 50.37049], [-4.13829, 50.37043]], [[-4.13542, 50.37159], [-4.13548, 50.37155], [-4.13561, 50.3715], [-4.13571, 50.37147], [-4.13579, 50.37146], [-4.1359, 50.37147], [-4.13594, 50.37147], [-4.13597, 50.37148]], [[-4.13538, 50.37177], [-4.13538, 50.37168], [-4.13542, 50.37159]], [[-4.13567, 50.37206], [-4.13544, 50.37186], [-4.13538, 50.37177]], [[-4.13555, 50.37235], [-4.13566, 50.37217], [-4.13567, 50.37206]], [[-4.13537, 50.37234], [-4.13555, 50.37235]], [[-4.13472, 50.37241], [-4.13482, 50.3724], [-4.13529, 50.37235], [-4.13537, 50.37234]], [[-4.13567, 50.37235], [-4.13555, 50.37235]], [[-4.13607, 50.37216], [-4.13587, 50.37224], [-4.13567, 50.37235]], [[-4.13607, 50.37216], [-4.13587, 50.37224], [-4.13567, 50.37235]], [[-4.13567, 50.37235], [-4.13555, 50.37235]], [[-4.13633, 50.37179], [-4.13639, 50.37187], [-4.13643, 50.37195]], [[-4.13643, 50.37195], [-4.1364, 50.37201], [-4.13632, 50.37208], [-4.13627, 50.37211], [-4.13616, 50.37214]], [[-4.13643, 50.37195], [-4.1364, 50.37201], [-4.13632, 50.37208], [-4.13627, 50.37211], [-4.13616, 50.37214]], [[-4.13633, 50.37179], [-4.13639, 50.37187], [-4.13643, 50.37195]], [[-4.13845, 50.37061], [-4.1383, 50.37064], [-4.13826, 50.37066], [-4.13704, 50.37122], [-4.13671, 50.37136], [-4.13644, 50.3715], [-4.13639, 50.37154], [-4.13635, 50.37157], [-4.13632, 50.37162], [-4.13631, 50.37166], [-4.13632, 50.3717], [-4.13633, 50.37179]], [[-4.13845, 50.37061], [-4.1383, 50.37064], [-4.13826, 50.37066], [-4.13704, 50.37122], [-4.13671, 50.37136], [-4.13644, 50.3715], [-4.13639, 50.37154], [-4.13635, 50.37157], [-4.13632, 50.37162], [-4.13631, 50.37166], [-4.13632, 50.3717], [-4.13633, 50.37179]], [[-4.13907, 50.37046], [-4.13904, 50.37052], [-4.13898, 50.37057], [-4.13891, 50.37061], [-4.1388, 50.37065], [-4.1387, 50.37066], [-4.13857, 50.37065], [-4.13845, 50.37061]], [[-4.14018, 50.37042], [-4.13942, 50.37043], [-4.13923, 50.37043], [-4.13907, 50.37046]], [[-4.14109, 50.3704], [-4.14035, 50.37041], [-4.14031, 50.37041], [-4.14018, 50.37042]], [[-4.14203, 50.37037], [-4.14149, 50.37039], [-4.14126, 50.3704], [-4.14109, 50.3704]], [[-4.1428, 50.37036], [-4.14241, 50.37036], [-4.14203, 50.37037]], [[-4.14454, 50.37035], [-4.14357, 50.37037], [-4.14302, 50.37036], [-4.1428, 50.37036]], [[-4.14521, 50.37033], [-4.14487, 50.37034], [-4.14454, 50.37035]], [[-4.14553, 50.37037], [-4.14529, 50.37034], [-4.14521, 50.37033]], [[-4.14573, 50.37046], [-4.14561, 50.37042], [-4.14553, 50.37037]], [[-4.14611, 50.37044], [-4.14603, 50.37046], [-4.14591, 50.37048], [-4.14582, 50.37048], [-4.14573, 50.37046]], [[-4.14634, 50.37], [-4.14633, 50.37018], [-4.14632, 50.37025], [-4.14628, 50.37032], [-4.14623, 50.37037], [-4.14618, 50.37041], [-4.14611, 50.37044]], [[-4.14632, 50.36974], [-4.14633, 50.36977], [-4.14633, 50.36982], [-4.14633, 50.3699], [-4.14634, 50.37]], [[-4.14585, 50.3696], [-4.14594, 50.36961], [-4.14606, 50.36963], [-4.14615, 50.36966], [-4.14632, 50.36974]], [[-4.14544, 50.36987], [-4.14544, 50.36983], [-4.14548, 50.36976], [-4.14551, 50.36971], [-4.14556, 50.36967], [-4.14561, 50.36964], [-4.14569, 50.36962], [-4.14577, 50.36961], [-4.14585, 50.3696]], [[-4.14544, 50.37019], [-4.14543, 50.36991], [-4.14544, 50.36987]], [[-4.14323, 50.37028], [-4.14404, 50.37027], [-4.14458, 50.37026], [-4.14507, 50.37023], [-4.1453, 50.37021], [-4.14544, 50.37019]], [[-4.14277, 50.3703], [-4.14323, 50.37028]], [[-4.14208, 50.37031], [-4.14241, 50.37031], [-4.14277, 50.3703]], [[-4.14116, 50.37031], [-4.14133, 50.37031], [-4.14193, 50.37031], [-4.14208, 50.37031]], [[-4.13949, 50.37032], [-4.13999, 50.37033], [-4.14063, 50.37032], [-4.14116, 50.37031]], [[-4.13903, 50.37027], [-4.13918, 50.37031], [-4.13934, 50.37032], [-4.13949, 50.37032]], [[-4.13848, 50.37019], [-4.13857, 50.37016], [-4.1387, 50.37015], [-4.13884, 50.37017], [-4.13891, 50.3702], [-4.13897, 50.37023], [-4.13903, 50.37027]], [[-4.13829, 50.37037], [-4.13832, 50.37032], [-4.13835, 50.37027], [-4.13841, 50.37022], [-4.13848, 50.37019]], [[-4.13829, 50.37043], [-4.13829, 50.37037]], [[-4.13054, 50.37695], [-4.13064, 50.37751]], [[-4.13049, 50.37665], [-4.13054, 50.37695]], [[-4.13034, 50.37579], [-4.13049, 50.37665]]]}}, {"type": "Feature", "properties": {"mode": "bus", "name": "24", "ref": "24", "operator": "Plymouth Citybus", "osm_id": 17999189}, "geometry": {"type": "MultiLineString", "coordinates": [[[-4.13633, 50.37179], [-4.13639, 50.37187], [-4.13643, 50.37195]], [[-4.13643, 50.37195], [-4.1364, 50.37201], [-4.13632, 50.37208], [-4.13627, 50.37211], [-4.13616, 50.37214]], [[-4.13643, 50.37195], [-4.1364, 50.37201], [-4.13632, 50.37208], [-4.13627, 50.37211], [-4.13616, 50.37214]], [[-4.13633, 50.37179], [-4.13639, 50.37187], [-4.13643, 50.37195]], [[-4.13845, 50.37061], [-4.1383, 50.37064], [-4.13826, 50.37066], [-4.13704, 50.37122], [-4.13671, 50.37136], [-4.13644, 50.3715], [-4.13639, 50.37154], [-4.13635, 50.37157], [-4.13632, 50.37162], [-4.13631, 50.37166], [-4.13632, 50.3717], [-4.13633, 50.37179]], [[-4.13845, 50.37061], [-4.1383, 50.37064], [-4.13826, 50.37066], [-4.13704, 50.37122], [-4.13671, 50.37136], [-4.13644, 50.3715], [-4.13639, 50.37154], [-4.13635, 50.37157], [-4.13632, 50.37162], [-4.13631, 50.37166], [-4.13632, 50.3717], [-4.13633, 50.37179]], [[-4.13907, 50.37046], [-4.13904, 50.37052], [-4.13898, 50.37057], [-4.13891, 50.37061], [-4.1388, 50.37065], [-4.1387, 50.37066], [-4.13857, 50.37065], [-4.13845, 50.37061]], [[-4.14018, 50.37042], [-4.13942, 50.37043], [-4.13923, 50.37043], [-4.13907, 50.37046]], [[-4.14109, 50.3704], [-4.14035, 50.37041], [-4.14031, 50.37041], [-4.14018, 50.37042]], [[-4.14203, 50.37037], [-4.14149, 50.37039], [-4.14126, 50.3704], [-4.14109, 50.3704]], [[-4.1428, 50.37036], [-4.14241, 50.37036], [-4.14203, 50.37037]], [[-4.14454, 50.37035], [-4.14357, 50.37037], [-4.14302, 50.37036], [-4.1428, 50.37036]], [[-4.14521, 50.37033], [-4.14487, 50.37034], [-4.14454, 50.37035]], [[-4.14553, 50.37037], [-4.14529, 50.37034], [-4.14521, 50.37033]], [[-4.14573, 50.37046], [-4.14561, 50.37042], [-4.14553, 50.37037]], [[-4.14611, 50.37044], [-4.14603, 50.37046], [-4.14591, 50.37048], [-4.14582, 50.37048], [-4.14573, 50.37046]], [[-4.14634, 50.37], [-4.14633, 50.37018], [-4.14632, 50.37025], [-4.14628, 50.37032], [-4.14623, 50.37037], [-4.14618, 50.37041], [-4.14611, 50.37044]], [[-4.14632, 50.36974], [-4.14633, 50.36977], [-4.14633, 50.36982], [-4.14633, 50.3699], [-4.14634, 50.37]], [[-4.14585, 50.3696], [-4.14594, 50.36961], [-4.14606, 50.36963], [-4.14615, 50.36966], [-4.14632, 50.36974]], [[-4.14544, 50.36987], [-4.14544, 50.36983], [-4.14548, 50.36976], [-4.14551, 50.36971], [-4.14556, 50.36967], [-4.14561, 50.36964], [-4.14569, 50.36962], [-4.14577, 50.36961], [-4.14585, 50.3696]], [[-4.14544, 50.37019], [-4.14543, 50.36991], [-4.14544, 50.36987]], [[-4.14323, 50.37028], [-4.14404, 50.37027], [-4.14458, 50.37026], [-4.14507, 50.37023], [-4.1453, 50.37021], [-4.14544, 50.37019]], [[-4.14277, 50.3703], [-4.14323, 50.37028]], [[-4.14208, 50.37031], [-4.14241, 50.37031], [-4.14277, 50.3703]], [[-4.14116, 50.37031], [-4.14133, 50.37031], [-4.14193, 50.37031], [-4.14208, 50.37031]], [[-4.13949, 50.37032], [-4.13999, 50.37033], [-4.14063, 50.37032], [-4.14116, 50.37031]], [[-4.13903, 50.37027], [-4.13918, 50.37031], [-4.13934, 50.37032], [-4.13949, 50.37032]], [[-4.13848, 50.37019], [-4.13857, 50.37016], [-4.1387, 50.37015], [-4.13884, 50.37017], [-4.13891, 50.3702], [-4.13897, 50.37023], [-4.13903, 50.37027]], [[-4.13829, 50.37037], [-4.13832, 50.37032], [-4.13835, 50.37027], [-4.13841, 50.37022], [-4.13848, 50.37019]], [[-4.13829, 50.37043], [-4.13829, 50.37037]], [[-4.13597, 50.37148], [-4.13612, 50.37147], [-4.13619, 50.37147], [-4.13626, 50.37145], [-4.13641, 50.37138], [-4.13704, 50.3711], [-4.13769, 50.37081], [-4.13815, 50.3706], [-4.13817, 50.37058], [-4.13821, 50.37056], [-4.13826, 50.37049], [-4.13829, 50.37043]], [[-4.13542, 50.37159], [-4.13548, 50.37155], [-4.13561, 50.3715], [-4.13571, 50.37147], [-4.13579, 50.37146], [-4.1359, 50.37147], [-4.13594, 50.37147], [-4.13597, 50.37148]], [[-4.13538, 50.37177], [-4.13538, 50.37168], [-4.13542, 50.37159]], [[-4.13567, 50.37206], [-4.13544, 50.37186], [-4.13538, 50.37177]], [[-4.13555, 50.37235], [-4.13566, 50.37217], [-4.13567, 50.37206]], [[-4.13537, 50.37234], [-4.13555, 50.37235]], [[-4.13537, 50.37234], [-4.13555, 50.37235]], [[-4.13567, 50.37235], [-4.13555, 50.37235]], [[-4.13607, 50.37216], [-4.13587, 50.37224], [-4.13567, 50.37235]], [[-4.13607, 50.37216], [-4.13587, 50.37224], [-4.13567, 50.37235]], [[-4.13567, 50.37235], [-4.13555, 50.37235]], [[-4.13555, 50.37235], [-4.13566, 50.37217], [-4.13567, 50.37206]], [[-4.13567, 50.37206], [-4.13544, 50.37186], [-4.13538, 50.37177]], [[-4.13538, 50.37177], [-4.13538, 50.37168], [-4.13542, 50.37159]], [[-4.13542, 50.37159], [-4.13548, 50.37155], [-4.13561, 50.3715], [-4.13571, 50.37147], [-4.13579, 50.37146], [-4.1359, 50.37147], [-4.13594, 50.37147], [-4.13597, 50.37148]], [[-4.13597, 50.37148], [-4.13612, 50.37147], [-4.13619, 50.37147], [-4.13626, 50.37145], [-4.13641, 50.37138], [-4.13704, 50.3711], [-4.13769, 50.37081], [-4.13815, 50.3706], [-4.13817, 50.37058], [-4.13821, 50.37056], [-4.13826, 50.37049], [-4.13829, 50.37043]], [[-4.13472, 50.37241], [-4.13482, 50.3724], [-4.13529, 50.37235], [-4.13537, 50.37234]], [[-4.13387, 50.37243], [-4.13397, 50.37243], [-4.1344, 50.37242], [-4.13472, 50.37241]], [[-4.13324, 50.37241], [-4.13342, 50.37243], [-4.13353, 50.37243], [-4.13387, 50.37243]], [[-4.13289, 50.37238], [-4.13324, 50.37241]], [[-4.1324, 50.37224], [-4.13247, 50.37225], [-4.13289, 50.37238]], [[-4.13215, 50.37221], [-4.1324, 50.37224]], [[-4.1311, 50.37226], [-4.1314, 50.37222], [-4.13176, 50.3722], [-4.13196, 50.3722], [-4.13215, 50.37221]], [[-4.13088, 50.37229], [-4.13092, 50.37228], [-4.1311, 50.37226]], [[-4.13019, 50.37237], [-4.13076, 50.3723], [-4.13088, 50.37229]], [[-4.12971, 50.37249], [-4.12998, 50.37241], [-4.13009, 50.37239], [-4.13019, 50.37237]], [[-4.12953, 50.37254], [-4.12971, 50.37249]], [[-4.12936, 50.37259], [-4.12953, 50.37254]], [[-4.12888, 50.37272], [-4.12936, 50.37259]], [[-4.12888, 50.37272], [-4.12936, 50.37259]], [[-4.12936, 50.37259], [-4.12953, 50.37254]], [[-4.12953, 50.37254], [-4.12971, 50.37249]], [[-4.12971, 50.37249], [-4.12998, 50.37241], [-4.13009, 50.37239], [-4.13019, 50.37237]], [[-4.13019, 50.37237], [-4.13076, 50.3723], [-4.13088, 50.37229]], [[-4.13088, 50.37229], [-4.13092, 50.37228], [-4.1311, 50.37226]], [[-4.1311, 50.37226], [-4.1314, 50.37222], [-4.13176, 50.3722], [-4.13196, 50.3722], [-4.13215, 50.37221]], [[-4.13215, 50.37221], [-4.1324, 50.37224]], [[-4.1324, 50.37224], [-4.13247, 50.37225], [-4.13289, 50.37238]], [[-4.13289, 50.37238], [-4.13324, 50.37241]], [[-4.13324, 50.37241], [-4.13342, 50.37243], [-4.13353, 50.37243], [-4.13387, 50.37243]], [[-4.13387, 50.37243], [-4.13397, 50.37243], [-4.1344, 50.37242], [-4.13472, 50.37241]], [[-4.13472, 50.37241], [-4.13482, 50.3724], [-4.13529, 50.37235], [-4.13537, 50.37234]], [[-4.13387, 50.37243], [-4.13397, 50.37243], [-4.1344, 50.37242], [-4.13472, 50.37241]], [[-4.13324, 50.37241], [-4.13342, 50.37243], [-4.13353, 50.37243], [-4.13387, 50.37243]], [[-4.13289, 50.37238], [-4.13324, 50.37241]], [[-4.1324, 50.37224], [-4.13247, 50.37225], [-4.13289, 50.37238]], [[-4.13215, 50.37221], [-4.1324, 50.37224]], [[-4.1311, 50.37226], [-4.1314, 50.37222], [-4.13176, 50.3722], [-4.13196, 50.3722], [-4.13215, 50.37221]], [[-4.13088, 50.37229], [-4.13092, 50.37228], [-4.1311, 50.37226]], [[-4.13019, 50.37237], [-4.13076, 50.3723], [-4.13088, 50.37229]], [[-4.12971, 50.37249], [-4.12998, 50.37241], [-4.13009, 50.37239], [-4.13019, 50.37237]], [[-4.12953, 50.37254], [-4.12971, 50.37249]], [[-4.12936, 50.37259], [-4.12953, 50.37254]], [[-4.12888, 50.37272], [-4.12936, 50.37259]], [[-4.12819, 50.37295], [-4.12843, 50.37285], [-4.12854, 50.37282], [-4.12871, 50.37277], [-4.12888, 50.37272]], [[-4.12828, 50.37304], [-4.12819, 50.37295]], [[-4.13014, 50.37482], [-4.13009, 50.37471], [-4.13008, 50.37469], [-4.12916, 50.37384], [-4.12906, 50.37375], [-4.12898, 50.37367], [-4.12828, 50.37304]], [[-4.13014, 50.37482], [-4.13009, 50.37471], [-4.13008, 50.37469], [-4.12916, 50.37384], [-4.12906, 50.37375], [-4.12898, 50.37367], [-4.12828, 50.37304]], [[-4.12819, 50.37295], [-4.12801, 50.37301], [-4.12774, 50.37308]], [[-4.12774, 50.37308], [-4.12722, 50.37324]], [[-4.12722, 50.37324], [-4.12692, 50.37333], [-4.12657, 50.37343]], [[-4.12657, 50.37343], [-4.12633, 50.3735], [-4.12614, 50.37356]], [[-4.12614, 50.37356], [-4.12588, 50.37364], [-4.12541, 50.37377]], [[-4.12541, 50.37377], [-4.12508, 50.37386], [-4.12507, 50.37386], [-4.12452, 50.37401]], [[-4.12452, 50.37401], [-4.1236, 50.37428]], [[-4.1236, 50.37428], [-4.1233, 50.37438], [-4.12301, 50.37446], [-4.12269, 50.37456], [-4.12239, 50.37464], [-4.12164, 50.37486]], [[-4.12164, 50.37486], [-4.12134, 50.37493], [-4.12102, 50.37503], [-4.12088, 50.37508], [-4.12074, 50.37511], [-4.12061, 50.37515], [-4.12044, 50.3752], [-4.12019, 50.37527], [-4.11988, 50.37537]], [[-4.11988, 50.37537], [-4.11961, 50.37544], [-4.11902, 50.37562], [-4.11829, 50.37581], [-4.11822, 50.37583], [-4.11817, 50.37584], [-4.11813, 50.37585], [-4.1181, 50.37585], [-4.11803, 50.37587], [-4.11773, 50.37595], [-4.11705, 50.37614], [-4.11693, 50.37617], [-4.11688, 50.37619], [-4.11682, 50.37621], [-4.11679, 50.37622], [-4.11672, 50.37625], [-4.11662, 50.37628], [-4.11652, 50.3763]], [[-4.11652, 50.3763], [-4.11575, 50.37652], [-4.1149, 50.37675], [-4.11474, 50.3768], [-4.11464, 50.37682], [-4.11455, 50.37683], [-4.11433, 50.37689], [-4.11431, 50.3769], [-4.11404, 50.37697], [-4.11381, 50.37703], [-4.11338, 50.37714], [-4.11321, 50.3772], [-4.1131, 50.37725], [-4.11258, 50.3774]], [[-4.11258, 50.3774], [-4.11183, 50.3776], [-4.11006, 50.37806], [-4.10981, 50.37815], [-4.1096, 50.37828], [-4.10945, 50.37838], [-4.10933, 50.37849], [-4.10923, 50.3786], [-4.10913, 50.37877], [-4.10908, 50.3789]], [[-4.10908, 50.3789], [-4.10908, 50.37902], [-4.10911, 50.37908], [-4.10916, 50.37916], [-4.1093, 50.37926], [-4.1094, 50.37931], [-4.10955, 50.37936], [-4.10965, 50.37938], [-4.10976, 50.37939], [-4.11, 50.3794], [-4.11036, 50.37936]], [[-4.11036, 50.37936], [-4.11136, 50.37924], [-4.11226, 50.37912], [-4.11352, 50.37895], [-4.11391, 50.37889], [-4.11436, 50.37882], [-4.11498, 50.37875], [-4.11582, 50.37872]], [[-4.11582, 50.37872], [-4.1159, 50.37872], [-4.11633, 50.3787], [-4.11695, 50.37868], [-4.11709, 50.37867], [-4.11728, 50.37866], [-4.11785, 50.37859], [-4.11852, 50.37849], [-4.12032, 50.37813]], [[-4.12032, 50.37813], [-4.12058, 50.37811], [-4.12084, 50.37809], [-4.12101, 50.3781], [-4.12121, 50.37811], [-4.12135, 50.37812], [-4.1215, 50.3781], [-4.12211, 50.37802], [-4.12266, 50.37794], [-4.12325, 50.37793], [-4.12468, 50.37825], [-4.12473, 50.37826], [-4.12483, 50.37829]], [[-4.13014, 50.37482], [-4.13019, 50.37492], [-4.13021, 50.37505]], [[-4.13021, 50.37505], [-4.13023, 50.37512]], [[-4.13023, 50.37512], [-4.13026, 50.37531]], [[-4.13026, 50.37531], [-4.13034, 50.37579]], [[-4.13034, 50.37579], [-4.13049, 50.37665]], [[-4.13049, 50.37665], [-4.13054, 50.37695]], [[-4.13054, 50.37695], [-4.13064, 50.37751]], [[-4.13064, 50.37751], [-4.13065, 50.37757], [-4.13069, 50.37784], [-4.13072, 50.37807]], [[-4.13072, 50.37807], [-4.13074, 50.3783]], [[-4.12481, 50.37831], [-4.12479, 50.37833], [-4.12441, 50.37873]], [[-4.12789, 50.37946], [-4.12766, 50.37941], [-4.12724, 50.37932], [-4.12648, 50.37916], [-4.12633, 50.37913], [-4.12441, 50.37873]], [[-4.12799, 50.37948], [-4.12789, 50.37946]], [[-4.12846, 50.37951], [-4.12828, 50.37952], [-4.12812, 50.37951], [-4.12799, 50.37948]], [[-4.12952, 50.37941], [-4.12945, 50.3794], [-4.12937, 50.37939], [-4.12931, 50.37939], [-4.12924, 50.37939], [-4.12912, 50.37941], [-4.12905, 50.37942], [-4.12846, 50.37951]], [[-4.12952, 50.37941], [-4.12963, 50.37933]], [[-4.12963, 50.37933], [-4.12984, 50.37911]], [[-4.12984, 50.37911], [-4.12991, 50.37903], [-4.13001, 50.37892], [-4.13006, 50.37886]], [[-4.13006, 50.37886], [-4.13014, 50.37876], [-4.1302, 50.3787], [-4.13025, 50.37865], [-4.13037, 50.37855], [-4.1304, 50.37853], [-4.13049, 50.37846]], [[-4.13049, 50.37846], [-4.13058, 50.3784], [-4.13068, 50.37839], [-4.13074, 50.37833]]]}}, {"type": "Feature", "properties": {"mode": "bus", "name": "Plymouth Citybus 25 Circular", "ref": "25", "operator": "Plymouth Citybus", "osm_id": 20413792}, "geometry": {"type": "MultiLineString", "coordinates": [[[-4.14784, 50.36322], [-4.14766, 50.36333]], [[-4.14804, 50.3631], [-4.14801, 50.36312], [-4.14784, 50.36322]], [[-4.14804, 50.3631], [-4.14816, 50.36302]], [[-4.14816, 50.36302], [-4.14829, 50.36294], [-4.14835, 50.3629]], [[-4.14835, 50.3629], [-4.14846, 50.36284]], [[-4.14846, 50.36284], [-4.14852, 50.36282], [-4.1486, 50.36282], [-4.14905, 50.36284]], [[-4.14905, 50.36284], [-4.14956, 50.36286]], [[-4.14956, 50.36286], [-4.14963, 50.36287]], [[-4.14963, 50.36287], [-4.14968, 50.36288]], [[-4.14968, 50.36288], [-4.14973, 50.36289]], [[-4.14973, 50.36289], [-4.14979, 50.36291], [-4.14982, 50.36293]], [[-4.14982, 50.36293], [-4.14988, 50.36296]], [[-4.14988, 50.36296], [-4.14993, 50.36298], [-4.15004, 50.36308]], [[-4.15004, 50.36308], [-4.15007, 50.36314]], [[-4.15007, 50.36314], [-4.15012, 50.36324], [-4.15013, 50.36326]], [[-4.15013, 50.36326], [-4.15017, 50.36333]], [[-4.15017, 50.36333], [-4.15031, 50.3636], [-4.15043, 50.36382]], [[-4.15043, 50.36382], [-4.15046, 50.36386]], [[-4.15046, 50.36386], [-4.15052, 50.36399], [-4.15055, 50.36407], [-4.15055, 50.3642]], [[-4.15055, 50.3642], [-4.15056, 50.36442], [-4.15057, 50.36447]], [[-4.15057, 50.36447], [-4.15057, 50.36453], [-4.15057, 50.36457]], [[-4.15057, 50.36457], [-4.15059, 50.3648]], [[-4.15059, 50.3648], [-4.15063, 50.36487]], [[-4.15072, 50.36496], [-4.15065, 50.3649], [-4.15063, 50.36487]], [[-4.15084, 50.36509], [-4.15072, 50.36496]], [[-4.15091, 50.36517], [-4.15084, 50.36509]], [[-4.15091, 50.36517], [-4.15062, 50.36524]], [[-4.15062, 50.36524], [-4.15051, 50.36527]], [[-4.15051, 50.36527], [-4.14959, 50.3655], [-4.14874, 50.36566]], [[-4.14874, 50.36566], [-4.14856, 50.3657], [-4.1485, 50.36577]], [[-4.14849, 50.36585], [-4.1485, 50.36577]], [[-4.14851, 50.36594], [-4.1485, 50.3659], [-4.14849, 50.36585]], [[-4.14886, 50.36642], [-4.14852, 50.366], [-4.14851, 50.36594]], [[-4.14891, 50.36649], [-4.14886, 50.36642]], [[-4.14897, 50.36658], [-4.14891, 50.36649]], [[-4.14922, 50.36729], [-4.14933, 50.36717], [-4.14897, 50.36658]], [[-4.14922, 50.36729], [-4.1491, 50.36726]], [[-4.1491, 50.36726], [-4.14867, 50.36713], [-4.14856, 50.3671]], [[-4.14856, 50.3671], [-4.14812, 50.36697]], [[-4.14812, 50.36697], [-4.148, 50.36694]], [[-4.148, 50.36694], [-4.14787, 50.36694]], [[-4.14787, 50.36694], [-4.14758, 50.36694], [-4.14731, 50.36694], [-4.14723, 50.36694]], [[-4.14723, 50.36694], [-4.1471, 50.36694], [-4.14696, 50.36694]], [[-4.14696, 50.36694], [-4.14674, 50.36694], [-4.1466, 50.36694]], [[-4.1466, 50.36694], [-4.14638, 50.36693], [-4.14627, 50.36693], [-4.14616, 50.36692], [-4.14602, 50.36692]], [[-4.14602, 50.36692], [-4.14577, 50.3669], [-4.14555, 50.36688]], [[-4.14555, 50.36688], [-4.14529, 50.36685]], [[-4.14529, 50.36685], [-4.14519, 50.36684], [-4.14509, 50.36683]], [[-4.14509, 50.36683], [-4.14487, 50.3668]], [[-4.14487, 50.3668], [-4.1447, 50.36678], [-4.14428, 50.36674]], [[-4.14428, 50.36674], [-4.14422, 50.36674], [-4.14363, 50.36671]], [[-4.14362, 50.3668], [-4.14363, 50.36671]], [[-4.14362, 50.36692], [-4.14362, 50.3668]], [[-4.1436, 50.36711], [-4.14362, 50.36692]], [[-4.14363, 50.3673], [-4.14361, 50.36721], [-4.1436, 50.36711]], [[-4.14366, 50.36756], [-4.14365, 50.36745], [-4.14363, 50.3673]], [[-4.14373, 50.36817], [-4.14366, 50.36756]], [[-4.14376, 50.3683], [-4.14373, 50.36817]], [[-4.1447, 50.36826], [-4.14435, 50.36825], [-4.14434, 50.36825], [-4.14415, 50.36825], [-4.14376, 50.3683]], [[-4.1447, 50.36826], [-4.14464, 50.36846], [-4.14463, 50.36865]], [[-4.14463, 50.36865], [-4.14465, 50.36869], [-4.14469, 50.36873], [-4.14477, 50.36883], [-4.14499, 50.36906], [-4.1451, 50.36919]], [[-4.1451, 50.36919], [-4.1452, 50.36921]], [[-4.1452, 50.36921], [-4.14526, 50.36923], [-4.1453, 50.36923], [-4.14539, 50.36923]], [[-4.14539, 50.36923], [-4.14544, 50.36918], [-4.14553, 50.36914], [-4.14574, 50.36907], [-4.14585, 50.36906], [-4.14586, 50.36906], [-4.14596, 50.36906], [-4.14616, 50.36913], [-4.14628, 50.36917], [-4.14632, 50.36921], [-4.14634, 50.36923]], [[-4.14634, 50.36923], [-4.14636, 50.36929], [-4.14636, 50.3696]], [[-4.14636, 50.3696], [-4.14636, 50.36962], [-4.14635, 50.36969], [-4.14632, 50.36974]], [[-4.14632, 50.36974], [-4.14633, 50.36977], [-4.14633, 50.36982], [-4.14633, 50.3699], [-4.14634, 50.37]], [[-4.14634, 50.37], [-4.14633, 50.37018], [-4.14632, 50.37025], [-4.14628, 50.37032], [-4.14623, 50.37037], [-4.14618, 50.37041], [-4.14611, 50.37044]], [[-4.14611, 50.37044], [-4.14603, 50.37046], [-4.14591, 50.37048], [-4.14582, 50.37048], [-4.14573, 50.37046]], [[-4.14573, 50.37046], [-4.14561, 50.37042], [-4.14553, 50.37037]], [[-4.14553, 50.37037], [-4.14529, 50.37034], [-4.14521, 50.37033]], [[-4.14521, 50.37033], [-4.14487, 50.37034], [-4.14454, 50.37035]], [[-4.14454, 50.37035], [-4.14357, 50.37037], [-4.14302, 50.37036], [-4.1428, 50.37036]], [[-4.1428, 50.37036], [-4.14241, 50.37036], [-4.14203, 50.37037]], [[-4.14203, 50.37037], [-4.14149, 50.37039], [-4.14126, 50.3704], [-4.14109, 50.3704]], [[-4.14109, 50.3704], [-4.14035, 50.37041], [-4.14031, 50.37041], [-4.14018, 50.37042]], [[-4.14018, 50.37042], [-4.13942, 50.37043], [-4.13923, 50.37043], [-4.13907, 50.37046]], [[-4.13907, 50.37046], [-4.13904, 50.37052], [-4.13898, 50.37057], [-4.13891, 50.37061], [-4.1388, 50.37065], [-4.1387, 50.37066], [-4.13857, 50.37065], [-4.13845, 50.37061]], [[-4.13845, 50.37061], [-4.13838, 50.37056], [-4.13832, 50.3705], [-4.13829, 50.37043]], [[-4.13829, 50.37043], [-4.13829, 50.37037]], [[-4.13829, 50.37037], [-4.13827, 50.37029], [-4.13823, 50.37021], [-4.13822, 50.3702], [-4.13818, 50.37016], [-4.13813, 50.3701]], [[-4.13766, 50.36992], [-4.13776, 50.36994], [-4.13785, 50.36997], [-4.13813, 50.3701]], [[-4.13768, 50.36973], [-4.13766, 50.36992]], [[-4.13799, 50.36893], [-4.13802, 50.36902], [-4.13803, 50.36906], [-4.13803, 50.36908], [-4.13802, 50.36912], [-4.13796, 50.36925], [-4.13788, 50.3694], [-4.13775, 50.36961], [-4.13768, 50.36973]], [[-4.13755, 50.36842], [-4.13758, 50.36847], [-4.13768, 50.36858], [-4.13785, 50.36875], [-4.13795, 50.36886], [-4.13799, 50.36893]], [[-4.13753, 50.36834], [-4.13755, 50.36842]], [[-4.13775, 50.36832], [-4.13771, 50.36832], [-4.13753, 50.36834]], [[-4.13796, 50.3683], [-4.13775, 50.36832]], [[-4.13796, 50.3683], [-4.13794, 50.36825]], [[-4.13794, 50.36825], [-4.13789, 50.36809], [-4.13785, 50.368], [-4.13776, 50.3679], [-4.13767, 50.36783], [-4.13754, 50.36776], [-4.13738, 50.36772]], [[-4.13738, 50.36772], [-4.13734, 50.36771], [-4.1371, 50.36766]], [[-4.1371, 50.36766], [-4.13701, 50.36764]], [[-4.13701, 50.36764], [-4.13693, 50.36763], [-4.13664, 50.36759]], [[-4.13664, 50.36759], [-4.13652, 50.36757], [-4.13617, 50.36754], [-4.13611, 50.36753], [-4.13586, 50.3675], [-4.13552, 50.36745]], [[-4.13552, 50.36745], [-4.13528, 50.36741]], [[-4.13528, 50.36741], [-4.13513, 50.36738], [-4.13505, 50.36735]], [[-4.13505, 50.36735], [-4.13498, 50.36733]], [[-4.13498, 50.36733], [-4.13492, 50.3673]], [[-4.13492, 50.3673], [-4.13485, 50.36726], [-4.13477, 50.36723], [-4.1347, 50.36716], [-4.13464, 50.36709]], [[-4.13464, 50.36709], [-4.13456, 50.36698]], [[-4.13456, 50.36698], [-4.13451, 50.3669]], [[-4.13451, 50.3669], [-4.13444, 50.36681]], [[-4.13444, 50.36681], [-4.13431, 50.36663]], [[-4.13431, 50.36663], [-4.13426, 50.36656], [-4.13422, 50.36651]], [[-4.13422, 50.36651], [-4.13417, 50.36644], [-4.13409, 50.36631], [-4.13408, 50.36626], [-4.13408, 50.3662]], [[-4.13433, 50.36568], [-4.13428, 50.36575], [-4.13412, 50.36606], [-4.13408, 50.3662]], [[-4.1346, 50.36501], [-4.13459, 50.36508], [-4.13452, 50.36535], [-4.13448, 50.36546], [-4.13433, 50.36568]], [[-4.13463, 50.36488], [-4.1346, 50.36501]], [[-4.13466, 50.36468], [-4.13463, 50.36488]], [[-4.13491, 50.36456], [-4.13483, 50.36456], [-4.13475, 50.3646], [-4.13466, 50.36468]], [[-4.13516, 50.3654], [-4.13512, 50.36536], [-4.13508, 50.36531], [-4.13506, 50.36519], [-4.13501, 50.36501], [-4.13491, 50.36456]], [[-4.136, 50.36572], [-4.13532, 50.3655], [-4.13523, 50.36545], [-4.13516, 50.3654]], [[-4.1364, 50.36586], [-4.13607, 50.36574], [-4.136, 50.36572]], [[-4.13747, 50.36593], [-4.13739, 50.36589], [-4.13732, 50.36588], [-4.13717, 50.36587], [-4.13685, 50.36588], [-4.13672, 50.36589], [-4.13667, 50.36588], [-4.13658, 50.36588], [-4.1364, 50.36586]], [[-4.13801, 50.36635], [-4.13788, 50.36629], [-4.13777, 50.36622], [-4.13759, 50.366], [-4.13747, 50.36593]], [[-4.13801, 50.36635], [-4.13802, 50.36629], [-4.13806, 50.36624], [-4.1385, 50.366]], [[-4.1385, 50.366], [-4.13859, 50.36598], [-4.13871, 50.36597], [-4.13879, 50.36598], [-4.13907, 50.36604]], [[-4.13907, 50.36604], [-4.13927, 50.36608], [-4.13935, 50.36609], [-4.1394, 50.36607], [-4.13943, 50.36605], [-4.13945, 50.36602]], [[-4.13947, 50.36594], [-4.13945, 50.36602]], [[-4.13985, 50.36511], [-4.1398, 50.36516], [-4.13969, 50.36529], [-4.13963, 50.36541], [-4.13958, 50.36553], [-4.13955, 50.36564], [-4.13952, 50.36579], [-4.13947, 50.36594]], [[-4.14025, 50.36479], [-4.13985, 50.36511]], [[-4.14058, 50.36453], [-4.1404, 50.36467], [-4.14025, 50.36479]], [[-4.14072, 50.36442], [-4.14058, 50.36453]], [[-4.14096, 50.36422], [-4.14088, 50.36429], [-4.14072, 50.36442]], [[-4.14096, 50.36422], [-4.14113, 50.36416], [-4.14141, 50.36408], [-4.14163, 50.36399], [-4.14174, 50.3639], [-4.14183, 50.36381]], [[-4.14183, 50.36381], [-4.14185, 50.36379], [-4.14196, 50.36373]], [[-4.14196, 50.36373], [-4.14198, 50.36372], [-4.1421, 50.36366], [-4.14222, 50.36363]], [[-4.14222, 50.36363], [-4.14242, 50.36361], [-4.14245, 50.36361]], [[-4.14245, 50.36361], [-4.14261, 50.36361], [-4.1428, 50.36367], [-4.14298, 50.36377], [-4.14327, 50.36393], [-4.14341, 50.36401], [-4.14347, 50.36404]], [[-4.14347, 50.36404], [-4.14352, 50.36406]], [[-4.14352, 50.36406], [-4.14391, 50.36418]], [[-4.14391, 50.36418], [-4.14426, 50.36427]], [[-4.14426, 50.36427], [-4.14445, 50.3643], [-4.14467, 50.36433]], [[-4.14467, 50.36433], [-4.14472, 50.36434], [-4.1448, 50.36435]], [[-4.1448, 50.36435], [-4.14488, 50.36437], [-4.14494, 50.36438]], [[-4.14494, 50.36438], [-4.14511, 50.3644], [-4.14533, 50.36439], [-4.14579, 50.36434]], [[-4.14579, 50.36434], [-4.1459, 50.36433], [-4.14607, 50.3643], [-4.14611, 50.36429]], [[-4.14611, 50.36429], [-4.14615, 50.36427], [-4.14631, 50.36418], [-4.14652, 50.36406], [-4.14667, 50.36396]], [[-4.14667, 50.36396], [-4.14673, 50.36392], [-4.14687, 50.36383]], [[-4.14687, 50.36383], [-4.14699, 50.36375], [-4.14705, 50.36372]], [[-4.14718, 50.36363], [-4.1471, 50.36368], [-4.14708, 50.36369], [-4.14705, 50.36372]], [[-4.1473, 50.36355], [-4.14718, 50.36363]], [[-4.14766, 50.36333], [-4.14763, 50.36335], [-4.14754, 50.3634], [-4.1473, 50.36355]], [[-4.14553, 50.37037], [-4.14549, 50.37033], [-4.14546, 50.37028], [-4.14544, 50.37022], [-4.14544, 50.37019]], [[-4.14544, 50.37019], [-4.14543, 50.36991], [-4.14544, 50.36987]], [[-4.14544, 50.36987], [-4.14544, 50.36983], [-4.14548, 50.36976], [-4.14551, 50.36971], [-4.14556, 50.36967], [-4.14561, 50.36964], [-4.14569, 50.36962], [-4.14577, 50.36961], [-4.14585, 50.3696]], [[-4.14585, 50.3696], [-4.14594, 50.36961], [-4.14606, 50.36963], [-4.14615, 50.36966], [-4.14632, 50.36974]]]}}, {"type": "Feature", "properties": {"mode": "park_ride", "name": "Coypool Park and Ride", "ref": "", "operator": "", "osm_id": 25213126}, "geometry": {"type": "Point", "coordinates": [-4.08353, 50.39397]}}, {"type": "Feature", "properties": {"mode": "park_ride", "name": "George Park and Ride", "ref": "", "operator": "", "osm_id": 40463418}, "geometry": {"type": "Point", "coordinates": [-4.11072, 50.42737]}}]}